# Blender 5.1.1
# www.blender.org
mtllib chair.mtl
o export_chair_Cube.019
v 1.106814 -0.469936 1.721877
v 1.106814 -0.469936 1.852447
v 1.106814 0.858965 1.721877
v 1.106814 0.858965 1.852447
v 0.904350 -0.469936 1.721877
v 0.904350 -0.469936 1.852447
v 0.904350 0.858965 1.721877
v 0.904350 0.858965 1.852447
vn -1.0000 -0.0000 -0.0000
vn -0.0000 -1.0000 -0.0000
vn 1.0000 -0.0000 -0.0000
vn -0.0000 1.0000 -0.0000
vn -0.0000 -0.0000 1.0000
vn -0.0000 -0.0000 -1.0000
vt 0.375000 0.000000
vt 0.625000 0.000000
vt 0.625000 0.250000
vt 0.375000 0.250000
vt 0.625000 0.500000
vt 0.375000 0.500000
vt 0.625000 0.750000
vt 0.375000 0.750000
vt 0.625000 1.000000
vt 0.375000 1.000000
vt 0.125000 0.500000
vt 0.125000 0.750000
vt 0.875000 0.500000
vt 0.875000 0.750000
s 0
usemtl chair_seat_blue
f 1/1/1 2/2/1 4/3/1 3/4/1
f 3/4/2 4/3/2 8/5/2 7/6/2
f 7/6/3 8/5/3 6/7/3 5/8/3
f 5/8/4 6/7/4 2/9/4 1/10/4
f 3/11/5 7/6/5 5/8/5 1/12/5
f 8/5/6 4/13/6 2/14/6 6/7/6
o export_chair_Cube.020
v -1.161492 -0.469936 1.721877
v -1.161492 -0.469936 1.852447
v -1.161492 0.858965 1.721877
v -1.161492 0.858965 1.852447
v -0.959028 -0.469936 1.721877
v -0.959028 -0.469936 1.852447
v -0.959028 0.858965 1.721877
v -0.959028 0.858965 1.852447
vn -1.0000 -0.0000 -0.0000
vn -0.0000 1.0000 -0.0000
vn 1.0000 -0.0000 -0.0000
vn -0.0000 -1.0000 -0.0000
vn -0.0000 -0.0000 -1.0000
vn -0.0000 -0.0000 1.0000
vt 0.375000 0.000000
vt 0.625000 0.000000
vt 0.625000 0.250000
vt 0.375000 0.250000
vt 0.625000 0.500000
vt 0.375000 0.500000
vt 0.625000 0.750000
vt 0.375000 0.750000
vt 0.625000 1.000000
vt 0.375000 1.000000
vt 0.125000 0.500000
vt 0.125000 0.750000
vt 0.875000 0.500000
vt 0.875000 0.750000
s 0
usemtl chair_seat_blue
f 9/15/7 10/16/7 12/17/7 11/18/7
f 11/18/8 12/17/8 16/19/8 15/20/8
f 15/20/9 16/19/9 14/21/9 13/22/9
f 13/22/10 14/21/10 10/23/10 9/24/10
f 11/25/11 15/20/11 13/22/11 9/26/11
f 16/19/12 12/27/12 10/28/12 14/21/12
o export_chair_Cube.021
v -1.173116 -0.753667 -0.645037
v -1.173116 -0.819981 -0.536021
v -1.173116 -0.859008 -0.407122
v -1.173116 -0.759464 -0.384809
v -1.173116 -0.721648 -0.502810
v -1.173116 -0.661388 -0.592453
v -1.124320 -0.871373 -0.250406
v -1.173116 -0.867523 -0.299202
v -1.173116 -0.766154 -0.299202
v -1.124320 -0.769967 -0.250406
v -1.174197 -0.654110 -0.724510
v -1.174471 -0.607445 -0.729650
v -1.174365 -0.631877 -0.732160
v -1.174062 -0.581014 -0.658488
v -1.174499 -0.587915 -0.719852
v -1.174346 -0.573525 -0.690098
v -1.143116 -0.753604 -0.645138
v -1.143116 -0.819981 -0.536021
v -1.143116 -0.859008 -0.407122
v -1.143116 -0.759464 -0.384809
v -1.143116 -0.721648 -0.502810
v -1.143116 -0.661305 -0.592586
v -1.113047 -0.871373 -0.278207
v -1.145609 -0.867523 -0.311175
v -1.145204 -0.766154 -0.310198
v -1.112642 -0.769967 -0.278039
v -1.144198 -0.653963 -0.724746
v -1.144473 -0.607298 -0.729885
v -1.144367 -0.631729 -0.732396
v -1.144063 -0.580867 -0.658724
v -1.144500 -0.587767 -0.720088
v -1.144348 -0.573377 -0.690334
v -0.952922 -0.753667 -0.645037
v -0.952922 -0.819981 -0.536021
v -0.952922 -0.859008 -0.407122
v -0.952922 -0.759464 -0.384809
v -0.952922 -0.721648 -0.502810
v -0.952922 -0.661388 -0.592453
v -1.001717 -0.871373 -0.250406
v -0.952922 -0.867523 -0.299202
v -0.952922 -0.766154 -0.299202
v -1.001717 -0.769967 -0.250406
v -0.951841 -0.654110 -0.724510
v -0.951566 -0.607445 -0.729650
v -0.951672 -0.631877 -0.732160
v -0.951976 -0.581014 -0.658488
v -0.951539 -0.587915 -0.719852
v -0.951691 -0.573525 -0.690098
v -1.063019 -0.769967 -0.250406
v -1.063019 -0.871373 -0.250406
v -0.982921 -0.753604 -0.645138
v -0.982921 -0.819981 -0.536021
v -0.982921 -0.859008 -0.407122
v -0.982921 -0.759464 -0.384809
v -0.982921 -0.721648 -0.502810
v -0.982921 -0.661305 -0.592586
v -1.012990 -0.871373 -0.278207
v -0.980429 -0.867523 -0.311175
v -0.980834 -0.766154 -0.310198
v -1.013396 -0.769967 -0.278039
v -0.981839 -0.653963 -0.724746
v -0.981565 -0.607298 -0.729885
v -0.981671 -0.631729 -0.732396
v -0.981975 -0.580867 -0.658724
v -0.981537 -0.587767 -0.720088
v -0.981690 -0.573377 -0.690334
v -1.063019 -0.769967 -0.280406
v -1.063019 -0.871373 -0.280406
vn -0.0000 -0.0000 1.0000
vn -0.3893 -0.0000 0.9211
vn -0.3758 -0.0000 0.9267
vn -1.0000 -0.0021 0.0034
vn -1.0000 -0.0000 -0.0000
vn -1.0000 -0.0028 0.0044
vn -0.9304 -0.0000 0.3665
vn -0.9169 -0.0000 0.3991
vn -1.0000 -0.0049 0.0079
vn -0.0458 0.0009 -0.9990
vn 0.3514 0.0011 -0.9362
vn 0.3711 0.0011 -0.9286
vn 1.0000 0.0021 -0.0034
vn 1.0000 0.0028 -0.0044
vn 1.0000 -0.0000 -0.0000
vn 0.9999 -0.0026 0.0134
vn 0.9999 -0.0025 0.0129
vn 0.9209 -0.0020 -0.3897
vn 0.9364 -0.0023 -0.3509
vn 1.0000 0.0049 -0.0079
vn -0.0000 -0.9130 -0.4080
vn -0.0011 -0.7507 -0.6607
vn -0.0011 -0.7507 -0.6606
vn -0.0087 -0.9822 -0.1877
vn -0.0087 -0.9820 -0.1885
vn -0.0000 0.9000 0.4358
vn 0.0080 0.9807 0.1956
vn 0.0079 0.9805 0.1966
vn 0.0012 0.7403 0.6723
vn 0.0012 0.7402 0.6723
vn -0.0237 -0.9995 -0.0231
vn -0.0328 -0.9974 -0.0647
vn -0.0323 -0.9973 -0.0653
vn 0.0309 0.9974 0.0657
vn 0.0233 0.9994 0.0239
vn 0.0228 0.9995 0.0233
vn 0.0311 0.9974 0.0654
vn -0.0000 1.0000 -0.0000
vn -0.0089 0.2799 -0.9600
vn -0.0090 0.7122 -0.7019
vn -0.0090 0.7121 -0.7020
vn -0.0089 0.2798 -0.9600
vn -0.0072 -0.1143 -0.9934
vn -0.0041 -0.4818 -0.8763
vn -0.0041 -0.4817 -0.8763
vn -0.0003 0.8485 0.5293
vn -0.0003 0.8484 0.5293
vn -0.0057 0.9941 -0.1086
vn -0.0057 0.9941 -0.1087
vn -0.0000 -1.0000 -0.0000
vn 0.3758 -0.0000 0.9267
vn 0.3893 -0.0000 0.9211
vn 1.0000 -0.0021 0.0034
vn 1.0000 -0.0028 0.0044
vn 0.9169 -0.0000 0.3991
vn 0.9304 -0.0000 0.3665
vn 1.0000 -0.0049 0.0079
vn 0.0458 0.0009 -0.9990
vn -0.3711 0.0011 -0.9286
vn -0.3514 0.0011 -0.9362
vn -1.0000 0.0021 -0.0034
vn -1.0000 0.0028 -0.0044
vn -0.9999 -0.0025 0.0129
vn -0.9999 -0.0026 0.0134
vn -0.9364 -0.0023 -0.3509
vn -0.9209 -0.0020 -0.3897
vn -1.0000 0.0049 -0.0079
vn 0.0011 -0.7507 -0.6606
vn 0.0011 -0.7507 -0.6607
vn 0.0087 -0.9822 -0.1877
vn 0.0087 -0.9820 -0.1885
vn -0.0079 0.9805 0.1966
vn -0.0080 0.9807 0.1956
vn -0.0012 0.7403 0.6723
vn -0.0012 0.7402 0.6723
vn 0.0237 -0.9995 -0.0231
vn 0.0323 -0.9973 -0.0653
vn 0.0328 -0.9974 -0.0647
vn -0.0309 0.9974 0.0657
vn -0.0311 0.9974 0.0654
vn -0.0228 0.9995 0.0233
vn -0.0233 0.9994 0.0239
vn 0.0089 0.2799 -0.9600
vn 0.0089 0.2798 -0.9600
vn 0.0090 0.7121 -0.7020
vn 0.0090 0.7122 -0.7019
vn 0.0072 -0.1143 -0.9934
vn 0.0041 -0.4818 -0.8763
vn 0.0041 -0.4817 -0.8763
vn 0.0003 0.8485 0.5293
vn 0.0003 0.8484 0.5293
vn 0.0057 0.9941 -0.1086
vn 0.0057 0.9941 -0.1087
vt 0.750000 0.500000
vt 0.819599 0.500000
vt 0.819599 0.750000
vt 0.750000 0.750000
vt 0.437500 0.000000
vt 0.500000 0.000000
vt 0.500000 0.250000
vt 0.437500 0.250000
vt 0.562500 0.000000
vt 0.562500 0.250000
vt 0.625000 0.000000
vt 0.625000 0.250000
vt 0.602309 0.250000
vt 0.605540 0.000000
vt 0.377864 0.064983
vt 0.382571 0.020350
vt 0.389914 0.000000
vt 0.395863 0.250000
vt 0.383311 0.199265
vt 0.376622 0.116381
s 1
usemtl chair_metal_light
f 65/29/13 26/30/14 23/31/15 66/32/13
f 17/33/16 18/34/17 21/35/17 22/36/18
f 18/34/17 19/37/17 20/38/17 21/35/17
f 23/39/15 26/40/14 25/41/19 24/42/20
f 19/37/17 24/42/20 25/41/19 20/38/17
f 28/43/21 29/44/21 27/45/21 17/33/16 22/36/18 30/46/21 32/47/21 31/48/21
f 83/29/22 84/32/22 39/31/23 42/30/24
f 33/33/25 38/36/26 37/35/27 34/34/27
f 34/34/27 37/35/27 36/38/28 35/37/29
f 39/39/23 40/42/30 41/41/31 42/40/24
f 35/37/29 36/38/28 41/41/31 40/42/30
f 44/43/32 47/48/32 48/47/32 46/46/32 38/36/26 33/33/25 43/45/32 45/44/32
f 18/34/33 17/33/34 33/33/35 34/34/33
f 19/37/36 18/34/33 34/34/33 35/37/37
f 21/35/38 20/38/39 36/38/40 37/35/38
f 22/36/41 21/35/38 37/35/38 38/36/42
f 23/39/43 24/42/44 40/42/45 39/39/43
f 25/41/46 26/40/47 42/40/48 41/41/49
f 24/42/44 19/37/36 35/37/37 40/42/45
f 20/38/39 25/41/46 41/41/49 36/38/40
f 26/30/47 65/29/50 83/29/50 42/30/48
f 28/43/51 31/48/52 47/48/53 44/43/54
f 29/44/55 28/43/51 44/43/54 45/44/55
f 27/45/56 29/44/55 45/44/55 43/45/57
f 17/33/34 27/45/56 43/45/57 33/33/35
f 30/46/58 22/36/41 38/36/42 46/46/59
f 32/47/60 30/46/58 46/46/59 48/47/61
f 31/48/52 32/47/60 48/47/61 47/48/53
f 66/32/62 23/31/43 39/31/43 84/32/62
f 65/29/27 66/32/27 84/32/27 83/29/27
f 65/29/13 66/32/13 55/31/63 58/30/64
f 49/33/65 54/36/66 53/35/27 50/34/27
f 50/34/27 53/35/27 52/38/27 51/37/27
f 55/39/63 56/42/67 57/41/68 58/40/64
f 51/37/27 52/38/27 57/41/68 56/42/67
f 60/43/69 63/48/69 64/47/69 62/46/69 54/36/66 49/33/65 59/45/69 61/44/69
f 83/29/70 76/30/71 73/31/72 84/32/70
f 67/33/73 68/34/17 71/35/17 72/36/74
f 68/34/17 69/37/75 70/38/76 71/35/17
f 73/39/72 76/40/71 75/41/77 74/42/78
f 69/37/75 74/42/78 75/41/77 70/38/76
f 78/43/79 79/44/79 77/45/79 67/33/73 72/36/74 80/46/79 82/47/79 81/48/79
f 50/34/33 68/34/33 67/33/80 49/33/81
f 51/37/82 69/37/83 68/34/33 50/34/33
f 53/35/38 71/35/38 70/38/84 52/38/85
f 54/36/86 72/36/87 71/35/38 53/35/38
f 55/39/88 73/39/88 74/42/89 56/42/90
f 57/41/91 75/41/92 76/40/93 58/40/94
f 56/42/90 74/42/89 69/37/83 51/37/82
f 52/38/85 70/38/84 75/41/92 57/41/91
f 58/30/94 76/30/93 83/29/50 65/29/50
f 60/43/95 78/43/96 81/48/97 63/48/98
f 61/44/99 79/44/99 78/43/96 60/43/95
f 59/45/100 77/45/101 79/44/99 61/44/99
f 49/33/81 67/33/80 77/45/101 59/45/100
f 62/46/102 80/46/103 72/36/87 54/36/86
f 64/47/104 82/47/105 80/46/103 62/46/102
f 63/48/98 81/48/97 82/47/105 64/47/104
f 66/32/62 84/32/62 73/31/88 55/31/88
o export_chair_Cube.022
v 1.118438 -0.753667 -0.645037
v 1.118438 -0.819981 -0.536021
v 1.118438 -0.859008 -0.407122
v 1.118438 -0.759464 -0.384809
v 1.118438 -0.721648 -0.502810
v 1.118438 -0.661388 -0.592453
v 1.069642 -0.871373 -0.250406
v 1.118438 -0.867523 -0.299202
v 1.118438 -0.766154 -0.299202
v 1.069642 -0.769967 -0.250406
v 1.119519 -0.654110 -0.724510
v 1.119793 -0.607445 -0.729650
v 1.119687 -0.631877 -0.732160
v 1.119384 -0.581014 -0.658488
v 1.119821 -0.587915 -0.719852
v 1.119668 -0.573525 -0.690098
v 1.088438 -0.753604 -0.645138
v 1.088438 -0.819981 -0.536021
v 1.088438 -0.859008 -0.407122
v 1.088438 -0.759464 -0.384809
v 1.088438 -0.721648 -0.502810
v 1.088439 -0.661305 -0.592586
v 1.058369 -0.871373 -0.278207
v 1.090931 -0.867523 -0.311175
v 1.090526 -0.766154 -0.310198
v 1.057964 -0.769967 -0.278039
v 1.089520 -0.653963 -0.724746
v 1.089795 -0.607298 -0.729885
v 1.089689 -0.631729 -0.732396
v 1.089385 -0.580867 -0.658724
v 1.089822 -0.587767 -0.720088
v 1.089670 -0.573377 -0.690334
v 0.898244 -0.753667 -0.645037
v 0.898244 -0.819981 -0.536021
v 0.898244 -0.859008 -0.407122
v 0.898244 -0.759464 -0.384809
v 0.898244 -0.721648 -0.502810
v 0.898244 -0.661388 -0.592453
v 0.947039 -0.871373 -0.250406
v 0.898244 -0.867523 -0.299202
v 0.898244 -0.766154 -0.299202
v 0.947039 -0.769967 -0.250406
v 0.897163 -0.654110 -0.724510
v 0.896888 -0.607445 -0.729650
v 0.896994 -0.631877 -0.732160
v 0.897298 -0.581014 -0.658488
v 0.896861 -0.587915 -0.719852
v 0.897013 -0.573525 -0.690098
v 1.008341 -0.769967 -0.250406
v 1.008341 -0.871373 -0.250406
v 0.928243 -0.753604 -0.645138
v 0.928244 -0.819981 -0.536021
v 0.928244 -0.859008 -0.407122
v 0.928244 -0.759464 -0.384809
v 0.928244 -0.721648 -0.502810
v 0.928243 -0.661305 -0.592586
v 0.958313 -0.871373 -0.278207
v 0.925751 -0.867523 -0.311175
v 0.926156 -0.766154 -0.310198
v 0.958718 -0.769967 -0.278039
v 0.927162 -0.653963 -0.724746
v 0.926887 -0.607298 -0.729885
v 0.926993 -0.631729 -0.732396
v 0.927297 -0.580867 -0.658724
v 0.926859 -0.587767 -0.720088
v 0.927012 -0.573377 -0.690334
v 1.008341 -0.769967 -0.280406
v 1.008341 -0.871373 -0.280406
vn -0.0000 -0.0000 -1.0000
vn -0.3893 -0.0000 -0.9211
vn -0.3758 -0.0000 -0.9267
vn -1.0000 0.0021 -0.0034
vn -1.0000 -0.0000 -0.0000
vn -1.0000 0.0028 -0.0044
vn -0.9304 -0.0000 -0.3665
vn -0.9169 -0.0000 -0.3991
vn -1.0000 0.0049 -0.0079
vn -0.0458 -0.0009 0.9990
vn 0.3514 -0.0011 0.9362
vn 0.3711 -0.0011 0.9286
vn 1.0000 -0.0021 0.0034
vn 1.0000 -0.0028 0.0044
vn 1.0000 -0.0000 -0.0000
vn 0.9999 0.0026 -0.0134
vn 0.9999 0.0025 -0.0129
vn 0.9209 0.0020 0.3897
vn 0.9364 0.0023 0.3509
vn 1.0000 -0.0049 0.0079
vn -0.0000 0.9130 0.4080
vn -0.0011 0.7507 0.6607
vn -0.0011 0.7507 0.6606
vn -0.0087 0.9822 0.1877
vn -0.0087 0.9820 0.1885
vn -0.0000 -0.9000 -0.4358
vn 0.0080 -0.9807 -0.1956
vn 0.0079 -0.9805 -0.1966
vn 0.0012 -0.7403 -0.6723
vn 0.0012 -0.7402 -0.6723
vn -0.0237 0.9995 0.0231
vn -0.0328 0.9974 0.0647
vn -0.0323 0.9973 0.0653
vn 0.0309 -0.9974 -0.0657
vn 0.0233 -0.9994 -0.0239
vn 0.0228 -0.9995 -0.0233
vn 0.0311 -0.9974 -0.0654
vn -0.0000 -1.0000 -0.0000
vn -0.0089 -0.2799 0.9600
vn -0.0090 -0.7122 0.7019
vn -0.0090 -0.7121 0.7020
vn -0.0089 -0.2798 0.9600
vn -0.0072 0.1143 0.9934
vn -0.0041 0.4818 0.8763
vn -0.0041 0.4817 0.8763
vn -0.0003 -0.8485 -0.5293
vn -0.0003 -0.8484 -0.5293
vn -0.0057 -0.9941 0.1086
vn -0.0057 -0.9941 0.1087
vn -0.0000 1.0000 -0.0000
vn 0.3758 -0.0000 -0.9267
vn 0.3893 -0.0000 -0.9211
vn 1.0000 0.0021 -0.0034
vn 1.0000 0.0028 -0.0044
vn 0.9169 -0.0000 -0.3991
vn 0.9304 -0.0000 -0.3665
vn 1.0000 0.0049 -0.0079
vn 0.0458 -0.0009 0.9990
vn -0.3711 -0.0011 0.9286
vn -0.3514 -0.0011 0.9362
vn -1.0000 -0.0021 0.0034
vn -1.0000 -0.0028 0.0044
vn -0.9999 0.0025 -0.0129
vn -0.9999 0.0026 -0.0134
vn -0.9364 0.0023 0.3509
vn -0.9209 0.0020 0.3897
vn -1.0000 -0.0049 0.0079
vn 0.0011 0.7507 0.6606
vn 0.0011 0.7507 0.6607
vn 0.0087 0.9822 0.1877
vn 0.0087 0.9820 0.1885
vn -0.0079 -0.9805 -0.1966
vn -0.0080 -0.9807 -0.1956
vn -0.0012 -0.7403 -0.6723
vn -0.0012 -0.7402 -0.6723
vn 0.0237 0.9995 0.0231
vn 0.0323 0.9973 0.0653
vn 0.0328 0.9974 0.0647
vn -0.0309 -0.9974 -0.0657
vn -0.0311 -0.9974 -0.0654
vn -0.0228 -0.9995 -0.0233
vn -0.0233 -0.9994 -0.0239
vn 0.0089 -0.2799 0.9600
vn 0.0089 -0.2798 0.9600
vn 0.0090 -0.7121 0.7020
vn 0.0090 -0.7122 0.7019
vn 0.0072 0.1143 0.9934
vn 0.0041 0.4818 0.8763
vn 0.0041 0.4817 0.8763
vn 0.0003 -0.8485 -0.5293
vn 0.0003 -0.8484 -0.5293
vn 0.0057 -0.9941 0.1086
vn 0.0057 -0.9941 0.1087
vt 0.750000 0.500000
vt 0.819599 0.500000
vt 0.819599 0.750000
vt 0.750000 0.750000
vt 0.437500 0.000000
vt 0.500000 0.000000
vt 0.500000 0.250000
vt 0.437500 0.250000
vt 0.562500 0.000000
vt 0.562500 0.250000
vt 0.625000 0.000000
vt 0.625000 0.250000
vt 0.602309 0.250000
vt 0.605540 0.000000
vt 0.377864 0.064983
vt 0.382571 0.020350
vt 0.389914 0.000000
vt 0.395863 0.250000
vt 0.383311 0.199265
vt 0.376622 0.116381
s 1
usemtl chair_metal_light
f 133/49/106 94/50/107 91/51/108 134/52/106
f 85/53/109 86/54/110 89/55/110 90/56/111
f 86/54/110 87/57/110 88/58/110 89/55/110
f 91/59/108 94/60/107 93/61/112 92/62/113
f 87/57/110 92/62/113 93/61/112 88/58/110
f 96/63/114 97/64/114 95/65/114 85/53/109 90/56/111 98/66/114 100/67/114 99/68/114
f 151/49/115 152/52/115 107/51/116 110/50/117
f 101/53/118 106/56/119 105/55/120 102/54/120
f 102/54/120 105/55/120 104/58/121 103/57/122
f 107/59/116 108/62/123 109/61/124 110/60/117
f 103/57/122 104/58/121 109/61/124 108/62/123
f 112/63/125 115/68/125 116/67/125 114/66/125 106/56/119 101/53/118 111/65/125 113/64/125
f 86/54/126 85/53/127 101/53/128 102/54/126
f 87/57/129 86/54/126 102/54/126 103/57/130
f 89/55/131 88/58/132 104/58/133 105/55/131
f 90/56/134 89/55/131 105/55/131 106/56/135
f 91/59/136 92/62/137 108/62/138 107/59/136
f 93/61/139 94/60/140 110/60/141 109/61/142
f 92/62/137 87/57/129 103/57/130 108/62/138
f 88/58/132 93/61/139 109/61/142 104/58/133
f 94/50/140 133/49/143 151/49/143 110/50/141
f 96/63/144 99/68/145 115/68/146 112/63/147
f 97/64/148 96/63/144 112/63/147 113/64/148
f 95/65/149 97/64/148 113/64/148 111/65/150
f 85/53/127 95/65/149 111/65/150 101/53/128
f 98/66/151 90/56/134 106/56/135 114/66/152
f 100/67/153 98/66/151 114/66/152 116/67/154
f 99/68/145 100/67/153 116/67/154 115/68/146
f 134/52/155 91/51/136 107/51/136 152/52/155
f 133/49/120 134/52/120 152/52/120 151/49/120
f 133/49/106 134/52/106 123/51/156 126/50/157
f 117/53/158 122/56/159 121/55/120 118/54/120
f 118/54/120 121/55/120 120/58/120 119/57/120
f 123/59/156 124/62/160 125/61/161 126/60/157
f 119/57/120 120/58/120 125/61/161 124/62/160
f 128/63/162 131/68/162 132/67/162 130/66/162 122/56/159 117/53/158 127/65/162 129/64/162
f 151/49/163 144/50/164 141/51/165 152/52/163
f 135/53/166 136/54/110 139/55/110 140/56/167
f 136/54/110 137/57/168 138/58/169 139/55/110
f 141/59/165 144/60/164 143/61/170 142/62/171
f 137/57/168 142/62/171 143/61/170 138/58/169
f 146/63/172 147/64/172 145/65/172 135/53/166 140/56/167 148/66/172 150/67/172 149/68/172
f 118/54/126 136/54/126 135/53/173 117/53/174
f 119/57/175 137/57/176 136/54/126 118/54/126
f 121/55/131 139/55/131 138/58/177 120/58/178
f 122/56/179 140/56/180 139/55/131 121/55/131
f 123/59/181 141/59/181 142/62/182 124/62/183
f 125/61/184 143/61/185 144/60/186 126/60/187
f 124/62/183 142/62/182 137/57/176 119/57/175
f 120/58/178 138/58/177 143/61/185 125/61/184
f 126/50/187 144/50/186 151/49/143 133/49/143
f 128/63/188 146/63/189 149/68/190 131/68/191
f 129/64/192 147/64/192 146/63/189 128/63/188
f 127/65/193 145/65/194 147/64/192 129/64/192
f 117/53/174 135/53/173 145/65/194 127/65/193
f 130/66/195 148/66/196 140/56/180 122/56/179
f 132/67/197 150/67/198 148/66/196 130/66/195
f 131/68/191 149/68/190 150/67/198 132/67/197
f 134/52/155 152/52/155 141/51/181 123/51/181
o export_chair_Cube.023
v -1.115391 -2.127321 -0.776880
v -1.115391 -2.045679 -0.603176
v -1.115391 -1.820840 -0.920929
v -1.115391 -1.739198 -0.747225
v -0.996715 -2.127321 -0.776880
v -0.996715 -2.045679 -0.603176
v -0.996715 -1.820840 -0.920929
v -0.996715 -1.739198 -0.747225
v -1.115391 -2.119123 -0.759437
v -1.115391 -1.812642 -0.903486
v -0.996715 -1.812642 -0.903486
v -0.996715 -2.119123 -0.759437
v -0.194445 -1.701632 -0.955661
v -0.194445 -1.709831 -0.973104
v -0.194445 -2.238330 -0.724705
v -0.194445 -2.230132 -0.707261
v -0.940123 -1.812642 -0.903486
v -0.940123 -1.820840 -0.920929
v -0.940123 -2.119123 -0.759437
v -0.940123 -2.127321 -0.776880
v -0.910265 -1.701632 -0.955661
v -0.910265 -2.230132 -0.707261
v -0.910265 -2.238330 -0.724705
v -0.910265 -1.709831 -0.973104
vn -1.0000 -0.0000 -0.0000
vn -0.0000 0.9050 -0.4254
vn 1.0000 -0.0000 -0.0000
vn -0.0000 -0.9050 0.4254
vn -0.0000 -0.4254 -0.9050
vn -0.0000 0.4254 0.9050
vn -0.9716 -0.2141 0.1006
vn -0.9716 0.2141 -0.1006
vt 0.400105 0.000000
vt 0.625000 0.000000
vt 0.625000 0.250000
vt 0.400105 0.250000
vt 0.625000 0.500000
vt 0.400105 0.500000
vt 0.625000 0.750000
vt 0.400105 0.750000
vt 0.625000 1.000000
vt 0.400105 1.000000
vt 0.125000 0.500000
vt 0.375000 0.500000
vt 0.375000 0.750000
vt 0.125000 0.750000
vt 0.875000 0.500000
vt 0.875000 0.750000
vt 0.375000 1.000000
vt 0.400105 0.500000
vt 0.375000 0.250000
vt 0.375000 0.000000
vt 0.400105 0.750000
s 0
usemtl chair_metal_light
f 161/69/199 154/70/199 156/71/199 162/72/199
f 162/72/200 156/71/200 160/73/200 163/74/200
f 163/74/201 160/73/201 158/75/201 164/76/201
f 164/76/202 158/75/202 154/77/202 161/78/202
f 155/79/203 159/80/203 157/81/203 153/82/203
f 160/73/204 156/83/204 154/84/204 158/75/204
f 157/81/202 164/76/202 161/78/202 153/85/202
f 176/80/200 173/86/200 165/74/200 166/80/200
f 155/87/200 162/72/200 163/74/200 159/80/200
f 153/88/199 161/69/199 162/72/199 155/87/199
f 166/80/201 165/74/201 168/76/201 167/81/201
f 173/86/204 174/89/204 168/76/204 165/74/204
f 174/89/202 175/81/202 167/81/202 168/76/202
f 175/81/203 176/80/203 166/80/203 167/81/203
f 157/81/203 159/80/203 170/80/203 172/81/203
f 164/76/202 157/81/202 172/81/202 171/76/202
f 163/74/204 164/76/204 171/76/204 169/74/204
f 159/80/200 163/74/200 169/74/200 170/80/200
f 172/81/203 170/80/203 176/80/203 175/81/203
f 171/76/205 172/81/205 175/81/205 174/89/205
f 169/74/204 171/76/204 174/89/204 173/86/204
f 170/80/206 169/74/206 173/86/206 176/80/206
o export_chair_Cube.024
v 1.059346 -2.127321 -0.776880
v 1.059346 -2.045679 -0.603176
v 1.059346 -1.820840 -0.920929
v 1.059346 -1.739198 -0.747225
v 0.940670 -2.127321 -0.776880
v 0.940670 -2.045679 -0.603176
v 0.940670 -1.820840 -0.920929
v 0.940670 -1.739198 -0.747225
v 1.059346 -2.119123 -0.759437
v 1.059346 -1.812642 -0.903486
v 0.940670 -1.812642 -0.903486
v 0.940670 -2.119123 -0.759437
v 0.138399 -1.701632 -0.955661
v 0.138399 -1.709831 -0.973104
v 0.138399 -2.238330 -0.724705
v 0.138399 -2.230132 -0.707261
v 0.884078 -1.812642 -0.903486
v 0.884078 -1.820840 -0.920929
v 0.884078 -2.119123 -0.759437
v 0.884078 -2.127321 -0.776880
v 0.854220 -1.701632 -0.955661
v 0.854220 -2.230132 -0.707261
v 0.854220 -2.238330 -0.724705
v 0.854220 -1.709831 -0.973104
vn -1.0000 -0.0000 -0.0000
vn -0.0000 -0.9050 0.4254
vn 1.0000 -0.0000 -0.0000
vn -0.0000 0.9050 -0.4254
vn -0.0000 0.4254 0.9050
vn -0.0000 -0.4254 -0.9050
vn -0.9716 0.2141 -0.1006
vn -0.9716 -0.2141 0.1006
vt 0.400105 0.000000
vt 0.625000 0.000000
vt 0.625000 0.250000
vt 0.400105 0.250000
vt 0.625000 0.500000
vt 0.400105 0.500000
vt 0.625000 0.750000
vt 0.400105 0.750000
vt 0.625000 1.000000
vt 0.400105 1.000000
vt 0.125000 0.500000
vt 0.375000 0.500000
vt 0.375000 0.750000
vt 0.125000 0.750000
vt 0.875000 0.500000
vt 0.875000 0.750000
vt 0.375000 1.000000
vt 0.400105 0.500000
vt 0.375000 0.250000
vt 0.375000 0.000000
vt 0.400105 0.750000
s 0
usemtl chair_metal_light
f 185/90/207 178/91/207 180/92/207 186/93/207
f 186/93/208 180/92/208 184/94/208 187/95/208
f 187/95/209 184/94/209 182/96/209 188/97/209
f 188/97/210 182/96/210 178/98/210 185/99/210
f 179/100/211 183/101/211 181/102/211 177/103/211
f 184/94/212 180/104/212 178/105/212 182/96/212
f 181/102/210 188/97/210 185/99/210 177/106/210
f 200/101/208 197/107/208 189/95/208 190/101/208
f 179/108/208 186/93/208 187/95/208 183/101/208
f 177/109/207 185/90/207 186/93/207 179/108/207
f 190/101/209 189/95/209 192/97/209 191/102/209
f 197/107/212 198/110/212 192/97/212 189/95/212
f 198/110/210 199/102/210 191/102/210 192/97/210
f 199/102/211 200/101/211 190/101/211 191/102/211
f 181/102/211 183/101/211 194/101/211 196/102/211
f 188/97/210 181/102/210 196/102/210 195/97/210
f 187/95/212 188/97/212 195/97/212 193/95/212
f 183/101/208 187/95/208 193/95/208 194/101/208
f 196/102/211 194/101/211 200/101/211 199/102/211
f 195/97/213 196/102/213 199/102/213 198/110/213
f 193/95/212 195/97/212 198/110/212 197/107/212
f 194/101/214 193/95/214 197/107/214 200/101/214
o export_chair_Cylinder.015
v -1.056437 -0.667923 1.595858
v -1.056437 0.958909 1.597621
v -1.010250 -0.668217 1.615033
v -1.011633 0.958909 1.616180
v -0.991264 -0.668862 1.661189
v -0.993074 0.958909 1.660984
v -1.010458 -0.669422 1.707144
v -1.011633 0.958909 1.705788
v -1.056437 -0.669631 1.726119
v -1.056437 0.958909 1.724346
v -1.102415 -0.669422 1.707144
v -1.101241 0.958909 1.705788
v -1.121609 -0.668862 1.661189
v -1.119799 0.958909 1.660984
v -1.102623 -0.668217 1.615033
v -1.101241 0.958909 1.616180
v -1.056436 -0.885585 1.498327
v -1.056436 -0.883804 -0.187573
v -1.010447 -0.866599 1.498138
v -1.011632 -0.865245 -0.187573
v -0.991262 -0.820612 1.497652
v -0.993073 -0.820441 -0.187573
v -1.010278 -0.774448 1.497139
v -1.011632 -0.775637 -0.187573
v -1.056436 -0.755295 1.496927
v -1.056436 -0.757079 -0.187573
v -1.102594 -0.774448 1.497139
v -1.101240 -0.775637 -0.187573
v -1.121609 -0.820612 1.497652
v -1.119798 -0.820441 -0.187573
v -1.102424 -0.866599 1.498138
v -1.101240 -0.865245 -0.187573
v -1.010113 -0.711899 1.605759
v -1.010139 -0.745198 1.580359
v -1.010172 -0.766814 1.542944
v -0.991272 -0.730289 1.648378
v -0.991270 -0.778349 1.612995
v -0.991268 -0.809625 1.560878
v -1.010537 -0.748437 1.690663
v -1.010526 -0.811122 1.645482
v -1.010525 -0.852059 1.578788
v -1.056436 -0.755910 1.708108
v -1.056436 -0.824621 1.658902
v -1.056436 -0.869543 1.586194
v -1.102336 -0.748437 1.690663
v -1.102346 -0.811122 1.645482
v -1.102346 -0.852059 1.578788
v -1.121601 -0.730289 1.648378
v -1.121602 -0.778349 1.612995
v -1.121603 -0.809625 1.560878
v -1.102759 -0.711899 1.605759
v -1.102733 -0.745198 1.580358
v -1.102700 -0.766814 1.542944
v -1.056436 -0.748961 1.535522
v -1.056436 -0.731313 1.566794
v -1.056436 -0.704167 1.587966
vn -0.0000 0.1089 -0.9941
vn -0.0000 0.0011 -1.0000
vn 0.7077 0.0011 -0.7065
vn 0.7204 0.0740 -0.6896
vn 1.0000 0.0011 0.0013
vn 0.9996 -0.0045 0.0277
vn 0.7064 0.0011 0.7079
vn 0.6927 -0.0739 0.7174
vn -0.0000 0.0011 1.0000
vn -0.0000 -0.1000 0.9950
vn -0.7064 0.0011 0.7079
vn -0.6927 -0.0740 0.7174
vn -1.0000 0.0011 0.0013
vn -0.9996 -0.0045 0.0277
vn -0.0000 1.0000 -0.0000
vn -0.7077 0.0011 -0.7065
vn -0.7204 0.0740 -0.6896
vn -0.0000 -0.9962 0.0875
vn -0.0000 -1.0000 -0.0011
vn 0.7065 -0.7078 -0.0011
vn 0.6941 -0.7170 0.0640
vn 1.0000 -0.0011 -0.0011
vn 0.9997 -0.0232 0.0038
vn 0.7076 0.7066 -0.0011
vn 0.7169 0.6947 -0.0587
vn -0.0000 1.0000 -0.0010
vn -0.0000 0.9965 -0.0842
vn -0.7076 0.7066 -0.0011
vn -0.7169 0.6947 -0.0587
vn -1.0000 -0.0011 -0.0011
vn -0.9997 -0.0232 0.0038
vn -0.0000 -0.0000 -1.0000
vn -0.7065 -0.7078 -0.0011
vn -0.6941 -0.7170 0.0640
vn -0.7317 0.6414 -0.2307
vn -0.0000 0.9429 -0.3331
vn -0.9988 -0.0457 0.0171
vn -0.6835 -0.6820 0.2603
vn -0.0000 -0.9333 0.3592
vn 0.6835 -0.6819 0.2603
vn 0.9988 -0.0457 0.0171
vn 0.7317 0.6414 -0.2307
vn 0.7357 0.5084 -0.4475
vn 0.9986 -0.0387 0.0359
vn 0.7396 0.2814 -0.6114
vn 0.9984 -0.0225 0.0519
vn 0.6830 -0.5352 0.4970
vn 0.6820 -0.2950 0.6692
vn -0.0000 -0.7306 0.6828
vn -0.0000 -0.4022 0.9156
vn -0.6830 -0.5352 0.4970
vn -0.6820 -0.2950 0.6692
vn -0.9986 -0.0387 0.0359
vn -0.9984 -0.0225 0.0519
vn -0.7357 0.5084 -0.4475
vn -0.7396 0.2814 -0.6114
vn -0.0000 0.7557 -0.6549
vn -0.0000 0.4220 -0.9066
vt 1.000000 0.500000
vt 1.000000 1.000000
vt 0.875000 1.000000
vt 0.875000 0.500000
vt 0.750000 1.000000
vt 0.750000 0.500000
vt 0.625000 1.000000
vt 0.625000 0.500000
vt 0.500000 1.000000
vt 0.500000 0.500000
vt 0.375000 1.000000
vt 0.375000 0.500000
vt 0.250000 1.000000
vt 0.250000 0.500000
vt 0.419706 0.419706
vt 0.250000 0.490000
vt 0.080294 0.419706
vt 0.010000 0.250000
vt 0.080294 0.080294
vt 0.250000 0.010000
vt 0.419706 0.080294
vt 0.490000 0.250000
vt 0.125000 1.000000
vt 0.125000 0.500000
vt 0.000000 1.000000
vt 0.000000 0.500000
vt 0.312500 0.500000
vt 0.187500 0.500000
vt 0.125000 0.500000
vt 0.812500 0.500000
vt 0.687500 0.500000
vt 0.250000 0.500000
s 1
usemtl chair_metal_light
f 201/111/215 202/112/216 204/113/217 203/114/218
f 203/114/218 204/113/217 206/115/219 205/116/220
f 205/116/220 206/115/219 208/117/221 207/118/222
f 207/118/222 208/117/221 210/119/223 209/120/224
f 209/120/224 210/119/223 212/121/225 211/122/226
f 211/122/226 212/121/225 214/123/227 213/124/228
f 204/125/229 202/126/229 216/127/229 214/128/229 212/129/229 210/130/229 208/131/229 206/132/229
f 213/124/228 214/123/227 216/133/230 215/134/231
f 215/134/231 216/133/230 202/135/216 201/136/215
f 217/111/232 218/112/233 220/113/234 219/114/235
f 219/114/235 220/113/234 222/115/236 221/116/237
f 221/116/237 222/115/236 224/117/238 223/118/239
f 223/118/239 224/117/238 226/119/240 225/120/241
f 225/120/241 226/119/240 228/121/242 227/122/243
f 227/122/243 228/121/242 230/123/244 229/124/245
f 220/125/246 218/126/246 232/127/246 230/128/246 228/129/246 226/130/246 224/131/246 222/132/246
f 229/124/245 230/123/244 232/133/247 231/134/248
f 231/134/248 232/133/247 218/135/233 217/136/232
f 225/120/241 227/122/243 253/137/249 254/122/250
f 227/122/243 229/124/245 250/124/251 253/137/249
f 229/124/245 231/134/248 247/138/252 250/124/251
f 231/134/248 217/136/232 244/139/253 247/138/252
f 217/111/232 219/114/235 241/140/254 244/114/253
f 219/114/235 221/116/237 238/116/255 241/140/254
f 221/116/237 223/118/239 235/141/256 238/116/255
f 223/118/239 225/120/241 254/118/250 235/141/256
f 238/116/255 235/141/256 234/116/257 237/116/258
f 237/116/258 234/116/257 233/140/259 236/116/260
f 236/116/260 233/140/259 203/114/218 205/116/220
f 241/140/254 238/116/255 237/116/258 240/116/261
f 240/116/261 237/116/258 236/116/260 239/141/262
f 239/141/262 236/116/260 205/116/220 207/118/222
f 244/114/253 241/140/254 240/116/261 243/116/263
f 243/116/263 240/116/261 239/141/262 242/118/264
f 242/118/264 239/141/262 207/118/222 209/120/224
f 247/138/252 244/139/253 243/142/263 246/142/265
f 246/142/265 243/142/263 242/122/264 245/137/266
f 245/137/266 242/122/264 209/120/224 211/122/226
f 250/124/251 247/138/252 246/142/265 249/124/267
f 249/124/267 246/142/265 245/137/266 248/124/268
f 248/124/268 245/137/266 211/122/226 213/124/228
f 253/137/249 250/124/251 249/124/267 252/124/269
f 252/124/269 249/124/267 248/124/268 251/138/270
f 251/138/270 248/124/268 213/124/228 215/134/231
f 254/122/250 253/137/249 252/124/269 255/142/271
f 255/142/271 252/124/269 251/138/270 256/139/272
f 256/139/272 251/138/270 215/134/231 201/136/215
f 235/141/256 254/118/250 255/116/271 234/116/257
f 234/116/257 255/116/271 256/114/272 233/140/259
f 233/140/259 256/114/272 201/111/215 203/114/218
o export_chair_Cylinder.016
v -1.056436 0.951690 2.697637
v -1.056436 0.951690 -0.427119
v -1.011520 0.970295 2.697637
v -1.011520 0.970294 -0.427119
v -0.992916 1.015210 2.697637
v -0.992916 1.015210 -0.427119
v -1.011520 1.060126 2.697637
v -1.011520 1.060125 -0.427119
v -1.056436 1.078730 2.697637
v -1.056436 1.078730 -0.427119
v -1.101351 1.060126 2.697637
v -1.101351 1.060125 -0.427119
v -1.119956 1.015210 2.697637
v -1.119956 1.015210 -0.427119
v -1.101351 0.970295 2.697637
v -1.101351 0.970294 -0.427119
v -1.056436 1.178635 2.874186
v -1.056436 1.629818 2.874185
v -1.011520 1.178635 2.892790
v -1.011520 1.629818 2.892790
v -0.992916 1.178635 2.937706
v -0.992916 1.629818 2.937705
v -1.011520 1.178635 2.982621
v -1.011520 1.629818 2.982621
v -1.056436 1.178635 3.001226
v -1.056436 1.629818 3.001225
v -1.101351 1.178635 2.982621
v -1.101351 1.629818 2.982621
v -1.119956 1.178635 2.937706
v -1.119956 1.629818 2.937705
v -1.101351 1.178635 2.892790
v -1.101351 1.629818 2.892790
v -1.011520 0.990575 2.832136
v -1.011520 1.057154 2.939044
v -0.992916 1.029738 2.809905
v -0.992916 1.080582 2.900480
v -1.011520 1.068856 2.787754
v -1.011520 1.103921 2.861956
v -1.056436 1.085036 2.778619
v -1.056436 1.113543 2.846019
v -1.101351 1.068856 2.787754
v -1.101351 1.103921 2.861956
v -1.119956 1.029738 2.809905
v -1.119956 1.080582 2.900480
v -1.101351 0.990575 2.832136
v -1.101351 1.057154 2.939044
v -1.056436 1.047434 2.955024
v -1.056436 0.974346 2.841359
vn -0.0000 -0.9972 0.0752
vn -0.0000 -1.0000 -0.0000
vn 0.7071 -0.7071 -0.0000
vn 0.6940 -0.7179 0.0541
vn 1.0000 -0.0000 -0.0000
vn 0.9999 -0.0154 0.0048
vn 0.7071 0.7071 -0.0000
vn 0.7076 0.7058 -0.0342
vn -0.0000 1.0000 -0.0000
vn -0.0000 0.9990 -0.0444
vn -0.7071 0.7071 -0.0000
vn -0.7076 0.7058 -0.0342
vn -1.0000 -0.0000 -0.0000
vn -0.9999 -0.0154 0.0048
vn -0.0000 -0.0000 -1.0000
vn -0.7071 -0.7071 -0.0000
vn -0.6940 -0.7179 0.0541
vn -0.0000 0.2082 -0.9781
vn 0.7071 -0.0000 -0.7071
vn 0.7308 0.1336 -0.6694
vn 0.9990 -0.0139 0.0433
vn 0.7071 -0.0000 0.7071
vn 0.6860 -0.1252 0.7167
vn -0.0000 -0.0000 1.0000
vn -0.0000 -0.1631 0.9866
vn -0.7071 -0.0000 0.7071
vn -0.6860 -0.1252 0.7167
vn -0.9990 -0.0139 0.0433
vn -0.7071 -0.0000 -0.7071
vn -0.7308 0.1336 -0.6694
vn -0.6722 -0.4648 0.5763
vn -0.0000 -0.6158 0.7879
vn -0.9965 -0.0591 0.0589
vn -0.7552 0.4526 -0.4741
vn -0.0000 0.7142 -0.6999
vn 0.7552 0.4526 -0.4741
vn 0.9965 -0.0592 0.0589
vn 0.6722 -0.4648 0.5763
vn 0.6768 -0.6906 0.2552
vn 0.9990 -0.0431 0.0133
vn 0.7164 0.6726 -0.1853
vn -0.0000 0.9702 -0.2423
vn -0.7164 0.6726 -0.1853
vn -0.9990 -0.0431 0.0133
vn -0.6768 -0.6906 0.2552
vn -0.0000 -0.9334 0.3588
vt 1.000000 0.500000
vt 1.000000 1.000000
vt 0.875000 1.000000
vt 0.875000 0.500000
vt 0.750000 1.000000
vt 0.750000 0.500000
vt 0.625000 1.000000
vt 0.625000 0.500000
vt 0.500000 1.000000
vt 0.500000 0.500000
vt 0.375000 1.000000
vt 0.375000 0.500000
vt 0.250000 1.000000
vt 0.250000 0.500000
vt 0.419706 0.419706
vt 0.250000 0.490000
vt 0.080294 0.419706
vt 0.010000 0.250000
vt 0.080294 0.080294
vt 0.250000 0.010000
vt 0.419706 0.080294
vt 0.490000 0.250000
vt 0.125000 1.000000
vt 0.125000 0.500000
vt 0.000000 1.000000
vt 0.000000 0.500000
vt 0.291667 0.500000
vt 0.333333 0.500000
vt 0.208333 0.500000
vt 0.166667 0.500000
vt 0.791667 0.500000
vt 0.833333 0.500000
vt 0.708333 0.500000
vt 0.666667 0.500000
s 1
usemtl chair_metal_light
f 257/143/273 258/144/274 260/145/275 259/146/276
f 259/146/276 260/145/275 262/147/277 261/148/278
f 261/148/278 262/147/277 264/149/279 263/150/280
f 263/150/280 264/149/279 266/151/281 265/152/282
f 265/152/282 266/151/281 268/153/283 267/154/284
f 267/154/284 268/153/283 270/155/285 269/156/286
f 260/157/287 258/158/287 272/159/287 270/160/287 268/161/287 266/162/287 264/163/287 262/164/287
f 269/156/286 270/155/285 272/165/288 271/166/289
f 271/166/289 272/165/288 258/167/274 257/168/273
f 273/143/290 274/144/287 276/145/291 275/146/292
f 275/146/292 276/145/291 278/147/277 277/148/293
f 277/148/293 278/147/277 280/149/294 279/150/295
f 279/150/295 280/149/294 282/151/296 281/152/297
f 281/152/297 282/151/296 284/153/298 283/154/299
f 283/154/299 284/153/298 286/155/285 285/156/300
f 276/157/281 274/158/281 288/159/281 286/160/281 284/161/281 282/162/281 280/163/281 278/164/281
f 285/156/300 286/155/285 288/165/301 287/166/302
f 287/166/302 288/165/301 274/167/287 273/168/290
f 281/152/297 283/154/299 302/169/303 303/170/304
f 283/154/299 285/156/300 300/156/305 302/169/303
f 285/156/300 287/166/302 298/171/306 300/156/305
f 287/166/302 273/168/290 296/172/307 298/171/306
f 273/143/290 275/146/292 294/173/308 296/174/307
f 275/146/292 277/148/293 292/148/309 294/173/308
f 277/148/293 279/150/295 290/175/310 292/148/309
f 279/150/295 281/152/297 303/176/304 290/175/310
f 292/148/309 290/175/310 289/173/311 291/148/312
f 291/148/312 289/173/311 259/146/276 261/148/278
f 294/173/308 292/148/309 291/148/312 293/175/313
f 293/175/313 291/148/312 261/148/278 263/150/280
f 296/174/307 294/173/308 293/175/313 295/176/314
f 295/176/314 293/175/313 263/150/280 265/152/282
f 298/171/306 296/172/307 295/170/314 297/169/315
f 297/169/315 295/170/314 265/152/282 267/154/284
f 300/156/305 298/171/306 297/169/315 299/156/316
f 299/156/316 297/169/315 267/154/284 269/156/286
f 302/169/303 300/156/305 299/156/316 301/171/317
f 301/171/317 299/156/316 269/156/286 271/166/289
f 303/170/304 302/169/303 301/171/317 304/172/318
f 304/172/318 301/171/317 271/166/289 257/168/273
f 290/175/310 303/176/304 304/174/318 289/173/311
f 289/173/311 304/174/318 257/143/273 259/146/276
o export_chair_Cylinder.017
v -1.056437 -1.009698 0.438573
v -1.022814 -1.009698 0.452500
v -1.008888 -1.009698 0.486122
v -1.022814 -1.009698 0.519744
v -1.056437 -1.009698 0.533671
v -1.090059 -1.009698 0.519744
v -1.103985 -1.009698 0.486122
v -1.090059 -1.009698 0.452500
v -1.056437 1.024809 0.438573
v -1.022814 1.024809 0.452500
v -1.008888 1.024809 0.486122
v -1.022814 1.024809 0.519744
v -1.056437 1.024809 0.533671
v -1.090059 1.024809 0.519744
v -1.103985 1.024809 0.486122
v -1.090059 1.024809 0.452500
v -1.056437 -1.603588 -0.834693
v -1.022814 -1.616347 -0.829112
v -1.008888 -1.647152 -0.815639
v -1.022814 -1.677956 -0.802165
v -1.056437 -1.690716 -0.796585
v -1.090059 -1.677956 -0.802165
v -1.103985 -1.647152 -0.815639
v -1.090059 -1.616347 -0.829112
v -1.056437 -1.086568 0.347390
v -1.022814 -1.099328 0.352971
v -1.008888 -1.130132 0.366444
v -1.022814 -1.160937 0.379918
v -1.056437 -1.173696 0.385498
v -1.090059 -1.160937 0.379918
v -1.103985 -1.130132 0.366444
v -1.090059 -1.099328 0.352971
v -1.022814 -1.048637 0.435692
v -1.022814 -1.078040 0.396766
v -1.008888 -1.060826 0.466497
v -1.008888 -1.101379 0.420278
v -1.022814 -1.073055 0.497326
v -1.022814 -1.124724 0.443836
v -1.056437 -1.078127 0.510100
v -1.056437 -1.134395 0.453602
v -1.090059 -1.073055 0.497326
v -1.090059 -1.124724 0.443836
v -1.103985 -1.060826 0.466497
v -1.103985 -1.101379 0.420278
v -1.090059 -1.048637 0.435692
v -1.090059 -1.078040 0.396766
v -1.056437 -1.068374 0.387050
v -1.056437 -1.043609 0.422943
v -1.056437 -2.147768 -0.743011
v -1.022814 -2.141898 -0.730381
v -1.008888 -2.127728 -0.699891
v -1.022814 -2.113558 -0.669401
v -1.056437 -2.107688 -0.656771
v -1.090059 -2.113558 -0.669401
v -1.103985 -2.127728 -0.699891
v -1.090059 -2.141898 -0.730381
v -1.056437 -1.808811 -0.900540
v -1.022815 -1.802941 -0.887910
v -1.008888 -1.788771 -0.857420
v -1.022814 -1.774601 -0.826930
v -1.056437 -1.768731 -0.814300
v -1.090059 -1.774601 -0.826930
v -1.103985 -1.788771 -0.857420
v -1.090059 -1.802941 -0.887910
v -1.022814 -1.662891 -0.883551
v -1.022815 -1.729993 -0.903257
v -1.008888 -1.682485 -0.856052
v -1.008888 -1.733510 -0.869676
v -1.022815 -1.702078 -0.828573
v -1.022815 -1.737014 -0.836110
v -1.056437 -1.710193 -0.817205
v -1.056437 -1.738457 -0.822217
v -1.090059 -1.702078 -0.828573
v -1.090059 -1.737014 -0.836110
v -1.103985 -1.682485 -0.856052
v -1.103985 -1.733510 -0.869676
v -1.090059 -1.662891 -0.883551
v -1.090059 -1.729993 -0.903257
v -1.056437 -1.728535 -0.917169
v -1.056437 -1.654775 -0.894944
vn -0.7315 0.1389 -0.6675
vn -0.7071 -0.0000 -0.7071
vn -0.0000 -0.0000 -1.0000
vn -0.0000 0.2188 -0.9758
vn -0.9990 -0.0132 0.0438
vn -1.0000 -0.0000 -0.0000
vn -0.6863 -0.1236 0.7168
vn -0.7071 -0.0000 0.7071
vn -0.0000 -0.1606 0.9870
vn -0.0000 -0.0000 1.0000
vn 0.6863 -0.1236 0.7168
vn 0.7071 -0.0000 0.7071
vn 0.9990 -0.0132 0.0438
vn 1.0000 -0.0000 -0.0000
vn 0.7315 0.1389 -0.6675
vn 0.7071 -0.0000 -0.7071
vn -0.0000 1.0000 -0.0000
vn -0.7071 -0.2980 -0.6412
vn -0.6908 -0.2278 -0.6862
vn -0.0000 -0.3178 -0.9482
vn -0.0000 -0.4215 -0.9068
vn -0.6881 0.6145 -0.3858
vn -0.7052 0.6439 -0.2969
vn -0.0000 0.9101 -0.4143
vn -0.0000 0.8504 -0.5261
vn -0.9993 0.0299 -0.0241
vn -1.0000 -0.0068 0.0073
vn -0.7262 -0.5760 0.3753
vn -0.6977 -0.6407 0.3206
vn -0.0000 -0.8326 0.5539
vn -0.0000 -0.8937 0.4487
vn 0.7262 -0.5760 0.3753
vn 0.6977 -0.6407 0.3206
vn 0.9993 0.0299 -0.0241
vn 1.0000 -0.0068 0.0073
vn 0.6881 0.6145 -0.3858
vn 0.7052 0.6439 -0.2969
vn -0.7045 0.6054 -0.3704
vn -0.0000 0.8634 -0.5045
vn -0.9997 -0.0190 0.0182
vn -0.6827 -0.5852 0.4377
vn -0.0000 -0.7946 0.6071
vn 0.6827 -0.5852 0.4377
vn 0.9997 -0.0190 0.0182
vn 0.7045 0.6054 -0.3704
vn 0.7300 0.4229 -0.5368
vn 0.9982 -0.0377 0.0460
vn 0.6750 -0.3990 0.6207
vn -0.0000 -0.5270 0.8498
vn -0.6750 -0.3990 0.6207
vn -0.9982 -0.0377 0.0460
vn -0.7300 0.4229 -0.5368
vn -0.0000 0.6452 -0.7641
vn -0.9996 -0.0044 -0.0269
vn -0.7071 0.2980 0.6412
vn -0.7156 0.2309 0.6592
vn -0.0000 0.4215 0.9068
vn -0.0000 0.3322 0.9432
vn 0.7071 0.2980 0.6412
vn 0.7156 0.2309 0.6592
vn 0.9996 -0.0044 -0.0269
vn 0.7071 -0.2980 -0.6412
vn 0.6908 -0.2278 -0.6862
vn -0.6776 0.0288 -0.7349
vn -0.0000 0.0456 -0.9990
vn -0.9983 0.0012 -0.0577
vn -0.7323 0.0101 0.6809
vn -0.0000 0.0326 0.9995
vn 0.7323 0.0101 0.6809
vn 0.9983 0.0012 -0.0577
vn 0.6776 0.0288 -0.7349
vn 0.6761 0.4007 -0.6184
vn 0.9975 0.0379 -0.0603
vn 0.7487 -0.3299 0.5749
vn -0.0000 -0.4800 0.8773
vn -0.7487 -0.3299 0.5749
vn -0.9975 0.0379 -0.0603
vn -0.6761 0.4007 -0.6184
vn -0.0000 0.5482 -0.8363
vn -0.0000 -0.9068 0.4215
vt 0.125000 0.500000
vt 0.125000 0.667920
vt 0.000000 0.667920
vt 0.000000 0.500000
vt 0.250000 0.500000
vt 0.250000 0.667920
vt 0.375000 0.500000
vt 0.375000 0.667920
vt 0.500000 0.500000
vt 0.500000 0.667920
vt 0.625000 0.500000
vt 0.625000 0.667920
vt 0.750000 0.500000
vt 0.750000 0.667920
vt 0.875000 0.500000
vt 0.875000 0.667920
vt 1.000000 0.500000
vt 1.000000 0.667920
vt 0.125000 0.508716
vt 0.000000 0.508716
vt 0.250000 0.508716
vt 0.375000 0.508716
vt 0.500000 0.508716
vt 0.625000 0.508716
vt 0.750000 0.508716
vt 0.875000 0.508716
vt 1.000000 0.508716
vt 0.125000 0.611947
vt 0.000000 0.611947
vt 0.250000 0.611947
vt 0.375000 0.611947
vt 0.500000 0.611947
vt 0.625000 0.611947
vt 0.750000 0.611947
vt 0.875000 0.611947
vt 1.000000 0.611947
vt 0.875000 0.555973
vt 0.750000 0.555973
vt 0.625000 0.555973
vt 0.500000 0.555973
vt 0.375000 0.555973
vt 0.250000 0.555973
vt 0.125000 0.555973
vt 0.000000 0.555973
vt 1.000000 0.555973
vt 0.125000 0.614852
vt 0.000000 0.614852
vt 0.250000 0.614852
vt 0.375000 0.614852
vt 0.500000 0.614852
vt 0.625000 0.614852
vt 0.750000 0.614852
vt 0.875000 0.614852
vt 1.000000 0.614852
vt 0.875000 0.561784
vt 0.750000 0.561784
vt 0.625000 0.561784
vt 0.500000 0.561784
vt 0.375000 0.561784
vt 0.250000 0.561784
vt 0.125000 0.561784
vt 0.000000 0.561784
vt 1.000000 0.561784
s 1
usemtl chair_metal_light
f 312/177/319 320/178/320 313/179/321 305/180/322
f 311/181/323 319/182/324 320/178/320 312/177/319
f 310/183/325 318/184/326 319/182/324 311/181/323
f 309/185/327 317/186/328 318/184/326 310/183/325
f 308/187/329 316/188/330 317/186/328 309/185/327
f 307/189/331 315/190/332 316/188/330 308/187/329
f 306/191/333 314/192/334 315/190/332 307/189/331
f 305/193/322 313/194/321 314/192/334 306/191/333
f 320/178/335 319/182/335 318/184/335 317/186/335 316/188/335 315/190/335 314/192/335 313/194/335
f 360/195/336 368/178/337 361/179/338 353/196/339
f 328/195/340 336/178/341 329/179/342 321/196/343
f 327/197/344 335/182/345 336/178/341 328/195/340
f 326/198/346 334/184/347 335/182/345 327/197/344
f 325/199/348 333/186/349 334/184/347 326/198/346
f 324/200/350 332/188/351 333/186/349 325/199/348
f 323/201/352 331/190/353 332/188/351 324/200/350
f 322/202/354 330/192/355 331/190/353 323/201/352
f 321/203/343 329/194/342 330/192/355 322/202/354
f 329/179/342 336/178/341 350/204/356 351/205/357
f 336/178/341 335/182/345 348/206/358 350/204/356
f 335/182/345 334/184/347 346/207/359 348/206/358
f 334/184/347 333/186/349 344/208/360 346/207/359
f 333/186/349 332/188/351 342/209/361 344/208/360
f 332/188/351 331/190/353 340/210/362 342/209/361
f 331/190/353 330/192/355 338/211/363 340/210/362
f 330/192/355 329/194/342 351/212/357 338/211/363
f 340/210/362 338/211/363 337/213/364 339/214/365
f 339/214/365 337/213/364 306/191/333 307/189/331
f 342/209/361 340/210/362 339/214/365 341/215/366
f 341/215/366 339/214/365 307/189/331 308/187/329
f 344/208/360 342/209/361 341/215/366 343/216/367
f 343/216/367 341/215/366 308/187/329 309/185/327
f 346/207/359 344/208/360 343/216/367 345/217/368
f 345/217/368 343/216/367 309/185/327 310/183/325
f 348/206/358 346/207/359 345/217/368 347/218/369
f 347/218/369 345/217/368 310/183/325 311/181/323
f 350/204/356 348/206/358 347/218/369 349/219/370
f 349/219/370 347/218/369 311/181/323 312/177/319
f 351/205/357 350/204/356 349/219/370 352/220/371
f 352/220/371 349/219/370 312/177/319 305/180/322
f 338/211/363 351/212/357 352/221/371 337/213/364
f 337/213/364 352/221/371 305/193/322 306/191/333
f 359/197/324 367/182/372 368/178/337 360/195/336
f 358/198/373 366/184/374 367/182/372 359/197/324
f 357/199/375 365/186/376 366/184/374 358/198/373
f 356/200/377 364/188/378 365/186/376 357/199/375
f 355/201/332 363/190/379 364/188/378 356/200/377
f 354/202/380 362/192/381 363/190/379 355/201/332
f 353/203/339 361/194/338 362/192/381 354/202/380
f 361/179/338 368/178/337 382/222/382 383/223/383
f 368/178/337 367/182/372 380/224/384 382/222/382
f 367/182/372 366/184/374 378/225/385 380/224/384
f 366/184/374 365/186/376 376/226/386 378/225/385
f 365/186/376 364/188/378 374/227/387 376/226/386
f 364/188/378 363/190/379 372/228/388 374/227/387
f 363/190/379 362/192/381 370/229/389 372/228/388
f 362/192/381 361/194/338 383/230/383 370/229/389
f 372/228/388 370/229/389 369/231/390 371/232/391
f 371/232/391 369/231/390 322/202/354 323/201/352
f 374/227/387 372/228/388 371/232/391 373/233/392
f 373/233/392 371/232/391 323/201/352 324/200/350
f 376/226/386 374/227/387 373/233/392 375/234/393
f 375/234/393 373/233/392 324/200/350 325/199/348
f 378/225/385 376/226/386 375/234/393 377/235/394
f 377/235/394 375/234/393 325/199/348 326/198/346
f 380/224/384 378/225/385 377/235/394 379/236/395
f 379/236/395 377/235/394 326/198/346 327/197/344
f 382/222/382 380/224/384 379/236/395 381/237/396
f 381/237/396 379/236/395 327/197/344 328/195/340
f 383/223/383 382/222/382 381/237/396 384/238/397
f 384/238/397 381/237/396 328/195/340 321/196/343
f 370/229/389 383/230/383 384/239/397 369/231/390
f 369/231/390 384/239/397 321/203/343 322/202/354
f 353/196/398 354/202/398 355/201/398 356/200/398 357/199/398 358/198/398 359/197/398 360/195/398
o export_chair_Cylinder.018
v -1.056437 -1.330840 -0.142760
v -1.056437 1.008613 -0.363340
v -1.022814 -1.330840 -0.128833
v -1.022814 1.008613 -0.349413
v -1.008888 -1.330840 -0.095211
v -1.008888 1.008613 -0.315791
v -1.022814 -1.330840 -0.061589
v -1.022814 1.008613 -0.282169
v -1.056437 -1.330840 -0.047662
v -1.056437 1.008613 -0.268242
v -1.090059 -1.330840 -0.061589
v -1.090059 1.008613 -0.282169
v -1.103985 -1.330840 -0.095211
v -1.103985 1.008613 -0.315791
v -1.090059 -1.330840 -0.128833
v -1.090059 1.008613 -0.349413
v -1.056437 -0.206636 -0.142760
v -1.022814 -0.206636 -0.128833
v -1.008888 -0.206636 -0.095211
v -1.022814 -0.206636 -0.061589
v -1.056437 -0.206636 -0.047662
v -1.090059 -0.206636 -0.061589
v -1.103985 -0.206636 -0.095211
v -1.090059 -0.206636 -0.128833
v -1.056437 -0.062682 -0.363339
v -1.022814 -0.062682 -0.349413
v -1.008888 -0.062682 -0.315791
v -1.022814 -0.062682 -0.282169
v -1.056437 -0.062682 -0.268242
v -1.090059 -0.062682 -0.282169
v -1.103985 -0.062682 -0.315791
v -1.090059 -0.062682 -0.349413
v -1.056437 -0.074780 -0.251944
v -1.022814 -0.088266 -0.255422
v -1.008888 -0.120822 -0.263818
v -1.022814 -0.153379 -0.272214
v -1.056437 -0.166865 -0.275692
v -1.090059 -0.153379 -0.272214
v -1.103985 -0.120822 -0.263818
v -1.090059 -0.088266 -0.255422
v -1.056437 -0.103935 -0.138895
v -1.022814 -0.117420 -0.142373
v -1.008888 -0.149977 -0.150769
v -1.022814 -0.182534 -0.159166
v -1.056437 -0.196020 -0.162644
v -1.090059 -0.182534 -0.159166
v -1.103985 -0.149977 -0.150769
v -1.090059 -0.117420 -0.142373
v -1.056437 -0.197879 -0.154032
v -1.056437 -0.200760 -0.146187
v -1.022814 -0.195018 -0.133727
v -1.022814 -0.187247 -0.145361
v -1.008888 -0.180950 -0.103531
v -1.008888 -0.161522 -0.124198
v -1.022814 -0.166827 -0.073305
v -1.022814 -0.135780 -0.102974
v -1.056437 -0.160973 -0.060783
v -1.056437 -0.125117 -0.094178
v -1.090059 -0.166827 -0.073305
v -1.090059 -0.135780 -0.102974
v -1.103985 -0.180950 -0.103531
v -1.103985 -0.161522 -0.124198
v -1.090059 -0.195018 -0.133727
v -1.090059 -0.187247 -0.145361
v -1.056437 -0.145250 -0.319292
v -1.056437 -0.108560 -0.351054
v -1.090059 -0.134586 -0.310492
v -1.090059 -0.102702 -0.338530
v -1.103985 -0.108840 -0.289250
v -1.103985 -0.088563 -0.308295
v -1.090059 -0.083100 -0.268031
v -1.090059 -0.074444 -0.278072
v -1.056437 -0.072448 -0.259281
v -1.056437 -0.068632 -0.265573
v -1.022814 -0.083100 -0.268031
v -1.022814 -0.074444 -0.278072
v -1.008888 -0.108840 -0.289250
v -1.008888 -0.088563 -0.308295
v -1.022814 -0.102702 -0.338530
v -1.022814 -0.134586 -0.310492
vn -0.0000 -0.1273 -0.9919
vn -0.0000 -0.0000 -1.0000
vn 0.7071 -0.0000 -0.7071
vn 0.6900 -0.0963 -0.7174
vn 1.0000 -0.0000 -0.0000
vn 0.9994 -0.0071 -0.0344
vn 0.7071 -0.0000 0.7071
vn 0.7273 0.1174 0.6762
vn -0.0000 -0.0000 1.0000
vn -0.0000 0.1906 0.9817
vn -0.7071 -0.0000 0.7071
vn -0.7273 0.1174 0.6762
vn -1.0000 -0.0000 -0.0000
vn -0.9994 -0.0071 -0.0344
vn -0.0000 1.0000 -0.0000
vn -0.7071 -0.0000 -0.7071
vn -0.6900 -0.0963 -0.7174
vn -0.0000 -1.0000 -0.0000
vn -0.7316 -0.1386 -0.6675
vn -0.0000 -0.2338 -0.9723
vn -0.9992 0.0077 0.0383
vn -0.6890 0.1039 0.7173
vn -0.0000 0.1363 0.9907
vn 0.6890 0.1039 0.7173
vn 0.9992 0.0077 0.0383
vn 0.7316 -0.1386 -0.6675
vn -0.0000 0.9534 0.3017
vn -0.0000 0.9414 0.3372
vn 0.6936 0.6780 0.2433
vn 0.7121 0.6672 0.2186
vn 0.9998 0.0160 0.0118
vn 0.9997 -0.0200 -0.0124
vn 0.7071 -0.6787 -0.1982
vn 0.6928 -0.6762 -0.2505
vn -0.0000 -0.9641 -0.2655
vn -0.0000 -0.9384 -0.3457
vn -0.7071 -0.6787 -0.1982
vn -0.6928 -0.6762 -0.2505
vn -0.9998 0.0160 0.0118
vn -0.9997 -0.0200 -0.0124
vn -0.6936 0.6780 0.2433
vn -0.7121 0.6672 0.2186
vn 0.7098 -0.6377 -0.2992
vn -0.0000 -0.9274 -0.3740
vn 0.9992 0.0287 0.0294
vn 0.6811 0.5951 0.4266
vn -0.0000 0.8080 0.5892
vn -0.6811 0.5951 0.4266
vn -0.9992 0.0287 0.0294
vn -0.7098 -0.6377 -0.2992
vn 0.7391 -0.4362 -0.5133
vn -0.0000 -0.7090 -0.7052
vn 0.9981 0.0282 0.0542
vn 0.6780 0.3683 0.6361
vn -0.0000 0.4923 0.8704
vn -0.6780 0.3683 0.6361
vn -0.9981 0.0282 0.0542
vn -0.7391 -0.4362 -0.5133
vn 0.9983 -0.0256 -0.0517
vn 0.6792 -0.3478 -0.6463
vn 0.7383 0.3853 0.5536
vn -0.0000 0.6130 0.7901
vn -0.7383 0.3853 0.5536
vn -0.9983 -0.0256 -0.0517
vn -0.6792 -0.3478 -0.6463
vn -0.0000 -0.4684 -0.8835
vn -0.0000 -0.7914 -0.6113
vn -0.6811 -0.5816 -0.4448
vn -0.9990 -0.0334 -0.0309
vn -0.7199 0.5964 0.3550
vn -0.0000 0.8789 0.4771
vn 0.7199 0.5964 0.3550
vn 0.9990 -0.0334 -0.0309
vn 0.6811 -0.5816 -0.4448
vt 1.000000 0.690124
vt 1.000000 1.000000
vt 0.875000 1.000000
vt 0.875000 0.690124
vt 0.750000 1.000000
vt 0.750000 0.690124
vt 0.625000 1.000000
vt 0.625000 0.690124
vt 0.500000 1.000000
vt 0.500000 0.690124
vt 0.375000 1.000000
vt 0.375000 0.690124
vt 0.250000 1.000000
vt 0.250000 0.690124
vt 0.419706 0.419706
vt 0.250000 0.490000
vt 0.080294 0.419706
vt 0.010000 0.250000
vt 0.080294 0.080294
vt 0.250000 0.010000
vt 0.419706 0.080294
vt 0.490000 0.250000
vt 0.125000 1.000000
vt 0.125000 0.690124
vt 0.000000 1.000000
vt 0.000000 0.690124
vt 0.000000 0.500000
vt 0.875000 0.500000
vt 0.750000 0.500000
vt 0.625000 0.500000
vt 0.500000 0.500000
vt 0.375000 0.500000
vt 0.250000 0.500000
vt 0.125000 0.500000
vt 0.125000 0.667920
vt 0.000000 0.667920
vt 0.250000 0.667920
vt 0.375000 0.667920
vt 0.500000 0.667920
vt 0.625000 0.667920
vt 0.750000 0.667920
vt 0.875000 0.667920
vt 1.000000 0.500000
vt 1.000000 0.667920
vt 0.708333 0.667920
vt 0.666667 0.667920
vt 0.750000 0.667920
vt 0.791667 0.667920
vt 0.833333 0.667920
vt 0.208333 0.667920
vt 0.166667 0.667920
vt 0.291667 0.667920
vt 0.333333 0.667920
vt 0.750000 0.626749
vt 0.791667 0.626749
vt 0.708333 0.626749
vt 0.666667 0.626749
vt 0.291667 0.626749
vt 0.333333 0.626749
vt 0.250000 0.626749
vt 0.208333 0.626749
vt 0.166667 0.626749
vt 0.833333 0.626749
vt 0.333333 0.563375
vt 0.291667 0.563375
vt 0.250000 0.563375
vt 0.208333 0.563375
vt 0.166667 0.563375
vt 0.833333 0.563375
vt 0.791667 0.563375
vt 0.750000 0.563375
vt 0.708333 0.563375
vt 0.666667 0.563375
s 1
usemtl chair_metal_light
f 409/240/399 386/241/400 388/242/401 410/243/402
f 410/243/402 388/242/401 390/244/403 411/245/404
f 411/245/404 390/244/403 392/246/405 412/247/406
f 412/247/406 392/246/405 394/248/407 413/249/408
f 413/249/408 394/248/407 396/250/409 414/251/410
f 414/251/410 396/250/409 398/252/411 415/253/412
f 388/254/413 386/255/413 400/256/413 398/257/413 396/258/413 394/259/413 392/260/413 390/261/413
f 415/253/412 398/252/411 400/262/414 416/263/415
f 416/263/415 400/262/414 386/264/400 409/265/399
f 385/266/416 387/267/416 389/268/416 391/269/416 393/270/416 395/271/416 397/272/416 399/273/416
f 399/273/414 408/274/417 401/275/418 385/266/400
f 397/272/411 407/276/419 408/274/417 399/273/414
f 395/271/409 406/277/420 407/276/419 397/272/411
f 393/270/407 405/278/421 406/277/420 395/271/409
f 391/269/405 404/279/422 405/278/421 393/270/407
f 389/268/403 403/280/423 404/279/422 391/269/405
f 387/267/401 402/281/424 403/280/423 389/268/403
f 385/282/400 401/283/418 402/281/424 387/267/401
f 417/282/425 425/283/426 426/281/427 418/267/428
f 418/267/428 426/281/427 427/280/429 419/268/430
f 419/268/430 427/280/429 428/279/431 420/269/432
f 420/269/432 428/279/431 429/278/433 421/270/434
f 421/270/434 429/278/433 430/277/435 422/271/436
f 422/271/436 430/277/435 431/276/437 423/272/438
f 423/272/438 431/276/437 432/274/439 424/273/440
f 424/273/440 432/274/439 425/275/426 417/266/425
f 429/278/433 428/279/431 436/284/441 433/285/442
f 428/279/431 427/280/429 438/286/443 436/284/441
f 427/280/429 426/281/427 440/287/444 438/286/443
f 426/281/427 425/283/426 442/288/445 440/287/444
f 425/275/426 432/274/439 444/289/446 442/290/445
f 432/274/439 431/276/437 446/276/447 444/289/446
f 431/276/437 430/277/435 448/291/448 446/276/447
f 430/277/435 429/278/433 433/292/442 448/291/448
f 433/285/442 436/284/441 435/287/449 434/288/450
f 434/288/450 435/287/449 402/281/424 401/283/418
f 436/284/441 438/286/443 437/286/451 435/287/449
f 435/287/449 437/286/451 403/280/423 402/281/424
f 438/286/443 440/287/444 439/284/452 437/286/451
f 437/286/451 439/284/452 404/279/422 403/280/423
f 440/287/444 442/288/445 441/285/453 439/284/452
f 439/284/452 441/285/453 405/278/421 404/279/422
f 442/290/445 444/289/446 443/291/454 441/292/453
f 441/292/453 443/291/454 406/277/420 405/278/421
f 444/289/446 446/276/447 445/276/455 443/291/454
f 443/291/454 445/276/455 407/276/419 406/277/420
f 446/276/447 448/291/448 447/289/456 445/276/455
f 445/276/455 447/289/456 408/274/417 407/276/419
f 448/291/448 433/292/442 434/290/450 447/289/456
f 447/289/456 434/290/450 401/275/418 408/274/417
f 410/243/402 411/245/404 462/293/457 463/294/458
f 411/245/404 412/247/406 460/295/459 462/293/457
f 412/247/406 413/249/408 458/296/460 460/295/459
f 413/249/408 414/251/410 456/297/461 458/298/460
f 414/251/410 415/253/412 454/299/462 456/297/461
f 415/253/412 416/263/415 452/300/463 454/299/462
f 416/263/415 409/265/399 450/301/464 452/300/463
f 409/240/399 410/243/402 463/294/458 450/302/464
f 452/300/463 450/301/464 449/303/465 451/304/466
f 451/304/466 449/303/465 421/270/434 422/271/436
f 454/299/462 452/300/463 451/304/466 453/305/467
f 453/305/467 451/304/466 422/271/436 423/272/438
f 456/297/461 454/299/462 453/305/467 455/306/468
f 455/306/468 453/305/467 423/272/438 424/273/440
f 458/298/460 456/297/461 455/306/468 457/307/469
f 457/307/469 455/306/468 424/273/440 417/266/425
f 460/295/459 458/296/460 457/308/469 459/309/470
f 459/309/470 457/308/469 417/282/425 418/267/428
f 462/293/457 460/295/459 459/309/470 461/310/471
f 461/310/471 459/309/470 418/267/428 419/268/430
f 463/294/458 462/293/457 461/310/471 464/311/472
f 464/311/472 461/310/471 419/268/430 420/269/432
f 450/302/464 463/294/458 464/311/472 449/312/465
f 449/312/465 464/311/472 420/269/432 421/270/434
o export_chair_Cylinder.019
v 0.999637 0.951690 2.697637
v 0.999637 0.951690 -0.427119
v 1.044552 0.970295 2.697637
v 1.044552 0.970294 -0.427119
v 1.063157 1.015210 2.697637
v 1.063157 1.015210 -0.427119
v 1.044552 1.060126 2.697637
v 1.044552 1.060125 -0.427119
v 0.999637 1.078730 2.697637
v 0.999637 1.078730 -0.427119
v 0.954721 1.060126 2.697637
v 0.954721 1.060125 -0.427119
v 0.936117 1.015210 2.697637
v 0.936117 1.015210 -0.427119
v 0.954721 0.970295 2.697637
v 0.954721 0.970294 -0.427119
v 0.999637 1.178635 2.874186
v 0.999637 1.629818 2.874185
v 1.044552 1.178635 2.892790
v 1.044552 1.629818 2.892790
v 1.063157 1.178635 2.937706
v 1.063157 1.629818 2.937705
v 1.044552 1.178635 2.982621
v 1.044552 1.629818 2.982621
v 0.999637 1.178635 3.001226
v 0.999637 1.629818 3.001225
v 0.954721 1.178635 2.982621
v 0.954721 1.629818 2.982621
v 0.936117 1.178635 2.937706
v 0.936117 1.629818 2.937705
v 0.954721 1.178635 2.892790
v 0.954721 1.629818 2.892790
v 1.044552 0.990575 2.832136
v 1.044552 1.057154 2.939044
v 1.063157 1.029738 2.809905
v 1.063157 1.080582 2.900480
v 1.044552 1.068856 2.787754
v 1.044552 1.103921 2.861956
v 0.999637 1.085036 2.778619
v 0.999637 1.113543 2.846019
v 0.954721 1.068856 2.787754
v 0.954721 1.103921 2.861956
v 0.936117 1.029738 2.809905
v 0.936117 1.080582 2.900480
v 0.954721 0.990575 2.832136
v 0.954721 1.057154 2.939044
v 0.999637 1.047434 2.955024
v 0.999637 0.974346 2.841359
vn -0.0000 -0.9972 0.0752
vn -0.0000 -1.0000 -0.0000
vn 0.7071 -0.7071 -0.0000
vn 0.6940 -0.7179 0.0541
vn 1.0000 -0.0000 -0.0000
vn 0.9999 -0.0154 0.0048
vn 0.7071 0.7071 -0.0000
vn 0.7076 0.7058 -0.0342
vn -0.0000 1.0000 -0.0000
vn -0.0000 0.9990 -0.0444
vn -0.7071 0.7071 -0.0000
vn -0.7076 0.7058 -0.0342
vn -1.0000 -0.0000 -0.0000
vn -0.9999 -0.0154 0.0048
vn -0.0000 -0.0000 -1.0000
vn -0.7071 -0.7071 -0.0000
vn -0.6940 -0.7179 0.0541
vn -0.0000 0.2082 -0.9781
vn 0.7071 -0.0000 -0.7071
vn 0.7308 0.1336 -0.6694
vn 0.9990 -0.0139 0.0433
vn 0.7071 -0.0000 0.7071
vn 0.6860 -0.1252 0.7167
vn -0.0000 -0.0000 1.0000
vn -0.0000 -0.1631 0.9866
vn -0.7071 -0.0000 0.7071
vn -0.6860 -0.1252 0.7167
vn -0.9990 -0.0139 0.0433
vn -0.7071 -0.0000 -0.7071
vn -0.7308 0.1336 -0.6694
vn -0.6722 -0.4648 0.5763
vn -0.0000 -0.6158 0.7879
vn -0.9965 -0.0591 0.0589
vn -0.7552 0.4526 -0.4741
vn -0.0000 0.7142 -0.6999
vn 0.7552 0.4526 -0.4741
vn 0.9965 -0.0591 0.0589
vn 0.6722 -0.4648 0.5763
vn 0.6768 -0.6906 0.2552
vn 0.9990 -0.0431 0.0133
vn 0.7164 0.6726 -0.1853
vn -0.0000 0.9702 -0.2423
vn -0.7164 0.6726 -0.1853
vn -0.9990 -0.0431 0.0133
vn -0.6768 -0.6906 0.2552
vn -0.0000 -0.9334 0.3588
vt 1.000000 0.500000
vt 1.000000 1.000000
vt 0.875000 1.000000
vt 0.875000 0.500000
vt 0.750000 1.000000
vt 0.750000 0.500000
vt 0.625000 1.000000
vt 0.625000 0.500000
vt 0.500000 1.000000
vt 0.500000 0.500000
vt 0.375000 1.000000
vt 0.375000 0.500000
vt 0.250000 1.000000
vt 0.250000 0.500000
vt 0.419706 0.419706
vt 0.250000 0.490000
vt 0.080294 0.419706
vt 0.010000 0.250000
vt 0.080294 0.080294
vt 0.250000 0.010000
vt 0.419706 0.080294
vt 0.490000 0.250000
vt 0.125000 1.000000
vt 0.125000 0.500000
vt 0.000000 1.000000
vt 0.000000 0.500000
vt 0.291667 0.500000
vt 0.333333 0.500000
vt 0.208333 0.500000
vt 0.166667 0.500000
vt 0.791667 0.500000
vt 0.833333 0.500000
vt 0.708333 0.500000
vt 0.666667 0.500000
s 1
usemtl chair_metal_light
f 465/313/473 466/314/474 468/315/475 467/316/476
f 467/316/476 468/315/475 470/317/477 469/318/478
f 469/318/478 470/317/477 472/319/479 471/320/480
f 471/320/480 472/319/479 474/321/481 473/322/482
f 473/322/482 474/321/481 476/323/483 475/324/484
f 475/324/484 476/323/483 478/325/485 477/326/486
f 468/327/487 466/328/487 480/329/487 478/330/487 476/331/487 474/332/487 472/333/487 470/334/487
f 477/326/486 478/325/485 480/335/488 479/336/489
f 479/336/489 480/335/488 466/337/474 465/338/473
f 481/313/490 482/314/487 484/315/491 483/316/492
f 483/316/492 484/315/491 486/317/477 485/318/493
f 485/318/493 486/317/477 488/319/494 487/320/495
f 487/320/495 488/319/494 490/321/496 489/322/497
f 489/322/497 490/321/496 492/323/498 491/324/499
f 491/324/499 492/323/498 494/325/485 493/326/500
f 484/327/481 482/328/481 496/329/481 494/330/481 492/331/481 490/332/481 488/333/481 486/334/481
f 493/326/500 494/325/485 496/335/501 495/336/502
f 495/336/502 496/335/501 482/337/487 481/338/490
f 489/322/497 491/324/499 510/339/503 511/340/504
f 491/324/499 493/326/500 508/326/505 510/339/503
f 493/326/500 495/336/502 506/341/506 508/326/505
f 495/336/502 481/338/490 504/342/507 506/341/506
f 481/313/490 483/316/492 502/343/508 504/344/507
f 483/316/492 485/318/493 500/318/509 502/343/508
f 485/318/493 487/320/495 498/345/510 500/318/509
f 487/320/495 489/322/497 511/346/504 498/345/510
f 500/318/509 498/345/510 497/343/511 499/318/512
f 499/318/512 497/343/511 467/316/476 469/318/478
f 502/343/508 500/318/509 499/318/512 501/345/513
f 501/345/513 499/318/512 469/318/478 471/320/480
f 504/344/507 502/343/508 501/345/513 503/346/514
f 503/346/514 501/345/513 471/320/480 473/322/482
f 506/341/506 504/342/507 503/340/514 505/339/515
f 505/339/515 503/340/514 473/322/482 475/324/484
f 508/326/505 506/341/506 505/339/515 507/326/516
f 507/326/516 505/339/515 475/324/484 477/326/486
f 510/339/503 508/326/505 507/326/516 509/341/517
f 509/341/517 507/326/516 477/326/486 479/336/489
f 511/340/504 510/339/503 509/341/517 512/342/518
f 512/342/518 509/341/517 479/336/489 465/338/473
f 498/345/510 511/346/504 512/344/518 497/343/511
f 497/343/511 512/344/518 465/313/473 467/316/476
o export_chair_Cylinder.122
v -1.062381 -0.781362 -0.262299
v -1.062381 -0.781362 -0.081918
v -1.035015 -0.792697 -0.262299
v -1.035015 -0.792697 -0.081918
v -1.023680 -0.820063 -0.262299
v -1.023680 -0.820063 -0.081918
v -1.035015 -0.847428 -0.262299
v -1.035015 -0.847428 -0.081918
v -1.062381 -0.858763 -0.262299
v -1.062381 -0.858763 -0.081918
v -1.089746 -0.847428 -0.262299
v -1.089746 -0.847428 -0.081918
v -1.101081 -0.820063 -0.262299
v -1.101081 -0.820063 -0.081918
v -1.089746 -0.792697 -0.262299
v -1.089746 -0.792697 -0.081918
vn -0.0000 0.7764 -0.6303
vn -0.0000 0.7764 0.6303
vn 0.5490 0.5490 -0.6303
vn 0.5490 0.5490 0.6303
vn 0.7764 -0.0000 -0.6303
vn 0.7764 -0.0000 0.6303
vn 0.5490 -0.5490 -0.6303
vn 0.5490 -0.5490 0.6303
vn -0.0000 -0.7764 -0.6303
vn -0.0000 -0.7764 0.6303
vn -0.5490 -0.5490 -0.6303
vn -0.5490 -0.5490 0.6303
vn -0.7764 -0.0000 -0.6303
vn -0.7764 -0.0000 0.6303
vn -0.5490 0.5490 -0.6303
vn -0.5490 0.5490 0.6303
vt 1.000000 0.500000
vt 1.000000 1.000000
vt 0.875000 1.000000
vt 0.875000 0.500000
vt 0.750000 1.000000
vt 0.750000 0.500000
vt 0.625000 1.000000
vt 0.625000 0.500000
vt 0.500000 1.000000
vt 0.500000 0.500000
vt 0.375000 1.000000
vt 0.375000 0.500000
vt 0.250000 1.000000
vt 0.250000 0.500000
vt 0.419706 0.419706
vt 0.250000 0.490000
vt 0.080294 0.419706
vt 0.010000 0.250000
vt 0.080294 0.080294
vt 0.250000 0.010000
vt 0.419706 0.080294
vt 0.490000 0.250000
vt 0.125000 1.000000
vt 0.125000 0.500000
vt 0.000000 1.000000
vt 0.000000 0.500000
vt 0.750000 0.490000
vt 0.919706 0.419706
vt 0.990000 0.250000
vt 0.919706 0.080294
vt 0.750000 0.010000
vt 0.580294 0.080294
vt 0.510000 0.250000
vt 0.580294 0.419706
s 1
usemtl chair_metal_light
f 513/347/519 514/348/520 516/349/522 515/350/521
f 515/350/521 516/349/522 518/351/524 517/352/523
f 517/352/523 518/351/524 520/353/526 519/354/525
f 519/354/525 520/353/526 522/355/528 521/356/527
f 521/356/527 522/355/528 524/357/530 523/358/529
f 523/358/529 524/357/530 526/359/532 525/360/531
f 516/361/522 514/362/520 528/363/534 526/364/532 524/365/530 522/366/528 520/367/526 518/368/524
f 525/360/531 526/359/532 528/369/534 527/370/533
f 527/370/533 528/369/534 514/371/520 513/372/519
f 513/373/519 515/374/521 517/375/523 519/376/525 521/377/527 523/378/529 525/379/531 527/380/533
o export_chair_Cylinder.124
v 1.001759 -0.667923 1.595858
v 1.001759 0.958909 1.597621
v 0.955572 -0.668217 1.615033
v 0.956955 0.958909 1.616180
v 0.936586 -0.668862 1.661189
v 0.938396 0.958909 1.660984
v 0.955780 -0.669422 1.707144
v 0.956955 0.958909 1.705788
v 1.001759 -0.669631 1.726119
v 1.001759 0.958909 1.724346
v 1.047737 -0.669422 1.707144
v 1.046563 0.958909 1.705788
v 1.066931 -0.668862 1.661189
v 1.065121 0.958909 1.660984
v 1.047945 -0.668217 1.615033
v 1.046563 0.958909 1.616180
v 1.001758 -0.885585 1.498327
v 1.001758 -0.883804 -0.187573
v 0.955769 -0.866599 1.498138
v 0.956954 -0.865245 -0.187573
v 0.936584 -0.820613 1.497652
v 0.938395 -0.820441 -0.187573
v 0.955600 -0.774448 1.497139
v 0.956954 -0.775637 -0.187573
v 1.001758 -0.755295 1.496927
v 1.001758 -0.757079 -0.187573
v 1.047916 -0.774448 1.497139
v 1.046562 -0.775637 -0.187573
v 1.066931 -0.820613 1.497652
v 1.065120 -0.820441 -0.187573
v 1.047746 -0.866599 1.498138
v 1.046562 -0.865245 -0.187573
v 0.955436 -0.711899 1.605759
v 0.955461 -0.745198 1.580359
v 0.955494 -0.766814 1.542944
v 0.936594 -0.730289 1.648378
v 0.936592 -0.778349 1.612995
v 0.936590 -0.809625 1.560878
v 0.955859 -0.748437 1.690663
v 0.955848 -0.811122 1.645482
v 0.955847 -0.852059 1.578788
v 1.001758 -0.755910 1.708108
v 1.001758 -0.824621 1.658902
v 1.001758 -0.869543 1.586194
v 1.047658 -0.748437 1.690663
v 1.047668 -0.811122 1.645482
v 1.047668 -0.852059 1.578788
v 1.066923 -0.730289 1.648378
v 1.066924 -0.778349 1.612995
v 1.066925 -0.809625 1.560878
v 1.048081 -0.711899 1.605759
v 1.048055 -0.745198 1.580358
v 1.048022 -0.766814 1.542944
v 1.001758 -0.748961 1.535522
v 1.001758 -0.731313 1.566794
v 1.001758 -0.704167 1.587966
vn -0.0000 -0.1089 0.9941
vn -0.0000 -0.0011 1.0000
vn 0.7077 -0.0011 0.7065
vn 0.7204 -0.0740 0.6896
vn 1.0000 -0.0011 -0.0013
vn 0.9996 0.0045 -0.0277
vn 0.7064 -0.0011 -0.7079
vn 0.6927 0.0739 -0.7174
vn -0.0000 -0.0011 -1.0000
vn -0.0000 0.1000 -0.9950
vn -0.7064 -0.0011 -0.7079
vn -0.6927 0.0740 -0.7174
vn -1.0000 -0.0011 -0.0013
vn -0.9996 0.0045 -0.0277
vn -0.0000 -1.0000 -0.0000
vn -0.7077 -0.0011 0.7065
vn -0.7204 -0.0740 0.6896
vn -0.0000 0.9962 -0.0875
vn -0.0000 1.0000 0.0011
vn 0.7065 0.7078 0.0011
vn 0.6941 0.7170 -0.0640
vn 1.0000 0.0011 0.0011
vn 0.9997 0.0232 -0.0038
vn 0.7076 -0.7066 0.0011
vn 0.7169 -0.6947 0.0587
vn -0.0000 -1.0000 0.0010
vn -0.0000 -0.9965 0.0842
vn -0.7076 -0.7066 0.0011
vn -0.7169 -0.6947 0.0587
vn -1.0000 0.0011 0.0011
vn -0.9997 0.0232 -0.0038
vn -0.0000 -0.0000 1.0000
vn -0.7065 0.7078 0.0011
vn -0.6941 0.7170 -0.0640
vn -0.7317 -0.6414 0.2307
vn -0.0000 -0.9429 0.3331
vn -0.9988 0.0457 -0.0171
vn -0.6835 0.6820 -0.2603
vn -0.0000 0.9333 -0.3592
vn 0.6835 0.6819 -0.2603
vn 0.9988 0.0457 -0.0171
vn 0.7317 -0.6414 0.2307
vn 0.7357 -0.5084 0.4475
vn 0.9986 0.0387 -0.0359
vn 0.7396 -0.2814 0.6114
vn 0.9984 0.0225 -0.0519
vn 0.6830 0.5352 -0.4970
vn 0.6820 0.2950 -0.6692
vn -0.0000 0.7306 -0.6828
vn -0.0000 0.4022 -0.9156
vn -0.6830 0.5352 -0.4970
vn -0.6820 0.2950 -0.6692
vn -0.9986 0.0387 -0.0359
vn -0.9984 0.0225 -0.0519
vn -0.7357 -0.5084 0.4475
vn -0.7396 -0.2814 0.6114
vn -0.0000 -0.7557 0.6549
vn -0.0000 -0.4220 0.9066
vt 1.000000 0.500000
vt 1.000000 1.000000
vt 0.875000 1.000000
vt 0.875000 0.500000
vt 0.750000 1.000000
vt 0.750000 0.500000
vt 0.625000 1.000000
vt 0.625000 0.500000
vt 0.500000 1.000000
vt 0.500000 0.500000
vt 0.375000 1.000000
vt 0.375000 0.500000
vt 0.250000 1.000000
vt 0.250000 0.500000
vt 0.419706 0.419706
vt 0.250000 0.490000
vt 0.080294 0.419706
vt 0.010000 0.250000
vt 0.080294 0.080294
vt 0.250000 0.010000
vt 0.419706 0.080294
vt 0.490000 0.250000
vt 0.125000 1.000000
vt 0.125000 0.500000
vt 0.000000 1.000000
vt 0.000000 0.500000
vt 0.312500 0.500000
vt 0.187500 0.500000
vt 0.125000 0.500000
vt 0.812500 0.500000
vt 0.687500 0.500000
vt 0.250000 0.500000
s 1
usemtl chair_metal_light
f 529/381/535 530/382/536 532/383/537 531/384/538
f 531/384/538 532/383/537 534/385/539 533/386/540
f 533/386/540 534/385/539 536/387/541 535/388/542
f 535/388/542 536/387/541 538/389/543 537/390/544
f 537/390/544 538/389/543 540/391/545 539/392/546
f 539/392/546 540/391/545 542/393/547 541/394/548
f 532/395/549 530/396/549 544/397/549 542/398/549 540/399/549 538/400/549 536/401/549 534/402/549
f 541/394/548 542/393/547 544/403/550 543/404/551
f 543/404/551 544/403/550 530/405/536 529/406/535
f 545/381/552 546/382/553 548/383/554 547/384/555
f 547/384/555 548/383/554 550/385/556 549/386/557
f 549/386/557 550/385/556 552/387/558 551/388/559
f 551/388/559 552/387/558 554/389/560 553/390/561
f 553/390/561 554/389/560 556/391/562 555/392/563
f 555/392/563 556/391/562 558/393/564 557/394/565
f 548/395/566 546/396/566 560/397/566 558/398/566 556/399/566 554/400/566 552/401/566 550/402/566
f 557/394/565 558/393/564 560/403/567 559/404/568
f 559/404/568 560/403/567 546/405/553 545/406/552
f 553/390/561 555/392/563 581/407/569 582/392/570
f 555/392/563 557/394/565 578/394/571 581/407/569
f 557/394/565 559/404/568 575/408/572 578/394/571
f 559/404/568 545/406/552 572/409/573 575/408/572
f 545/381/552 547/384/555 569/410/574 572/384/573
f 547/384/555 549/386/557 566/386/575 569/410/574
f 549/386/557 551/388/559 563/411/576 566/386/575
f 551/388/559 553/390/561 582/388/570 563/411/576
f 566/386/575 563/411/576 562/386/577 565/386/578
f 565/386/578 562/386/577 561/410/579 564/386/580
f 564/386/580 561/410/579 531/384/538 533/386/540
f 569/410/574 566/386/575 565/386/578 568/386/581
f 568/386/581 565/386/578 564/386/580 567/411/582
f 567/411/582 564/386/580 533/386/540 535/388/542
f 572/384/573 569/410/574 568/386/581 571/386/583
f 571/386/583 568/386/581 567/411/582 570/388/584
f 570/388/584 567/411/582 535/388/542 537/390/544
f 575/408/572 572/409/573 571/412/583 574/412/585
f 574/412/585 571/412/583 570/392/584 573/407/586
f 573/407/586 570/392/584 537/390/544 539/392/546
f 578/394/571 575/408/572 574/412/585 577/394/587
f 577/394/587 574/412/585 573/407/586 576/394/588
f 576/394/588 573/407/586 539/392/546 541/394/548
f 581/407/569 578/394/571 577/394/587 580/394/589
f 580/394/589 577/394/587 576/394/588 579/408/590
f 579/408/590 576/394/588 541/394/548 543/404/551
f 582/392/570 581/407/569 580/394/589 583/412/591
f 583/412/591 580/394/589 579/408/590 584/409/592
f 584/409/592 579/408/590 543/404/551 529/406/535
f 563/411/576 582/388/570 583/386/591 562/386/577
f 562/386/577 583/386/591 584/384/592 561/410/579
f 561/410/579 584/384/592 529/381/535 531/384/538
o export_chair_Cylinder.125
v 1.001759 -1.330840 -0.142760
v 1.001759 1.008613 -0.363340
v 0.968136 -1.330840 -0.128833
v 0.968136 1.008613 -0.349413
v 0.954210 -1.330840 -0.095211
v 0.954210 1.008613 -0.315791
v 0.968136 -1.330840 -0.061589
v 0.968136 1.008613 -0.282169
v 1.001759 -1.330840 -0.047662
v 1.001759 1.008613 -0.268242
v 1.035381 -1.330840 -0.061589
v 1.035381 1.008613 -0.282169
v 1.049307 -1.330840 -0.095211
v 1.049307 1.008613 -0.315791
v 1.035381 -1.330840 -0.128833
v 1.035381 1.008613 -0.349413
v 1.001759 -0.206636 -0.142760
v 0.968136 -0.206636 -0.128833
v 0.954210 -0.206636 -0.095211
v 0.968136 -0.206636 -0.061589
v 1.001759 -0.206636 -0.047662
v 1.035381 -0.206636 -0.061589
v 1.049307 -0.206636 -0.095211
v 1.035381 -0.206636 -0.128833
v 1.001759 -0.062682 -0.363339
v 0.968136 -0.062682 -0.349413
v 0.954210 -0.062682 -0.315791
v 0.968136 -0.062682 -0.282169
v 1.001759 -0.062682 -0.268242
v 1.035381 -0.062682 -0.282169
v 1.049307 -0.062682 -0.315791
v 1.035381 -0.062682 -0.349413
v 1.001759 -0.074780 -0.251944
v 0.968136 -0.088266 -0.255422
v 0.954210 -0.120822 -0.263818
v 0.968136 -0.153379 -0.272214
v 1.001759 -0.166865 -0.275692
v 1.035381 -0.153379 -0.272214
v 1.049307 -0.120822 -0.263818
v 1.035381 -0.088266 -0.255422
v 1.001759 -0.103935 -0.138895
v 0.968136 -0.117420 -0.142373
v 0.954210 -0.149977 -0.150769
v 0.968136 -0.182534 -0.159166
v 1.001759 -0.196020 -0.162644
v 1.035381 -0.182534 -0.159166
v 1.049307 -0.149977 -0.150769
v 1.035381 -0.117420 -0.142373
v 1.001759 -0.197879 -0.154032
v 1.001759 -0.200760 -0.146187
v 0.968136 -0.195018 -0.133727
v 0.968136 -0.187247 -0.145361
v 0.954210 -0.180950 -0.103531
v 0.954210 -0.161522 -0.124198
v 0.968136 -0.166827 -0.073305
v 0.968136 -0.135780 -0.102974
v 1.001759 -0.160973 -0.060783
v 1.001759 -0.125117 -0.094178
v 1.035381 -0.166827 -0.073305
v 1.035381 -0.135780 -0.102974
v 1.049307 -0.180950 -0.103531
v 1.049307 -0.161522 -0.124198
v 1.035381 -0.195018 -0.133727
v 1.035381 -0.187247 -0.145361
v 1.001759 -0.145250 -0.319292
v 1.001759 -0.108560 -0.351054
v 1.035381 -0.134586 -0.310492
v 1.035381 -0.102702 -0.338530
v 1.049307 -0.108840 -0.289250
v 1.049307 -0.088563 -0.308295
v 1.035381 -0.083100 -0.268031
v 1.035381 -0.074444 -0.278072
v 1.001759 -0.072448 -0.259281
v 1.001759 -0.068632 -0.265573
v 0.968136 -0.083100 -0.268031
v 0.968136 -0.074444 -0.278072
v 0.954210 -0.108840 -0.289250
v 0.954210 -0.088563 -0.308295
v 0.968136 -0.102702 -0.338530
v 0.968136 -0.134585 -0.310492
vn -0.0000 0.1273 0.9919
vn -0.0000 -0.0000 1.0000
vn 0.7071 -0.0000 0.7071
vn 0.6900 0.0963 0.7174
vn 1.0000 -0.0000 -0.0000
vn 0.9994 0.0071 0.0344
vn 0.7071 -0.0000 -0.7071
vn 0.7273 -0.1174 -0.6762
vn -0.0000 -0.0000 -1.0000
vn -0.0000 -0.1906 -0.9817
vn -0.7071 -0.0000 -0.7071
vn -0.7273 -0.1174 -0.6762
vn -1.0000 -0.0000 -0.0000
vn -0.9994 0.0071 0.0344
vn -0.0000 -1.0000 -0.0000
vn -0.7071 -0.0000 0.7071
vn -0.6900 0.0963 0.7174
vn -0.0000 1.0000 -0.0000
vn -0.7316 0.1386 0.6675
vn -0.0000 0.2338 0.9723
vn -0.9992 -0.0077 -0.0383
vn -0.6890 -0.1039 -0.7173
vn -0.0000 -0.1363 -0.9907
vn 0.6890 -0.1039 -0.7173
vn 0.9992 -0.0077 -0.0383
vn 0.7316 0.1386 0.6675
vn -0.0000 -0.9534 -0.3017
vn -0.0000 -0.9414 -0.3372
vn 0.6936 -0.6780 -0.2433
vn 0.7121 -0.6672 -0.2186
vn 0.9998 -0.0160 -0.0118
vn 0.9997 0.0200 0.0124
vn 0.7071 0.6787 0.1982
vn 0.6928 0.6762 0.2505
vn -0.0000 0.9641 0.2656
vn -0.0000 0.9384 0.3457
vn -0.7071 0.6787 0.1982
vn -0.6928 0.6762 0.2505
vn -0.9998 -0.0160 -0.0118
vn -0.9997 0.0200 0.0124
vn -0.6936 -0.6780 -0.2433
vn -0.7121 -0.6672 -0.2186
vn 0.7098 0.6377 0.2992
vn -0.0000 0.9274 0.3740
vn 0.9992 -0.0287 -0.0294
vn 0.6811 -0.5951 -0.4266
vn -0.0000 -0.8080 -0.5892
vn -0.6811 -0.5951 -0.4266
vn -0.9992 -0.0287 -0.0294
vn -0.7098 0.6377 0.2992
vn 0.7391 0.4362 0.5133
vn -0.0000 0.7090 0.7052
vn 0.9981 -0.0282 -0.0542
vn 0.6780 -0.3683 -0.6361
vn -0.0000 -0.4923 -0.8704
vn -0.6780 -0.3683 -0.6361
vn -0.9981 -0.0282 -0.0542
vn -0.7391 0.4362 0.5133
vn 0.9983 0.0256 0.0517
vn 0.6792 0.3478 0.6463
vn 0.7383 -0.3853 -0.5536
vn -0.0000 -0.6130 -0.7901
vn -0.7383 -0.3853 -0.5536
vn -0.9983 0.0256 0.0517
vn -0.6792 0.3478 0.6463
vn -0.0000 0.4684 0.8835
vn -0.0000 0.7914 0.6113
vn -0.6811 0.5816 0.4448
vn -0.9990 0.0334 0.0309
vn -0.7199 -0.5964 -0.3550
vn -0.0000 -0.8789 -0.4771
vn 0.7199 -0.5964 -0.3550
vn 0.9990 0.0334 0.0309
vn 0.6811 0.5816 0.4448
vt 1.000000 0.690124
vt 1.000000 1.000000
vt 0.875000 1.000000
vt 0.875000 0.690124
vt 0.750000 1.000000
vt 0.750000 0.690124
vt 0.625000 1.000000
vt 0.625000 0.690124
vt 0.500000 1.000000
vt 0.500000 0.690124
vt 0.375000 1.000000
vt 0.375000 0.690124
vt 0.250000 1.000000
vt 0.250000 0.690124
vt 0.419706 0.419706
vt 0.250000 0.490000
vt 0.080294 0.419706
vt 0.010000 0.250000
vt 0.080294 0.080294
vt 0.250000 0.010000
vt 0.419706 0.080294
vt 0.490000 0.250000
vt 0.125000 1.000000
vt 0.125000 0.690124
vt 0.000000 1.000000
vt 0.000000 0.690124
vt 0.000000 0.500000
vt 0.875000 0.500000
vt 0.750000 0.500000
vt 0.625000 0.500000
vt 0.500000 0.500000
vt 0.375000 0.500000
vt 0.250000 0.500000
vt 0.125000 0.500000
vt 0.125000 0.667920
vt 0.000000 0.667920
vt 0.250000 0.667920
vt 0.375000 0.667920
vt 0.500000 0.667920
vt 0.625000 0.667920
vt 0.750000 0.667920
vt 0.875000 0.667920
vt 1.000000 0.500000
vt 1.000000 0.667920
vt 0.708333 0.667920
vt 0.666667 0.667920
vt 0.750000 0.667920
vt 0.791667 0.667920
vt 0.833333 0.667920
vt 0.208333 0.667920
vt 0.166667 0.667920
vt 0.291667 0.667920
vt 0.333333 0.667920
vt 0.750000 0.626749
vt 0.791667 0.626749
vt 0.708333 0.626749
vt 0.666667 0.626749
vt 0.291667 0.626749
vt 0.333333 0.626749
vt 0.250000 0.626749
vt 0.208333 0.626749
vt 0.166667 0.626749
vt 0.833333 0.626749
vt 0.333333 0.563375
vt 0.291667 0.563375
vt 0.250000 0.563375
vt 0.208333 0.563375
vt 0.166667 0.563375
vt 0.833333 0.563375
vt 0.791667 0.563375
vt 0.750000 0.563375
vt 0.708333 0.563375
vt 0.666667 0.563375
s 1
usemtl chair_metal_light
f 609/413/593 586/414/594 588/415/595 610/416/596
f 610/416/596 588/415/595 590/417/597 611/418/598
f 611/418/598 590/417/597 592/419/599 612/420/600
f 612/420/600 592/419/599 594/421/601 613/422/602
f 613/422/602 594/421/601 596/423/603 614/424/604
f 614/424/604 596/423/603 598/425/605 615/426/606
f 588/427/607 586/428/607 600/429/607 598/430/607 596/431/607 594/432/607 592/433/607 590/434/607
f 615/426/606 598/425/605 600/435/608 616/436/609
f 616/436/609 600/435/608 586/437/594 609/438/593
f 585/439/610 587/440/610 589/441/610 591/442/610 593/443/610 595/444/610 597/445/610 599/446/610
f 599/446/608 608/447/611 601/448/612 585/439/594
f 597/445/605 607/449/613 608/447/611 599/446/608
f 595/444/603 606/450/614 607/449/613 597/445/605
f 593/443/601 605/451/615 606/450/614 595/444/603
f 591/442/599 604/452/616 605/451/615 593/443/601
f 589/441/597 603/453/617 604/452/616 591/442/599
f 587/440/595 602/454/618 603/453/617 589/441/597
f 585/455/594 601/456/612 602/454/618 587/440/595
f 617/455/619 625/456/620 626/454/621 618/440/622
f 618/440/622 626/454/621 627/453/623 619/441/624
f 619/441/624 627/453/623 628/452/625 620/442/626
f 620/442/626 628/452/625 629/451/627 621/443/628
f 621/443/628 629/451/627 630/450/629 622/444/630
f 622/444/630 630/450/629 631/449/631 623/445/632
f 623/445/632 631/449/631 632/447/633 624/446/634
f 624/446/634 632/447/633 625/448/620 617/439/619
f 629/451/627 628/452/625 636/457/635 633/458/636
f 628/452/625 627/453/623 638/459/637 636/457/635
f 627/453/623 626/454/621 640/460/638 638/459/637
f 626/454/621 625/456/620 642/461/639 640/460/638
f 625/448/620 632/447/633 644/462/640 642/463/639
f 632/447/633 631/449/631 646/449/641 644/462/640
f 631/449/631 630/450/629 648/464/642 646/449/641
f 630/450/629 629/451/627 633/465/636 648/464/642
f 633/458/636 636/457/635 635/460/643 634/461/644
f 634/461/644 635/460/643 602/454/618 601/456/612
f 636/457/635 638/459/637 637/459/645 635/460/643
f 635/460/643 637/459/645 603/453/617 602/454/618
f 638/459/637 640/460/638 639/457/646 637/459/645
f 637/459/645 639/457/646 604/452/616 603/453/617
f 640/460/638 642/461/639 641/458/647 639/457/646
f 639/457/646 641/458/647 605/451/615 604/452/616
f 642/463/639 644/462/640 643/464/648 641/465/647
f 641/465/647 643/464/648 606/450/614 605/451/615
f 644/462/640 646/449/641 645/449/649 643/464/648
f 643/464/648 645/449/649 607/449/613 606/450/614
f 646/449/641 648/464/642 647/462/650 645/449/649
f 645/449/649 647/462/650 608/447/611 607/449/613
f 648/464/642 633/465/636 634/463/644 647/462/650
f 647/462/650 634/463/644 601/448/612 608/447/611
f 610/416/596 611/418/598 662/466/651 663/467/652
f 611/418/598 612/420/600 660/468/653 662/466/651
f 612/420/600 613/422/602 658/469/654 660/468/653
f 613/422/602 614/424/604 656/470/655 658/471/654
f 614/424/604 615/426/606 654/472/656 656/470/655
f 615/426/606 616/436/609 652/473/657 654/472/656
f 616/436/609 609/438/593 650/474/658 652/473/657
f 609/413/593 610/416/596 663/467/652 650/475/658
f 652/473/657 650/474/658 649/476/659 651/477/660
f 651/477/660 649/476/659 621/443/628 622/444/630
f 654/472/656 652/473/657 651/477/660 653/478/661
f 653/478/661 651/477/660 622/444/630 623/445/632
f 656/470/655 654/472/656 653/478/661 655/479/662
f 655/479/662 653/478/661 623/445/632 624/446/634
f 658/471/654 656/470/655 655/479/662 657/480/663
f 657/480/663 655/479/662 624/446/634 617/439/619
f 660/468/653 658/469/654 657/481/663 659/482/664
f 659/482/664 657/481/663 617/455/619 618/440/622
f 662/466/651 660/468/653 659/482/664 661/483/665
f 661/483/665 659/482/664 618/440/622 619/441/624
f 663/467/652 662/466/651 661/483/665 664/484/666
f 664/484/666 661/483/665 619/441/624 620/442/626
f 650/475/658 663/467/652 664/484/666 649/485/659
f 649/485/659 664/484/666 620/442/626 621/443/628
o export_chair_Cylinder.126
v 1.000391 -1.009698 0.438573
v 0.966769 -1.009698 0.452500
v 0.952842 -1.009698 0.486122
v 0.966769 -1.009698 0.519744
v 1.000391 -1.009698 0.533671
v 1.034013 -1.009698 0.519744
v 1.047940 -1.009698 0.486122
v 1.034013 -1.009698 0.452500
v 1.000391 1.024809 0.438573
v 0.966769 1.024809 0.452500
v 0.952842 1.024809 0.486122
v 0.966769 1.024809 0.519744
v 1.000391 1.024809 0.533670
v 1.034013 1.024809 0.519744
v 1.047940 1.024809 0.486122
v 1.034013 1.024809 0.452500
v 1.000391 -1.603588 -0.834693
v 0.966769 -1.616347 -0.829112
v 0.952842 -1.647152 -0.815639
v 0.966769 -1.677956 -0.802166
v 1.000391 -1.690716 -0.796585
v 1.034013 -1.677956 -0.802166
v 1.047940 -1.647152 -0.815639
v 1.034013 -1.616347 -0.829112
v 1.000391 -1.086568 0.347390
v 0.966769 -1.099328 0.352971
v 0.952842 -1.130132 0.366444
v 0.966769 -1.160937 0.379918
v 1.000391 -1.173696 0.385498
v 1.034013 -1.160937 0.379918
v 1.047940 -1.130132 0.366444
v 1.034013 -1.099328 0.352971
v 0.966769 -1.048637 0.435691
v 0.966769 -1.078040 0.396766
v 0.952842 -1.060826 0.466497
v 0.952842 -1.101379 0.420278
v 0.966769 -1.073055 0.497326
v 0.966769 -1.124724 0.443836
v 1.000391 -1.078127 0.510100
v 1.000391 -1.134395 0.453602
v 1.034013 -1.073055 0.497326
v 1.034013 -1.124724 0.443836
v 1.047940 -1.060826 0.466497
v 1.047940 -1.101379 0.420278
v 1.034013 -1.048637 0.435691
v 1.034013 -1.078040 0.396766
v 1.000391 -1.068374 0.387050
v 1.000391 -1.043609 0.422943
v 1.000391 -2.147768 -0.743011
v 0.966769 -2.141898 -0.730381
v 0.952842 -2.127728 -0.699891
v 0.966769 -2.113558 -0.669401
v 1.000391 -2.107688 -0.656771
v 1.034013 -2.113558 -0.669401
v 1.047940 -2.127728 -0.699891
v 1.034013 -2.141898 -0.730381
v 1.000391 -1.808811 -0.900540
v 0.966769 -1.802941 -0.887910
v 0.952842 -1.788771 -0.857420
v 0.966769 -1.774601 -0.826930
v 1.000391 -1.768731 -0.814301
v 1.034013 -1.774601 -0.826930
v 1.047940 -1.788771 -0.857420
v 1.034013 -1.802941 -0.887910
v 0.966769 -1.662891 -0.883551
v 0.966769 -1.729993 -0.903257
v 0.952842 -1.682485 -0.856052
v 0.952842 -1.733510 -0.869676
v 0.966769 -1.702078 -0.828573
v 0.966769 -1.737014 -0.836110
v 1.000391 -1.710193 -0.817205
v 1.000391 -1.738457 -0.822217
v 1.034013 -1.702078 -0.828573
v 1.034013 -1.737014 -0.836110
v 1.047940 -1.682485 -0.856052
v 1.047940 -1.733510 -0.869676
v 1.034013 -1.662891 -0.883551
v 1.034013 -1.729993 -0.903257
v 1.000391 -1.728535 -0.917169
v 1.000391 -1.654775 -0.894944
vn -0.7315 -0.1389 0.6675
vn -0.7071 -0.0000 0.7071
vn -0.0000 -0.0000 1.0000
vn -0.0000 -0.2188 0.9758
vn -0.9990 0.0132 -0.0438
vn -1.0000 -0.0000 -0.0000
vn -0.6863 0.1236 -0.7168
vn -0.7071 -0.0000 -0.7071
vn -0.0000 0.1606 -0.9870
vn -0.0000 -0.0000 -1.0000
vn 0.6863 0.1236 -0.7168
vn 0.7071 -0.0000 -0.7071
vn 0.9990 0.0132 -0.0438
vn 1.0000 -0.0000 -0.0000
vn 0.7315 -0.1389 0.6675
vn 0.7071 -0.0000 0.7071
vn -0.0000 -1.0000 -0.0000
vn -0.7071 0.2980 0.6412
vn -0.6908 0.2278 0.6862
vn -0.0000 0.3178 0.9482
vn -0.0000 0.4215 0.9068
vn -0.6881 -0.6145 0.3858
vn -0.7052 -0.6439 0.2969
vn -0.0000 -0.9101 0.4143
vn -0.0000 -0.8504 0.5261
vn -0.9993 -0.0299 0.0241
vn -1.0000 0.0068 -0.0073
vn -0.7262 0.5760 -0.3753
vn -0.6977 0.6407 -0.3206
vn -0.0000 0.8326 -0.5539
vn -0.0000 0.8937 -0.4487
vn 0.7262 0.5760 -0.3753
vn 0.6977 0.6407 -0.3206
vn 0.9993 -0.0299 0.0241
vn 1.0000 0.0068 -0.0073
vn 0.6881 -0.6145 0.3858
vn 0.7052 -0.6439 0.2969
vn -0.7045 -0.6054 0.3704
vn -0.0000 -0.8634 0.5045
vn -0.9997 0.0190 -0.0182
vn -0.6827 0.5852 -0.4377
vn -0.0000 0.7946 -0.6071
vn 0.6827 0.5852 -0.4377
vn 0.9997 0.0190 -0.0182
vn 0.7045 -0.6054 0.3704
vn 0.7300 -0.4229 0.5368
vn 0.9982 0.0377 -0.0460
vn 0.6750 0.3990 -0.6207
vn -0.0000 0.5270 -0.8498
vn -0.6750 0.3990 -0.6207
vn -0.9982 0.0377 -0.0460
vn -0.7300 -0.4229 0.5368
vn -0.0000 -0.6452 0.7641
vn -0.9996 0.0044 0.0269
vn -0.7071 -0.2980 -0.6412
vn -0.7156 -0.2309 -0.6592
vn -0.0000 -0.4215 -0.9068
vn -0.0000 -0.3322 -0.9432
vn 0.7071 -0.2980 -0.6412
vn 0.7156 -0.2309 -0.6592
vn 0.9996 0.0044 0.0269
vn 0.7071 0.2980 0.6412
vn 0.6908 0.2278 0.6862
vn -0.6776 -0.0288 0.7349
vn -0.0000 -0.0456 0.9990
vn -0.9983 -0.0012 0.0577
vn -0.7323 -0.0101 -0.6809
vn -0.0000 -0.0326 -0.9995
vn 0.7323 -0.0101 -0.6809
vn 0.9983 -0.0012 0.0577
vn 0.6776 -0.0288 0.7349
vn 0.6761 -0.4007 0.6184
vn 0.9975 -0.0379 0.0603
vn 0.7487 0.3299 -0.5749
vn -0.0000 0.4800 -0.8773
vn -0.7487 0.3299 -0.5749
vn -0.9975 -0.0379 0.0603
vn -0.6761 -0.4007 0.6184
vn -0.0000 -0.5482 0.8363
vn -0.0000 0.9068 -0.4215
vt 0.125000 0.500000
vt 0.125000 0.667920
vt 0.000000 0.667920
vt 0.000000 0.500000
vt 0.250000 0.500000
vt 0.250000 0.667920
vt 0.375000 0.500000
vt 0.375000 0.667920
vt 0.500000 0.500000
vt 0.500000 0.667920
vt 0.625000 0.500000
vt 0.625000 0.667920
vt 0.750000 0.500000
vt 0.750000 0.667920
vt 0.875000 0.500000
vt 0.875000 0.667920
vt 1.000000 0.500000
vt 1.000000 0.667920
vt 0.125000 0.508716
vt 0.000000 0.508716
vt 0.250000 0.508716
vt 0.375000 0.508716
vt 0.500000 0.508716
vt 0.625000 0.508716
vt 0.750000 0.508716
vt 0.875000 0.508716
vt 1.000000 0.508716
vt 0.125000 0.611947
vt 0.000000 0.611947
vt 0.250000 0.611947
vt 0.375000 0.611947
vt 0.500000 0.611947
vt 0.625000 0.611947
vt 0.750000 0.611947
vt 0.875000 0.611947
vt 1.000000 0.611947
vt 0.875000 0.555973
vt 0.750000 0.555973
vt 0.625000 0.555973
vt 0.500000 0.555973
vt 0.375000 0.555973
vt 0.250000 0.555973
vt 0.125000 0.555973
vt 0.000000 0.555973
vt 1.000000 0.555973
vt 0.125000 0.614852
vt 0.000000 0.614852
vt 0.250000 0.614852
vt 0.375000 0.614852
vt 0.500000 0.614852
vt 0.625000 0.614852
vt 0.750000 0.614852
vt 0.875000 0.614852
vt 1.000000 0.614852
vt 0.875000 0.561784
vt 0.750000 0.561784
vt 0.625000 0.561784
vt 0.500000 0.561784
vt 0.375000 0.561784
vt 0.250000 0.561784
vt 0.125000 0.561784
vt 0.000000 0.561784
vt 1.000000 0.561784
s 1
usemtl chair_metal_light
f 672/486/667 680/487/668 673/488/669 665/489/670
f 671/490/671 679/491/672 680/487/668 672/486/667
f 670/492/673 678/493/674 679/491/672 671/490/671
f 669/494/675 677/495/676 678/493/674 670/492/673
f 668/496/677 676/497/678 677/495/676 669/494/675
f 667/498/679 675/499/680 676/497/678 668/496/677
f 666/500/681 674/501/682 675/499/680 667/498/679
f 665/502/670 673/503/669 674/501/682 666/500/681
f 680/487/683 679/491/683 678/493/683 677/495/683 676/497/683 675/499/683 674/501/683 673/503/683
f 720/504/684 728/487/685 721/488/686 713/505/687
f 688/504/688 696/487/689 689/488/690 681/505/691
f 687/506/692 695/491/693 696/487/689 688/504/688
f 686/507/694 694/493/695 695/491/693 687/506/692
f 685/508/696 693/495/697 694/493/695 686/507/694
f 684/509/698 692/497/699 693/495/697 685/508/696
f 683/510/700 691/499/701 692/497/699 684/509/698
f 682/511/702 690/501/703 691/499/701 683/510/700
f 681/512/691 689/503/690 690/501/703 682/511/702
f 689/488/690 696/487/689 710/513/704 711/514/705
f 696/487/689 695/491/693 708/515/706 710/513/704
f 695/491/693 694/493/695 706/516/707 708/515/706
f 694/493/695 693/495/697 704/517/708 706/516/707
f 693/495/697 692/497/699 702/518/709 704/517/708
f 692/497/699 691/499/701 700/519/710 702/518/709
f 691/499/701 690/501/703 698/520/711 700/519/710
f 690/501/703 689/503/690 711/521/705 698/520/711
f 700/519/710 698/520/711 697/522/712 699/523/713
f 699/523/713 697/522/712 666/500/681 667/498/679
f 702/518/709 700/519/710 699/523/713 701/524/714
f 701/524/714 699/523/713 667/498/679 668/496/677
f 704/517/708 702/518/709 701/524/714 703/525/715
f 703/525/715 701/524/714 668/496/677 669/494/675
f 706/516/707 704/517/708 703/525/715 705/526/716
f 705/526/716 703/525/715 669/494/675 670/492/673
f 708/515/706 706/516/707 705/526/716 707/527/717
f 707/527/717 705/526/716 670/492/673 671/490/671
f 710/513/704 708/515/706 707/527/717 709/528/718
f 709/528/718 707/527/717 671/490/671 672/486/667
f 711/514/705 710/513/704 709/528/718 712/529/719
f 712/529/719 709/528/718 672/486/667 665/489/670
f 698/520/711 711/521/705 712/530/719 697/522/712
f 697/522/712 712/530/719 665/502/670 666/500/681
f 719/506/672 727/491/720 728/487/685 720/504/684
f 718/507/721 726/493/722 727/491/720 719/506/672
f 717/508/723 725/495/724 726/493/722 718/507/721
f 716/509/725 724/497/726 725/495/724 717/508/723
f 715/510/680 723/499/727 724/497/726 716/509/725
f 714/511/728 722/501/729 723/499/727 715/510/680
f 713/512/687 721/503/686 722/501/729 714/511/728
f 721/488/686 728/487/685 742/531/730 743/532/731
f 728/487/685 727/491/720 740/533/732 742/531/730
f 727/491/720 726/493/722 738/534/733 740/533/732
f 726/493/722 725/495/724 736/535/734 738/534/733
f 725/495/724 724/497/726 734/536/735 736/535/734
f 724/497/726 723/499/727 732/537/736 734/536/735
f 723/499/727 722/501/729 730/538/737 732/537/736
f 722/501/729 721/503/686 743/539/731 730/538/737
f 732/537/736 730/538/737 729/540/738 731/541/739
f 731/541/739 729/540/738 682/511/702 683/510/700
f 734/536/735 732/537/736 731/541/739 733/542/740
f 733/542/740 731/541/739 683/510/700 684/509/698
f 736/535/734 734/536/735 733/542/740 735/543/741
f 735/543/741 733/542/740 684/509/698 685/508/696
f 738/534/733 736/535/734 735/543/741 737/544/742
f 737/544/742 735/543/741 685/508/696 686/507/694
f 740/533/732 738/534/733 737/544/742 739/545/743
f 739/545/743 737/544/742 686/507/694 687/506/692
f 742/531/730 740/533/732 739/545/743 741/546/744
f 741/546/744 739/545/743 687/506/692 688/504/688
f 743/532/731 742/531/730 741/546/744 744/547/745
f 744/547/745 741/546/744 688/504/688 681/505/691
f 730/538/737 743/539/731 744/548/745 729/540/738
f 729/540/738 744/548/745 681/512/691 682/511/702
f 713/505/746 714/511/746 715/510/746 716/509/746 717/508/746 718/507/746 719/506/746 720/504/746
o export_chair_Cylinder.127
v 1.007703 -0.781362 -0.262299
v 1.007703 -0.781362 -0.081918
v 0.980337 -0.792697 -0.262299
v 0.980337 -0.792697 -0.081918
v 0.969002 -0.820063 -0.262299
v 0.969002 -0.820063 -0.081918
v 0.980337 -0.847428 -0.262299
v 0.980337 -0.847428 -0.081918
v 1.007703 -0.858763 -0.262299
v 1.007703 -0.858763 -0.081918
v 1.035068 -0.847428 -0.262299
v 1.035068 -0.847428 -0.081918
v 1.046403 -0.820063 -0.262299
v 1.046403 -0.820063 -0.081918
v 1.035068 -0.792697 -0.262299
v 1.035068 -0.792697 -0.081918
vn -0.0000 -0.7764 0.6303
vn -0.0000 -0.7764 -0.6303
vn 0.5490 -0.5490 0.6303
vn 0.5490 -0.5490 -0.6303
vn 0.7764 -0.0000 0.6303
vn 0.7764 -0.0000 -0.6303
vn 0.5490 0.5490 0.6303
vn 0.5490 0.5490 -0.6303
vn -0.0000 0.7764 0.6303
vn -0.0000 0.7764 -0.6303
vn -0.5490 0.5490 0.6303
vn -0.5490 0.5490 -0.6303
vn -0.7764 -0.0000 0.6303
vn -0.7764 -0.0000 -0.6303
vn -0.5490 -0.5490 0.6303
vn -0.5490 -0.5490 -0.6303
vt 1.000000 0.500000
vt 1.000000 1.000000
vt 0.875000 1.000000
vt 0.875000 0.500000
vt 0.750000 1.000000
vt 0.750000 0.500000
vt 0.625000 1.000000
vt 0.625000 0.500000
vt 0.500000 1.000000
vt 0.500000 0.500000
vt 0.375000 1.000000
vt 0.375000 0.500000
vt 0.250000 1.000000
vt 0.250000 0.500000
vt 0.419706 0.419706
vt 0.250000 0.490000
vt 0.080294 0.419706
vt 0.010000 0.250000
vt 0.080294 0.080294
vt 0.250000 0.010000
vt 0.419706 0.080294
vt 0.490000 0.250000
vt 0.125000 1.000000
vt 0.125000 0.500000
vt 0.000000 1.000000
vt 0.000000 0.500000
vt 0.750000 0.490000
vt 0.919706 0.419706
vt 0.990000 0.250000
vt 0.919706 0.080294
vt 0.750000 0.010000
vt 0.580294 0.080294
vt 0.510000 0.250000
vt 0.580294 0.419706
s 1
usemtl chair_metal_light
f 745/549/747 746/550/748 748/551/750 747/552/749
f 747/552/749 748/551/750 750/553/752 749/554/751
f 749/554/751 750/553/752 752/555/754 751/556/753
f 751/556/753 752/555/754 754/557/756 753/558/755
f 753/558/755 754/557/756 756/559/758 755/560/757
f 755/560/757 756/559/758 758/561/760 757/562/759
f 748/563/750 746/564/748 760/565/762 758/566/760 756/567/758 754/568/756 752/569/754 750/570/752
f 757/562/759 758/561/760 760/571/762 759/572/761
f 759/572/761 760/571/762 746/573/748 745/574/747
f 745/575/747 747/576/749 749/577/751 751/578/753 753/579/755 755/580/757 757/581/759 759/582/761
o export_chair_Cylinder.130
v 1.035699 0.570565 0.441695
v 1.030638 0.604187 0.454670
v 1.018420 0.618114 0.485993
v 1.006201 0.604187 0.517316
v 1.001140 0.570565 0.530291
v 1.006201 0.536943 0.517316
v 1.018420 0.523016 0.485993
v 1.030638 0.536943 0.454670
v -1.042831 0.570565 -0.369100
v -1.047892 0.604187 -0.356126
v -1.060110 0.618114 -0.324803
v -1.072329 0.604187 -0.293479
v -1.077390 0.570565 -0.280505
v -1.072329 0.536943 -0.293479
v -1.060110 0.523016 -0.324803
v -1.047892 0.536943 -0.356126
vn 0.8693 -0.0000 -0.4943
vn 0.7867 0.5490 -0.2824
vn 0.5872 0.7764 0.2290
vn 0.3877 0.5490 0.7405
vn 0.3050 -0.0000 0.9523
vn 0.3877 -0.5490 0.7405
vn 0.5872 -0.7764 0.2290
vn 0.7867 -0.5490 -0.2824
vn -0.3050 -0.0000 -0.9523
vn -0.3877 0.5490 -0.7405
vn -0.5872 0.7764 -0.2290
vn -0.7867 0.5490 0.2824
vn -0.8693 -0.0000 0.4943
vn -0.7867 -0.5490 0.2824
vn -0.5872 -0.7764 -0.2290
vn -0.3877 -0.5490 -0.7405
vt 0.125000 0.500000
vt 0.125000 0.667920
vt 0.000000 0.667920
vt 0.000000 0.500000
vt 0.250000 0.500000
vt 0.250000 0.667920
vt 0.375000 0.500000
vt 0.375000 0.667920
vt 0.500000 0.500000
vt 0.500000 0.667920
vt 0.625000 0.500000
vt 0.625000 0.667920
vt 0.750000 0.500000
vt 0.750000 0.667920
vt 0.875000 0.500000
vt 0.875000 0.667920
vt 1.000000 0.500000
vt 1.000000 0.667920
s 1
usemtl chair_metal_light
f 768/583/770 776/584/778 769/585/771 761/586/763
f 767/587/769 775/588/777 776/584/778 768/583/770
f 766/589/768 774/590/776 775/588/777 767/587/769
f 765/591/767 773/592/775 774/590/776 766/589/768
f 764/593/766 772/594/774 773/592/775 765/591/767
f 763/595/765 771/596/773 772/594/774 764/593/766
f 762/597/764 770/598/772 771/596/773 763/595/765
f 761/599/763 769/600/771 770/598/772 762/597/764
f 776/584/778 775/588/777 774/590/776 773/592/775 772/594/774 771/596/773 770/598/772 769/600/771
f 761/586/763 762/597/764 763/595/765 764/593/766 765/591/767 766/589/768 767/587/769 768/583/770
o export_chair_Cylinder.131
v -1.042829 0.078630 0.530294
v -1.047890 0.112252 0.517320
v -1.060109 0.126178 0.485996
v -1.072328 0.112252 0.454673
v -1.077389 0.078630 0.441698
v -1.072328 0.045007 0.454673
v -1.060109 0.031081 0.485996
v -1.047890 0.045007 0.517320
v 1.035698 0.078630 -0.280508
v 1.030637 0.112252 -0.293483
v 1.018418 0.126178 -0.324806
v 1.006200 0.112252 -0.356129
v 1.001138 0.078630 -0.369104
v 1.006200 0.045008 -0.356129
v 1.018418 0.031081 -0.324806
v 1.030637 0.045008 -0.293483
vn -0.3050 -0.0000 0.9523
vn -0.3877 0.5490 0.7405
vn -0.5872 0.7764 0.2290
vn -0.7867 0.5490 -0.2824
vn -0.8693 -0.0000 -0.4943
vn -0.7867 -0.5490 -0.2824
vn -0.5872 -0.7764 0.2290
vn -0.3877 -0.5490 0.7405
vn 0.8693 -0.0000 0.4943
vn 0.7867 0.5490 0.2824
vn 0.5872 0.7764 -0.2290
vn 0.3877 0.5490 -0.7405
vn 0.3050 -0.0000 -0.9523
vn 0.3877 -0.5490 -0.7405
vn 0.5872 -0.7764 -0.2290
vn 0.7867 -0.5490 0.2824
vt 0.125000 0.500000
vt 0.125000 0.667920
vt 0.000000 0.667920
vt 0.000000 0.500000
vt 0.250000 0.500000
vt 0.250000 0.667920
vt 0.375000 0.500000
vt 0.375000 0.667920
vt 0.500000 0.500000
vt 0.500000 0.667920
vt 0.625000 0.500000
vt 0.625000 0.667920
vt 0.750000 0.500000
vt 0.750000 0.667920
vt 0.875000 0.500000
vt 0.875000 0.667920
vt 1.000000 0.500000
vt 1.000000 0.667920
s 1
usemtl chair_metal_light
f 784/601/786 792/602/794 785/603/787 777/604/779
f 783/605/785 791/606/793 792/602/794 784/601/786
f 782/607/784 790/608/792 791/606/793 783/605/785
f 781/609/783 789/610/791 790/608/792 782/607/784
f 780/611/782 788/612/790 789/610/791 781/609/783
f 779/613/781 787/614/789 788/612/790 780/611/782
f 778/615/780 786/616/788 787/614/789 779/613/781
f 777/617/779 785/618/787 786/616/788 778/615/780
f 792/602/794 791/606/793 790/608/792 789/610/791 788/612/790 787/614/789 786/616/788 785/618/787
f 777/604/779 778/615/780 779/613/781 780/611/782 781/609/783 782/607/784 783/605/785 784/601/786
o export_chair_Cylinder.132
v -1.056436 1.198590 2.846311
v -1.056436 1.590904 2.846310
v -0.991810 1.198590 2.873080
v -0.991810 1.590904 2.873079
v -0.965041 1.198590 2.937706
v -0.965041 1.590904 2.937705
v -0.991810 1.198590 3.002332
v -0.991810 1.590904 3.002331
v -1.056436 1.198590 3.029100
v -1.056436 1.590904 3.029100
v -1.121061 1.198590 3.002332
v -1.121061 1.590904 3.002331
v -1.147830 1.198590 2.937706
v -1.147830 1.590904 2.937705
v -1.121061 1.198590 2.873080
v -1.121061 1.590904 2.873079
vn 0.3827 -0.0000 -0.9239
vn 0.9239 -0.0000 -0.3827
vn 0.9239 -0.0000 0.3827
vn 0.3827 -0.0000 0.9239
vn -0.3827 -0.0000 0.9239
vn -0.9239 -0.0000 0.3827
vn -0.0000 1.0000 -0.0000
vn -0.9239 -0.0000 -0.3827
vn -0.3827 -0.0000 -0.9239
vn -0.0000 -1.0000 -0.0000
vt 1.000000 0.500000
vt 1.000000 1.000000
vt 0.875000 1.000000
vt 0.875000 0.500000
vt 0.750000 1.000000
vt 0.750000 0.500000
vt 0.625000 1.000000
vt 0.625000 0.500000
vt 0.500000 1.000000
vt 0.500000 0.500000
vt 0.375000 1.000000
vt 0.375000 0.500000
vt 0.250000 1.000000
vt 0.250000 0.500000
vt 0.419706 0.419706
vt 0.250000 0.490000
vt 0.080294 0.419706
vt 0.010000 0.250000
vt 0.080294 0.080294
vt 0.250000 0.010000
vt 0.419706 0.080294
vt 0.490000 0.250000
vt 0.125000 1.000000
vt 0.125000 0.500000
vt 0.000000 1.000000
vt 0.000000 0.500000
s 0
usemtl chair_seat_blue
f 793/619/795 794/620/795 796/621/795 795/622/795
f 795/622/796 796/621/796 798/623/796 797/624/796
f 797/624/797 798/623/797 800/625/797 799/626/797
f 799/626/798 800/625/798 802/627/798 801/628/798
f 801/628/799 802/627/799 804/629/799 803/630/799
f 803/630/800 804/629/800 806/631/800 805/632/800
f 796/633/801 794/634/801 808/635/801 806/636/801 804/637/801 802/638/801 800/639/801 798/640/801
f 805/632/802 806/631/802 808/641/802 807/642/802
f 807/642/803 808/641/803 794/643/803 793/644/803
f 793/644/804 795/622/804 797/624/804 799/626/804 801/628/804 803/630/804 805/632/804 807/642/804
o export_chair_Cylinder.133
v 1.003377 1.198590 2.846311
v 1.003377 1.590904 2.846310
v 1.068003 1.198590 2.873080
v 1.068003 1.590904 2.873079
v 1.094772 1.198590 2.937706
v 1.094772 1.590904 2.937705
v 1.068003 1.198590 3.002332
v 1.068003 1.590904 3.002331
v 1.003377 1.198590 3.029100
v 1.003377 1.590904 3.029100
v 0.938751 1.198590 3.002332
v 0.938751 1.590904 3.002331
v 0.911982 1.198590 2.937706
v 0.911982 1.590904 2.937705
v 0.938751 1.198590 2.873080
v 0.938751 1.590904 2.873079
vn 0.3827 -0.0000 -0.9239
vn 0.9239 -0.0000 -0.3827
vn 0.9239 -0.0000 0.3827
vn 0.3827 -0.0000 0.9239
vn -0.3827 -0.0000 0.9239
vn -0.9239 -0.0000 0.3827
vn -0.0000 1.0000 -0.0000
vn -0.9239 -0.0000 -0.3827
vn -0.3827 -0.0000 -0.9239
vn -0.0000 -1.0000 -0.0000
vt 1.000000 0.500000
vt 1.000000 1.000000
vt 0.875000 1.000000
vt 0.875000 0.500000
vt 0.750000 1.000000
vt 0.750000 0.500000
vt 0.625000 1.000000
vt 0.625000 0.500000
vt 0.500000 1.000000
vt 0.500000 0.500000
vt 0.375000 1.000000
vt 0.375000 0.500000
vt 0.250000 1.000000
vt 0.250000 0.500000
vt 0.419706 0.419706
vt 0.250000 0.490000
vt 0.080294 0.419706
vt 0.010000 0.250000
vt 0.080294 0.080294
vt 0.250000 0.010000
vt 0.419706 0.080294
vt 0.490000 0.250000
vt 0.125000 1.000000
vt 0.125000 0.500000
vt 0.000000 1.000000
vt 0.000000 0.500000
s 0
usemtl chair_seat_blue
f 809/645/805 810/646/805 812/647/805 811/648/805
f 811/648/806 812/647/806 814/649/806 813/650/806
f 813/650/807 814/649/807 816/651/807 815/652/807
f 815/652/808 816/651/808 818/653/808 817/654/808
f 817/654/809 818/653/809 820/655/809 819/656/809
f 819/656/810 820/655/810 822/657/810 821/658/810
f 812/659/811 810/660/811 824/661/811 822/662/811 820/663/811 818/664/811 816/665/811 814/666/811
f 821/658/812 822/657/812 824/667/812 823/668/812
f 823/668/813 824/667/813 810/669/813 809/670/813
f 809/670/814 811/648/814 813/650/814 815/652/814 817/654/814 819/656/814 821/658/814 823/668/814
o export_chair_Cylinder.134
v -1.039884 1.023734 2.009006
v 0.967420 1.023734 2.009006
v -1.039884 0.994970 2.020921
v 0.967420 0.994970 2.020920
v -1.039884 0.983055 2.049685
v 0.967420 0.983055 2.049685
v -1.039884 0.994970 2.078449
v 0.967420 0.994970 2.078449
v -1.039884 1.023734 2.090364
v 0.967420 1.023734 2.090363
v -1.039884 1.052498 2.078449
v 0.967420 1.052498 2.078449
v -1.039884 1.064413 2.049685
v 0.967420 1.064413 2.049685
v -1.039884 1.052498 2.020921
v 0.967420 1.052498 2.020920
vn -0.6303 -0.0000 -0.7764
vn 0.6303 -0.0000 -0.7764
vn -0.6303 -0.5490 -0.5490
vn 0.6303 -0.5490 -0.5490
vn -0.6303 -0.7764 -0.0000
vn 0.6303 -0.7764 -0.0000
vn -0.6303 -0.5490 0.5490
vn 0.6303 -0.5490 0.5490
vn -0.6303 -0.0000 0.7764
vn 0.6303 -0.0000 0.7764
vn -0.6303 0.5490 0.5490
vn 0.6303 0.5490 0.5490
vn -0.6303 0.7764 -0.0000
vn 0.6303 0.7764 -0.0000
vn -0.6303 0.5490 -0.5490
vn 0.6303 0.5490 -0.5490
vt 1.000000 0.500000
vt 1.000000 1.000000
vt 0.875000 1.000000
vt 0.875000 0.500000
vt 0.750000 1.000000
vt 0.750000 0.500000
vt 0.625000 1.000000
vt 0.625000 0.500000
vt 0.500000 1.000000
vt 0.500000 0.500000
vt 0.375000 1.000000
vt 0.375000 0.500000
vt 0.250000 1.000000
vt 0.250000 0.500000
vt 0.419706 0.419706
vt 0.250000 0.490000
vt 0.080294 0.419706
vt 0.010000 0.250000
vt 0.080294 0.080294
vt 0.250000 0.010000
vt 0.419706 0.080294
vt 0.490000 0.250000
vt 0.125000 1.000000
vt 0.125000 0.500000
vt 0.000000 1.000000
vt 0.000000 0.500000
s 1
usemtl chair_default_gray
f 825/671/815 826/672/816 828/673/818 827/674/817
f 827/674/817 828/673/818 830/675/820 829/676/819
f 829/676/819 830/675/820 832/677/822 831/678/821
f 831/678/821 832/677/822 834/679/824 833/680/823
f 833/680/823 834/679/824 836/681/826 835/682/825
f 835/682/825 836/681/826 838/683/828 837/684/827
f 828/685/818 826/686/816 840/687/830 838/688/828 836/689/826 834/690/824 832/691/822 830/692/820
f 837/684/827 838/683/828 840/693/830 839/694/829
f 839/694/829 840/693/830 826/695/816 825/696/815
f 825/696/815 827/674/817 829/676/819 831/678/821 833/680/823 835/682/825 837/684/827 839/694/829
o export_chair_Cylinder.135
v -1.039884 1.023734 1.147612
v 0.967420 1.023734 1.147611
v -1.039884 0.994970 1.159526
v 0.967420 0.994970 1.159526
v -1.039884 0.983055 1.188291
v 0.967420 0.983055 1.188290
v -1.039884 0.994970 1.217055
v 0.967420 0.994970 1.217054
v -1.039884 1.023734 1.228969
v 0.967420 1.023734 1.228969
v -1.039884 1.052498 1.217055
v 0.967420 1.052498 1.217054
v -1.039884 1.064413 1.188291
v 0.967420 1.064413 1.188290
v -1.039884 1.052498 1.159526
v 0.967420 1.052498 1.159526
vn -0.6303 -0.0000 -0.7764
vn 0.6303 -0.0000 -0.7764
vn -0.6303 -0.5490 -0.5490
vn 0.6303 -0.5490 -0.5490
vn -0.6303 -0.7764 -0.0000
vn 0.6303 -0.7764 -0.0000
vn -0.6303 -0.5490 0.5490
vn 0.6303 -0.5490 0.5490
vn -0.6303 -0.0000 0.7764
vn 0.6303 -0.0000 0.7764
vn -0.6303 0.5490 0.5490
vn 0.6303 0.5490 0.5490
vn -0.6303 0.7764 -0.0000
vn 0.6303 0.7764 -0.0000
vn -0.6303 0.5490 -0.5490
vn 0.6303 0.5490 -0.5490
vt 1.000000 0.500000
vt 1.000000 1.000000
vt 0.875000 1.000000
vt 0.875000 0.500000
vt 0.750000 1.000000
vt 0.750000 0.500000
vt 0.625000 1.000000
vt 0.625000 0.500000
vt 0.500000 1.000000
vt 0.500000 0.500000
vt 0.375000 1.000000
vt 0.375000 0.500000
vt 0.250000 1.000000
vt 0.250000 0.500000
vt 0.419706 0.419706
vt 0.250000 0.490000
vt 0.080294 0.419706
vt 0.010000 0.250000
vt 0.080294 0.080294
vt 0.250000 0.010000
vt 0.419706 0.080294
vt 0.490000 0.250000
vt 0.125000 1.000000
vt 0.125000 0.500000
vt 0.000000 1.000000
vt 0.000000 0.500000
s 1
usemtl chair_default_gray
f 841/697/831 842/698/832 844/699/834 843/700/833
f 843/700/833 844/699/834 846/701/836 845/702/835
f 845/702/835 846/701/836 848/703/838 847/704/837
f 847/704/837 848/703/838 850/705/840 849/706/839
f 849/706/839 850/705/840 852/707/842 851/708/841
f 851/708/841 852/707/842 854/709/844 853/710/843
f 844/711/834 842/712/832 856/713/846 854/714/844 852/715/842 850/716/840 848/717/838 846/718/836
f 853/710/843 854/709/844 856/719/846 855/720/845
f 855/720/845 856/719/846 842/721/832 841/722/831
f 841/722/831 843/700/833 845/702/835 847/704/837 849/706/839 851/708/841 853/710/843 855/720/845
o export_chair_Plane.004
v -1.025137 -0.715231 0.662364
v 0.974863 -0.715231 0.662364
v -1.025137 0.971395 0.662364
v 0.974863 0.971395 0.662364
v -1.025137 -0.715231 0.612364
v 0.974863 -0.715231 0.612364
v -1.025137 0.971395 0.612364
v 0.974863 0.971395 0.612364
vn -0.0000 -0.0000 1.0000
vn -0.0000 -0.0000 -1.0000
vn -1.0000 -0.0000 -0.0000
vn -0.0000 -1.0000 -0.0000
vn 1.0000 -0.0000 -0.0000
vn -0.0000 1.0000 -0.0000
vt 0.000000 0.000000
vt 1.000000 0.000000
vt 1.000000 1.000000
vt 0.000000 1.000000
s 0
usemtl chair_seat_blue
f 857/723/847 858/724/847 860/725/847 859/726/847
f 861/723/848 863/726/848 864/725/848 862/724/848
f 857/723/849 859/726/849 863/726/849 861/723/849
f 858/724/850 857/723/850 861/723/850 862/724/850
f 860/725/851 858/724/851 862/724/851 864/725/851
f 859/726/852 860/725/852 864/725/852 863/726/852
o export_chair_Plane.005
v -1.025137 0.951123 0.667087
v 0.974863 0.951123 0.667087
v -1.025137 0.951123 2.594829
v 0.974863 0.951123 2.594829
v -1.025137 1.001123 0.667087
v 0.974863 1.001123 0.667087
v -1.025137 1.001123 2.594829
v 0.974863 1.001123 2.594829
vn -0.0000 -1.0000 -0.0000
vn -0.0000 1.0000 -0.0000
vn -1.0000 -0.0000 -0.0000
vn -0.0000 -0.0000 -1.0000
vn 1.0000 -0.0000 -0.0000
vn -0.0000 -0.0000 1.0000
vt 0.000000 0.000000
vt 1.000000 0.000000
vt 1.000000 1.000000
vt 0.000000 1.000000
s 0
usemtl chair_seat_blue
f 865/727/853 866/728/853 868/729/853 867/730/853
f 869/727/854 871/730/854 872/729/854 870/728/854
f 865/727/855 867/730/855 871/730/855 869/727/855
f 866/728/856 865/727/856 869/727/856 870/728/856
f 868/729/857 866/728/857 870/728/857 872/729/857
f 867/730/858 868/729/858 872/729/858 871/730/858
o export_chair_Plane.010
v 0.977714 -0.722315 0.670690
v 0.977714 -0.722315 1.267760
v 0.977715 0.964311 0.670690
v 0.977715 0.964311 1.267760
v 1.027714 -0.722315 0.670690
v 1.027714 -0.722315 1.267760
v 1.027715 0.964311 0.670690
v 1.027715 0.964311 1.267760
vn -1.0000 -0.0000 -0.0000
vn 1.0000 -0.0000 -0.0000
vn -0.0000 -0.0000 -1.0000
vn -0.0000 -1.0000 -0.0000
vn -0.0000 -0.0000 1.0000
vn -0.0000 1.0000 -0.0000
vt 0.000000 0.000000
vt 1.000000 0.000000
vt 1.000000 1.000000
vt 0.000000 1.000000
s 0
usemtl chair_metal_light
f 873/731/859 874/732/859 876/733/859 875/734/859
f 877/731/860 879/734/860 880/733/860 878/732/860
f 873/731/861 875/734/861 879/734/861 877/731/861
f 874/732/862 873/731/862 877/731/862 878/732/862
f 876/733/863 874/732/863 878/732/863 880/733/863
f 875/734/864 876/733/864 880/733/864 879/734/864
o export_chair_Plane.011
v -1.023499 -0.722315 0.670690
v -1.023499 -0.722315 1.267760
v -1.023499 0.964311 0.670690
v -1.023498 0.964311 1.267760
v -1.073499 -0.722315 0.670690
v -1.073499 -0.722315 1.267760
v -1.073498 0.964311 0.670690
v -1.073498 0.964311 1.267760
vn -1.0000 -0.0000 -0.0000
vn 1.0000 -0.0000 -0.0000
vn -0.0000 -0.0000 1.0000
vn -0.0000 1.0000 -0.0000
vn -0.0000 -0.0000 -1.0000
vn -0.0000 -1.0000 -0.0000
vt 0.000000 0.000000
vt 1.000000 0.000000
vt 1.000000 1.000000
vt 0.000000 1.000000
s 0
usemtl chair_metal_light
f 881/735/865 882/736/865 884/737/865 883/738/865
f 885/735/866 887/738/866 888/737/866 886/736/866
f 881/735/867 883/738/867 887/738/867 885/735/867
f 882/736/868 881/735/868 885/735/868 886/736/868
f 884/737/869 882/736/869 886/736/869 888/737/869
f 883/738/870 884/737/870 888/737/870 887/738/870
o export_chair_Plane.012
v -0.876751 -2.183530 -0.700385
v -0.244365 -2.183530 -0.700385
v -0.876751 -1.717844 -0.918554
v -0.244365 -1.717844 -0.918554
v -0.876751 -2.193768 -0.722239
v -0.244365 -2.193768 -0.722239
v -0.876751 -1.728083 -0.940409
v -0.244365 -1.728083 -0.940409
vn -0.0000 0.4242 0.9055
vn -0.0000 -0.4242 -0.9055
vn -1.0000 -0.0000 -0.0000
vn -0.0000 -0.9056 0.4242
vn 1.0000 -0.0000 -0.0000
vn -0.0000 0.9055 -0.4242
vt 0.000000 0.000000
vt 1.000000 0.000000
vt 1.000000 1.000000
vt 0.000000 1.000000
s 0
usemtl chair_seat_blue
f 889/739/871 890/740/871 892/741/871 891/742/871
f 893/739/872 895/742/872 896/741/872 894/740/872
f 889/739/873 891/742/873 895/742/873 893/739/873
f 890/740/874 889/739/874 893/739/874 894/740/874
f 892/741/875 890/740/875 894/740/875 896/741/875
f 891/742/876 892/741/876 896/741/876 895/742/876
o export_chair_Plane.013
v 0.820706 -2.183530 -0.700385
v 0.188320 -2.183530 -0.700385
v 0.820706 -1.717844 -0.918554
v 0.188320 -1.717844 -0.918554
v 0.820706 -2.193768 -0.722239
v 0.188320 -2.193768 -0.722239
v 0.820706 -1.728083 -0.940409
v 0.188320 -1.728083 -0.940409
vn -0.0000 -0.4242 -0.9055
vn -0.0000 0.4242 0.9055
vn -1.0000 -0.0000 -0.0000
vn -0.0000 0.9056 -0.4242
vn 1.0000 -0.0000 -0.0000
vn -0.0000 -0.9055 0.4242
vt 0.000000 0.000000
vt 1.000000 0.000000
vt 1.000000 1.000000
vt 0.000000 1.000000
s 0
usemtl chair_seat_blue
f 897/743/877 898/744/877 900/745/877 899/746/877
f 901/743/878 903/746/878 904/745/878 902/744/878
f 897/743/879 899/746/879 903/746/879 901/743/879
f 898/744/880 897/743/880 901/743/880 902/744/880
f 900/745/881 898/744/881 902/744/881 904/745/881
f 899/746/882 900/745/882 904/745/882 903/746/882
o export_chair_Plane.014
v -1.069420 -1.529078 -0.523228
v 0.996708 -1.529078 -0.523228
v -1.069420 -1.387067 -0.196754
v 0.996708 -1.387067 -0.196754
v -1.069420 -1.504544 -0.533900
v 0.996708 -1.504544 -0.533900
v -1.069420 -1.362532 -0.207426
v 0.996708 -1.362532 -0.207426
vn -0.0000 -0.9170 0.3989
vn -0.0000 0.9170 -0.3989
vn -1.0000 -0.0000 -0.0000
vn -0.0000 -0.3989 -0.9170
vn 1.0000 -0.0000 -0.0000
vn -0.0000 0.3989 0.9170
vt 0.000000 0.000000
vt 1.000000 0.000000
vt 1.000000 1.000000
vt 0.000000 1.000000
s 0
usemtl chair_seat_blue
f 905/747/883 906/748/883 908/749/883 907/750/883
f 909/747/884 911/750/884 912/749/884 910/748/884
f 905/747/885 907/750/885 911/750/885 909/747/885
f 906/748/886 905/747/886 909/747/886 910/748/886
f 908/749/887 906/748/887 910/748/887 912/749/887
f 907/750/888 908/749/888 912/749/888 911/750/888
