# Blender 5.1.1
# www.blender.org
mtllib large_wheel_l.mtl
o export_Large_wheel_L_Circle.002
v 0.149149 1.088966 0.000000
v 0.149149 0.990021 0.000000
v 0.049567 0.990021 0.000000
v 0.049567 1.088966 0.000000
v 0.149149 1.006073 0.416729
v 0.149149 0.914660 0.378865
v 0.049567 0.914660 0.378865
v 0.049567 1.006073 0.416729
v 0.149149 0.770015 0.770015
v 0.149149 0.700051 0.700051
v 0.049567 0.700051 0.700051
v 0.049567 0.770015 0.770015
v 0.149149 0.416729 1.006073
v 0.149149 0.378865 0.914660
v 0.049567 0.378865 0.914660
v 0.049567 0.416729 1.006073
v 0.149149 -0.000000 1.088966
v 0.149149 -0.000000 0.990021
v 0.049567 -0.000000 0.990021
v 0.049567 -0.000000 1.088966
v 0.149149 -0.416729 1.006073
v 0.149149 -0.378865 0.914660
v 0.049567 -0.378865 0.914660
v 0.049567 -0.416729 1.006073
v 0.149149 -0.770015 0.770015
v 0.149149 -0.700051 0.700051
v 0.049567 -0.700051 0.700051
v 0.049567 -0.770015 0.770015
v 0.149149 -1.006073 0.416729
v 0.149149 -0.914660 0.378865
v 0.049567 -0.914660 0.378865
v 0.049567 -1.006073 0.416729
v 0.149149 -1.088966 0.000000
v 0.149149 -0.990021 0.000000
v 0.049567 -0.990021 0.000000
v 0.049567 -1.088966 0.000000
v 0.149149 -1.006073 -0.416729
v 0.149149 -0.914661 -0.378864
v 0.049567 -0.914660 -0.378864
v 0.049567 -1.006073 -0.416729
v 0.149149 -0.770015 -0.770015
v 0.149149 -0.700051 -0.700051
v 0.049567 -0.700051 -0.700051
v 0.049567 -0.770015 -0.770015
v 0.149149 -0.416729 -1.006073
v 0.149149 -0.378865 -0.914660
v 0.049567 -0.378865 -0.914660
v 0.049567 -0.416729 -1.006073
v 0.149149 0.000000 -1.088966
v 0.149149 0.000000 -0.990021
v 0.049567 0.000000 -0.990021
v 0.049567 0.000000 -1.088966
v 0.149149 0.416729 -1.006073
v 0.149149 0.378865 -0.914660
v 0.049567 0.378865 -0.914660
v 0.049567 0.416729 -1.006073
v 0.149149 0.770015 -0.770015
v 0.149149 0.700051 -0.700050
v 0.049567 0.700051 -0.700050
v 0.049567 0.770015 -0.770015
v 0.149149 1.006073 -0.416729
v 0.149149 0.914661 -0.378864
v 0.049567 0.914661 -0.378864
v 0.049567 1.006073 -0.416729
v 0.149149 1.043522 0.278731
v 0.149149 0.946797 0.256190
v 0.049567 0.946797 0.256190
v 0.049567 1.043522 0.278731
v 0.149149 1.070754 0.141825
v 0.149149 0.972766 0.125635
v 0.049567 0.972766 0.125635
v 0.049567 1.070754 0.141825
v 0.149149 0.857422 0.656852
v 0.149149 0.776687 0.599012
v 0.049567 0.776687 0.599012
v 0.049567 0.857423 0.656852
v 0.149149 0.934974 0.540789
v 0.149149 0.850640 0.488333
v 0.049567 0.850640 0.488333
v 0.049567 0.934974 0.540789
v 0.149149 0.540789 0.934973
v 0.149149 0.488333 0.850640
v 0.049567 0.488333 0.850640
v 0.049567 0.540789 0.934973
v 0.149149 0.656852 0.857423
v 0.149149 0.599012 0.776687
v 0.049567 0.599012 0.776687
v 0.049567 0.656852 0.857423
v 0.149149 0.141825 1.070754
v 0.149149 0.125635 0.972766
v 0.049567 0.125635 0.972766
v 0.049567 0.141825 1.070754
v 0.149149 0.278731 1.043522
v 0.149149 0.256190 0.946797
v 0.049567 0.256190 0.946797
v 0.049567 0.278731 1.043522
v 0.149149 -0.278731 1.043522
v 0.149149 -0.256190 0.946797
v 0.049567 -0.256190 0.946797
v 0.049567 -0.278731 1.043522
v 0.149149 -0.141825 1.070754
v 0.149149 -0.125635 0.972766
v 0.049567 -0.125635 0.972766
v 0.049567 -0.141825 1.070754
v 0.149149 -0.656852 0.857422
v 0.149149 -0.599012 0.776687
v 0.049567 -0.599012 0.776687
v 0.049567 -0.656852 0.857423
v 0.149149 -0.540789 0.934974
v 0.149149 -0.488333 0.850640
v 0.049567 -0.488333 0.850640
v 0.049567 -0.540789 0.934974
v 0.149149 -0.934973 0.540789
v 0.149149 -0.850640 0.488333
v 0.049567 -0.850640 0.488333
v 0.049567 -0.934973 0.540789
v 0.149149 -0.857423 0.656852
v 0.149149 -0.776687 0.599012
v 0.049567 -0.776687 0.599012
v 0.049567 -0.857423 0.656852
v 0.149149 -1.070754 0.141825
v 0.149149 -0.972766 0.125635
v 0.049567 -0.972766 0.125635
v 0.049567 -1.070754 0.141825
v 0.149149 -1.043522 0.278731
v 0.149149 -0.946797 0.256190
v 0.049567 -0.946797 0.256190
v 0.049567 -1.043522 0.278731
v 0.149149 -1.043522 -0.278730
v 0.149149 -0.946797 -0.256189
v 0.049567 -0.946797 -0.256189
v 0.049567 -1.043522 -0.278730
v 0.149149 -1.070754 -0.141825
v 0.149149 -0.972766 -0.125635
v 0.049567 -0.972766 -0.125635
v 0.049567 -1.070754 -0.141825
v 0.149149 -0.857423 -0.656852
v 0.149149 -0.776687 -0.599012
v 0.049567 -0.776687 -0.599012
v 0.049567 -0.857423 -0.656852
v 0.149149 -0.934974 -0.540789
v 0.149149 -0.850640 -0.488333
v 0.049567 -0.850640 -0.488333
v 0.049567 -0.934974 -0.540789
v 0.149149 -0.540789 -0.934973
v 0.149149 -0.488333 -0.850640
v 0.049567 -0.488333 -0.850640
v 0.049567 -0.540789 -0.934973
v 0.149149 -0.656852 -0.857422
v 0.149149 -0.599012 -0.776687
v 0.049567 -0.599012 -0.776687
v 0.049567 -0.656852 -0.857422
v 0.149149 -0.141825 -1.070754
v 0.149149 -0.125635 -0.972766
v 0.049567 -0.125635 -0.972766
v 0.049567 -0.141825 -1.070754
v 0.149149 -0.278731 -1.043522
v 0.149149 -0.256190 -0.946797
v 0.049567 -0.256190 -0.946797
v 0.049567 -0.278731 -1.043522
v 0.149149 0.278731 -1.043522
v 0.149149 0.256190 -0.946797
v 0.049567 0.256190 -0.946797
v 0.049567 0.278731 -1.043522
v 0.149149 0.141825 -1.070754
v 0.149149 0.125635 -0.972766
v 0.049567 0.125635 -0.972766
v 0.049567 0.141825 -1.070754
v 0.149149 0.656852 -0.857422
v 0.149149 0.599012 -0.776687
v 0.049567 0.599012 -0.776687
v 0.049567 0.656852 -0.857422
v 0.149149 0.540789 -0.934973
v 0.149149 0.488333 -0.850640
v 0.049567 0.488333 -0.850640
v 0.049567 0.540789 -0.934973
v 0.149149 0.934974 -0.540788
v 0.149149 0.850640 -0.488333
v 0.049567 0.850640 -0.488333
v 0.049567 0.934974 -0.540788
v 0.149149 0.857423 -0.656852
v 0.149149 0.776687 -0.599012
v 0.049567 0.776687 -0.599012
v 0.049567 0.857423 -0.656852
v 0.149149 1.070754 -0.141825
v 0.149149 0.972766 -0.125635
v 0.049567 0.972766 -0.125635
v 0.049567 1.070754 -0.141825
v 0.149149 1.043522 -0.278730
v 0.149149 0.946797 -0.256189
v 0.049567 0.946797 -0.256189
v 0.049567 1.043522 -0.278730
v 0.149149 1.028157 0.348464
v 0.167821 0.995159 0.267460
v 0.149149 0.933513 0.319338
v 0.167821 0.960367 0.397797
v 0.099358 0.928661 0.251963
v 0.049567 0.933513 0.319338
v 0.099358 0.897520 0.371765
v 0.030895 0.995159 0.267460
v 0.049567 1.028157 0.348464
v 0.030895 0.960367 0.397797
v 0.099358 1.061657 0.282957
v 0.099358 1.023213 0.423829
v 0.149149 1.057255 0.210301
v 0.167821 1.021760 0.133730
v 0.149149 0.959664 0.190889
v 0.099358 0.954393 0.122600
v 0.049567 0.959664 0.190889
v 0.030895 1.021760 0.133730
v 0.049567 1.057255 0.210301
v 0.099358 1.089127 0.144860
v 0.149149 1.083245 0.071520
v 0.167821 1.039494 0.000000
v 0.149149 0.984659 0.062211
v 0.099358 0.971469 0.000000
v 0.049567 0.984659 0.062211
v 0.030895 1.039494 0.000000
v 0.049567 1.083245 0.071520
v 0.099358 1.107518 0.000000
v 0.149149 0.816542 0.715398
v 0.167821 0.817055 0.627932
v 0.149149 0.740249 0.652270
v 0.167821 0.735033 0.735033
v 0.099358 0.761549 0.588167
v 0.049567 0.740248 0.652270
v 0.099358 0.686933 0.686932
v 0.030895 0.817055 0.627932
v 0.049567 0.816542 0.715398
v 0.030895 0.735033 0.735033
v 0.099358 0.872560 0.667697
v 0.099358 0.783133 0.783134
v 0.149149 0.896298 0.598887
v 0.167821 0.892807 0.514561
v 0.149149 0.813564 0.543606
v 0.099358 0.834828 0.478498
v 0.049567 0.813564 0.543606
v 0.030895 0.892807 0.514561
v 0.049567 0.896298 0.598887
v 0.099358 0.950786 0.550624
v 0.149149 0.973418 0.480615
v 0.149149 0.885899 0.434288
v 0.049567 0.885899 0.434288
v 0.049567 0.973418 0.480615
v 0.149149 0.480615 0.973418
v 0.167821 0.514561 0.892807
v 0.149149 0.434288 0.885899
v 0.167821 0.397797 0.960367
v 0.099358 0.478498 0.834828
v 0.049567 0.434288 0.885899
v 0.099358 0.371765 0.897520
v 0.030895 0.514561 0.892807
v 0.049567 0.480615 0.973418
v 0.030895 0.397797 0.960367
v 0.099358 0.550624 0.950786
v 0.099358 0.423829 1.023213
v 0.149149 0.598887 0.896297
v 0.167821 0.627932 0.817055
v 0.149149 0.543606 0.813564
v 0.099358 0.588167 0.761549
v 0.049567 0.543606 0.813564
v 0.030895 0.627932 0.817055
v 0.049567 0.598887 0.896297
v 0.099358 0.667697 0.872561
v 0.149149 0.715398 0.816542
v 0.149149 0.652270 0.740249
v 0.049567 0.652270 0.740249
v 0.049567 0.715398 0.816542
v 0.149149 0.071520 1.083245
v 0.167821 0.133730 1.021760
v 0.149149 0.062210 0.984659
v 0.167821 -0.000000 1.039494
v 0.099358 0.122600 0.954393
v 0.049567 0.062210 0.984659
v 0.099358 -0.000000 0.971469
v 0.030895 0.133730 1.021760
v 0.049567 0.071520 1.083245
v 0.030895 -0.000000 1.039494
v 0.099358 0.144860 1.089126
v 0.099358 -0.000000 1.107518
v 0.149149 0.210301 1.057255
v 0.167821 0.267460 0.995159
v 0.149149 0.190889 0.959664
v 0.099358 0.251963 0.928661
v 0.049567 0.190889 0.959664
v 0.030895 0.267460 0.995159
v 0.049567 0.210301 1.057255
v 0.099358 0.282957 1.061657
v 0.149149 0.348464 1.028157
v 0.149149 0.319338 0.933513
v 0.049567 0.319338 0.933513
v 0.049567 0.348464 1.028157
v 0.149149 -0.348464 1.028157
v 0.167821 -0.267460 0.995159
v 0.149149 -0.319338 0.933513
v 0.167821 -0.397797 0.960367
v 0.099358 -0.251963 0.928661
v 0.049567 -0.319338 0.933513
v 0.099358 -0.371765 0.897520
v 0.030895 -0.267460 0.995159
v 0.049567 -0.348464 1.028157
v 0.030895 -0.397797 0.960367
v 0.099358 -0.282957 1.061657
v 0.099358 -0.423829 1.023213
v 0.149149 -0.210301 1.057255
v 0.167821 -0.133730 1.021760
v 0.149149 -0.190889 0.959664
v 0.099358 -0.122600 0.954393
v 0.049567 -0.190889 0.959664
v 0.030895 -0.133730 1.021760
v 0.049567 -0.210301 1.057255
v 0.099358 -0.144860 1.089127
v 0.149149 -0.071520 1.083245
v 0.149149 -0.062211 0.984659
v 0.049567 -0.062211 0.984659
v 0.049567 -0.071520 1.083245
v 0.149149 -0.715398 0.816542
v 0.167821 -0.627932 0.817055
v 0.149149 -0.652270 0.740249
v 0.167821 -0.735033 0.735033
v 0.099358 -0.588167 0.761549
v 0.049567 -0.652270 0.740249
v 0.099358 -0.686932 0.686933
v 0.030895 -0.627932 0.817055
v 0.049567 -0.715398 0.816542
v 0.030895 -0.735033 0.735033
v 0.099358 -0.667697 0.872560
v 0.099358 -0.783134 0.783134
v 0.149149 -0.598887 0.896297
v 0.167821 -0.514561 0.892807
v 0.149149 -0.543606 0.813564
v 0.099358 -0.478498 0.834828
v 0.049567 -0.543606 0.813564
v 0.030895 -0.514561 0.892807
v 0.049567 -0.598887 0.896297
v 0.099358 -0.550624 0.950786
v 0.149149 -0.480615 0.973418
v 0.149149 -0.434288 0.885899
v 0.049567 -0.434288 0.885899
v 0.049567 -0.480615 0.973418
v 0.149149 -0.973418 0.480615
v 0.167821 -0.892807 0.514561
v 0.149149 -0.885899 0.434288
v 0.167821 -0.960367 0.397797
v 0.099358 -0.834828 0.478498
v 0.049567 -0.885899 0.434288
v 0.099358 -0.897520 0.371765
v 0.030895 -0.892807 0.514561
v 0.049567 -0.973418 0.480615
v 0.030895 -0.960367 0.397797
v 0.099358 -0.950786 0.550624
v 0.099358 -1.023213 0.423829
v 0.149149 -0.896297 0.598887
v 0.167821 -0.817055 0.627932
v 0.149149 -0.813564 0.543606
v 0.099358 -0.761549 0.588167
v 0.049567 -0.813564 0.543606
v 0.030895 -0.817055 0.627932
v 0.049567 -0.896297 0.598887
v 0.099358 -0.872561 0.667697
v 0.149149 -0.816542 0.715398
v 0.149149 -0.740249 0.652270
v 0.049567 -0.740249 0.652270
v 0.049567 -0.816542 0.715398
v 0.149149 -1.083245 0.071520
v 0.167821 -1.021760 0.133730
v 0.149149 -0.984659 0.062211
v 0.167821 -1.039494 0.000000
v 0.099358 -0.954393 0.122600
v 0.049567 -0.984659 0.062211
v 0.099358 -0.971469 0.000000
v 0.030895 -1.021760 0.133730
v 0.049567 -1.083245 0.071520
v 0.030895 -1.039494 0.000000
v 0.099358 -1.089126 0.144861
v 0.099358 -1.107518 0.000000
v 0.149149 -1.057255 0.210301
v 0.167821 -0.995159 0.267460
v 0.149149 -0.959664 0.190889
v 0.099358 -0.928661 0.251963
v 0.049567 -0.959664 0.190889
v 0.030895 -0.995159 0.267460
v 0.049567 -1.057255 0.210301
v 0.099358 -1.061657 0.282957
v 0.149149 -1.028157 0.348464
v 0.149149 -0.933513 0.319338
v 0.049567 -0.933513 0.319338
v 0.049567 -1.028157 0.348464
v 0.149149 -1.028157 -0.348464
v 0.167821 -0.995159 -0.267460
v 0.149149 -0.933513 -0.319337
v 0.167821 -0.960367 -0.397797
v 0.099358 -0.928661 -0.251963
v 0.049567 -0.933513 -0.319337
v 0.099358 -0.897521 -0.371765
v 0.030895 -0.995159 -0.267460
v 0.049567 -1.028157 -0.348464
v 0.030895 -0.960367 -0.397797
v 0.099358 -1.061657 -0.282957
v 0.099358 -1.023213 -0.423829
v 0.149149 -1.057255 -0.210301
v 0.167821 -1.021760 -0.133730
v 0.149149 -0.959664 -0.190889
v 0.099358 -0.954393 -0.122599
v 0.049567 -0.959664 -0.190889
v 0.030895 -1.021760 -0.133730
v 0.049567 -1.057255 -0.210301
v 0.099358 -1.089127 -0.144860
v 0.149149 -1.083245 -0.071519
v 0.149149 -0.984659 -0.062210
v 0.049567 -0.984659 -0.062210
v 0.049567 -1.083245 -0.071519
v 0.149149 -0.816542 -0.715397
v 0.167821 -0.817055 -0.627932
v 0.149149 -0.740249 -0.652269
v 0.167821 -0.735033 -0.735033
v 0.099358 -0.761549 -0.588167
v 0.049567 -0.740249 -0.652269
v 0.099358 -0.686933 -0.686932
v 0.030895 -0.817055 -0.627932
v 0.049567 -0.816542 -0.715397
v 0.030895 -0.735033 -0.735033
v 0.099358 -0.872561 -0.667697
v 0.099358 -0.783134 -0.783133
v 0.149149 -0.896298 -0.598887
v 0.167821 -0.892807 -0.514561
v 0.149149 -0.813564 -0.543606
v 0.099358 -0.834828 -0.478498
v 0.049567 -0.813564 -0.543606
v 0.030895 -0.892807 -0.514561
v 0.049567 -0.896298 -0.598887
v 0.099358 -0.950786 -0.550624
v 0.149149 -0.973418 -0.480615
v 0.149149 -0.885899 -0.434287
v 0.049567 -0.885899 -0.434287
v 0.049567 -0.973418 -0.480615
v 0.149149 -0.480615 -0.973418
v 0.167821 -0.514561 -0.892807
v 0.149149 -0.434288 -0.885899
v 0.167821 -0.397797 -0.960367
v 0.099358 -0.478498 -0.834827
v 0.049567 -0.434288 -0.885899
v 0.099358 -0.371765 -0.897520
v 0.030895 -0.514561 -0.892807
v 0.049567 -0.480615 -0.973418
v 0.030895 -0.397797 -0.960367
v 0.099358 -0.550624 -0.950786
v 0.099358 -0.423829 -1.023213
v 0.149149 -0.598887 -0.896297
v 0.167821 -0.627932 -0.817055
v 0.149149 -0.543606 -0.813564
v 0.099358 -0.588167 -0.761549
v 0.049567 -0.543606 -0.813564
v 0.030895 -0.627932 -0.817055
v 0.049567 -0.598887 -0.896297
v 0.099358 -0.667697 -0.872560
v 0.149149 -0.715398 -0.816541
v 0.149149 -0.652270 -0.740248
v 0.049567 -0.652270 -0.740248
v 0.049567 -0.715398 -0.816541
v 0.149149 -0.071520 -1.083245
v 0.167821 -0.133730 -1.021760
v 0.149149 -0.062211 -0.984659
v 0.167821 0.000000 -1.039494
v 0.099358 -0.122600 -0.954393
v 0.049567 -0.062211 -0.984659
v 0.099358 0.000000 -0.971469
v 0.030895 -0.133730 -1.021760
v 0.049567 -0.071520 -1.083245
v 0.030895 0.000000 -1.039494
v 0.099358 -0.144860 -1.089126
v 0.099358 0.000000 -1.107518
v 0.149149 -0.210301 -1.057255
v 0.167821 -0.267460 -0.995159
v 0.149149 -0.190889 -0.959664
v 0.099358 -0.251963 -0.928661
v 0.049567 -0.190889 -0.959664
v 0.030895 -0.267460 -0.995159
v 0.049567 -0.210301 -1.057255
v 0.099358 -0.282957 -1.061657
v 0.149149 -0.348464 -1.028157
v 0.149149 -0.319338 -0.933513
v 0.049567 -0.319338 -0.933513
v 0.049567 -0.348465 -1.028157
v 0.149149 0.348465 -1.028157
v 0.167821 0.267460 -0.995159
v 0.149149 0.319338 -0.933513
v 0.167821 0.397797 -0.960367
v 0.099358 0.251963 -0.928661
v 0.049567 0.319338 -0.933513
v 0.099358 0.371765 -0.897520
v 0.030895 0.267460 -0.995159
v 0.049567 0.348465 -1.028157
v 0.030895 0.397797 -0.960367
v 0.099358 0.282957 -1.061657
v 0.099358 0.423829 -1.023213
v 0.149149 0.210301 -1.057255
v 0.167821 0.133730 -1.021760
v 0.149149 0.190889 -0.959664
v 0.099358 0.122600 -0.954393
v 0.049567 0.190889 -0.959664
v 0.030895 0.133730 -1.021760
v 0.049567 0.210301 -1.057255
v 0.099358 0.144861 -1.089127
v 0.149149 0.071520 -1.083245
v 0.149149 0.062211 -0.984659
v 0.049567 0.062211 -0.984659
v 0.049567 0.071520 -1.083245
v 0.149149 0.715398 -0.816541
v 0.167821 0.627932 -0.817055
v 0.149149 0.652270 -0.740248
v 0.167821 0.735033 -0.735033
v 0.099358 0.588167 -0.761549
v 0.049567 0.652270 -0.740248
v 0.099358 0.686933 -0.686932
v 0.030895 0.627932 -0.817055
v 0.049567 0.715398 -0.816541
v 0.030895 0.735033 -0.735033
v 0.099358 0.667697 -0.872560
v 0.099358 0.783134 -0.783133
v 0.149149 0.598887 -0.896297
v 0.167821 0.514561 -0.892807
v 0.149149 0.543606 -0.813564
v 0.099358 0.478498 -0.834827
v 0.049567 0.543606 -0.813564
v 0.030895 0.514561 -0.892807
v 0.049567 0.598887 -0.896297
v 0.099358 0.550624 -0.950786
v 0.149149 0.480615 -0.973418
v 0.149149 0.434288 -0.885899
v 0.049567 0.434288 -0.885899
v 0.049567 0.480615 -0.973418
v 0.149149 0.973419 -0.480615
v 0.167821 0.892807 -0.514561
v 0.149149 0.885900 -0.434287
v 0.167821 0.960367 -0.397797
v 0.099358 0.834828 -0.478497
v 0.049567 0.885900 -0.434287
v 0.099358 0.897521 -0.371765
v 0.030895 0.892807 -0.514561
v 0.049567 0.973419 -0.480615
v 0.030895 0.960367 -0.397797
v 0.099358 0.950786 -0.550624
v 0.099358 1.023214 -0.423828
v 0.149149 0.896298 -0.598886
v 0.167821 0.817055 -0.627932
v 0.149149 0.813564 -0.543606
v 0.099358 0.761549 -0.588167
v 0.049567 0.813564 -0.543606
v 0.030895 0.817055 -0.627932
v 0.049567 0.896298 -0.598886
v 0.099358 0.872561 -0.667697
v 0.149149 0.816542 -0.715397
v 0.149149 0.740249 -0.652269
v 0.049567 0.740249 -0.652269
v 0.049567 0.816542 -0.715397
v 0.149149 1.083245 -0.071519
v 0.167821 1.021760 -0.133730
v 0.149149 0.984659 -0.062210
v 0.099358 0.954393 -0.122600
v 0.049567 0.984659 -0.062210
v 0.030895 1.021760 -0.133730
v 0.049567 1.083245 -0.071519
v 0.099358 1.089127 -0.144860
v 0.149149 1.057255 -0.210301
v 0.167821 0.995159 -0.267460
v 0.149149 0.959664 -0.190889
v 0.099358 0.928661 -0.251963
v 0.049567 0.959664 -0.190889
v 0.030895 0.995160 -0.267460
v 0.049567 1.057255 -0.210301
v 0.099358 1.061658 -0.282957
v 0.149149 1.028157 -0.348464
v 0.149149 0.933513 -0.319337
v 0.049567 0.933513 -0.319337
v 0.049567 1.028157 -0.348464
v 0.167821 0.980835 0.333901
v 0.099358 0.915767 0.313876
v 0.030895 0.980835 0.333901
v 0.099358 1.045903 0.353926
v 0.167821 1.008460 0.200595
v 0.099358 0.941366 0.187249
v 0.030895 1.008460 0.200595
v 0.099358 1.075553 0.213941
v 0.167821 1.033952 0.066865
v 0.099358 0.966174 0.060465
v 0.030895 1.033952 0.066865
v 0.099358 1.101730 0.073265
v 0.167821 0.778395 0.683834
v 0.099358 0.725944 0.640433
v 0.030895 0.778395 0.683834
v 0.099358 0.830847 0.727234
v 0.167821 0.854931 0.571247
v 0.099358 0.798052 0.533241
v 0.030895 0.854931 0.571247
v 0.099358 0.911810 0.609252
v 0.167821 0.929659 0.457451
v 0.099358 0.869489 0.425601
v 0.030895 0.929659 0.457451
v 0.099358 0.989828 0.489302
v 0.167821 0.457451 0.929659
v 0.099358 0.425601 0.869489
v 0.030895 0.457451 0.929659
v 0.099358 0.489302 0.989828
v 0.167821 0.571246 0.854931
v 0.099358 0.533241 0.798052
v 0.030895 0.571246 0.854931
v 0.099358 0.609252 0.911810
v 0.167821 0.683834 0.778395
v 0.099358 0.640433 0.725944
v 0.030895 0.683834 0.778395
v 0.099358 0.727234 0.830847
v 0.167821 0.066865 1.033952
v 0.099358 0.060465 0.966174
v 0.030895 0.066865 1.033952
v 0.099358 0.073265 1.101730
v 0.167821 0.200595 1.008460
v 0.099358 0.187249 0.941366
v 0.030895 0.200595 1.008460
v 0.099358 0.213941 1.075553
v 0.167821 0.333901 0.980835
v 0.099358 0.313876 0.915767
v 0.030895 0.333901 0.980835
v 0.099358 0.353926 1.045903
v 0.167821 -0.333901 0.980835
v 0.099358 -0.313877 0.915768
v 0.030895 -0.333901 0.980835
v 0.099358 -0.353926 1.045903
v 0.167821 -0.200595 1.008460
v 0.099358 -0.187249 0.941366
v 0.030895 -0.200595 1.008460
v 0.099358 -0.213941 1.075553
v 0.167821 -0.066865 1.033952
v 0.099358 -0.060465 0.966174
v 0.030895 -0.066865 1.033952
v 0.099358 -0.073265 1.101730
v 0.167821 -0.683834 0.778395
v 0.099358 -0.640433 0.725944
v 0.030895 -0.683834 0.778395
v 0.099358 -0.727234 0.830847
v 0.167821 -0.571247 0.854931
v 0.099358 -0.533241 0.798052
v 0.030895 -0.571247 0.854931
v 0.099358 -0.609252 0.911810
v 0.167821 -0.457452 0.929659
v 0.099358 -0.425601 0.869489
v 0.030895 -0.457452 0.929659
v 0.099358 -0.489302 0.989828
v 0.167821 -0.929659 0.457452
v 0.099358 -0.869489 0.425601
v 0.030895 -0.929659 0.457452
v 0.099358 -0.989828 0.489302
v 0.167821 -0.854931 0.571247
v 0.099358 -0.798052 0.533241
v 0.030895 -0.854931 0.571247
v 0.099358 -0.911810 0.609252
v 0.167821 -0.778395 0.683834
v 0.099358 -0.725944 0.640433
v 0.030895 -0.778395 0.683834
v 0.099358 -0.830847 0.727234
v 0.167821 -1.033952 0.066865
v 0.099358 -0.966174 0.060465
v 0.030895 -1.033952 0.066865
v 0.099358 -1.101730 0.073265
v 0.167821 -1.008460 0.200595
v 0.099358 -0.941366 0.187249
v 0.030895 -1.008460 0.200595
v 0.099358 -1.075553 0.213941
v 0.167821 -0.980835 0.333901
v 0.099358 -0.915767 0.313877
v 0.030895 -0.980835 0.333901
v 0.099358 -1.045903 0.353926
v 0.167821 -0.980835 -0.333901
v 0.099358 -0.915768 -0.313876
v 0.030895 -0.980835 -0.333901
v 0.099358 -1.045903 -0.353925
v 0.167821 -1.008460 -0.200595
v 0.099358 -0.941366 -0.187249
v 0.030895 -1.008460 -0.200595
v 0.099358 -1.075553 -0.213941
v 0.167821 -1.033952 -0.066865
v 0.099358 -0.966174 -0.060465
v 0.030895 -1.033952 -0.066865
v 0.099358 -1.101730 -0.073265
v 0.167821 -0.778395 -0.683833
v 0.099358 -0.725944 -0.640433
v 0.030895 -0.778395 -0.683833
v 0.099358 -0.830847 -0.727234
v 0.167821 -0.854931 -0.571246
v 0.099358 -0.798052 -0.533241
v 0.030895 -0.854931 -0.571246
v 0.099358 -0.911810 -0.609252
v 0.167821 -0.929659 -0.457451
v 0.099358 -0.869490 -0.425601
v 0.030895 -0.929659 -0.457451
v 0.099358 -0.989828 -0.489301
v 0.167821 -0.457452 -0.929659
v 0.099358 -0.425601 -0.869489
v 0.030895 -0.457452 -0.929659
v 0.099358 -0.489302 -0.989828
v 0.167821 -0.571247 -0.854931
v 0.099358 -0.533241 -0.798051
v 0.030895 -0.571247 -0.854931
v 0.099358 -0.609252 -0.911810
v 0.167821 -0.683834 -0.778395
v 0.099358 -0.640433 -0.725943
v 0.030895 -0.683834 -0.778395
v 0.099358 -0.727235 -0.830846
v 0.167821 -0.066865 -1.033952
v 0.099358 -0.060465 -0.966174
v 0.030895 -0.066865 -1.033952
v 0.099358 -0.073265 -1.101730
v 0.167821 -0.200595 -1.008460
v 0.099358 -0.187249 -0.941366
v 0.030895 -0.200595 -1.008460
v 0.099358 -0.213941 -1.075553
v 0.167821 -0.333901 -0.980835
v 0.099358 -0.313877 -0.915767
v 0.030895 -0.333901 -0.980835
v 0.099358 -0.353926 -1.045903
v 0.167821 0.333901 -0.980835
v 0.099358 0.313877 -0.915767
v 0.030895 0.333901 -0.980835
v 0.099358 0.353926 -1.045903
v 0.167821 0.200595 -1.008460
v 0.099358 0.187249 -0.941366
v 0.030895 0.200595 -1.008460
v 0.099358 0.213941 -1.075553
v 0.167821 0.066865 -1.033952
v 0.099358 0.060465 -0.966174
v 0.030895 0.066865 -1.033952
v 0.099358 0.073265 -1.101730
v 0.167821 0.683834 -0.778395
v 0.099358 0.640433 -0.725943
v 0.030895 0.683834 -0.778395
v 0.099358 0.727234 -0.830846
v 0.167821 0.571247 -0.854931
v 0.099358 0.533241 -0.798051
v 0.030895 0.571247 -0.854931
v 0.099358 0.609252 -0.911810
v 0.167821 0.457452 -0.929659
v 0.099358 0.425601 -0.869489
v 0.030895 0.457452 -0.929659
v 0.099358 0.489302 -0.989828
v 0.167821 0.929659 -0.457451
v 0.099358 0.869490 -0.425601
v 0.030895 0.929659 -0.457451
v 0.099358 0.989828 -0.489301
v 0.167821 0.854931 -0.571246
v 0.099358 0.798052 -0.533241
v 0.030895 0.854931 -0.571246
v 0.099358 0.911810 -0.609251
v 0.167821 0.778395 -0.683833
v 0.099358 0.725944 -0.640433
v 0.030895 0.778395 -0.683833
v 0.099358 0.830847 -0.727234
v 0.167821 1.033952 -0.066865
v 0.099358 0.966174 -0.060465
v 0.030895 1.033952 -0.066865
v 0.099358 1.101730 -0.073265
v 0.167821 1.008460 -0.200595
v 0.099358 0.941366 -0.187249
v 0.030895 1.008460 -0.200595
v 0.099358 1.075553 -0.213941
v 0.167821 0.980835 -0.333901
v 0.099358 0.915768 -0.313876
v 0.030895 0.980835 -0.333901
v 0.099358 1.045903 -0.353925
vn -0.6957 -0.7183 -0.0000
vn -0.7176 0.6964 -0.0000
vn 0.7176 0.6964 -0.0000
vn 0.6957 -0.7183 -0.0000
vn -0.6957 -0.6636 -0.2749
vn -0.7176 0.6434 0.2665
vn 0.7176 0.6434 0.2665
vn 0.6957 -0.6636 -0.2749
vn -0.6957 -0.5079 -0.5079
vn -0.7176 0.4925 0.4925
vn 0.7176 0.4925 0.4925
vn 0.6957 -0.5079 -0.5079
vn -0.6957 -0.2749 -0.6636
vn -0.7176 0.2665 0.6434
vn 0.7176 0.2665 0.6434
vn 0.6957 -0.2749 -0.6636
vn -0.6957 -0.0000 -0.7183
vn -0.7176 -0.0000 0.6964
vn 0.7176 -0.0000 0.6964
vn 0.6957 -0.0000 -0.7183
vn -0.6957 0.2749 -0.6636
vn -0.7176 -0.2665 0.6434
vn 0.7176 -0.2665 0.6434
vn 0.6957 0.2749 -0.6636
vn -0.6957 0.5079 -0.5079
vn -0.7176 -0.4925 0.4925
vn 0.7176 -0.4925 0.4925
vn 0.6957 0.5079 -0.5079
vn -0.6957 0.6636 -0.2749
vn -0.7176 -0.6434 0.2665
vn 0.7176 -0.6434 0.2665
vn 0.6957 0.6636 -0.2749
vn -0.6957 0.7183 -0.0000
vn -0.7176 -0.6964 -0.0000
vn 0.7176 -0.6964 -0.0000
vn 0.6957 0.7183 -0.0000
vn -0.6957 0.6636 0.2749
vn -0.7176 -0.6434 -0.2665
vn 0.7176 -0.6434 -0.2665
vn 0.6957 0.6636 0.2749
vn -0.6957 0.5079 0.5079
vn -0.7176 -0.4925 -0.4925
vn 0.7176 -0.4925 -0.4925
vn 0.6957 0.5079 0.5079
vn -0.6957 0.2749 0.6636
vn -0.7176 -0.2665 -0.6434
vn 0.7176 -0.2665 -0.6434
vn 0.6957 0.2749 0.6636
vn -0.6957 -0.0000 0.7183
vn -0.7176 -0.0000 -0.6964
vn 0.7176 -0.0000 -0.6964
vn 0.6957 -0.0000 0.7183
vn -0.6957 -0.2749 0.6636
vn -0.7176 0.2665 -0.6434
vn 0.7176 0.2665 -0.6434
vn 0.6957 -0.2749 0.6636
vn -0.6957 -0.5079 0.5079
vn -0.7176 0.4925 -0.4925
vn 0.7176 0.4925 -0.4925
vn 0.6957 -0.5079 0.5079
vn -0.6957 -0.6636 0.2749
vn -0.7176 0.6434 -0.2665
vn 0.7176 0.6434 -0.2665
vn 0.6957 -0.6636 0.2749
vn -0.7050 -0.6940 -0.1461
vn -0.7070 0.6930 0.1412
vn 0.7070 0.6930 0.1412
vn 0.7050 -0.6940 -0.1461
vn -0.7050 -0.6971 -0.1306
vn -0.7070 0.6943 0.1348
vn 0.7070 0.6943 0.1348
vn 0.7050 -0.6971 -0.1306
vn -0.7050 -0.5853 -0.4006
vn -0.7070 0.5862 0.3956
vn 0.7070 0.5862 0.3956
vn 0.7050 -0.5853 -0.4006
vn -0.7050 -0.5941 -0.3875
vn -0.7070 0.5898 0.3902
vn 0.7070 0.5898 0.3902
vn 0.7050 -0.5941 -0.3875
vn -0.7050 -0.3875 -0.5941
vn -0.7070 0.3902 0.5898
vn 0.7070 0.3902 0.5898
vn 0.7050 -0.3875 -0.5941
vn -0.7050 -0.4006 -0.5853
vn -0.7070 0.3956 0.5862
vn 0.7070 0.3956 0.5862
vn 0.7050 -0.4006 -0.5853
vn -0.7050 -0.1306 -0.6971
vn -0.7070 0.1348 0.6943
vn 0.7070 0.1348 0.6943
vn 0.7050 -0.1306 -0.6971
vn -0.7050 -0.1461 -0.6940
vn -0.7070 0.1412 0.6930
vn 0.7070 0.1412 0.6930
vn 0.7050 -0.1461 -0.6940
vn -0.7050 0.1461 -0.6940
vn -0.7070 -0.1412 0.6930
vn 0.7070 -0.1412 0.6930
vn 0.7050 0.1461 -0.6940
vn -0.7050 0.1306 -0.6971
vn -0.7070 -0.1348 0.6943
vn 0.7070 -0.1348 0.6943
vn 0.7050 0.1306 -0.6971
vn -0.7050 0.4006 -0.5853
vn -0.7070 -0.3956 0.5862
vn 0.7070 -0.3956 0.5862
vn 0.7050 0.4006 -0.5853
vn -0.7050 0.3875 -0.5941
vn -0.7070 -0.3902 0.5898
vn 0.7070 -0.3902 0.5898
vn 0.7050 0.3875 -0.5941
vn -0.7050 0.5941 -0.3875
vn -0.7070 -0.5898 0.3902
vn 0.7070 -0.5898 0.3902
vn 0.7050 0.5941 -0.3875
vn -0.7050 0.5853 -0.4006
vn -0.7070 -0.5862 0.3956
vn 0.7070 -0.5862 0.3956
vn 0.7050 0.5853 -0.4006
vn -0.7050 0.6971 -0.1306
vn -0.7070 -0.6943 0.1348
vn 0.7070 -0.6943 0.1348
vn 0.7050 0.6971 -0.1306
vn -0.7050 0.6940 -0.1461
vn -0.7070 -0.6930 0.1412
vn 0.7070 -0.6930 0.1412
vn 0.7050 0.6940 -0.1461
vn -0.7050 0.6940 0.1461
vn -0.7070 -0.6930 -0.1412
vn 0.7070 -0.6930 -0.1412
vn 0.7050 0.6940 0.1461
vn -0.7050 0.6971 0.1306
vn -0.7070 -0.6943 -0.1348
vn 0.7070 -0.6943 -0.1348
vn 0.7050 0.6971 0.1306
vn -0.7050 0.5853 0.4006
vn -0.7070 -0.5862 -0.3956
vn 0.7070 -0.5862 -0.3956
vn 0.7050 0.5853 0.4006
vn -0.7050 0.5941 0.3875
vn -0.7070 -0.5898 -0.3902
vn 0.7070 -0.5898 -0.3902
vn 0.7050 0.5941 0.3875
vn -0.7050 0.3875 0.5941
vn -0.7070 -0.3902 -0.5898
vn 0.7070 -0.3902 -0.5898
vn 0.7050 0.3875 0.5941
vn -0.7050 0.4006 0.5853
vn -0.7070 -0.3956 -0.5862
vn 0.7070 -0.3956 -0.5862
vn 0.7050 0.4006 0.5853
vn -0.7050 0.1306 0.6971
vn -0.7070 -0.1348 -0.6943
vn 0.7070 -0.1348 -0.6943
vn 0.7050 0.1306 0.6971
vn -0.7050 0.1461 0.6940
vn -0.7070 -0.1412 -0.6930
vn 0.7070 -0.1412 -0.6930
vn 0.7050 0.1461 0.6940
vn -0.7050 -0.1461 0.6940
vn -0.7070 0.1412 -0.6930
vn 0.7070 0.1412 -0.6930
vn 0.7050 -0.1461 0.6940
vn -0.7050 -0.1306 0.6971
vn -0.7070 0.1348 -0.6943
vn 0.7070 0.1348 -0.6943
vn 0.7050 -0.1306 0.6971
vn -0.7050 -0.4006 0.5853
vn -0.7070 0.3956 -0.5862
vn 0.7070 0.3956 -0.5862
vn 0.7050 -0.4006 0.5853
vn -0.7050 -0.3875 0.5941
vn -0.7070 0.3902 -0.5898
vn 0.7070 0.3902 -0.5898
vn 0.7050 -0.3875 0.5941
vn -0.7050 -0.5941 0.3875
vn -0.7070 0.5898 -0.3902
vn 0.7070 0.5898 -0.3902
vn 0.7050 -0.5941 0.3875
vn -0.7050 -0.5853 0.4006
vn -0.7070 0.5862 -0.3956
vn 0.7070 0.5862 -0.3956
vn 0.7050 -0.5853 0.4006
vn -0.7050 -0.6971 0.1306
vn -0.7070 0.6943 -0.1348
vn 0.7070 0.6943 -0.1348
vn 0.7050 -0.6971 0.1306
vn -0.7050 -0.6940 0.1461
vn -0.7070 0.6930 -0.1412
vn 0.7070 0.6930 -0.1412
vn 0.7050 -0.6940 0.1461
vn -0.6995 -0.6897 -0.1871
vn -1.0000 -0.0016 -0.0009
vn -0.7123 0.6788 0.1784
vn -0.9998 -0.0172 -0.0071
vn -0.0000 0.9800 0.1989
vn 0.7123 0.6788 0.1784
vn -0.0000 0.9239 0.3827
vn 1.0000 -0.0016 -0.0009
vn 0.6995 -0.6897 -0.1871
vn 0.9998 -0.0172 -0.0071
vn -0.0000 -0.9784 -0.2066
vn -0.0000 -0.9239 -0.3827
vn -0.7064 -0.6942 -0.1381
vn -1.0000 -0.0018 0.0002
vn -0.7064 0.6942 0.1381
vn -0.0000 0.9815 0.1913
vn 0.7064 0.6942 0.1381
vn 1.0000 -0.0018 0.0002
vn 0.7064 -0.6942 -0.1381
vn -0.0000 -0.9830 -0.1836
vn -0.6995 -0.7088 -0.0911
vn -0.9998 -0.0186 -0.0000
vn -0.7123 0.6954 0.0949
vn -0.0000 1.0000 -0.0000
vn 0.7123 0.6954 0.0949
vn 0.9998 -0.0186 -0.0000
vn 0.6995 -0.7088 -0.0911
vn -0.0000 -1.0000 -0.0000
vn -0.6995 -0.5656 -0.4368
vn -1.0000 -0.0011 -0.0015
vn -0.7123 0.5588 0.4246
vn -0.9998 -0.0131 -0.0131
vn -0.0000 0.8293 0.5588
vn 0.7123 0.5588 0.4246
vn -0.0000 0.7071 0.7071
vn 1.0000 -0.0011 -0.0015
vn 0.6995 -0.5656 -0.4368
vn 0.9998 -0.0131 -0.0131
vn -0.0000 -0.8249 -0.5653
vn -0.0000 -0.7071 -0.7071
vn -0.7064 -0.5885 -0.3932
vn -1.0000 -0.0018 -0.0005
vn -0.7064 0.5885 0.3932
vn -0.0000 0.8336 0.5523
vn 0.7064 0.5885 0.3932
vn 1.0000 -0.0018 -0.0005
vn 0.7064 -0.5885 -0.3932
vn -0.0000 -0.8379 -0.5458
vn -0.6995 -0.6200 -0.3554
vn -0.7123 0.6061 0.3538
vn 0.7123 0.6061 0.3538
vn 0.6995 -0.6200 -0.3554
vn -0.6995 -0.3554 -0.6200
vn -1.0000 -0.0005 -0.0018
vn -0.7123 0.3538 0.6061
vn -0.9998 -0.0071 -0.0172
vn -0.0000 0.5523 0.8336
vn 0.7123 0.3538 0.6061
vn -0.0000 0.3827 0.9239
vn 1.0000 -0.0005 -0.0018
vn 0.6995 -0.3554 -0.6200
vn 0.9998 -0.0071 -0.0171
vn -0.0000 -0.5458 -0.8379
vn -0.0000 -0.3827 -0.9239
vn -0.7064 -0.3932 -0.5885
vn -1.0000 -0.0015 -0.0011
vn -0.7064 0.3932 0.5885
vn -0.0000 0.5588 0.8293
vn 0.7064 0.3932 0.5885
vn 1.0000 -0.0015 -0.0011
vn 0.7064 -0.3932 -0.5885
vn -0.0000 -0.5653 -0.8249
vn -0.6995 -0.4368 -0.5656
vn -0.7123 0.4246 0.5588
vn 0.7123 0.4246 0.5588
vn 0.6995 -0.4368 -0.5656
vn -0.6995 -0.0911 -0.7088
vn -1.0000 0.0002 -0.0018
vn -0.7123 0.0949 0.6954
vn -0.9998 -0.0000 -0.0186
vn -0.0000 0.1913 0.9815
vn 0.7123 0.0949 0.6954
vn -0.0000 -0.0000 1.0000
vn 1.0000 0.0002 -0.0018
vn 0.6995 -0.0911 -0.7088
vn 0.9998 -0.0000 -0.0186
vn -0.0000 -0.1836 -0.9830
vn -0.0000 -0.0000 -1.0000
vn -0.7064 -0.1381 -0.6942
vn -1.0000 -0.0009 -0.0016
vn -0.7064 0.1381 0.6942
vn -0.0000 0.1989 0.9800
vn 0.7064 0.1381 0.6942
vn 1.0000 -0.0009 -0.0016
vn 0.7064 -0.1381 -0.6942
vn -0.0000 -0.2066 -0.9784
vn -0.6995 -0.1871 -0.6897
vn -0.7123 0.1784 0.6788
vn 0.7123 0.1784 0.6788
vn 0.6995 -0.1871 -0.6897
vn -0.6995 0.1871 -0.6897
vn -1.0000 0.0009 -0.0016
vn -0.7123 -0.1784 0.6788
vn -0.9998 0.0071 -0.0171
vn -0.0000 -0.1989 0.9800
vn 0.7123 -0.1784 0.6788
vn -0.0000 -0.3827 0.9239
vn 1.0000 0.0009 -0.0016
vn 0.6995 0.1871 -0.6897
vn 0.9998 0.0071 -0.0171
vn -0.0000 0.2066 -0.9784
vn -0.0000 0.3827 -0.9239
vn -0.7064 0.1381 -0.6942
vn -1.0000 -0.0002 -0.0018
vn -0.7064 -0.1381 0.6942
vn -0.0000 -0.1913 0.9815
vn 0.7064 -0.1381 0.6942
vn 1.0000 -0.0002 -0.0018
vn 0.7064 0.1381 -0.6942
vn -0.0000 0.1836 -0.9830
vn -0.6995 0.0911 -0.7088
vn -0.7123 -0.0949 0.6954
vn 0.7123 -0.0949 0.6954
vn 0.6995 0.0911 -0.7088
vn -0.6995 0.4368 -0.5656
vn -1.0000 0.0015 -0.0011
vn -0.7123 -0.4246 0.5588
vn -0.9998 0.0131 -0.0131
vn -0.0000 -0.5588 0.8293
vn 0.7123 -0.4246 0.5588
vn -0.0000 -0.7071 0.7071
vn 1.0000 0.0015 -0.0011
vn 0.6995 0.4368 -0.5656
vn 0.9998 0.0131 -0.0131
vn -0.0000 0.5653 -0.8249
vn -0.0000 0.7071 -0.7071
vn -0.7064 0.3932 -0.5885
vn -1.0000 0.0005 -0.0018
vn -0.7064 -0.3932 0.5885
vn -0.0000 -0.5523 0.8336
vn 0.7064 -0.3932 0.5885
vn 1.0000 0.0005 -0.0018
vn 0.7064 0.3932 -0.5885
vn -0.0000 0.5458 -0.8379
vn -0.6995 0.3554 -0.6200
vn -0.7123 -0.3538 0.6061
vn 0.7123 -0.3538 0.6061
vn 0.6995 0.3554 -0.6200
vn -0.6995 0.6200 -0.3554
vn -1.0000 0.0018 -0.0005
vn -0.7123 -0.6061 0.3538
vn -0.9998 0.0172 -0.0071
vn -0.0000 -0.8336 0.5523
vn 0.7123 -0.6061 0.3538
vn -0.0000 -0.9239 0.3827
vn 1.0000 0.0018 -0.0005
vn 0.6995 0.6200 -0.3554
vn 0.9998 0.0172 -0.0071
vn -0.0000 0.8379 -0.5458
vn -0.0000 0.9239 -0.3827
vn -0.7064 0.5885 -0.3932
vn -1.0000 0.0011 -0.0015
vn -0.7064 -0.5885 0.3932
vn -0.0000 -0.8293 0.5588
vn 0.7064 -0.5885 0.3932
vn 1.0000 0.0011 -0.0015
vn 0.7064 0.5885 -0.3932
vn -0.0000 0.8249 -0.5653
vn -0.6995 0.5656 -0.4368
vn -0.7123 -0.5588 0.4246
vn 0.7123 -0.5588 0.4246
vn 0.6995 0.5656 -0.4368
vn -0.6995 0.7088 -0.0911
vn -1.0000 0.0018 0.0002
vn -0.7123 -0.6954 0.0949
vn -0.9998 0.0186 -0.0000
vn -0.0000 -0.9815 0.1913
vn 0.7123 -0.6954 0.0949
vn 1.0000 0.0018 0.0002
vn 0.6995 0.7088 -0.0911
vn 0.9998 0.0186 -0.0000
vn -0.0000 0.9830 -0.1836
vn -0.7064 0.6942 -0.1381
vn -1.0000 0.0016 -0.0009
vn -0.7064 -0.6942 0.1381
vn -0.0000 -0.9800 0.1989
vn 0.7064 -0.6942 0.1381
vn 1.0000 0.0016 -0.0009
vn 0.7064 0.6942 -0.1381
vn -0.0000 0.9784 -0.2066
vn -0.6995 0.6897 -0.1871
vn -0.7123 -0.6788 0.1784
vn 0.7123 -0.6788 0.1784
vn 0.6995 0.6897 -0.1871
vn -0.6995 0.6897 0.1871
vn -1.0000 0.0016 0.0009
vn -0.7123 -0.6788 -0.1784
vn -0.9998 0.0172 0.0071
vn -0.0000 -0.9800 -0.1989
vn 0.7123 -0.6788 -0.1784
vn 1.0000 0.0016 0.0009
vn 0.6995 0.6897 0.1871
vn 0.9998 0.0172 0.0071
vn -0.0000 0.9784 0.2066
vn -1.0000 0.0018 -0.0002
vn -0.0000 -0.9815 -0.1913
vn 1.0000 0.0018 -0.0002
vn -0.0000 0.9830 0.1836
vn -0.6995 0.7088 0.0911
vn -0.7123 -0.6954 -0.0949
vn 0.7123 -0.6954 -0.0949
vn 0.6995 0.7088 0.0911
vn -0.6995 0.5656 0.4368
vn -1.0000 0.0011 0.0015
vn -0.7123 -0.5588 -0.4246
vn -0.9998 0.0131 0.0131
vn -0.0000 -0.8293 -0.5588
vn 0.7123 -0.5588 -0.4246
vn 1.0000 0.0011 0.0015
vn 0.6995 0.5656 0.4368
vn 0.9998 0.0131 0.0131
vn -0.0000 0.8249 0.5653
vn -1.0000 0.0018 0.0005
vn -0.0000 -0.8336 -0.5523
vn 1.0000 0.0018 0.0005
vn -0.0000 0.8379 0.5458
vn -0.6995 0.6200 0.3554
vn -0.7123 -0.6061 -0.3538
vn 0.7123 -0.6061 -0.3538
vn 0.6995 0.6200 0.3554
vn -0.6995 0.3554 0.6200
vn -1.0000 0.0005 0.0018
vn -0.7123 -0.3538 -0.6061
vn -0.9998 0.0071 0.0171
vn -0.0000 -0.5523 -0.8336
vn 0.7123 -0.3538 -0.6061
vn 1.0000 0.0005 0.0018
vn 0.6995 0.3554 0.6200
vn 0.9998 0.0071 0.0172
vn -0.0000 0.5458 0.8379
vn -1.0000 0.0015 0.0011
vn -0.0000 -0.5588 -0.8293
vn 1.0000 0.0015 0.0011
vn -0.0000 0.5653 0.8249
vn -0.6995 0.4368 0.5656
vn -0.7123 -0.4246 -0.5588
vn 0.7123 -0.4246 -0.5588
vn 0.6995 0.4368 0.5656
vn -0.6995 0.0911 0.7088
vn -1.0000 -0.0002 0.0018
vn -0.7123 -0.0949 -0.6954
vn -0.9998 -0.0000 0.0186
vn -0.0000 -0.1913 -0.9815
vn 0.7123 -0.0949 -0.6954
vn 1.0000 -0.0002 0.0018
vn 0.6995 0.0911 0.7088
vn 0.9998 -0.0000 0.0186
vn -0.0000 0.1836 0.9830
vn -1.0000 0.0009 0.0016
vn -0.0000 -0.1989 -0.9800
vn 1.0000 0.0009 0.0016
vn -0.0000 0.2066 0.9784
vn -0.6995 0.1871 0.6897
vn -0.7123 -0.1784 -0.6788
vn 0.7123 -0.1784 -0.6788
vn 0.6995 0.1871 0.6897
vn -0.6995 -0.1871 0.6897
vn -1.0000 -0.0009 0.0016
vn -0.7123 0.1784 -0.6788
vn -0.9998 -0.0071 0.0172
vn -0.0000 0.1989 -0.9800
vn 0.7123 0.1784 -0.6788
vn 1.0000 -0.0009 0.0016
vn 0.6995 -0.1871 0.6897
vn 0.9998 -0.0071 0.0172
vn -0.0000 -0.2066 0.9784
vn -1.0000 0.0002 0.0018
vn -0.0000 0.1913 -0.9815
vn 1.0000 0.0002 0.0018
vn -0.0000 -0.1836 0.9830
vn -0.6995 -0.0911 0.7088
vn -0.7123 0.0949 -0.6954
vn 0.7123 0.0949 -0.6954
vn 0.6995 -0.0911 0.7088
vn -0.6995 -0.4368 0.5656
vn -1.0000 -0.0015 0.0011
vn -0.7123 0.4246 -0.5588
vn -0.9998 -0.0131 0.0131
vn -0.0000 0.5588 -0.8293
vn 0.7123 0.4246 -0.5588
vn 1.0000 -0.0015 0.0011
vn 0.6995 -0.4368 0.5656
vn 0.9998 -0.0131 0.0131
vn -0.0000 -0.5653 0.8249
vn -1.0000 -0.0005 0.0018
vn -0.0000 0.5523 -0.8336
vn 1.0000 -0.0005 0.0018
vn -0.0000 -0.5458 0.8379
vn -0.6995 -0.3554 0.6200
vn -0.7123 0.3538 -0.6061
vn 0.7123 0.3538 -0.6061
vn 0.6995 -0.3554 0.6200
vn -0.6995 -0.6200 0.3554
vn -1.0000 -0.0018 0.0005
vn -0.7123 0.6061 -0.3538
vn -0.9998 -0.0172 0.0071
vn -0.0000 0.8336 -0.5523
vn 0.7123 0.6061 -0.3538
vn 1.0000 -0.0018 0.0005
vn 0.6995 -0.6200 0.3554
vn 0.9998 -0.0171 0.0071
vn -0.0000 -0.8379 0.5458
vn -1.0000 -0.0011 0.0015
vn -0.0000 0.8293 -0.5588
vn 1.0000 -0.0011 0.0015
vn -0.0000 -0.8249 0.5653
vn -0.6995 -0.5656 0.4368
vn -0.7123 0.5588 -0.4246
vn 0.7123 0.5588 -0.4246
vn 0.6995 -0.5656 0.4368
vn -0.6995 -0.7088 0.0911
vn -1.0000 -0.0018 -0.0002
vn -0.7123 0.6954 -0.0949
vn -0.0000 0.9815 -0.1913
vn 0.7123 0.6954 -0.0949
vn 1.0000 -0.0018 -0.0002
vn 0.6995 -0.7088 0.0911
vn -0.0000 -0.9830 0.1836
vn -1.0000 -0.0016 0.0009
vn -0.0000 0.9800 -0.1989
vn 1.0000 -0.0016 0.0009
vn -0.0000 -0.9784 0.2066
vn -0.6995 -0.6897 0.1871
vn -0.7123 0.6788 -0.1784
vn 0.7123 0.6788 -0.1784
vn 0.6995 -0.6897 0.1871
vn -0.9999 -0.0105 -0.0031
vn -0.0000 0.9675 0.2529
vn 0.9999 -0.0105 -0.0031
vn -0.0000 -0.9649 -0.2628
vn -1.0000 -0.0000 -0.0000
vn -0.0000 0.9808 0.1951
vn 1.0000 -0.0000 -0.0000
vn -0.0000 -0.9808 -0.1951
vn -0.9999 -0.0109 -0.0011
vn -0.0000 0.9906 0.1365
vn 0.9999 -0.0109 -0.0011
vn -0.0000 -0.9920 -0.1265
vn -0.9999 -0.0085 -0.0069
vn -0.0000 0.7970 0.6039
vn 0.9999 -0.0085 -0.0069
vn -0.0000 -0.7909 -0.6120
vn -0.0000 0.8315 0.5556
vn -0.0000 -0.8315 -0.5556
vn -0.9999 -0.0096 -0.0052
vn -0.0000 0.8630 0.5053
vn 0.9999 -0.0096 -0.0052
vn -0.0000 -0.8681 -0.4965
vn -0.9999 -0.0052 -0.0096
vn -0.0000 0.5053 0.8630
vn 0.9999 -0.0052 -0.0096
vn -0.0000 -0.4965 -0.8681
vn -0.0000 0.5556 0.8315
vn -0.0000 -0.5556 -0.8315
vn -0.9999 -0.0069 -0.0085
vn -0.0000 0.6039 0.7970
vn 0.9999 -0.0069 -0.0085
vn -0.0000 -0.6120 -0.7909
vn -0.9999 -0.0011 -0.0109
vn -0.0000 0.1365 0.9906
vn 0.9999 -0.0011 -0.0109
vn -0.0000 -0.1265 -0.9920
vn -0.0000 0.1951 0.9808
vn -0.0000 -0.1951 -0.9808
vn -0.9999 -0.0031 -0.0105
vn -0.0000 0.2529 0.9675
vn 0.9999 -0.0031 -0.0105
vn -0.0000 -0.2628 -0.9649
vn -0.9999 0.0031 -0.0105
vn -0.0000 -0.2529 0.9675
vn 0.9999 0.0031 -0.0105
vn -0.0000 0.2628 -0.9649
vn -0.0000 -0.1951 0.9808
vn -0.0000 0.1951 -0.9808
vn -0.9999 0.0011 -0.0109
vn -0.0000 -0.1365 0.9906
vn 0.9999 0.0011 -0.0109
vn -0.0000 0.1265 -0.9920
vn -0.9999 0.0069 -0.0085
vn -0.0000 -0.6039 0.7970
vn 0.9999 0.0069 -0.0085
vn -0.0000 0.6120 -0.7909
vn -0.0000 -0.5556 0.8315
vn -0.0000 0.5556 -0.8315
vn -0.9999 0.0052 -0.0096
vn -0.0000 -0.5053 0.8630
vn 0.9999 0.0052 -0.0096
vn -0.0000 0.4965 -0.8681
vn -0.9999 0.0096 -0.0052
vn -0.0000 -0.8630 0.5053
vn 0.9999 0.0096 -0.0052
vn -0.0000 0.8681 -0.4965
vn -0.0000 -0.8315 0.5556
vn -0.0000 0.8315 -0.5556
vn -0.9999 0.0085 -0.0069
vn -0.0000 -0.7970 0.6039
vn 0.9999 0.0085 -0.0069
vn -0.0000 0.7909 -0.6120
vn -0.9999 0.0109 -0.0011
vn -0.0000 -0.9906 0.1365
vn 0.9999 0.0109 -0.0011
vn -0.0000 0.9920 -0.1265
vn -0.0000 -0.9808 0.1951
vn -0.0000 0.9808 -0.1951
vn -0.9999 0.0105 -0.0031
vn -0.0000 -0.9675 0.2529
vn 0.9999 0.0105 -0.0031
vn -0.0000 0.9649 -0.2628
vn -0.9999 0.0105 0.0031
vn -0.0000 -0.9675 -0.2529
vn 0.9999 0.0105 0.0031
vn -0.0000 0.9649 0.2627
vn -0.9999 0.0109 0.0011
vn -0.0000 -0.9906 -0.1365
vn 0.9999 0.0109 0.0011
vn -0.0000 0.9920 0.1265
vn -0.9999 0.0085 0.0069
vn -0.0000 -0.7970 -0.6039
vn 0.9999 0.0085 0.0069
vn -0.0000 0.7909 0.6120
vn -0.9999 0.0096 0.0052
vn -0.0000 -0.8630 -0.5053
vn 0.9999 0.0096 0.0052
vn -0.0000 0.8681 0.4965
vn -0.9999 0.0052 0.0096
vn -0.0000 -0.5053 -0.8630
vn 0.9999 0.0052 0.0096
vn -0.0000 0.4965 0.8681
vn -0.9999 0.0069 0.0085
vn -0.0000 -0.6039 -0.7970
vn 0.9999 0.0069 0.0085
vn -0.0000 0.6120 0.7909
vn -0.9999 0.0011 0.0109
vn -0.0000 -0.1365 -0.9906
vn 0.9999 0.0011 0.0109
vn -0.0000 0.1265 0.9920
vn -0.9999 0.0031 0.0105
vn -0.0000 -0.2529 -0.9675
vn 0.9999 0.0031 0.0105
vn -0.0000 0.2628 0.9649
vn -0.9999 -0.0031 0.0105
vn -0.0000 0.2529 -0.9675
vn 0.9999 -0.0031 0.0105
vn -0.0000 -0.2628 0.9649
vn -0.9999 -0.0011 0.0109
vn -0.0000 0.1365 -0.9906
vn 0.9999 -0.0011 0.0109
vn -0.0000 -0.1265 0.9920
vn -0.9999 -0.0069 0.0085
vn -0.0000 0.6039 -0.7970
vn 0.9999 -0.0069 0.0085
vn -0.0000 -0.6120 0.7909
vn -0.9999 -0.0052 0.0096
vn -0.0000 0.5053 -0.8630
vn 0.9999 -0.0052 0.0096
vn -0.0000 -0.4965 0.8681
vn -0.9999 -0.0096 0.0052
vn -0.0000 0.8630 -0.5053
vn 0.9999 -0.0096 0.0052
vn -0.0000 -0.8681 0.4965
vn -0.9999 -0.0085 0.0069
vn -0.0000 0.7970 -0.6039
vn 0.9999 -0.0085 0.0069
vn -0.0000 -0.7909 0.6120
vn -0.9999 -0.0109 0.0011
vn -0.0000 0.9906 -0.1365
vn 0.9999 -0.0109 0.0011
vn -0.0000 -0.9920 0.1265
vn -0.9999 -0.0105 0.0031
vn -0.0000 0.9675 -0.2529
vn 0.9999 -0.0105 0.0031
vn -0.0000 -0.9649 0.2628
s 1
usemtl tire
f 65//65 194//194 577//529 193//193
f 194//194 66//66 195//195 577//529
f 577//529 195//195 6//6 196//196
f 193//193 577//529 196//196 5//5
f 66//66 197//197 578//530 195//195
f 197//197 67//67 198//198 578//530
f 578//530 198//198 7//7 199//199
f 195//195 578//530 199//199 6//6
f 67//67 200//200 579//531 198//198
f 200//200 68//68 201//201 579//531
f 579//531 201//201 8//8 202//202
f 198//198 579//531 202//202 7//7
f 68//68 203//203 580//532 201//201
f 203//203 65//65 193//193 580//532
f 580//532 193//193 5//5 204//204
f 201//201 580//532 204//204 8//8
f 69//69 206//206 581//533 205//205
f 206//206 70//70 207//207 581//533
f 581//533 207//207 66//66 194//194
f 205//205 581//533 194//194 65//65
f 70//70 208//208 582//534 207//207
f 208//208 71//71 209//209 582//534
f 582//534 209//209 67//67 197//197
f 207//207 582//534 197//197 66//66
f 71//71 210//210 583//535 209//209
f 210//210 72//72 211//211 583//535
f 583//535 211//211 68//68 200//200
f 209//209 583//535 200//200 67//67
f 72//72 212//212 584//536 211//211
f 212//212 69//69 205//205 584//536
f 584//536 205//205 65//65 203//203
f 211//211 584//536 203//203 68//68
f 1//1 214//214 585//537 213//213
f 214//214 2//2 215//215 585//537
f 585//537 215//215 70//70 206//206
f 213//213 585//537 206//206 69//69
f 2//2 216//216 586//538 215//215
f 216//216 3//3 217//217 586//538
f 586//538 217//217 71//71 208//208
f 215//215 586//538 208//208 70//70
f 3//3 218//218 587//539 217//217
f 218//218 4//4 219//219 587//539
f 587//539 219//219 72//72 210//210
f 217//217 587//539 210//210 71//71
f 4//4 220//220 588//540 219//219
f 220//220 1//1 213//213 588//540
f 588//540 213//213 69//69 212//212
f 219//219 588//540 212//212 72//72
f 73//73 222//222 589//541 221//221
f 222//222 74//74 223//223 589//541
f 589//541 223//223 10//10 224//224
f 221//221 589//541 224//224 9//9
f 74//74 225//225 590//542 223//223
f 225//225 75//75 226//226 590//542
f 590//542 226//226 11//11 227//227
f 223//223 590//542 227//227 10//10
f 75//75 228//228 591//543 226//226
f 228//228 76//76 229//229 591//543
f 591//543 229//229 12//12 230//230
f 226//226 591//543 230//230 11//11
f 76//76 231//231 592//544 229//229
f 231//231 73//73 221//221 592//544
f 592//544 221//221 9//9 232//232
f 229//229 592//544 232//232 12//12
f 77//77 234//234 593//533 233//233
f 234//234 78//78 235//235 593//533
f 593//533 235//235 74//74 222//222
f 233//233 593//533 222//222 73//73
f 78//78 236//236 594//545 235//235
f 236//236 79//79 237//237 594//545
f 594//545 237//237 75//75 225//225
f 235//235 594//545 225//225 74//74
f 79//79 238//238 595//535 237//237
f 238//238 80//80 239//239 595//535
f 595//535 239//239 76//76 228//228
f 237//237 595//535 228//228 75//75
f 80//80 240//240 596//546 239//239
f 240//240 77//77 233//233 596//546
f 596//546 233//233 73//73 231//231
f 239//239 596//546 231//231 76//76
f 5//5 196//196 597//547 241//241
f 196//196 6//6 242//242 597//547
f 597//547 242//242 78//78 234//234
f 241//241 597//547 234//234 77//77
f 6//6 199//199 598//548 242//242
f 199//199 7//7 243//243 598//548
f 598//548 243//243 79//79 236//236
f 242//242 598//548 236//236 78//78
f 7//7 202//202 599//549 243//243
f 202//202 8//8 244//244 599//549
f 599//549 244//244 80//80 238//238
f 243//243 599//549 238//238 79//79
f 8//8 204//204 600//550 244//244
f 204//204 5//5 241//241 600//550
f 600//550 241//241 77//77 240//240
f 244//244 600//550 240//240 80//80
f 81//81 246//246 601//551 245//245
f 246//246 82//82 247//247 601//551
f 601//551 247//247 14//14 248//248
f 245//245 601//551 248//248 13//13
f 82//82 249//249 602//552 247//247
f 249//249 83//83 250//250 602//552
f 602//552 250//250 15//15 251//251
f 247//247 602//552 251//251 14//14
f 83//83 252//252 603//553 250//250
f 252//252 84//84 253//253 603//553
f 603//553 253//253 16//16 254//254
f 250//250 603//553 254//254 15//15
f 84//84 255//255 604//554 253//253
f 255//255 81//81 245//245 604//554
f 604//554 245//245 13//13 256//256
f 253//253 604//554 256//256 16//16
f 85//85 258//258 605//533 257//257
f 258//258 86//86 259//259 605//533
f 605//533 259//259 82//82 246//246
f 257//257 605//533 246//246 81//81
f 86//86 260//260 606//555 259//259
f 260//260 87//87 261//261 606//555
f 606//555 261//261 83//83 249//249
f 259//259 606//555 249//249 82//82
f 87//87 262//262 607//535 261//261
f 262//262 88//88 263//263 607//535
f 607//535 263//263 84//84 252//252
f 261//261 607//535 252//252 83//83
f 88//88 264//264 608//556 263//263
f 264//264 85//85 257//257 608//556
f 608//556 257//257 81//81 255//255
f 263//263 608//556 255//255 84//84
f 9//9 224//224 609//557 265//265
f 224//224 10//10 266//266 609//557
f 609//557 266//266 86//86 258//258
f 265//265 609//557 258//258 85//85
f 10//10 227//227 610//558 266//266
f 227//227 11//11 267//267 610//558
f 610//558 267//267 87//87 260//260
f 266//266 610//558 260//260 86//86
f 11//11 230//230 611//559 267//267
f 230//230 12//12 268//268 611//559
f 611//559 268//268 88//88 262//262
f 267//267 611//559 262//262 87//87
f 12//12 232//232 612//560 268//268
f 232//232 9//9 265//265 612//560
f 612//560 265//265 85//85 264//264
f 268//268 612//560 264//264 88//88
f 89//89 270//270 613//561 269//269
f 270//270 90//90 271//271 613//561
f 613//561 271//271 18//18 272//272
f 269//269 613//561 272//272 17//17
f 90//90 273//273 614//562 271//271
f 273//273 91//91 274//274 614//562
f 614//562 274//274 19//19 275//275
f 271//271 614//562 275//275 18//18
f 91//91 276//276 615//563 274//274
f 276//276 92//92 277//277 615//563
f 615//563 277//277 20//20 278//278
f 274//274 615//563 278//278 19//19
f 92//92 279//279 616//564 277//277
f 279//279 89//89 269//269 616//564
f 616//564 269//269 17//17 280//280
f 277//277 616//564 280//280 20//20
f 93//93 282//282 617//533 281//281
f 282//282 94//94 283//283 617//533
f 617//533 283//283 90//90 270//270
f 281//281 617//533 270//270 89//89
f 94//94 284//284 618//565 283//283
f 284//284 95//95 285//285 618//565
f 618//565 285//285 91//91 273//273
f 283//283 618//565 273//273 90//90
f 95//95 286//286 619//535 285//285
f 286//286 96//96 287//287 619//535
f 619//535 287//287 92//92 276//276
f 285//285 619//535 276//276 91//91
f 96//96 288//288 620//566 287//287
f 288//288 93//93 281//281 620//566
f 620//566 281//281 89//89 279//279
f 287//287 620//566 279//279 92//92
f 13//13 248//248 621//567 289//289
f 248//248 14//14 290//290 621//567
f 621//567 290//290 94//94 282//282
f 289//289 621//567 282//282 93//93
f 14//14 251//251 622//568 290//290
f 251//251 15//15 291//291 622//568
f 622//568 291//291 95//95 284//284
f 290//290 622//568 284//284 94//94
f 15//15 254//254 623//569 291//291
f 254//254 16//16 292//292 623//569
f 623//569 292//292 96//96 286//286
f 291//291 623//569 286//286 95//95
f 16//16 256//256 624//570 292//292
f 256//256 13//13 289//289 624//570
f 624//570 289//289 93//93 288//288
f 292//292 624//570 288//288 96//96
f 97//97 294//294 625//571 293//293
f 294//294 98//98 295//295 625//571
f 625//571 295//295 22//22 296//296
f 293//293 625//571 296//296 21//21
f 98//98 297//297 626//572 295//295
f 297//297 99//99 298//298 626//572
f 626//572 298//298 23//23 299//299
f 295//295 626//572 299//299 22//22
f 99//99 300//300 627//573 298//298
f 300//300 100//100 301//301 627//573
f 627//573 301//301 24//24 302//302
f 298//298 627//573 302//302 23//23
f 100//100 303//303 628//574 301//301
f 303//303 97//97 293//293 628//574
f 628//574 293//293 21//21 304//304
f 301//301 628//574 304//304 24//24
f 101//101 306//306 629//533 305//305
f 306//306 102//102 307//307 629//533
f 629//533 307//307 98//98 294//294
f 305//305 629//533 294//294 97//97
f 102//102 308//308 630//575 307//307
f 308//308 103//103 309//309 630//575
f 630//575 309//309 99//99 297//297
f 307//307 630//575 297//297 98//98
f 103//103 310//310 631//535 309//309
f 310//310 104//104 311//311 631//535
f 631//535 311//311 100//100 300//300
f 309//309 631//535 300//300 99//99
f 104//104 312//312 632//576 311//311
f 312//312 101//101 305//305 632//576
f 632//576 305//305 97//97 303//303
f 311//311 632//576 303//303 100//100
f 17//17 272//272 633//577 313//313
f 272//272 18//18 314//314 633//577
f 633//577 314//314 102//102 306//306
f 313//313 633//577 306//306 101//101
f 18//18 275//275 634//578 314//314
f 275//275 19//19 315//315 634//578
f 634//578 315//315 103//103 308//308
f 314//314 634//578 308//308 102//102
f 19//19 278//278 635//579 315//315
f 278//278 20//20 316//316 635//579
f 635//579 316//316 104//104 310//310
f 315//315 635//579 310//310 103//103
f 20//20 280//280 636//580 316//316
f 280//280 17//17 313//313 636//580
f 636//580 313//313 101//101 312//312
f 316//316 636//580 312//312 104//104
f 105//105 318//318 637//581 317//317
f 318//318 106//106 319//319 637//581
f 637//581 319//319 26//26 320//320
f 317//317 637//581 320//320 25//25
f 106//106 321//321 638//582 319//319
f 321//321 107//107 322//322 638//582
f 638//582 322//322 27//27 323//323
f 319//319 638//582 323//323 26//26
f 107//107 324//324 639//583 322//322
f 324//324 108//108 325//325 639//583
f 639//583 325//325 28//28 326//326
f 322//322 639//583 326//326 27//27
f 108//108 327//327 640//584 325//325
f 327//327 105//105 317//317 640//584
f 640//584 317//317 25//25 328//328
f 325//325 640//584 328//328 28//28
f 109//109 330//330 641//533 329//329
f 330//330 110//110 331//331 641//533
f 641//533 331//331 106//106 318//318
f 329//329 641//533 318//318 105//105
f 110//110 332//332 642//585 331//331
f 332//332 111//111 333//333 642//585
f 642//585 333//333 107//107 321//321
f 331//331 642//585 321//321 106//106
f 111//111 334//334 643//535 333//333
f 334//334 112//112 335//335 643//535
f 643//535 335//335 108//108 324//324
f 333//333 643//535 324//324 107//107
f 112//112 336//336 644//586 335//335
f 336//336 109//109 329//329 644//586
f 644//586 329//329 105//105 327//327
f 335//335 644//586 327//327 108//108
f 21//21 296//296 645//587 337//337
f 296//296 22//22 338//338 645//587
f 645//587 338//338 110//110 330//330
f 337//337 645//587 330//330 109//109
f 22//22 299//299 646//588 338//338
f 299//299 23//23 339//339 646//588
f 646//588 339//339 111//111 332//332
f 338//338 646//588 332//332 110//110
f 23//23 302//302 647//589 339//339
f 302//302 24//24 340//340 647//589
f 647//589 340//340 112//112 334//334
f 339//339 647//589 334//334 111//111
f 24//24 304//304 648//590 340//340
f 304//304 21//21 337//337 648//590
f 648//590 337//337 109//109 336//336
f 340//340 648//590 336//336 112//112
f 113//113 342//342 649//591 341//341
f 342//342 114//114 343//343 649//591
f 649//591 343//343 30//30 344//344
f 341//341 649//591 344//344 29//29
f 114//114 345//345 650//592 343//343
f 345//345 115//115 346//346 650//592
f 650//592 346//346 31//31 347//347
f 343//343 650//592 347//347 30//30
f 115//115 348//348 651//593 346//346
f 348//348 116//116 349//349 651//593
f 651//593 349//349 32//32 350//350
f 346//346 651//593 350//350 31//31
f 116//116 351//351 652//594 349//349
f 351//351 113//113 341//341 652//594
f 652//594 341//341 29//29 352//352
f 349//349 652//594 352//352 32//32
f 117//117 354//354 653//533 353//353
f 354//354 118//118 355//355 653//533
f 653//533 355//355 114//114 342//342
f 353//353 653//533 342//342 113//113
f 118//118 356//356 654//595 355//355
f 356//356 119//119 357//357 654//595
f 654//595 357//357 115//115 345//345
f 355//355 654//595 345//345 114//114
f 119//119 358//358 655//535 357//357
f 358//358 120//120 359//359 655//535
f 655//535 359//359 116//116 348//348
f 357//357 655//535 348//348 115//115
f 120//120 360//360 656//596 359//359
f 360//360 117//117 353//353 656//596
f 656//596 353//353 113//113 351//351
f 359//359 656//596 351//351 116//116
f 25//25 320//320 657//597 361//361
f 320//320 26//26 362//362 657//597
f 657//597 362//362 118//118 354//354
f 361//361 657//597 354//354 117//117
f 26//26 323//323 658//598 362//362
f 323//323 27//27 363//363 658//598
f 658//598 363//363 119//119 356//356
f 362//362 658//598 356//356 118//118
f 27//27 326//326 659//599 363//363
f 326//326 28//28 364//364 659//599
f 659//599 364//364 120//120 358//358
f 363//363 659//599 358//358 119//119
f 28//28 328//328 660//600 364//364
f 328//328 25//25 361//361 660//600
f 660//600 361//361 117//117 360//360
f 364//364 660//600 360//360 120//120
f 121//121 366//366 661//601 365//365
f 366//366 122//122 367//367 661//601
f 661//601 367//367 34//34 368//368
f 365//365 661//601 368//368 33//33
f 122//122 369//369 662//602 367//367
f 369//369 123//123 370//370 662//602
f 662//602 370//370 35//35 371//220
f 367//367 662//602 371//220 34//34
f 123//123 372//371 663//603 370//370
f 372//371 124//124 373//372 663//603
f 663//603 373//372 36//36 374//373
f 370//370 663//603 374//373 35//35
f 124//124 375//374 664//604 373//372
f 375//374 121//121 365//365 664//604
f 664//604 365//365 33//33 376//216
f 373//372 664//604 376//216 36//36
f 125//125 378//376 665//533 377//375
f 378//376 126//126 379//377 665//533
f 665//533 379//377 122//122 366//366
f 377//375 665//533 366//366 121//121
f 126//126 380//378 666//605 379//377
f 380//378 127//127 381//379 666//605
f 666//605 381//379 123//123 369//369
f 379//377 666//605 369//369 122//122
f 127//127 382//380 667//535 381//379
f 382//380 128//128 383//381 667//535
f 667//535 383//381 124//124 372//371
f 381//379 667//535 372//371 123//123
f 128//128 384//382 668//606 383//381
f 384//382 125//125 377//375 668//606
f 668//606 377//375 121//121 375//374
f 383//381 668//606 375//374 124//124
f 29//29 344//344 669//607 385//383
f 344//344 30//30 386//384 669//607
f 669//607 386//384 126//126 378//376
f 385//383 669//607 378//376 125//125
f 30//30 347//347 670//608 386//384
f 347//347 31//31 387//385 670//608
f 670//608 387//385 127//127 380//378
f 386//384 670//608 380//378 126//126
f 31//31 350//350 671//609 387//385
f 350//350 32//32 388//386 671//609
f 671//609 388//386 128//128 382//380
f 387//385 671//609 382//380 127//127
f 32//32 352//352 672//610 388//386
f 352//352 29//29 385//383 672//610
f 672//610 385//383 125//125 384//382
f 388//386 672//610 384//382 128//128
f 129//129 390//388 673//611 389//387
f 390//388 130//130 391//389 673//611
f 673//611 391//389 38//38 392//390
f 389//387 673//611 392//390 37//37
f 130//130 393//391 674//612 391//389
f 393//391 131//131 394//392 674//612
f 674//612 394//392 39//39 395//204
f 391//389 674//612 395//204 38//38
f 131//131 396//393 675//613 394//392
f 396//393 132//132 397//394 675//613
f 675//613 397//394 40//40 398//395
f 394//392 675//613 398//395 39//39
f 132//132 399//396 676//614 397//394
f 399//396 129//129 389//387 676//614
f 676//614 389//387 37//37 400//199
f 397//394 676//614 400//199 40//40
f 133//133 402//397 677//533 401//207
f 402//397 134//134 403//205 677//533
f 677//533 403//205 130//130 390//388
f 401//207 677//533 390//388 129//129
f 134//134 404//398 678//536 403//205
f 404//398 135//135 405//211 678//536
f 678//536 405//211 131//131 393//391
f 403//205 678//536 393//391 130//130
f 135//135 406//399 679//535 405//211
f 406//399 136//136 407//209 679//535
f 679//535 407//209 132//132 396//393
f 405//211 679//535 396//393 131//131
f 136//136 408//400 680//534 407//209
f 408//400 133//133 401//207 680//534
f 680//534 401//207 129//129 399//396
f 407//209 680//534 399//396 132//132
f 33//33 368//368 681//615 409//401
f 368//368 34//34 410//402 681//615
f 681//615 410//402 134//134 402//397
f 409//401 681//615 402//397 133//133
f 34//34 371//220 682//616 410//402
f 371//220 35//35 411//403 682//616
f 682//616 411//403 135//135 404//398
f 410//402 682//616 404//398 134//134
f 35//35 374//373 683//617 411//403
f 374//373 36//36 412//404 683//617
f 683//617 412//404 136//136 406//399
f 411//403 683//617 406//399 135//135
f 36//36 376//216 684//618 412//404
f 376//216 33//33 409//401 684//618
f 684//618 409//401 133//133 408//400
f 412//404 684//618 408//400 136//136
f 137//137 414//406 685//619 413//405
f 414//406 138//138 415//407 685//619
f 685//619 415//407 42//42 416//408
f 413//405 685//619 416//408 41//41
f 138//138 417//409 686//620 415//407
f 417//409 139//139 418//410 686//620
f 686//620 418//410 43//43 419//232
f 415//407 686//620 419//232 42//42
f 139//139 420//411 687//621 418//410
f 420//411 140//140 421//412 687//621
f 687//621 421//412 44//44 422//413
f 418//410 687//621 422//413 43//43
f 140//140 423//414 688//622 421//412
f 423//414 137//137 413//405 688//622
f 688//622 413//405 41//41 424//227
f 421//412 688//622 424//227 44//44
f 141//141 426//415 689//533 425//235
f 426//415 142//142 427//233 689//533
f 689//533 427//233 138//138 414//406
f 425//235 689//533 414//406 137//137
f 142//142 428//416 690//546 427//233
f 428//416 143//143 429//239 690//546
f 690//546 429//239 139//139 417//409
f 427//233 690//546 417//409 138//138
f 143//143 430//417 691//535 429//239
f 430//417 144//144 431//237 691//535
f 691//535 431//237 140//140 420//411
f 429//239 691//535 420//411 139//139
f 144//144 432//418 692//545 431//237
f 432//418 141//141 425//235 692//545
f 692//545 425//235 137//137 423//414
f 431//237 692//545 423//414 140//140
f 37//37 392//390 693//623 433//419
f 392//390 38//38 434//420 693//623
f 693//623 434//420 142//142 426//415
f 433//419 693//623 426//415 141//141
f 38//38 395//204 694//624 434//420
f 395//204 39//39 435//421 694//624
f 694//624 435//421 143//143 428//416
f 434//420 694//624 428//416 142//142
f 39//39 398//395 695//625 435//421
f 398//395 40//40 436//422 695//625
f 695//625 436//422 144//144 430//417
f 435//421 695//625 430//417 143//143
f 40//40 400//199 696//626 436//422
f 400//199 37//37 433//419 696//626
f 696//626 433//419 141//141 432//418
f 436//422 696//626 432//418 144//144
f 145//145 438//424 697//627 437//423
f 438//424 146//146 439//425 697//627
f 697//627 439//425 46//46 440//426
f 437//423 697//627 440//426 45//45
f 146//146 441//427 698//628 439//425
f 441//427 147//147 442//428 698//628
f 698//628 442//428 47//47 443//256
f 439//425 698//628 443//256 46//46
f 147//147 444//429 699//629 442//428
f 444//429 148//148 445//430 699//629
f 699//629 445//430 48//48 446//431
f 442//428 699//629 446//431 47//47
f 148//148 447//432 700//630 445//430
f 447//432 145//145 437//423 700//630
f 700//630 437//423 45//45 448//251
f 445//430 700//630 448//251 48//48
f 149//149 450//433 701//533 449//259
f 450//433 150//150 451//257 701//533
f 701//533 451//257 146//146 438//424
f 449//259 701//533 438//424 145//145
f 150//150 452//434 702//556 451//257
f 452//434 151//151 453//263 702//556
f 702//556 453//263 147//147 441//427
f 451//257 702//556 441//427 146//146
f 151//151 454//435 703//535 453//263
f 454//435 152//152 455//261 703//535
f 703//535 455//261 148//148 444//429
f 453//263 703//535 444//429 147//147
f 152//152 456//436 704//555 455//261
f 456//436 149//149 449//259 704//555
f 704//555 449//259 145//145 447//432
f 455//261 704//555 447//432 148//148
f 41//41 416//408 705//631 457//437
f 416//408 42//42 458//438 705//631
f 705//631 458//438 150//150 450//433
f 457//437 705//631 450//433 149//149
f 42//42 419//232 706//632 458//438
f 419//232 43//43 459//439 706//632
f 706//632 459//439 151//151 452//434
f 458//438 706//632 452//434 150//150
f 43//43 422//413 707//633 459//439
f 422//413 44//44 460//440 707//633
f 707//633 460//440 152//152 454//435
f 459//439 707//633 454//435 151//151
f 44//44 424//227 708//634 460//440
f 424//227 41//41 457//437 708//634
f 708//634 457//437 149//149 456//436
f 460//440 708//634 456//436 152//152
f 153//153 462//442 709//635 461//441
f 462//442 154//154 463//443 709//635
f 709//635 463//443 50//50 464//444
f 461//441 709//635 464//444 49//49
f 154//154 465//445 710//636 463//443
f 465//445 155//155 466//446 710//636
f 710//636 466//446 51//51 467//280
f 463//443 710//636 467//280 50//50
f 155//155 468//447 711//637 466//446
f 468//447 156//156 469//448 711//637
f 711//637 469//448 52//52 470//449
f 466//446 711//637 470//449 51//51
f 156//156 471//450 712//638 469//448
f 471//450 153//153 461//441 712//638
f 712//638 461//441 49//49 472//275
f 469//448 712//638 472//275 52//52
f 157//157 474//451 713//533 473//283
f 474//451 158//158 475//281 713//533
f 713//533 475//281 154//154 462//442
f 473//283 713//533 462//442 153//153
f 158//158 476//452 714//566 475//281
f 476//452 159//159 477//287 714//566
f 714//566 477//287 155//155 465//445
f 475//281 714//566 465//445 154//154
f 159//159 478//453 715//535 477//287
f 478//453 160//160 479//285 715//535
f 715//535 479//285 156//156 468//447
f 477//287 715//535 468//447 155//155
f 160//160 480//454 716//565 479//285
f 480//454 157//157 473//283 716//565
f 716//565 473//283 153//153 471//450
f 479//285 716//565 471//450 156//156
f 45//45 440//426 717//639 481//455
f 440//426 46//46 482//456 717//639
f 717//639 482//456 158//158 474//451
f 481//455 717//639 474//451 157//157
f 46//46 443//256 718//640 482//456
f 443//256 47//47 483//457 718//640
f 718//640 483//457 159//159 476//452
f 482//456 718//640 476//452 158//158
f 47//47 446//431 719//641 483//457
f 446//431 48//48 484//458 719//641
f 719//641 484//458 160//160 478//453
f 483//457 719//641 478//453 159//159
f 48//48 448//251 720//642 484//458
f 448//251 45//45 481//455 720//642
f 720//642 481//455 157//157 480//454
f 484//458 720//642 480//454 160//160
f 161//161 486//460 721//643 485//459
f 486//460 162//162 487//461 721//643
f 721//643 487//461 54//54 488//462
f 485//459 721//643 488//462 53//53
f 162//162 489//463 722//644 487//461
f 489//463 163//163 490//464 722//644
f 722//644 490//464 55//55 491//304
f 487//461 722//644 491//304 54//54
f 163//163 492//465 723//645 490//464
f 492//465 164//164 493//466 723//645
f 723//645 493//466 56//56 494//467
f 490//464 723//645 494//467 55//55
f 164//164 495//468 724//646 493//466
f 495//468 161//161 485//459 724//646
f 724//646 485//459 53//53 496//299
f 493//466 724//646 496//299 56//56
f 165//165 498//469 725//533 497//307
f 498//469 166//166 499//305 725//533
f 725//533 499//305 162//162 486//460
f 497//307 725//533 486//460 161//161
f 166//166 500//470 726//576 499//305
f 500//470 167//167 501//311 726//576
f 726//576 501//311 163//163 489//463
f 499//305 726//576 489//463 162//162
f 167//167 502//471 727//535 501//311
f 502//471 168//168 503//309 727//535
f 727//535 503//309 164//164 492//465
f 501//311 727//535 492//465 163//163
f 168//168 504//472 728//575 503//309
f 504//472 165//165 497//307 728//575
f 728//575 497//307 161//161 495//468
f 503//309 728//575 495//468 164//164
f 49//49 464//444 729//647 505//473
f 464//444 50//50 506//474 729//647
f 729//647 506//474 166//166 498//469
f 505//473 729//647 498//469 165//165
f 50//50 467//280 730//648 506//474
f 467//280 51//51 507//475 730//648
f 730//648 507//475 167//167 500//470
f 506//474 730//648 500//470 166//166
f 51//51 470//449 731//649 507//475
f 470//449 52//52 508//476 731//649
f 731//649 508//476 168//168 502//471
f 507//475 731//649 502//471 167//167
f 52//52 472//275 732//650 508//476
f 472//275 49//49 505//473 732//650
f 732//650 505//473 165//165 504//472
f 508//476 732//650 504//472 168//168
f 169//169 510//478 733//651 509//477
f 510//478 170//170 511//479 733//651
f 733//651 511//479 58//58 512//480
f 509//477 733//651 512//480 57//57
f 170//170 513//481 734//652 511//479
f 513//481 171//171 514//482 734//652
f 734//652 514//482 59//59 515//328
f 511//479 734//652 515//328 58//58
f 171//171 516//483 735//653 514//482
f 516//483 172//172 517//484 735//653
f 735//653 517//484 60//60 518//485
f 514//482 735//653 518//485 59//59
f 172//172 519//486 736//654 517//484
f 519//486 169//169 509//477 736//654
f 736//654 509//477 57//57 520//323
f 517//484 736//654 520//323 60//60
f 173//173 522//487 737//533 521//331
f 522//487 174//174 523//329 737//533
f 737//533 523//329 170//170 510//478
f 521//331 737//533 510//478 169//169
f 174//174 524//488 738//586 523//329
f 524//488 175//175 525//335 738//586
f 738//586 525//335 171//171 513//481
f 523//329 738//586 513//481 170//170
f 175//175 526//489 739//535 525//335
f 526//489 176//176 527//333 739//535
f 739//535 527//333 172//172 516//483
f 525//335 739//535 516//483 171//171
f 176//176 528//490 740//585 527//333
f 528//490 173//173 521//331 740//585
f 740//585 521//331 169//169 519//486
f 527//333 740//585 519//486 172//172
f 53//53 488//462 741//655 529//491
f 488//462 54//54 530//492 741//655
f 741//655 530//492 174//174 522//487
f 529//491 741//655 522//487 173//173
f 54//54 491//304 742//656 530//492
f 491//304 55//55 531//493 742//656
f 742//656 531//493 175//175 524//488
f 530//492 742//656 524//488 174//174
f 55//55 494//467 743//657 531//493
f 494//467 56//56 532//494 743//657
f 743//657 532//494 176//176 526//489
f 531//493 743//657 526//489 175//175
f 56//56 496//299 744//658 532//494
f 496//299 53//53 529//491 744//658
f 744//658 529//491 173//173 528//490
f 532//494 744//658 528//490 176//176
f 177//177 534//496 745//659 533//495
f 534//496 178//178 535//497 745//659
f 745//659 535//497 62//62 536//498
f 533//495 745//659 536//498 61//61
f 178//178 537//499 746//660 535//497
f 537//499 179//179 538//500 746//660
f 746//660 538//500 63//63 539//352
f 535//497 746//660 539//352 62//62
f 179//179 540//501 747//661 538//500
f 540//501 180//180 541//502 747//661
f 747//661 541//502 64//64 542//503
f 538//500 747//661 542//503 63//63
f 180//180 543//504 748//662 541//502
f 543//504 177//177 533//495 748//662
f 748//662 533//495 61//61 544//347
f 541//502 748//662 544//347 64//64
f 181//181 546//505 749//533 545//355
f 546//505 182//182 547//353 749//533
f 749//533 547//353 178//178 534//496
f 545//355 749//533 534//496 177//177
f 182//182 548//506 750//596 547//353
f 548//506 183//183 549//359 750//596
f 750//596 549//359 179//179 537//499
f 547//353 750//596 537//499 178//178
f 183//183 550//507 751//535 549//359
f 550//507 184//184 551//357 751//535
f 751//535 551//357 180//180 540//501
f 549//359 751//535 540//501 179//179
f 184//184 552//508 752//595 551//357
f 552//508 181//181 545//355 752//595
f 752//595 545//355 177//177 543//504
f 551//357 752//595 543//504 180//180
f 57//57 512//480 753//663 553//509
f 512//480 58//58 554//510 753//663
f 753//663 554//510 182//182 546//505
f 553//509 753//663 546//505 181//181
f 58//58 515//328 754//664 554//510
f 515//328 59//59 555//511 754//664
f 754//664 555//511 183//183 548//506
f 554//510 754//664 548//506 182//182
f 59//59 518//485 755//665 555//511
f 518//485 60//60 556//512 755//665
f 755//665 556//512 184//184 550//507
f 555//511 755//665 550//507 183//183
f 60//60 520//323 756//666 556//512
f 520//323 57//57 553//509 756//666
f 756//666 553//509 181//181 552//508
f 556//512 756//666 552//508 184//184
f 185//185 558//514 757//667 557//513
f 558//514 186//186 559//515 757//667
f 757//667 559//515 2//2 214//214
f 557//513 757//667 214//214 1//1
f 186//186 560//516 758//668 559//515
f 560//516 187//187 561//517 758//668
f 758//668 561//517 3//3 216//216
f 559//515 758//668 216//216 2//2
f 187//187 562//518 759//669 561//517
f 562//518 188//188 563//519 759//669
f 759//669 563//519 4//4 218//218
f 561//517 759//669 218//218 3//3
f 188//188 564//520 760//670 563//519
f 564//520 185//185 557//513 760//670
f 760//670 557//513 1//1 220//220
f 563//519 760//670 220//220 4//4
f 189//189 566//521 761//533 565//377
f 566//521 190//190 567//375 761//533
f 761//533 567//375 186//186 558//514
f 565//377 761//533 558//514 185//185
f 190//190 568//522 762//606 567//375
f 568//522 191//191 569//381 762//606
f 762//606 569//381 187//187 560//516
f 567//375 762//606 560//516 186//186
f 191//191 570//523 763//535 569//381
f 570//523 192//192 571//379 763//535
f 763//535 571//379 188//188 562//518
f 569//381 763//535 562//518 187//187
f 192//192 572//524 764//605 571//379
f 572//524 189//189 565//377 764//605
f 764//605 565//377 185//185 564//520
f 571//379 764//605 564//520 188//188
f 61//61 536//498 765//671 573//525
f 536//498 62//62 574//526 765//671
f 765//671 574//526 190//190 566//521
f 573//525 765//671 566//521 189//189
f 62//62 539//352 766//672 574//526
f 539//352 63//63 575//527 766//672
f 766//672 575//527 191//191 568//522
f 574//526 766//672 568//522 190//190
f 63//63 542//503 767//673 575//527
f 542//503 64//64 576//528 767//673
f 767//673 576//528 192//192 570//523
f 575//527 767//673 570//523 191//191
f 64//64 544//347 768//674 576//528
f 544//347 61//61 573//525 768//674
f 768//674 573//525 189//189 572//524
f 576//528 768//674 572//524 192//192
o export_Large_wheel_L_Circle.003
v 0.280391 0.846915 -0.000000
v 0.280391 0.786237 -0.000000
v 0.219322 0.786237 -0.000000
v 0.219322 0.846915 -0.000000
v 0.280391 0.782447 0.324100
v 0.280391 0.726388 0.300880
v 0.219322 0.726388 0.300880
v 0.219322 0.782447 0.324100
v 0.280391 0.598859 0.598859
v 0.280391 0.555953 0.555953
v 0.219322 0.555953 0.555953
v 0.219322 0.598859 0.598859
v 0.280391 0.324100 0.782447
v 0.280391 0.300880 0.726388
v 0.219322 0.300880 0.726388
v 0.219322 0.324100 0.782447
v 0.280391 -0.000000 0.846915
v 0.280391 -0.000000 0.786237
v 0.219322 -0.000000 0.786237
v 0.219322 -0.000000 0.846915
v 0.280391 -0.324100 0.782447
v 0.280391 -0.300880 0.726388
v 0.219322 -0.300880 0.726388
v 0.219322 -0.324100 0.782447
v 0.280391 -0.598859 0.598859
v 0.280391 -0.555953 0.555953
v 0.219322 -0.555953 0.555953
v 0.219322 -0.598859 0.598859
v 0.280391 -0.782447 0.324100
v 0.280391 -0.726388 0.300880
v 0.219322 -0.726388 0.300880
v 0.219322 -0.782447 0.324100
v 0.280391 -0.846915 -0.000000
v 0.280391 -0.786237 -0.000000
v 0.219322 -0.786237 -0.000000
v 0.219322 -0.846915 -0.000000
v 0.280391 -0.782447 -0.324100
v 0.280391 -0.726388 -0.300880
v 0.219322 -0.726388 -0.300880
v 0.219322 -0.782447 -0.324100
v 0.280391 -0.598859 -0.598859
v 0.280391 -0.555954 -0.555953
v 0.219322 -0.555954 -0.555953
v 0.219322 -0.598859 -0.598859
v 0.280391 -0.324100 -0.782448
v 0.280391 -0.300880 -0.726388
v 0.219322 -0.300880 -0.726388
v 0.219322 -0.324100 -0.782448
v 0.280391 0.000000 -0.846915
v 0.280391 0.000000 -0.786237
v 0.219322 0.000000 -0.786237
v 0.219322 0.000000 -0.846915
v 0.280391 0.324100 -0.782447
v 0.280391 0.300880 -0.726388
v 0.219322 0.300880 -0.726388
v 0.219322 0.324100 -0.782447
v 0.280391 0.598859 -0.598859
v 0.280391 0.555954 -0.555953
v 0.219322 0.555954 -0.555953
v 0.219322 0.598859 -0.598859
v 0.280391 0.782448 -0.324100
v 0.280391 0.726388 -0.300880
v 0.219322 0.726388 -0.300880
v 0.219322 0.782448 -0.324100
v 0.280391 0.804531 0.242775
v 0.280391 0.745214 0.228952
v 0.219322 0.745214 0.228952
v 0.219322 0.804531 0.242775
v 0.280391 0.820459 0.163199
v 0.280391 0.760563 0.151285
v 0.219322 0.760563 0.151285
v 0.219322 0.820459 0.163199
v 0.280391 0.836196 0.083585
v 0.280391 0.776104 0.073657
v 0.219322 0.776104 0.073657
v 0.219322 0.836196 0.083585
v 0.280391 0.650383 0.532176
v 0.280391 0.600872 0.496705
v 0.219322 0.600872 0.496705
v 0.219322 0.650383 0.532176
v 0.280391 0.695552 0.464753
v 0.280391 0.644774 0.430824
v 0.219322 0.644774 0.430824
v 0.219322 0.695552 0.464753
v 0.280391 0.740557 0.397221
v 0.280391 0.688840 0.365052
v 0.219322 0.688840 0.365052
v 0.219322 0.740557 0.397221
v 0.280391 0.397221 0.740557
v 0.280391 0.365053 0.688839
v 0.219322 0.365053 0.688839
v 0.219322 0.397221 0.740557
v 0.280391 0.464753 0.695551
v 0.280391 0.430825 0.644774
v 0.219322 0.430825 0.644774
v 0.219322 0.464753 0.695551
v 0.280391 0.532176 0.650383
v 0.280391 0.496705 0.600872
v 0.219322 0.496705 0.600872
v 0.219322 0.532176 0.650383
v 0.280391 0.083585 0.836195
v 0.280391 0.073657 0.776104
v 0.219322 0.073657 0.776104
v 0.219322 0.083585 0.836195
v 0.280391 0.163199 0.820459
v 0.280391 0.151285 0.760563
v 0.219322 0.151285 0.760563
v 0.219322 0.163199 0.820459
v 0.280391 0.242775 0.804531
v 0.280391 0.228952 0.745214
v 0.219322 0.228952 0.745214
v 0.219322 0.242775 0.804530
v 0.280391 -0.242775 0.804531
v 0.280391 -0.228952 0.745214
v 0.219322 -0.228952 0.745214
v 0.219322 -0.242775 0.804531
v 0.280391 -0.163200 0.820459
v 0.280391 -0.151285 0.760563
v 0.219322 -0.151285 0.760563
v 0.219322 -0.163200 0.820459
v 0.280391 -0.083585 0.836195
v 0.280391 -0.073657 0.776104
v 0.219322 -0.073657 0.776104
v 0.219322 -0.083585 0.836195
v 0.280391 -0.532176 0.650383
v 0.280391 -0.496705 0.600872
v 0.219322 -0.496705 0.600872
v 0.219322 -0.532176 0.650383
v 0.280391 -0.464753 0.695551
v 0.280391 -0.430825 0.644774
v 0.219322 -0.430825 0.644774
v 0.219322 -0.464753 0.695551
v 0.280391 -0.397221 0.740557
v 0.280391 -0.365053 0.688839
v 0.219322 -0.365053 0.688839
v 0.219322 -0.397221 0.740557
v 0.280391 -0.740557 0.397221
v 0.280391 -0.688840 0.365052
v 0.219322 -0.688840 0.365052
v 0.219322 -0.740557 0.397221
v 0.280391 -0.695552 0.464753
v 0.280391 -0.644774 0.430824
v 0.219322 -0.644774 0.430824
v 0.219322 -0.695552 0.464753
v 0.280391 -0.650383 0.532176
v 0.280391 -0.600872 0.496705
v 0.219322 -0.600872 0.496705
v 0.219322 -0.650383 0.532176
v 0.280391 -0.836196 0.083585
v 0.280391 -0.776104 0.073657
v 0.219322 -0.776104 0.073657
v 0.219322 -0.836196 0.083585
v 0.280391 -0.820459 0.163199
v 0.280391 -0.760563 0.151285
v 0.219322 -0.760563 0.151285
v 0.219322 -0.820459 0.163199
v 0.280391 -0.804531 0.242775
v 0.280391 -0.745214 0.228952
v 0.219322 -0.745214 0.228952
v 0.219322 -0.804531 0.242775
v 0.280391 -0.804531 -0.242775
v 0.280391 -0.745214 -0.228952
v 0.219322 -0.745214 -0.228952
v 0.219322 -0.804531 -0.242775
v 0.280391 -0.820459 -0.163200
v 0.280391 -0.760563 -0.151286
v 0.219322 -0.760563 -0.151286
v 0.219322 -0.820459 -0.163200
v 0.280391 -0.836196 -0.083585
v 0.280391 -0.776104 -0.073657
v 0.219322 -0.776104 -0.073657
v 0.219322 -0.836196 -0.083585
v 0.280391 -0.650384 -0.532176
v 0.280391 -0.600872 -0.496705
v 0.219322 -0.600872 -0.496705
v 0.219322 -0.650384 -0.532176
v 0.280391 -0.695552 -0.464753
v 0.280391 -0.644775 -0.430825
v 0.219322 -0.644775 -0.430825
v 0.219322 -0.695552 -0.464753
v 0.280391 -0.740557 -0.397221
v 0.280391 -0.688840 -0.365053
v 0.219322 -0.688840 -0.365053
v 0.219322 -0.740557 -0.397221
v 0.280391 -0.397221 -0.740557
v 0.280391 -0.365053 -0.688840
v 0.219322 -0.365053 -0.688840
v 0.219322 -0.397221 -0.740557
v 0.280391 -0.464753 -0.695552
v 0.280391 -0.430825 -0.644775
v 0.219322 -0.430825 -0.644775
v 0.219322 -0.464753 -0.695552
v 0.280391 -0.532176 -0.650384
v 0.280391 -0.496705 -0.600872
v 0.219322 -0.496705 -0.600872
v 0.219322 -0.532176 -0.650383
v 0.280391 -0.083585 -0.836196
v 0.280391 -0.073657 -0.776105
v 0.219322 -0.073657 -0.776105
v 0.219322 -0.083585 -0.836196
v 0.280391 -0.163200 -0.820459
v 0.280391 -0.151286 -0.760564
v 0.219322 -0.151286 -0.760564
v 0.219322 -0.163200 -0.820459
v 0.280391 -0.242775 -0.804531
v 0.280391 -0.228952 -0.745214
v 0.219322 -0.228952 -0.745214
v 0.219322 -0.242775 -0.804531
v 0.280391 0.242775 -0.804531
v 0.280391 0.228952 -0.745214
v 0.219322 0.228952 -0.745214
v 0.219322 0.242775 -0.804531
v 0.280391 0.163200 -0.820459
v 0.280391 0.151286 -0.760564
v 0.219322 0.151286 -0.760564
v 0.219322 0.163200 -0.820459
v 0.280391 0.083585 -0.836196
v 0.280391 0.073657 -0.776105
v 0.219322 0.073657 -0.776105
v 0.219322 0.083585 -0.836196
v 0.280391 0.532176 -0.650383
v 0.280391 0.496705 -0.600872
v 0.219322 0.496705 -0.600872
v 0.219322 0.532176 -0.650383
v 0.280391 0.464753 -0.695552
v 0.280391 0.430825 -0.644775
v 0.219322 0.430825 -0.644775
v 0.219322 0.464753 -0.695552
v 0.280391 0.397221 -0.740557
v 0.280391 0.365053 -0.688840
v 0.219322 0.365053 -0.688840
v 0.219322 0.397221 -0.740557
v 0.280391 0.740557 -0.397221
v 0.280391 0.688840 -0.365052
v 0.219322 0.688840 -0.365052
v 0.219322 0.740557 -0.397221
v 0.280391 0.695552 -0.464753
v 0.280391 0.644775 -0.430825
v 0.219322 0.644775 -0.430825
v 0.219322 0.695552 -0.464753
v 0.280391 0.650384 -0.532176
v 0.280391 0.600872 -0.496705
v 0.219322 0.600872 -0.496705
v 0.219322 0.650384 -0.532176
v 0.280391 0.836196 -0.083586
v 0.280391 0.776104 -0.073657
v 0.219322 0.776104 -0.073657
v 0.219322 0.836196 -0.083586
v 0.280391 0.820459 -0.163199
v 0.280391 0.760564 -0.151286
v 0.219322 0.760563 -0.151286
v 0.219322 0.820459 -0.163199
v 0.280391 0.804531 -0.242775
v 0.280391 0.745214 -0.228952
v 0.219322 0.745214 -0.228952
v 0.219322 0.804531 -0.242775
v 0.280391 0.795471 0.283856
v 0.291842 0.774873 0.235863
v 0.280391 0.737431 0.265994
v 0.291842 0.754418 0.312490
v 0.249857 0.734092 0.226360
v 0.219322 0.737431 0.265994
v 0.249857 0.715877 0.296526
v 0.207872 0.774873 0.235863
v 0.219322 0.795471 0.283856
v 0.207872 0.754418 0.312490
v 0.249857 0.815653 0.245367
v 0.249857 0.792958 0.328454
v 0.280391 0.812604 0.202629
v 0.291842 0.790511 0.157242
v 0.280391 0.752780 0.190477
v 0.249857 0.749333 0.149051
v 0.219322 0.752780 0.190477
v 0.207872 0.790511 0.157242
v 0.219322 0.812604 0.202629
v 0.249857 0.831690 0.165433
v 0.280391 0.828291 0.123765
v 0.291842 0.806150 0.078621
v 0.280391 0.768371 0.112099
v 0.249857 0.764837 0.071795
v 0.219322 0.768371 0.112099
v 0.207872 0.806150 0.078621
v 0.219322 0.828291 0.123765
v 0.249857 0.847463 0.085447
v 0.280391 0.843547 0.042165
v 0.291842 0.816576 -0.000000
v 0.280391 0.783089 0.036456
v 0.249857 0.774860 -0.000000
v 0.219322 0.783089 0.036456
v 0.207872 0.816576 -0.000000
v 0.219322 0.843547 0.042165
v 0.249857 0.858292 -0.000000
v 0.280391 0.626293 0.566662
v 0.291842 0.625628 0.514440
v 0.280391 0.579506 0.527949
v 0.291842 0.577406 0.577406
v 0.249857 0.591589 0.490054
v 0.219322 0.579506 0.527949
v 0.249857 0.547908 0.547908
v 0.207872 0.625628 0.514440
v 0.219322 0.626293 0.566662
v 0.207872 0.577406 0.577406
v 0.249857 0.659667 0.538826
v 0.249857 0.606904 0.606904
v 0.280391 0.673205 0.498175
v 0.291842 0.670163 0.447788
v 0.280391 0.622586 0.464054
v 0.249857 0.635254 0.424463
v 0.219322 0.622586 0.464054
v 0.207872 0.670163 0.447788
v 0.219322 0.673205 0.498175
v 0.249857 0.705072 0.471114
v 0.280391 0.717878 0.431317
v 0.291842 0.714698 0.381137
v 0.280391 0.666983 0.397608
v 0.249857 0.679143 0.359021
v 0.219322 0.666983 0.397608
v 0.207872 0.714698 0.381137
v 0.219322 0.717878 0.431317
v 0.249857 0.750254 0.403252
v 0.280391 0.763200 0.361767
v 0.280391 0.709528 0.333356
v 0.219322 0.709528 0.333356
v 0.219322 0.763200 0.361767
v 0.280391 0.361767 0.763199
v 0.291842 0.381137 0.714698
v 0.280391 0.333356 0.709528
v 0.291842 0.312490 0.754417
v 0.249857 0.359021 0.679142
v 0.219322 0.333356 0.709528
v 0.249857 0.296526 0.715877
v 0.207871 0.381137 0.714698
v 0.219322 0.361767 0.763199
v 0.207871 0.312490 0.754417
v 0.249857 0.403253 0.750254
v 0.249857 0.328454 0.792958
v 0.280391 0.431317 0.717878
v 0.291842 0.447789 0.670163
v 0.280391 0.397609 0.666983
v 0.249857 0.424463 0.635253
v 0.219322 0.397609 0.666983
v 0.207871 0.447789 0.670163
v 0.219322 0.431317 0.717878
v 0.249857 0.471114 0.705072
v 0.280391 0.498175 0.673205
v 0.291842 0.514441 0.625628
v 0.280391 0.464054 0.622586
v 0.249857 0.490055 0.591588
v 0.219322 0.464054 0.622586
v 0.207872 0.514441 0.625628
v 0.219322 0.498175 0.673205
v 0.249857 0.538827 0.659667
v 0.280391 0.566662 0.626293
v 0.280391 0.527949 0.579506
v 0.219322 0.527949 0.579506
v 0.219322 0.566662 0.626293
v 0.280391 0.042165 0.843547
v 0.291842 0.078621 0.806150
v 0.280391 0.036456 0.783089
v 0.291842 -0.000000 0.816576
v 0.249857 0.071795 0.764837
v 0.219322 0.036456 0.783089
v 0.249857 -0.000000 0.774859
v 0.207871 0.078621 0.806150
v 0.219322 0.042165 0.843547
v 0.207871 -0.000000 0.816576
v 0.249857 0.085447 0.847463
v 0.249857 -0.000000 0.858292
v 0.280391 0.123765 0.828291
v 0.291842 0.157242 0.790511
v 0.280391 0.112099 0.768370
v 0.249857 0.149052 0.749333
v 0.219322 0.112099 0.768370
v 0.207871 0.157242 0.790511
v 0.219322 0.123765 0.828290
v 0.249857 0.165433 0.831689
v 0.280391 0.202629 0.812603
v 0.291842 0.235864 0.774872
v 0.280391 0.190477 0.752780
v 0.249857 0.226360 0.734092
v 0.219322 0.190477 0.752780
v 0.207871 0.235864 0.774872
v 0.219322 0.202629 0.812603
v 0.249857 0.245367 0.815652
v 0.280391 0.283856 0.795471
v 0.280391 0.265994 0.737431
v 0.219322 0.265994 0.737431
v 0.219322 0.283856 0.795471
v 0.280391 -0.283856 0.795471
v 0.291842 -0.235864 0.774872
v 0.280391 -0.265994 0.737431
v 0.291842 -0.312490 0.754417
v 0.249857 -0.226360 0.734092
v 0.219322 -0.265994 0.737431
v 0.249857 -0.296526 0.715877
v 0.207871 -0.235864 0.774872
v 0.219322 -0.283856 0.795471
v 0.207871 -0.312490 0.754417
v 0.249857 -0.245367 0.815652
v 0.249857 -0.328454 0.792958
v 0.280391 -0.202629 0.812603
v 0.291842 -0.157243 0.790511
v 0.280391 -0.190477 0.752780
v 0.249857 -0.149052 0.749333
v 0.219322 -0.190477 0.752780
v 0.207871 -0.157243 0.790511
v 0.219322 -0.202629 0.812603
v 0.249857 -0.165433 0.831689
v 0.280391 -0.123765 0.828291
v 0.291842 -0.078621 0.806150
v 0.280391 -0.112099 0.768370
v 0.249857 -0.071796 0.764837
v 0.219322 -0.112099 0.768370
v 0.207871 -0.078621 0.806150
v 0.219322 -0.123765 0.828290
v 0.249857 -0.085447 0.847463
v 0.280391 -0.042165 0.843547
v 0.280391 -0.036456 0.783089
v 0.219322 -0.036456 0.783089
v 0.219322 -0.042165 0.843547
v 0.280391 -0.566662 0.626293
v 0.291842 -0.514441 0.625628
v 0.280391 -0.527949 0.579506
v 0.291842 -0.577406 0.577406
v 0.249857 -0.490054 0.591588
v 0.219322 -0.527949 0.579506
v 0.249857 -0.547909 0.547908
v 0.207872 -0.514441 0.625628
v 0.219322 -0.566662 0.626293
v 0.207872 -0.577406 0.577406
v 0.249857 -0.538827 0.659667
v 0.249857 -0.606904 0.606904
v 0.280391 -0.498175 0.673205
v 0.291842 -0.447789 0.670163
v 0.280391 -0.464054 0.622586
v 0.249857 -0.424463 0.635254
v 0.219322 -0.464054 0.622586
v 0.207871 -0.447789 0.670163
v 0.219322 -0.498175 0.673205
v 0.249857 -0.471114 0.705072
v 0.280391 -0.431317 0.717878
v 0.291842 -0.381137 0.714698
v 0.280391 -0.397609 0.666983
v 0.249857 -0.359021 0.679142
v 0.219322 -0.397609 0.666983
v 0.207871 -0.381137 0.714698
v 0.219322 -0.431317 0.717878
v 0.249857 -0.403253 0.750254
v 0.280391 -0.361767 0.763199
v 0.280391 -0.333356 0.709528
v 0.219322 -0.333356 0.709528
v 0.219322 -0.361767 0.763199
v 0.280391 -0.763200 0.361767
v 0.291842 -0.714698 0.381137
v 0.280391 -0.709528 0.333356
v 0.291842 -0.754418 0.312490
v 0.249857 -0.679143 0.359021
v 0.219322 -0.709528 0.333356
v 0.249857 -0.715877 0.296526
v 0.207872 -0.714698 0.381137
v 0.219322 -0.763200 0.361767
v 0.207872 -0.754418 0.312490
v 0.249857 -0.750254 0.403252
v 0.249857 -0.792958 0.328454
v 0.280391 -0.717878 0.431317
v 0.291842 -0.670163 0.447788
v 0.280391 -0.666983 0.397608
v 0.249857 -0.635254 0.424463
v 0.219322 -0.666983 0.397608
v 0.207872 -0.670163 0.447788
v 0.219322 -0.717878 0.431317
v 0.249857 -0.705072 0.471114
v 0.280391 -0.673205 0.498175
v 0.291842 -0.625628 0.514440
v 0.280391 -0.622586 0.464054
v 0.249857 -0.591589 0.490054
v 0.219322 -0.622586 0.464054
v 0.207872 -0.625628 0.514440
v 0.219322 -0.673205 0.498175
v 0.249857 -0.659667 0.538826
v 0.280391 -0.626293 0.566662
v 0.280391 -0.579506 0.527949
v 0.219322 -0.579506 0.527949
v 0.219322 -0.626293 0.566662
v 0.280391 -0.843547 0.042165
v 0.291842 -0.806150 0.078621
v 0.280391 -0.783089 0.036456
v 0.291842 -0.816576 -0.000000
v 0.249857 -0.764837 0.071795
v 0.219322 -0.783089 0.036456
v 0.249857 -0.774860 -0.000000
v 0.207872 -0.806150 0.078621
v 0.219322 -0.843547 0.042165
v 0.207872 -0.816576 -0.000000
v 0.249857 -0.847463 0.085447
v 0.249857 -0.858292 -0.000000
v 0.280391 -0.828291 0.123765
v 0.291842 -0.790511 0.157242
v 0.280391 -0.768371 0.112099
v 0.249857 -0.749333 0.149051
v 0.219322 -0.768371 0.112099
v 0.207872 -0.790511 0.157242
v 0.219322 -0.828291 0.123765
v 0.249857 -0.831690 0.165433
v 0.280391 -0.812604 0.202629
v 0.291842 -0.774873 0.235864
v 0.280391 -0.752780 0.190477
v 0.249857 -0.734092 0.226360
v 0.219322 -0.752780 0.190477
v 0.207872 -0.774873 0.235864
v 0.219322 -0.812604 0.202629
v 0.249857 -0.815653 0.245367
v 0.280391 -0.795471 0.283856
v 0.280391 -0.737431 0.265994
v 0.219322 -0.737431 0.265994
v 0.219322 -0.795471 0.283856
v 0.280391 -0.795471 -0.283856
v 0.291842 -0.774873 -0.235864
v 0.280391 -0.737431 -0.265994
v 0.291842 -0.754418 -0.312490
v 0.249857 -0.734092 -0.226360
v 0.219322 -0.737431 -0.265994
v 0.249857 -0.715877 -0.296526
v 0.207872 -0.774873 -0.235864
v 0.219322 -0.795471 -0.283856
v 0.207872 -0.754418 -0.312490
v 0.249857 -0.815653 -0.245367
v 0.249857 -0.792958 -0.328454
v 0.280391 -0.812604 -0.202630
v 0.291842 -0.790511 -0.157243
v 0.280391 -0.752780 -0.190477
v 0.249857 -0.749333 -0.149052
v 0.219322 -0.752780 -0.190477
v 0.207872 -0.790511 -0.157243
v 0.219322 -0.812604 -0.202630
v 0.249857 -0.831690 -0.165433
v 0.280391 -0.828291 -0.123765
v 0.291842 -0.806150 -0.078621
v 0.280391 -0.768371 -0.112099
v 0.249857 -0.764837 -0.071796
v 0.219322 -0.768371 -0.112099
v 0.207872 -0.806150 -0.078621
v 0.219322 -0.828291 -0.123765
v 0.249857 -0.847463 -0.085447
v 0.280391 -0.843547 -0.042165
v 0.280391 -0.783089 -0.036456
v 0.219322 -0.783089 -0.036456
v 0.219322 -0.843547 -0.042165
v 0.280391 -0.626293 -0.566663
v 0.291842 -0.625628 -0.514441
v 0.280391 -0.579506 -0.527949
v 0.291842 -0.577406 -0.577406
v 0.249857 -0.591589 -0.490055
v 0.219322 -0.579506 -0.527949
v 0.249857 -0.547909 -0.547909
v 0.207872 -0.625628 -0.514441
v 0.219322 -0.626293 -0.566663
v 0.207872 -0.577406 -0.577406
v 0.249857 -0.659667 -0.538827
v 0.249857 -0.606904 -0.606904
v 0.280391 -0.673205 -0.498175
v 0.291842 -0.670163 -0.447789
v 0.280391 -0.622586 -0.464054
v 0.249857 -0.635254 -0.424463
v 0.219322 -0.622586 -0.464054
v 0.207872 -0.670163 -0.447789
v 0.219322 -0.673205 -0.498175
v 0.249857 -0.705072 -0.471114
v 0.280391 -0.717878 -0.431317
v 0.291842 -0.714699 -0.381137
v 0.280391 -0.666984 -0.397609
v 0.249857 -0.679143 -0.359021
v 0.219322 -0.666984 -0.397609
v 0.207872 -0.714699 -0.381137
v 0.219322 -0.717878 -0.431317
v 0.249857 -0.750254 -0.403253
v 0.280391 -0.763200 -0.361767
v 0.280391 -0.709529 -0.333356
v 0.219322 -0.709529 -0.333356
v 0.219322 -0.763200 -0.361767
v 0.280391 -0.361767 -0.763200
v 0.291842 -0.381137 -0.714699
v 0.280391 -0.333356 -0.709529
v 0.291842 -0.312490 -0.754418
v 0.249857 -0.359021 -0.679143
v 0.219322 -0.333356 -0.709529
v 0.249857 -0.296526 -0.715877
v 0.207872 -0.381137 -0.714699
v 0.219322 -0.361767 -0.763200
v 0.207872 -0.312490 -0.754418
v 0.249857 -0.403253 -0.750255
v 0.249857 -0.328454 -0.792959
v 0.280391 -0.431317 -0.717878
v 0.291842 -0.447789 -0.670163
v 0.280391 -0.397609 -0.666984
v 0.249857 -0.424463 -0.635254
v 0.219322 -0.397609 -0.666984
v 0.207872 -0.447789 -0.670163
v 0.219322 -0.431317 -0.717878
v 0.249857 -0.471114 -0.705072
v 0.280391 -0.498175 -0.673205
v 0.291842 -0.514441 -0.625628
v 0.280391 -0.464054 -0.622586
v 0.249857 -0.490055 -0.591589
v 0.219322 -0.464054 -0.622586
v 0.207872 -0.514441 -0.625628
v 0.219322 -0.498175 -0.673205
v 0.249857 -0.538827 -0.659667
v 0.280391 -0.566663 -0.626293
v 0.280391 -0.527949 -0.579506
v 0.219322 -0.527949 -0.579506
v 0.219322 -0.566663 -0.626293
v 0.280391 -0.042165 -0.843547
v 0.291842 -0.078621 -0.806150
v 0.280391 -0.036456 -0.783089
v 0.291842 0.000000 -0.816576
v 0.249857 -0.071796 -0.764838
v 0.219322 -0.036456 -0.783089
v 0.249857 0.000000 -0.774860
v 0.207872 -0.078621 -0.806150
v 0.219322 -0.042165 -0.843547
v 0.207872 0.000000 -0.816576
v 0.249857 -0.085447 -0.847463
v 0.249857 0.000000 -0.858292
v 0.280391 -0.123765 -0.828291
v 0.291842 -0.157243 -0.790511
v 0.280391 -0.112099 -0.768371
v 0.249857 -0.149052 -0.749333
v 0.219322 -0.112099 -0.768371
v 0.207872 -0.157243 -0.790511
v 0.219322 -0.123765 -0.828291
v 0.249857 -0.165433 -0.831690
v 0.280391 -0.202630 -0.812604
v 0.291842 -0.235864 -0.774873
v 0.280391 -0.190477 -0.752780
v 0.249857 -0.226360 -0.734093
v 0.219322 -0.190477 -0.752780
v 0.207872 -0.235864 -0.774873
v 0.219322 -0.202630 -0.812604
v 0.249857 -0.245367 -0.815653
v 0.280391 -0.283856 -0.795472
v 0.280391 -0.265994 -0.737431
v 0.219322 -0.265994 -0.737431
v 0.219322 -0.283856 -0.795472
v 0.280391 0.283856 -0.795472
v 0.291842 0.235864 -0.774873
v 0.280391 0.265994 -0.737431
v 0.291842 0.312490 -0.754418
v 0.249857 0.226360 -0.734093
v 0.219322 0.265994 -0.737431
v 0.249857 0.296526 -0.715877
v 0.207872 0.235864 -0.774873
v 0.219322 0.283856 -0.795472
v 0.207872 0.312490 -0.754418
v 0.249857 0.245367 -0.815653
v 0.249857 0.328454 -0.792958
v 0.280391 0.202630 -0.812604
v 0.291842 0.157243 -0.790511
v 0.280391 0.190477 -0.752780
v 0.249857 0.149052 -0.749333
v 0.219322 0.190477 -0.752780
v 0.207872 0.157243 -0.790512
v 0.219322 0.202630 -0.812604
v 0.249857 0.165433 -0.831690
v 0.280391 0.123765 -0.828291
v 0.291842 0.078621 -0.806150
v 0.280391 0.112099 -0.768371
v 0.249857 0.071796 -0.764837
v 0.219322 0.112099 -0.768371
v 0.207872 0.078621 -0.806150
v 0.219322 0.123765 -0.828291
v 0.249857 0.085447 -0.847463
v 0.280391 0.042165 -0.843547
v 0.280391 0.036456 -0.783089
v 0.219322 0.036456 -0.783089
v 0.219322 0.042165 -0.843547
v 0.280391 0.566663 -0.626293
v 0.291842 0.514441 -0.625628
v 0.280391 0.527949 -0.579506
v 0.291842 0.577407 -0.577406
v 0.249857 0.490055 -0.591589
v 0.219322 0.527949 -0.579506
v 0.249857 0.547909 -0.547909
v 0.207872 0.514441 -0.625628
v 0.219322 0.566663 -0.626293
v 0.207872 0.577407 -0.577406
v 0.249857 0.538827 -0.659667
v 0.249857 0.606904 -0.606904
v 0.280391 0.498175 -0.673205
v 0.291842 0.447789 -0.670163
v 0.280391 0.464054 -0.622586
v 0.249857 0.424463 -0.635254
v 0.219322 0.464054 -0.622586
v 0.207872 0.447789 -0.670163
v 0.219322 0.498175 -0.673205
v 0.249857 0.471114 -0.705072
v 0.280391 0.431317 -0.717878
v 0.291842 0.381137 -0.714699
v 0.280391 0.397609 -0.666984
v 0.249857 0.359021 -0.679143
v 0.219322 0.397609 -0.666984
v 0.207872 0.381137 -0.714699
v 0.219322 0.431317 -0.717878
v 0.249857 0.403253 -0.750255
v 0.280391 0.361767 -0.763200
v 0.280391 0.333356 -0.709529
v 0.219322 0.333356 -0.709529
v 0.219322 0.361767 -0.763200
v 0.280391 0.763200 -0.361767
v 0.291842 0.714699 -0.381137
v 0.280391 0.709529 -0.333356
v 0.291842 0.754418 -0.312490
v 0.249857 0.679143 -0.359021
v 0.219322 0.709529 -0.333356
v 0.249857 0.715877 -0.296526
v 0.207872 0.714699 -0.381137
v 0.219322 0.763200 -0.361767
v 0.207872 0.754418 -0.312490
v 0.249857 0.750255 -0.403253
v 0.249857 0.792959 -0.328454
v 0.280391 0.717878 -0.431317
v 0.291842 0.670163 -0.447789
v 0.280391 0.666984 -0.397609
v 0.249857 0.635254 -0.424463
v 0.219322 0.666984 -0.397609
v 0.207872 0.670163 -0.447789
v 0.219322 0.717878 -0.431317
v 0.249857 0.705073 -0.471114
v 0.280391 0.673205 -0.498175
v 0.291842 0.625628 -0.514441
v 0.280391 0.622586 -0.464054
v 0.249857 0.591589 -0.490054
v 0.219322 0.622586 -0.464054
v 0.207872 0.625628 -0.514441
v 0.219322 0.673205 -0.498175
v 0.249857 0.659667 -0.538827
v 0.280391 0.626293 -0.566662
v 0.280391 0.579506 -0.527949
v 0.219322 0.579506 -0.527949
v 0.219322 0.626293 -0.566662
v 0.280391 0.843547 -0.042165
v 0.291842 0.806150 -0.078621
v 0.280391 0.783089 -0.036456
v 0.249857 0.764837 -0.071796
v 0.219322 0.783089 -0.036456
v 0.207872 0.806150 -0.078621
v 0.219322 0.843547 -0.042165
v 0.249857 0.847463 -0.085447
v 0.280391 0.828291 -0.123765
v 0.291842 0.790511 -0.157243
v 0.280391 0.768371 -0.112099
v 0.249857 0.749333 -0.149052
v 0.219322 0.768371 -0.112099
v 0.207872 0.790511 -0.157243
v 0.219322 0.828291 -0.123765
v 0.249857 0.831690 -0.165433
v 0.280391 0.812604 -0.202629
v 0.291842 0.774873 -0.235864
v 0.280391 0.752780 -0.190477
v 0.249857 0.734093 -0.226360
v 0.219322 0.752780 -0.190477
v 0.207872 0.774873 -0.235864
v 0.219322 0.812604 -0.202629
v 0.249857 0.815653 -0.245367
v 0.280391 0.795472 -0.283856
v 0.280391 0.737431 -0.265994
v 0.219322 0.737431 -0.265994
v 0.219322 0.795472 -0.283856
v 0.291842 0.766451 0.274925
v 0.249857 0.726548 0.262645
v 0.207872 0.766451 0.274925
v 0.249857 0.806354 0.287205
v 0.291842 0.782692 0.196553
v 0.249857 0.741563 0.188198
v 0.207872 0.782692 0.196553
v 0.249857 0.823820 0.204908
v 0.291842 0.798331 0.117932
v 0.249857 0.757136 0.109911
v 0.207872 0.798331 0.117932
v 0.249857 0.839526 0.125952
v 0.291842 0.813318 0.039310
v 0.249857 0.771753 0.035386
v 0.207872 0.813318 0.039310
v 0.249857 0.854883 0.043235
v 0.291842 0.602899 0.547305
v 0.249857 0.570733 0.520690
v 0.207872 0.602899 0.547305
v 0.249857 0.635065 0.573921
v 0.291842 0.647895 0.481114
v 0.249857 0.613095 0.457656
v 0.207872 0.647895 0.481114
v 0.249857 0.682696 0.504573
v 0.291842 0.692431 0.414463
v 0.249857 0.657441 0.391288
v 0.207872 0.692431 0.414463
v 0.249857 0.727421 0.437637
v 0.291842 0.736364 0.347561
v 0.249857 0.699465 0.328029
v 0.207872 0.736364 0.347561
v 0.249857 0.773263 0.367094
v 0.291842 0.347561 0.736364
v 0.249857 0.328029 0.699465
v 0.207871 0.347562 0.736364
v 0.249857 0.367094 0.773263
v 0.291842 0.414463 0.692430
v 0.249857 0.391288 0.657440
v 0.207872 0.414463 0.692430
v 0.249857 0.437637 0.727421
v 0.291842 0.481115 0.647895
v 0.249857 0.457656 0.613095
v 0.207872 0.481115 0.647895
v 0.249857 0.504573 0.682696
v 0.291842 0.547306 0.602899
v 0.249857 0.520690 0.570733
v 0.207872 0.547306 0.602899
v 0.249857 0.573921 0.635065
v 0.291842 0.039311 0.813318
v 0.249857 0.035386 0.771753
v 0.207871 0.039311 0.813318
v 0.249857 0.043235 0.854882
v 0.291842 0.117932 0.798330
v 0.249857 0.109912 0.757135
v 0.207871 0.117932 0.798330
v 0.249857 0.125952 0.839526
v 0.291842 0.196553 0.782692
v 0.249857 0.188198 0.741563
v 0.207871 0.196553 0.782692
v 0.249857 0.204908 0.823820
v 0.291842 0.274925 0.766451
v 0.249857 0.262645 0.726548
v 0.207871 0.274925 0.766451
v 0.249857 0.287205 0.806354
v 0.291842 -0.274925 0.766451
v 0.249857 -0.262645 0.726548
v 0.207871 -0.274925 0.766451
v 0.249857 -0.287205 0.806354
v 0.291842 -0.196553 0.782692
v 0.249857 -0.188198 0.741563
v 0.207871 -0.196553 0.782692
v 0.249857 -0.204908 0.823820
v 0.291842 -0.117932 0.798330
v 0.249857 -0.109912 0.757135
v 0.207871 -0.117932 0.798330
v 0.249857 -0.125952 0.839526
v 0.291842 -0.039311 0.813318
v 0.249857 -0.035386 0.771753
v 0.207871 -0.039311 0.813318
v 0.249857 -0.043235 0.854882
v 0.291842 -0.547306 0.602899
v 0.249857 -0.520690 0.570733
v 0.207872 -0.547306 0.602899
v 0.249857 -0.573921 0.635065
v 0.291842 -0.481115 0.647895
v 0.249857 -0.457656 0.613095
v 0.207872 -0.481115 0.647895
v 0.249857 -0.504573 0.682696
v 0.291842 -0.414463 0.692430
v 0.249857 -0.391288 0.657440
v 0.207872 -0.414463 0.692430
v 0.249857 -0.437637 0.727421
v 0.291842 -0.347562 0.736364
v 0.249857 -0.328029 0.699465
v 0.207871 -0.347562 0.736364
v 0.249857 -0.367094 0.773263
v 0.291842 -0.736364 0.347561
v 0.249857 -0.699465 0.328029
v 0.207872 -0.736364 0.347561
v 0.249857 -0.773263 0.367094
v 0.291842 -0.692431 0.414463
v 0.249857 -0.657441 0.391288
v 0.207872 -0.692431 0.414463
v 0.249857 -0.727421 0.437637
v 0.291842 -0.647895 0.481114
v 0.249857 -0.613095 0.457656
v 0.207872 -0.647895 0.481114
v 0.249857 -0.682696 0.504573
v 0.291842 -0.602899 0.547305
v 0.249857 -0.570733 0.520690
v 0.207872 -0.602899 0.547305
v 0.249857 -0.635065 0.573921
v 0.291842 -0.813318 0.039310
v 0.249857 -0.771753 0.035386
v 0.207872 -0.813318 0.039310
v 0.249857 -0.854883 0.043235
v 0.291842 -0.798331 0.117932
v 0.249857 -0.757136 0.109911
v 0.207872 -0.798331 0.117932
v 0.249857 -0.839526 0.125952
v 0.291842 -0.782692 0.196553
v 0.249857 -0.741563 0.188198
v 0.207872 -0.782692 0.196553
v 0.249857 -0.823820 0.204908
v 0.291842 -0.766451 0.274925
v 0.249857 -0.726548 0.262645
v 0.207872 -0.766451 0.274925
v 0.249857 -0.806354 0.287205
v 0.291842 -0.766451 -0.274925
v 0.249857 -0.726548 -0.262645
v 0.207872 -0.766451 -0.274925
v 0.249857 -0.806354 -0.287205
v 0.291842 -0.782692 -0.196553
v 0.249857 -0.741563 -0.188198
v 0.207872 -0.782692 -0.196553
v 0.249857 -0.823820 -0.204908
v 0.291842 -0.798331 -0.117932
v 0.249857 -0.757136 -0.109912
v 0.207872 -0.798331 -0.117932
v 0.249857 -0.839526 -0.125952
v 0.291842 -0.813318 -0.039311
v 0.249857 -0.771753 -0.035386
v 0.207872 -0.813318 -0.039311
v 0.249857 -0.854883 -0.043236
v 0.291842 -0.602899 -0.547306
v 0.249857 -0.570733 -0.520690
v 0.207872 -0.602899 -0.547306
v 0.249857 -0.635065 -0.573921
v 0.291842 -0.647896 -0.481115
v 0.249857 -0.613095 -0.457656
v 0.207872 -0.647896 -0.481115
v 0.249857 -0.682696 -0.504573
v 0.291842 -0.692431 -0.414463
v 0.249857 -0.657441 -0.391288
v 0.207872 -0.692431 -0.414463
v 0.249857 -0.727421 -0.437637
v 0.291842 -0.736364 -0.347562
v 0.249857 -0.699465 -0.328029
v 0.207872 -0.736364 -0.347562
v 0.249857 -0.773263 -0.367094
v 0.291842 -0.347562 -0.736364
v 0.249857 -0.328029 -0.699465
v 0.207872 -0.347562 -0.736364
v 0.249857 -0.367094 -0.773263
v 0.291842 -0.414463 -0.692431
v 0.249857 -0.391288 -0.657441
v 0.207872 -0.414463 -0.692431
v 0.249857 -0.437637 -0.727421
v 0.291842 -0.481115 -0.647896
v 0.249857 -0.457657 -0.613095
v 0.207872 -0.481115 -0.647896
v 0.249857 -0.504573 -0.682696
v 0.291842 -0.547306 -0.602899
v 0.249857 -0.520690 -0.570733
v 0.207872 -0.547306 -0.602899
v 0.249857 -0.573921 -0.635065
v 0.291842 -0.039311 -0.813318
v 0.249857 -0.035386 -0.771753
v 0.207872 -0.039311 -0.813318
v 0.249857 -0.043235 -0.854883
v 0.291842 -0.117932 -0.798331
v 0.249857 -0.109912 -0.757136
v 0.207872 -0.117932 -0.798331
v 0.249857 -0.125952 -0.839526
v 0.291842 -0.196553 -0.782692
v 0.249857 -0.188198 -0.741564
v 0.207872 -0.196553 -0.782692
v 0.249857 -0.204908 -0.823821
v 0.291842 -0.274925 -0.766451
v 0.249857 -0.262645 -0.726548
v 0.207872 -0.274925 -0.766451
v 0.249857 -0.287205 -0.806354
v 0.291842 0.274925 -0.766451
v 0.249857 0.262645 -0.726548
v 0.207872 0.274925 -0.766451
v 0.249857 0.287205 -0.806354
v 0.291842 0.196553 -0.782692
v 0.249857 0.188198 -0.741563
v 0.207872 0.196553 -0.782692
v 0.249857 0.204908 -0.823821
v 0.291842 0.117932 -0.798331
v 0.249857 0.109912 -0.757136
v 0.207872 0.117932 -0.798331
v 0.249857 0.125952 -0.839526
v 0.291842 0.039311 -0.813318
v 0.249857 0.035386 -0.771753
v 0.207872 0.039311 -0.813318
v 0.249857 0.043235 -0.854883
v 0.291842 0.547306 -0.602899
v 0.249857 0.520690 -0.570733
v 0.207872 0.547306 -0.602899
v 0.249857 0.573921 -0.635065
v 0.291842 0.481115 -0.647895
v 0.249857 0.457656 -0.613095
v 0.207872 0.481115 -0.647895
v 0.249857 0.504573 -0.682696
v 0.291842 0.414463 -0.692431
v 0.249857 0.391288 -0.657441
v 0.207872 0.414463 -0.692431
v 0.249857 0.437637 -0.727421
v 0.291842 0.347562 -0.736364
v 0.249857 0.328029 -0.699465
v 0.207872 0.347562 -0.736364
v 0.249857 0.367094 -0.773263
v 0.291842 0.736364 -0.347561
v 0.249857 0.699465 -0.328029
v 0.207872 0.736364 -0.347561
v 0.249857 0.773263 -0.367094
v 0.291842 0.692431 -0.414463
v 0.249857 0.657441 -0.391288
v 0.207872 0.692431 -0.414463
v 0.249857 0.727421 -0.437637
v 0.291842 0.647896 -0.481115
v 0.249857 0.613095 -0.457656
v 0.207872 0.647896 -0.481115
v 0.249857 0.682696 -0.504573
v 0.291842 0.602899 -0.547306
v 0.249857 0.570734 -0.520690
v 0.207872 0.602899 -0.547306
v 0.249857 0.635065 -0.573921
v 0.291842 0.813318 -0.039311
v 0.249857 0.771753 -0.035386
v 0.207872 0.813318 -0.039311
v 0.249857 0.854883 -0.043236
v 0.291842 0.798331 -0.117932
v 0.249857 0.757136 -0.109912
v 0.207872 0.798331 -0.117932
v 0.249857 0.839526 -0.125952
v 0.291842 0.782692 -0.196553
v 0.249857 0.741563 -0.188198
v 0.207872 0.782692 -0.196553
v 0.249857 0.823821 -0.204908
v 0.291842 0.766451 -0.274925
v 0.249857 0.726548 -0.262645
v 0.207872 0.766451 -0.274925
v 0.249857 0.806354 -0.287205
vn -0.6957 -0.7183 -0.0000
vn -0.7176 0.6964 -0.0000
vn 0.7176 0.6964 -0.0000
vn 0.6957 -0.7183 -0.0000
vn -0.6957 -0.6636 -0.2749
vn -0.7176 0.6434 0.2665
vn 0.7176 0.6434 0.2665
vn 0.6957 -0.6636 -0.2749
vn -0.6957 -0.5079 -0.5079
vn -0.7176 0.4924 0.4924
vn 0.7176 0.4924 0.4924
vn 0.6957 -0.5079 -0.5079
vn -0.6957 -0.2749 -0.6636
vn -0.7176 0.2665 0.6434
vn 0.7176 0.2665 0.6434
vn 0.6957 -0.2749 -0.6636
vn -0.6957 -0.0000 -0.7183
vn -0.7176 -0.0000 0.6964
vn 0.7176 -0.0000 0.6964
vn 0.6957 -0.0000 -0.7183
vn -0.6957 0.2749 -0.6636
vn -0.7176 -0.2665 0.6434
vn 0.7176 -0.2665 0.6434
vn 0.6957 0.2749 -0.6636
vn -0.6957 0.5079 -0.5079
vn -0.7176 -0.4924 0.4924
vn 0.7176 -0.4924 0.4924
vn 0.6957 0.5079 -0.5079
vn -0.6957 0.6636 -0.2749
vn -0.7176 -0.6434 0.2665
vn 0.7176 -0.6434 0.2665
vn 0.6957 0.6636 -0.2749
vn -0.6957 0.7183 -0.0000
vn -0.7176 -0.6964 -0.0000
vn 0.7176 -0.6964 -0.0000
vn 0.6957 0.7183 -0.0000
vn -0.6957 0.6636 0.2749
vn -0.7176 -0.6434 -0.2665
vn 0.7176 -0.6434 -0.2665
vn 0.6957 0.6636 0.2749
vn -0.6957 0.5079 0.5079
vn -0.7176 -0.4924 -0.4924
vn 0.7176 -0.4924 -0.4924
vn 0.6957 0.5079 0.5079
vn -0.6957 0.2749 0.6636
vn -0.7176 -0.2665 -0.6434
vn 0.7176 -0.2665 -0.6434
vn 0.6957 0.2749 0.6636
vn -0.6957 -0.0000 0.7183
vn -0.7176 -0.0000 -0.6964
vn 0.7176 -0.0000 -0.6964
vn 0.6957 -0.0000 0.7183
vn -0.6957 -0.2749 0.6636
vn -0.7176 0.2665 -0.6434
vn 0.7176 0.2665 -0.6434
vn 0.6957 -0.2749 0.6636
vn -0.6957 -0.5079 0.5079
vn -0.7176 0.4924 -0.4924
vn 0.7176 0.4924 -0.4924
vn 0.6957 -0.5079 0.5079
vn -0.6957 -0.6636 0.2749
vn -0.7176 0.6434 -0.2665
vn 0.7176 0.6434 -0.2665
vn 0.6957 -0.6636 0.2749
vn -0.7050 -0.6940 -0.1463
vn -0.7070 0.6930 0.1409
vn 0.7070 0.6930 0.1409
vn 0.7050 -0.6940 -0.1463
vn -0.7070 -0.6936 -0.1380
vn -0.7070 0.6936 0.1380
vn 0.7070 0.6936 0.1380
vn 0.7070 -0.6936 -0.1380
vn -0.7050 -0.6971 -0.1304
vn -0.7070 0.6942 0.1350
vn 0.7070 0.6942 0.1350
vn 0.7050 -0.6971 -0.1304
vn -0.7050 -0.5852 -0.4007
vn -0.7070 0.5863 0.3954
vn 0.7070 0.5863 0.3954
vn 0.7050 -0.5852 -0.4007
vn -0.7070 -0.5880 -0.3929
vn -0.7070 0.5880 0.3929
vn 0.7070 0.5880 0.3929
vn 0.7070 -0.5880 -0.3929
vn -0.7050 -0.5941 -0.3873
vn -0.7070 0.5897 0.3904
vn 0.7070 0.5897 0.3904
vn 0.7050 -0.5941 -0.3873
vn -0.7050 -0.3873 -0.5941
vn -0.7070 0.3904 0.5897
vn 0.7070 0.3904 0.5897
vn 0.7050 -0.3873 -0.5941
vn -0.7070 -0.3929 -0.5880
vn -0.7070 0.3929 0.5880
vn 0.7070 0.3929 0.5880
vn 0.7070 -0.3929 -0.5880
vn -0.7050 -0.4007 -0.5852
vn -0.7070 0.3954 0.5863
vn 0.7070 0.3954 0.5863
vn 0.7050 -0.4007 -0.5852
vn -0.7050 -0.1304 -0.6971
vn -0.7070 0.1350 0.6942
vn 0.7070 0.1350 0.6942
vn 0.7050 -0.1304 -0.6971
vn -0.7070 -0.1380 -0.6936
vn -0.7070 0.1380 0.6936
vn 0.7070 0.1380 0.6936
vn 0.7070 -0.1380 -0.6936
vn -0.7050 -0.1463 -0.6940
vn -0.7070 0.1409 0.6930
vn 0.7070 0.1409 0.6930
vn 0.7050 -0.1463 -0.6940
vn -0.7050 0.1463 -0.6940
vn -0.7070 -0.1409 0.6930
vn 0.7070 -0.1409 0.6930
vn 0.7050 0.1463 -0.6940
vn -0.7070 0.1380 -0.6936
vn -0.7070 -0.1380 0.6936
vn 0.7070 -0.1380 0.6936
vn 0.7070 0.1380 -0.6936
vn -0.7050 0.1304 -0.6971
vn -0.7070 -0.1350 0.6942
vn 0.7070 -0.1350 0.6942
vn 0.7050 0.1304 -0.6971
vn -0.7050 0.4007 -0.5852
vn -0.7070 -0.3954 0.5863
vn 0.7070 -0.3954 0.5863
vn 0.7050 0.4007 -0.5852
vn -0.7070 0.3929 -0.5880
vn -0.7070 -0.3929 0.5880
vn 0.7070 -0.3929 0.5880
vn 0.7070 0.3929 -0.5880
vn -0.7050 0.3873 -0.5941
vn -0.7070 -0.3904 0.5897
vn 0.7070 -0.3904 0.5897
vn 0.7050 0.3873 -0.5941
vn -0.7050 0.5941 -0.3873
vn -0.7070 -0.5897 0.3904
vn 0.7070 -0.5897 0.3904
vn 0.7050 0.5941 -0.3873
vn -0.7070 0.5880 -0.3929
vn -0.7070 -0.5880 0.3929
vn 0.7070 -0.5880 0.3929
vn 0.7070 0.5880 -0.3929
vn -0.7050 0.5852 -0.4007
vn -0.7070 -0.5863 0.3954
vn 0.7070 -0.5863 0.3954
vn 0.7050 0.5852 -0.4007
vn -0.7050 0.6971 -0.1304
vn -0.7070 -0.6942 0.1350
vn 0.7070 -0.6942 0.1350
vn 0.7050 0.6971 -0.1304
vn -0.7070 0.6936 -0.1380
vn -0.7070 -0.6936 0.1380
vn 0.7070 -0.6936 0.1380
vn 0.7070 0.6936 -0.1380
vn -0.7050 0.6940 -0.1463
vn -0.7070 -0.6930 0.1409
vn 0.7070 -0.6930 0.1409
vn 0.7050 0.6940 -0.1463
vn -0.7050 0.6940 0.1463
vn -0.7070 -0.6930 -0.1409
vn 0.7070 -0.6930 -0.1409
vn 0.7050 0.6940 0.1463
vn -0.7050 0.6971 0.1304
vn -0.7070 -0.6942 -0.1350
vn 0.7070 -0.6942 -0.1350
vn 0.7050 0.6971 0.1304
vn -0.7050 0.5852 0.4007
vn -0.7070 -0.5863 -0.3954
vn 0.7070 -0.5863 -0.3954
vn 0.7050 0.5852 0.4007
vn -0.7050 0.5941 0.3873
vn -0.7070 -0.5897 -0.3904
vn 0.7070 -0.5897 -0.3904
vn 0.7050 0.5941 0.3873
vn -0.7050 0.3873 0.5941
vn -0.7070 -0.3904 -0.5897
vn 0.7070 -0.3904 -0.5897
vn 0.7050 0.3873 0.5941
vn -0.7050 0.4007 0.5852
vn -0.7070 -0.3954 -0.5863
vn 0.7070 -0.3954 -0.5863
vn 0.7050 0.4007 0.5852
vn -0.7050 0.1304 0.6971
vn -0.7070 -0.1350 -0.6942
vn 0.7070 -0.1350 -0.6942
vn 0.7050 0.1304 0.6971
vn -0.7050 0.1463 0.6940
vn -0.7070 -0.1409 -0.6930
vn 0.7070 -0.1409 -0.6930
vn 0.7050 0.1463 0.6940
vn -0.7050 -0.1463 0.6940
vn -0.7070 0.1409 -0.6930
vn 0.7070 0.1409 -0.6930
vn 0.7050 -0.1463 0.6940
vn -0.7050 -0.1304 0.6971
vn -0.7070 0.1350 -0.6942
vn 0.7070 0.1350 -0.6942
vn 0.7050 -0.1304 0.6971
vn -0.7050 -0.4007 0.5852
vn -0.7070 0.3954 -0.5863
vn 0.7070 0.3954 -0.5863
vn 0.7050 -0.4007 0.5852
vn -0.7050 -0.3873 0.5941
vn -0.7070 0.3904 -0.5897
vn 0.7070 0.3904 -0.5897
vn 0.7050 -0.3873 0.5941
vn -0.7050 -0.5941 0.3873
vn -0.7070 0.5897 -0.3904
vn 0.7070 0.5897 -0.3904
vn 0.7050 -0.5941 0.3873
vn -0.7050 -0.5852 0.4007
vn -0.7070 0.5863 -0.3954
vn 0.7070 0.5863 -0.3954
vn 0.7050 -0.5852 0.4007
vn -0.7050 -0.6971 0.1304
vn -0.7070 0.6942 -0.1350
vn 0.7070 0.6942 -0.1350
vn 0.7050 -0.6971 0.1304
vn -0.7050 -0.6940 0.1463
vn -0.7070 0.6930 -0.1409
vn 0.7070 0.6930 -0.1409
vn 0.7050 -0.6940 0.1463
vn -0.6995 -0.6896 -0.1872
vn -1.0000 -0.0016 -0.0010
vn -0.7123 0.6788 0.1783
vn -0.9998 -0.0172 -0.0071
vn -0.0000 0.9801 0.1985
vn 0.7123 0.6788 0.1783
vn -0.0000 0.9239 0.3827
vn 1.0000 -0.0016 -0.0010
vn 0.6995 -0.6896 -0.1872
vn 0.9998 -0.0172 -0.0071
vn -0.0000 -0.9784 -0.2069
vn -0.0000 -0.9239 -0.3827
vn -0.7068 -0.6937 -0.1388
vn -1.0000 -0.0000 -0.0000
vn -0.7067 0.6940 0.1372
vn -0.0000 0.9808 0.1951
vn 0.7067 0.6940 0.1372
vn 1.0000 -0.0000 -0.0000
vn 0.7068 -0.6937 -0.1388
vn -0.0000 -0.9808 -0.1951
vn -0.7068 -0.6940 -0.1372
vn -1.0000 -0.0018 0.0003
vn -0.7067 0.6937 0.1389
vn -0.0000 0.9815 0.1916
vn 0.7067 0.6937 0.1389
vn 1.0000 -0.0018 0.0003
vn 0.7068 -0.6940 -0.1372
vn -0.0000 -0.9831 -0.1833
vn -0.6995 -0.7088 -0.0910
vn -0.9998 -0.0186 -0.0000
vn -0.7123 0.6954 0.0950
vn -0.0000 1.0000 -0.0000
vn 0.7123 0.6954 0.0950
vn 0.9998 -0.0186 -0.0000
vn 0.6995 -0.7088 -0.0910
vn -0.0000 -1.0000 -0.0000
vn -0.6995 -0.5655 -0.4369
vn -1.0000 -0.0011 -0.0015
vn -0.7123 0.5589 0.4245
vn -0.9998 -0.0131 -0.0131
vn -0.0000 0.8295 0.5585
vn 0.7123 0.5589 0.4245
vn -0.0000 0.7071 0.7071
vn 1.0000 -0.0011 -0.0015
vn 0.6995 -0.5655 -0.4369
vn 0.9998 -0.0131 -0.0131
vn -0.0000 -0.8247 -0.5655
vn -0.0000 -0.7071 -0.7071
vn -0.7068 -0.5878 -0.3937
vn -0.7067 0.5887 0.3923
vn -0.0000 0.8315 0.5556
vn 0.7067 0.5887 0.3923
vn 0.7068 -0.5878 -0.3937
vn -0.0000 -0.8315 -0.5556
vn -0.7068 -0.5887 -0.3923
vn -1.0000 -0.0018 -0.0004
vn -0.7067 0.5877 0.3938
vn -0.0000 0.8334 0.5526
vn 0.7067 0.5877 0.3938
vn 1.0000 -0.0018 -0.0004
vn 0.7068 -0.5887 -0.3923
vn -0.0000 -0.8381 -0.5455
vn -0.6995 -0.6200 -0.3553
vn -0.7123 0.6061 0.3539
vn 0.7123 0.6061 0.3539
vn 0.6995 -0.6200 -0.3553
vn -0.6995 -0.3553 -0.6200
vn -1.0000 -0.0004 -0.0018
vn -0.7123 0.3539 0.6061
vn -0.9998 -0.0071 -0.0172
vn -0.0000 0.5526 0.8334
vn 0.7123 0.3539 0.6061
vn -0.0000 0.3827 0.9239
vn 1.0000 -0.0004 -0.0018
vn 0.6995 -0.3553 -0.6200
vn 0.9998 -0.0071 -0.0172
vn -0.0000 -0.5455 -0.8381
vn -0.0000 -0.3827 -0.9239
vn -0.7068 -0.3923 -0.5887
vn -0.7067 0.3938 0.5877
vn -0.0000 0.5556 0.8315
vn 0.7067 0.3938 0.5877
vn 0.7068 -0.3923 -0.5887
vn -0.0000 -0.5556 -0.8315
vn -0.7068 -0.3937 -0.5878
vn -1.0000 -0.0015 -0.0011
vn -0.7067 0.3923 0.5887
vn -0.0000 0.5585 0.8295
vn 0.7067 0.3923 0.5887
vn 1.0000 -0.0015 -0.0011
vn 0.7068 -0.3937 -0.5878
vn -0.0000 -0.5655 -0.8247
vn -0.6995 -0.4369 -0.5655
vn -0.7123 0.4245 0.5589
vn 0.7123 0.4245 0.5589
vn 0.6995 -0.4369 -0.5655
vn -0.6995 -0.0910 -0.7088
vn -1.0000 0.0003 -0.0018
vn -0.7123 0.0950 0.6954
vn -0.9998 -0.0000 -0.0186
vn -0.0000 0.1916 0.9815
vn 0.7123 0.0950 0.6954
vn -0.0000 -0.0000 1.0000
vn 1.0000 0.0003 -0.0018
vn 0.6995 -0.0910 -0.7088
vn 0.9998 -0.0000 -0.0186
vn -0.0000 -0.1833 -0.9831
vn -0.0000 -0.0000 -1.0000
vn -0.7068 -0.1372 -0.6940
vn -0.7067 0.1389 0.6937
vn -0.0000 0.1951 0.9808
vn 0.7067 0.1389 0.6937
vn 0.7068 -0.1372 -0.6940
vn -0.0000 -0.1951 -0.9808
vn -0.7068 -0.1388 -0.6937
vn -1.0000 -0.0010 -0.0016
vn -0.7067 0.1372 0.6940
vn -0.0000 0.1985 0.9801
vn 0.7067 0.1372 0.6940
vn 1.0000 -0.0010 -0.0016
vn 0.7068 -0.1388 -0.6937
vn -0.0000 -0.2069 -0.9784
vn -0.6995 -0.1872 -0.6896
vn -0.7123 0.1783 0.6788
vn 0.7123 0.1783 0.6788
vn 0.6995 -0.1872 -0.6896
vn -0.6995 0.1872 -0.6896
vn -1.0000 0.0010 -0.0016
vn -0.7123 -0.1783 0.6788
vn -0.9998 0.0071 -0.0172
vn -0.0000 -0.1985 0.9801
vn 0.7123 -0.1783 0.6788
vn -0.0000 -0.3827 0.9239
vn 1.0000 0.0010 -0.0016
vn 0.6995 0.1872 -0.6896
vn 0.9998 0.0071 -0.0172
vn -0.0000 0.2069 -0.9784
vn -0.0000 0.3827 -0.9239
vn -0.7068 0.1388 -0.6937
vn -0.7067 -0.1372 0.6940
vn -0.0000 -0.1951 0.9808
vn 0.7067 -0.1372 0.6940
vn 0.7068 0.1388 -0.6937
vn -0.0000 0.1951 -0.9808
vn -0.7068 0.1372 -0.6940
vn -1.0000 -0.0003 -0.0018
vn -0.7067 -0.1389 0.6937
vn -0.0000 -0.1916 0.9815
vn 0.7067 -0.1389 0.6937
vn 1.0000 -0.0003 -0.0018
vn 0.7068 0.1372 -0.6940
vn -0.0000 0.1833 -0.9831
vn -0.6995 0.0910 -0.7088
vn -0.7123 -0.0950 0.6954
vn 0.7123 -0.0950 0.6954
vn 0.6995 0.0910 -0.7088
vn -0.6995 0.4369 -0.5655
vn -1.0000 0.0015 -0.0011
vn -0.7123 -0.4245 0.5589
vn -0.9998 0.0131 -0.0131
vn -0.0000 -0.5585 0.8295
vn 0.7123 -0.4245 0.5589
vn -0.0000 -0.7071 0.7071
vn 1.0000 0.0015 -0.0011
vn 0.6995 0.4369 -0.5655
vn 0.9998 0.0131 -0.0131
vn -0.0000 0.5655 -0.8247
vn -0.0000 0.7071 -0.7071
vn -0.7068 0.3937 -0.5878
vn -0.7067 -0.3923 0.5887
vn -0.0000 -0.5556 0.8315
vn 0.7067 -0.3923 0.5887
vn 0.7068 0.3937 -0.5878
vn -0.0000 0.5556 -0.8315
vn -0.7068 0.3923 -0.5887
vn -1.0000 0.0004 -0.0018
vn -0.7067 -0.3938 0.5877
vn -0.0000 -0.5526 0.8334
vn 0.7067 -0.3938 0.5877
vn 1.0000 0.0004 -0.0018
vn 0.7068 0.3923 -0.5887
vn -0.0000 0.5455 -0.8381
vn -0.6995 0.3553 -0.6200
vn -0.7123 -0.3539 0.6061
vn 0.7123 -0.3539 0.6061
vn 0.6995 0.3553 -0.6200
vn -0.6995 0.6200 -0.3553
vn -1.0000 0.0018 -0.0004
vn -0.7123 -0.6061 0.3539
vn -0.9998 0.0172 -0.0071
vn -0.0000 -0.8334 0.5526
vn 0.7123 -0.6061 0.3539
vn -0.0000 -0.9239 0.3827
vn 1.0000 0.0018 -0.0004
vn 0.6995 0.6200 -0.3553
vn 0.9998 0.0172 -0.0071
vn -0.0000 0.8381 -0.5455
vn -0.0000 0.9239 -0.3827
vn -0.7068 0.5887 -0.3923
vn -0.7067 -0.5877 0.3938
vn -0.0000 -0.8315 0.5556
vn 0.7067 -0.5877 0.3938
vn 0.7068 0.5887 -0.3923
vn -0.0000 0.8315 -0.5556
vn -0.7068 0.5878 -0.3937
vn -1.0000 0.0011 -0.0015
vn -0.7067 -0.5887 0.3923
vn -0.0000 -0.8295 0.5585
vn 0.7067 -0.5887 0.3923
vn 1.0000 0.0011 -0.0015
vn 0.7068 0.5878 -0.3937
vn -0.0000 0.8247 -0.5655
vn -0.6995 0.5655 -0.4369
vn -0.7123 -0.5589 0.4245
vn 0.7123 -0.5589 0.4245
vn 0.6995 0.5655 -0.4369
vn -0.6995 0.7088 -0.0910
vn -1.0000 0.0018 0.0003
vn -0.7123 -0.6954 0.0950
vn -0.9998 0.0186 -0.0000
vn -0.0000 -0.9815 0.1916
vn 0.7123 -0.6954 0.0950
vn 1.0000 0.0018 0.0003
vn 0.6995 0.7088 -0.0910
vn 0.9998 0.0186 -0.0000
vn -0.0000 0.9831 -0.1833
vn -0.7068 0.6940 -0.1372
vn -0.7067 -0.6937 0.1389
vn -0.0000 -0.9808 0.1951
vn 0.7067 -0.6937 0.1389
vn 0.7068 0.6940 -0.1372
vn -0.0000 0.9808 -0.1951
vn -0.7068 0.6937 -0.1388
vn -1.0000 0.0016 -0.0010
vn -0.7067 -0.6940 0.1372
vn -0.0000 -0.9801 0.1985
vn 0.7067 -0.6940 0.1372
vn 1.0000 0.0016 -0.0010
vn 0.7068 0.6937 -0.1388
vn -0.0000 0.9784 -0.2069
vn -0.6995 0.6896 -0.1872
vn -0.7123 -0.6788 0.1783
vn 0.7123 -0.6788 0.1783
vn 0.6995 0.6896 -0.1872
vn -0.6995 0.6896 0.1872
vn -1.0000 0.0016 0.0010
vn -0.7123 -0.6788 -0.1783
vn -0.9998 0.0172 0.0071
vn -0.0000 -0.9801 -0.1985
vn 0.7123 -0.6788 -0.1783
vn 1.0000 0.0016 0.0010
vn 0.6995 0.6896 0.1872
vn 0.9998 0.0172 0.0071
vn -0.0000 0.9784 0.2069
vn -0.7068 0.6937 0.1388
vn -0.7067 -0.6940 -0.1372
vn 0.7067 -0.6940 -0.1372
vn 0.7068 0.6937 0.1388
vn -0.7068 0.6940 0.1372
vn -1.0000 0.0018 -0.0003
vn -0.7067 -0.6937 -0.1389
vn -0.0000 -0.9815 -0.1916
vn 0.7067 -0.6937 -0.1389
vn 1.0000 0.0018 -0.0003
vn 0.7068 0.6940 0.1372
vn -0.0000 0.9831 0.1833
vn -0.6995 0.7088 0.0910
vn -0.7123 -0.6954 -0.0950
vn 0.7123 -0.6954 -0.0950
vn 0.6995 0.7088 0.0910
vn -0.6995 0.5655 0.4369
vn -1.0000 0.0011 0.0015
vn -0.7123 -0.5589 -0.4245
vn -0.9998 0.0131 0.0131
vn -0.0000 -0.8295 -0.5585
vn 0.7123 -0.5589 -0.4245
vn 1.0000 0.0011 0.0015
vn 0.6995 0.5655 0.4369
vn 0.9998 0.0131 0.0131
vn -0.0000 0.8247 0.5655
vn -0.7068 0.5878 0.3937
vn -0.7067 -0.5887 -0.3923
vn 0.7067 -0.5887 -0.3923
vn 0.7068 0.5878 0.3937
vn -0.7068 0.5887 0.3923
vn -1.0000 0.0018 0.0004
vn -0.7067 -0.5877 -0.3938
vn -0.0000 -0.8334 -0.5526
vn 0.7067 -0.5877 -0.3938
vn 1.0000 0.0018 0.0004
vn 0.7068 0.5887 0.3923
vn -0.0000 0.8381 0.5455
vn -0.6995 0.6200 0.3553
vn -0.7123 -0.6061 -0.3539
vn 0.7123 -0.6061 -0.3539
vn 0.6995 0.6200 0.3553
vn -0.6995 0.3553 0.6200
vn -1.0000 0.0004 0.0018
vn -0.7123 -0.3539 -0.6061
vn -0.9998 0.0071 0.0172
vn -0.0000 -0.5526 -0.8334
vn 0.7123 -0.3539 -0.6061
vn 1.0000 0.0004 0.0018
vn 0.6995 0.3553 0.6200
vn 0.9998 0.0071 0.0172
vn -0.0000 0.5455 0.8381
vn -0.7068 0.3923 0.5887
vn -0.7067 -0.3938 -0.5877
vn 0.7067 -0.3938 -0.5877
vn 0.7068 0.3923 0.5887
vn -0.7068 0.3937 0.5878
vn -1.0000 0.0015 0.0011
vn -0.7067 -0.3923 -0.5887
vn -0.0000 -0.5585 -0.8295
vn 0.7067 -0.3923 -0.5887
vn 1.0000 0.0015 0.0011
vn 0.7068 0.3937 0.5878
vn -0.0000 0.5655 0.8247
vn -0.6995 0.4369 0.5655
vn -0.7123 -0.4245 -0.5589
vn 0.7123 -0.4245 -0.5589
vn 0.6995 0.4369 0.5655
vn -0.6995 0.0910 0.7088
vn -1.0000 -0.0003 0.0018
vn -0.7123 -0.0950 -0.6954
vn -0.9998 -0.0000 0.0186
vn -0.0000 -0.1916 -0.9815
vn 0.7123 -0.0950 -0.6954
vn 1.0000 -0.0003 0.0018
vn 0.6995 0.0910 0.7088
vn 0.9998 -0.0000 0.0186
vn -0.0000 0.1833 0.9831
vn -0.7068 0.1372 0.6940
vn -0.7067 -0.1389 -0.6937
vn 0.7067 -0.1389 -0.6937
vn 0.7068 0.1372 0.6940
vn -0.7068 0.1388 0.6937
vn -1.0000 0.0010 0.0016
vn -0.7067 -0.1372 -0.6940
vn -0.0000 -0.1985 -0.9801
vn 0.7067 -0.1372 -0.6940
vn 1.0000 0.0010 0.0016
vn 0.7068 0.1388 0.6937
vn -0.0000 0.2069 0.9784
vn -0.6995 0.1872 0.6896
vn -0.7123 -0.1783 -0.6788
vn 0.7123 -0.1783 -0.6788
vn 0.6995 0.1872 0.6896
vn -0.6995 -0.1872 0.6896
vn -1.0000 -0.0010 0.0016
vn -0.7123 0.1783 -0.6788
vn -0.9998 -0.0071 0.0172
vn -0.0000 0.1985 -0.9801
vn 0.7123 0.1783 -0.6788
vn 1.0000 -0.0010 0.0016
vn 0.6995 -0.1872 0.6896
vn 0.9998 -0.0071 0.0172
vn -0.0000 -0.2069 0.9784
vn -0.7068 -0.1388 0.6937
vn -0.7067 0.1372 -0.6940
vn 0.7067 0.1372 -0.6940
vn 0.7068 -0.1388 0.6937
vn -0.7068 -0.1372 0.6940
vn -1.0000 0.0003 0.0018
vn -0.7067 0.1389 -0.6937
vn -0.0000 0.1916 -0.9815
vn 0.7067 0.1389 -0.6937
vn 1.0000 0.0003 0.0018
vn 0.7068 -0.1372 0.6940
vn -0.0000 -0.1833 0.9831
vn -0.6995 -0.0910 0.7088
vn -0.7123 0.0950 -0.6954
vn 0.7123 0.0950 -0.6954
vn 0.6995 -0.0910 0.7088
vn -0.6995 -0.4369 0.5655
vn -1.0000 -0.0015 0.0011
vn -0.7123 0.4245 -0.5589
vn -0.9998 -0.0131 0.0131
vn -0.0000 0.5585 -0.8295
vn 0.7123 0.4245 -0.5589
vn 1.0000 -0.0015 0.0011
vn 0.6995 -0.4369 0.5655
vn 0.9998 -0.0131 0.0131
vn -0.0000 -0.5655 0.8247
vn -0.7068 -0.3937 0.5878
vn -0.7067 0.3923 -0.5887
vn 0.7067 0.3923 -0.5887
vn 0.7068 -0.3937 0.5878
vn -0.7068 -0.3923 0.5887
vn -1.0000 -0.0004 0.0018
vn -0.7067 0.3938 -0.5877
vn -0.0000 0.5526 -0.8334
vn 0.7067 0.3938 -0.5877
vn 1.0000 -0.0004 0.0018
vn 0.7068 -0.3923 0.5887
vn -0.0000 -0.5455 0.8381
vn -0.6995 -0.3553 0.6200
vn -0.7123 0.3539 -0.6061
vn 0.7123 0.3539 -0.6061
vn 0.6995 -0.3553 0.6200
vn -0.6995 -0.6200 0.3553
vn -1.0000 -0.0018 0.0004
vn -0.7123 0.6061 -0.3539
vn -0.9998 -0.0172 0.0071
vn -0.0000 0.8334 -0.5526
vn 0.7123 0.6061 -0.3539
vn 1.0000 -0.0018 0.0004
vn 0.6995 -0.6200 0.3553
vn 0.9998 -0.0172 0.0071
vn -0.0000 -0.8381 0.5455
vn -0.7068 -0.5887 0.3923
vn -0.7067 0.5877 -0.3938
vn 0.7067 0.5877 -0.3938
vn 0.7068 -0.5887 0.3923
vn -0.7068 -0.5878 0.3937
vn -1.0000 -0.0011 0.0015
vn -0.7067 0.5887 -0.3923
vn -0.0000 0.8295 -0.5585
vn 0.7067 0.5887 -0.3923
vn 1.0000 -0.0011 0.0015
vn 0.7068 -0.5878 0.3937
vn -0.0000 -0.8247 0.5655
vn -0.6995 -0.5655 0.4369
vn -0.7123 0.5589 -0.4245
vn 0.7123 0.5589 -0.4245
vn 0.6995 -0.5655 0.4369
vn -0.6995 -0.7088 0.0910
vn -1.0000 -0.0018 -0.0003
vn -0.7123 0.6954 -0.0950
vn -0.0000 0.9815 -0.1916
vn 0.7123 0.6954 -0.0950
vn 1.0000 -0.0018 -0.0003
vn 0.6995 -0.7088 0.0910
vn -0.0000 -0.9831 0.1833
vn -0.7068 -0.6940 0.1372
vn -0.7067 0.6937 -0.1389
vn 0.7067 0.6937 -0.1389
vn 0.7068 -0.6940 0.1372
vn -0.7068 -0.6937 0.1388
vn -1.0000 -0.0016 0.0010
vn -0.7067 0.6940 -0.1372
vn -0.0000 0.9801 -0.1985
vn 0.7067 0.6940 -0.1372
vn 1.0000 -0.0016 0.0010
vn 0.7068 -0.6937 0.1388
vn -0.0000 -0.9784 0.2069
vn -0.6995 -0.6896 0.1872
vn -0.7123 0.6788 -0.1783
vn 0.7123 0.6788 -0.1783
vn 0.6995 -0.6896 0.1872
vn -0.9999 -0.0105 -0.0032
vn -0.0000 0.9675 0.2527
vn 0.9999 -0.0105 -0.0032
vn -0.0000 -0.9648 -0.2629
vn -1.0000 -0.0000 -0.0002
vn -0.0000 0.9811 0.1936
vn 1.0000 -0.0000 -0.0002
vn -0.0000 -0.9805 -0.1965
vn -1.0000 -0.0000 0.0002
vn -0.0000 0.9805 0.1965
vn 1.0000 -0.0000 0.0002
vn -0.0000 -0.9811 -0.1937
vn -0.9999 -0.0109 -0.0011
vn -0.0000 0.9906 0.1368
vn 0.9999 -0.0109 -0.0011
vn -0.0000 -0.9920 -0.1263
vn -0.9999 -0.0085 -0.0069
vn -0.0000 0.7972 0.6037
vn 0.9999 -0.0085 -0.0069
vn -0.0000 -0.7908 -0.6121
vn -1.0000 0.0001 -0.0002
vn -0.0000 0.8323 0.5543
vn 1.0000 0.0001 -0.0002
vn -0.0000 -0.8307 -0.5567
vn -1.0000 -0.0001 0.0002
vn -0.0000 0.8306 0.5568
vn 1.0000 -0.0001 0.0002
vn -0.0000 -0.8323 -0.5544
vn -0.9999 -0.0096 -0.0052
vn -0.0000 0.8629 0.5055
vn 0.9999 -0.0096 -0.0052
vn -0.0000 -0.8681 -0.4963
vn -0.9999 -0.0052 -0.0096
vn -0.0000 0.5055 0.8629
vn 0.9999 -0.0052 -0.0096
vn -0.0000 -0.4963 -0.8681
vn -1.0000 0.0002 -0.0001
vn -0.0000 0.5568 0.8306
vn 1.0000 0.0002 -0.0001
vn -0.0000 -0.5544 -0.8323
vn -1.0000 -0.0002 0.0001
vn -0.0000 0.5543 0.8323
vn 1.0000 -0.0002 0.0001
vn -0.0000 -0.5567 -0.8307
vn -0.9999 -0.0069 -0.0085
vn -0.0000 0.6037 0.7972
vn 0.9999 -0.0069 -0.0085
vn -0.0000 -0.6121 -0.7908
vn -0.9999 -0.0011 -0.0109
vn -0.0000 0.1368 0.9906
vn 0.9999 -0.0011 -0.0109
vn -0.0000 -0.1263 -0.9920
vn -1.0000 0.0002 -0.0000
vn -0.0000 0.1965 0.9805
vn 1.0000 0.0002 -0.0000
vn -0.0000 -0.1937 -0.9811
vn -1.0000 -0.0002 -0.0000
vn -0.0000 0.1936 0.9811
vn 1.0000 -0.0002 -0.0000
vn -0.0000 -0.1965 -0.9805
vn -0.9999 -0.0032 -0.0105
vn -0.0000 0.2527 0.9675
vn 0.9999 -0.0032 -0.0105
vn -0.0000 -0.2629 -0.9648
vn -0.9999 0.0032 -0.0105
vn -0.0000 -0.2527 0.9675
vn 0.9999 0.0032 -0.0105
vn -0.0000 0.2629 -0.9648
vn -0.0000 -0.1936 0.9811
vn -0.0000 0.1965 -0.9805
vn -0.0000 -0.1965 0.9805
vn -0.0000 0.1937 -0.9811
vn -0.9999 0.0011 -0.0109
vn -0.0000 -0.1368 0.9906
vn 0.9999 0.0011 -0.0109
vn -0.0000 0.1263 -0.9920
vn -0.9999 0.0069 -0.0085
vn -0.0000 -0.6037 0.7972
vn 0.9999 0.0069 -0.0085
vn -0.0000 0.6121 -0.7908
vn -1.0000 0.0002 0.0001
vn -0.0000 -0.5543 0.8323
vn 1.0000 0.0002 0.0001
vn -0.0000 0.5567 -0.8307
vn -1.0000 -0.0002 -0.0001
vn -0.0000 -0.5568 0.8306
vn 1.0000 -0.0002 -0.0001
vn -0.0000 0.5544 -0.8323
vn -0.9999 0.0052 -0.0096
vn -0.0000 -0.5055 0.8629
vn 0.9999 0.0052 -0.0096
vn -0.0000 0.4963 -0.8681
vn -0.9999 0.0096 -0.0052
vn -0.0000 -0.8629 0.5055
vn 0.9999 0.0096 -0.0052
vn -0.0000 0.8681 -0.4963
vn -1.0000 0.0001 0.0002
vn -0.0000 -0.8306 0.5568
vn 1.0000 0.0001 0.0002
vn -0.0000 0.8323 -0.5544
vn -1.0000 -0.0001 -0.0002
vn -0.0000 -0.8323 0.5543
vn 1.0000 -0.0001 -0.0002
vn -0.0000 0.8307 -0.5567
vn -0.9999 0.0085 -0.0069
vn -0.0000 -0.7972 0.6037
vn 0.9999 0.0085 -0.0069
vn -0.0000 0.7908 -0.6121
vn -0.9999 0.0109 -0.0011
vn -0.0000 -0.9906 0.1368
vn 0.9999 0.0109 -0.0011
vn -0.0000 0.9920 -0.1263
vn -0.0000 -0.9805 0.1965
vn -0.0000 0.9811 -0.1937
vn -0.0000 -0.9811 0.1936
vn -0.0000 0.9805 -0.1965
vn -0.9999 0.0105 -0.0032
vn -0.0000 -0.9675 0.2527
vn 0.9999 0.0105 -0.0032
vn -0.0000 0.9648 -0.2629
vn -0.9999 0.0105 0.0032
vn -0.0000 -0.9675 -0.2527
vn 0.9999 0.0105 0.0032
vn -0.0000 0.9648 0.2629
vn -0.0000 -0.9811 -0.1936
vn -0.0000 0.9811 0.1937
vn -0.9999 0.0109 0.0011
vn -0.0000 -0.9906 -0.1368
vn 0.9999 0.0109 0.0011
vn -0.0000 0.9920 0.1263
vn -0.9999 0.0085 0.0069
vn -0.0000 -0.7972 -0.6037
vn 0.9999 0.0085 0.0069
vn -0.0000 0.7908 0.6121
vn -0.0000 -0.8323 -0.5543
vn -0.0000 0.8307 0.5567
vn -0.0000 -0.8306 -0.5568
vn -0.0000 0.8323 0.5544
vn -0.9999 0.0096 0.0052
vn -0.0000 -0.8629 -0.5055
vn 0.9999 0.0096 0.0052
vn -0.0000 0.8681 0.4963
vn -0.9999 0.0052 0.0096
vn -0.0000 -0.5055 -0.8629
vn 0.9999 0.0052 0.0096
vn -0.0000 0.4963 0.8681
vn -0.0000 -0.5568 -0.8306
vn -0.0000 0.5544 0.8323
vn -0.0000 -0.5543 -0.8323
vn -0.0000 0.5567 0.8307
vn -0.9999 0.0069 0.0085
vn -0.0000 -0.6037 -0.7972
vn 0.9999 0.0069 0.0085
vn -0.0000 0.6121 0.7908
vn -0.9999 0.0011 0.0109
vn -0.0000 -0.1368 -0.9906
vn 0.9999 0.0011 0.0109
vn -0.0000 0.1263 0.9920
vn -0.0000 0.1937 0.9811
vn -0.0000 -0.1936 -0.9811
vn -0.9999 0.0032 0.0105
vn -0.0000 -0.2527 -0.9675
vn 0.9999 0.0032 0.0105
vn -0.0000 0.2629 0.9648
vn -0.9999 -0.0032 0.0105
vn -0.0000 0.2527 -0.9675
vn 0.9999 -0.0032 0.0105
vn -0.0000 -0.2629 0.9648
vn -0.0000 0.1936 -0.9811
vn -0.0000 -0.1937 0.9811
vn -0.9999 -0.0011 0.0109
vn -0.0000 0.1368 -0.9906
vn 0.9999 -0.0011 0.0109
vn -0.0000 -0.1263 0.9920
vn -0.9999 -0.0069 0.0085
vn -0.0000 0.6037 -0.7972
vn 0.9999 -0.0069 0.0085
vn -0.0000 -0.6121 0.7908
vn -0.0000 0.5543 -0.8323
vn -0.0000 -0.5567 0.8307
vn -0.0000 0.5568 -0.8306
vn -0.0000 -0.5544 0.8323
vn -0.9999 -0.0052 0.0096
vn -0.0000 0.5055 -0.8629
vn 0.9999 -0.0052 0.0096
vn -0.0000 -0.4963 0.8681
vn -0.9999 -0.0096 0.0052
vn -0.0000 0.8629 -0.5055
vn 0.9999 -0.0096 0.0052
vn -0.0000 -0.8681 0.4963
vn -0.0000 0.8306 -0.5568
vn -0.0000 -0.8323 0.5544
vn -0.0000 0.8323 -0.5543
vn -0.0000 -0.8307 0.5567
vn -0.9999 -0.0085 0.0069
vn -0.0000 0.7972 -0.6037
vn 0.9999 -0.0085 0.0069
vn -0.0000 -0.7908 0.6121
vn -0.9999 -0.0109 0.0011
vn -0.0000 0.9906 -0.1368
vn 0.9999 -0.0109 0.0011
vn -0.0000 -0.9920 0.1263
vn -0.0000 -0.9811 0.1937
vn -0.0000 0.9811 -0.1936
vn -0.9999 -0.0105 0.0032
vn -0.0000 0.9675 -0.2527
vn 0.9999 -0.0105 0.0032
vn -0.0000 -0.9648 0.2629
s 1
usemtl tire
f 833//739 1026//900 1537//1349 1025//899
f 1026//900 834//740 1027//901 1537//1349
f 1537//1349 1027//901 774//680 1028//902
f 1025//899 1537//1349 1028//902 773//679
f 834//740 1029//903 1538//1350 1027//901
f 1029//903 835//741 1030//904 1538//1350
f 1538//1350 1030//904 775//681 1031//905
f 1027//901 1538//1350 1031//905 774//680
f 835//741 1032//906 1539//1351 1030//904
f 1032//906 836//742 1033//907 1539//1351
f 1539//1351 1033//907 776//682 1034//908
f 1030//904 1539//1351 1034//908 775//681
f 836//742 1035//909 1540//1352 1033//907
f 1035//909 833//739 1025//899 1540//1352
f 1540//1352 1025//899 773//679 1036//910
f 1033//907 1540//1352 1036//910 776//682
f 837//743 1038//912 1541//1353 1037//911
f 1038//912 838//744 1039//913 1541//1353
f 1541//1353 1039//913 834//740 1026//900
f 1037//911 1541//1353 1026//900 833//739
f 838//744 1040//914 1542//1354 1039//913
f 1040//914 839//745 1041//915 1542//1354
f 1542//1354 1041//915 835//741 1029//903
f 1039//913 1542//1354 1029//903 834//740
f 839//745 1042//916 1543//1355 1041//915
f 1042//916 840//746 1043//917 1543//1355
f 1543//1355 1043//917 836//742 1032//906
f 1041//915 1543//1355 1032//906 835//741
f 840//746 1044//918 1544//1356 1043//917
f 1044//918 837//743 1037//911 1544//1356
f 1544//1356 1037//911 833//739 1035//909
f 1043//917 1544//1356 1035//909 836//742
f 841//747 1046//920 1545//1357 1045//919
f 1046//920 842//748 1047//921 1545//1357
f 1545//1357 1047//921 838//744 1038//912
f 1045//919 1545//1357 1038//912 837//743
f 842//748 1048//922 1546//1358 1047//921
f 1048//922 843//749 1049//923 1546//1358
f 1546//1358 1049//923 839//745 1040//914
f 1047//921 1546//1358 1040//914 838//744
f 843//749 1050//924 1547//1359 1049//923
f 1050//924 844//750 1051//925 1547//1359
f 1547//1359 1051//925 840//746 1042//916
f 1049//923 1547//1359 1042//916 839//745
f 844//750 1052//926 1548//1360 1051//925
f 1052//926 841//747 1045//919 1548//1360
f 1548//1360 1045//919 837//743 1044//918
f 1051//925 1548//1360 1044//918 840//746
f 769//675 1054//928 1549//1361 1053//927
f 1054//928 770//676 1055//929 1549//1361
f 1549//1361 1055//929 842//748 1046//920
f 1053//927 1549//1361 1046//920 841//747
f 770//676 1056//930 1550//1362 1055//929
f 1056//930 771//677 1057//931 1550//1362
f 1550//1362 1057//931 843//749 1048//922
f 1055//929 1550//1362 1048//922 842//748
f 771//677 1058//932 1551//1363 1057//931
f 1058//932 772//678 1059//933 1551//1363
f 1551//1363 1059//933 844//750 1050//924
f 1057//931 1551//1363 1050//924 843//749
f 772//678 1060//934 1552//1364 1059//933
f 1060//934 769//675 1053//927 1552//1364
f 1552//1364 1053//927 841//747 1052//926
f 1059//933 1552//1364 1052//926 844//750
f 845//751 1062//936 1553//1365 1061//935
f 1062//936 846//752 1063//937 1553//1365
f 1553//1365 1063//937 778//684 1064//938
f 1061//935 1553//1365 1064//938 777//683
f 846//752 1065//939 1554//1366 1063//937
f 1065//939 847//753 1066//940 1554//1366
f 1554//1366 1066//940 779//685 1067//941
f 1063//937 1554//1366 1067//941 778//684
f 847//753 1068//942 1555//1367 1066//940
f 1068//942 848//754 1069//943 1555//1367
f 1555//1367 1069//943 780//686 1070//944
f 1066//940 1555//1367 1070//944 779//685
f 848//754 1071//945 1556//1368 1069//943
f 1071//945 845//751 1061//935 1556//1368
f 1556//1368 1061//935 777//683 1072//946
f 1069//943 1556//1368 1072//946 780//686
f 849//755 1074//912 1557//1369 1073//947
f 1074//912 850//756 1075//948 1557//1369
f 1557//1369 1075//948 846//752 1062//936
f 1073//947 1557//1369 1062//936 845//751
f 850//756 1076//949 1558//1370 1075//948
f 1076//949 851//757 1077//950 1558//1370
f 1558//1370 1077//950 847//753 1065//939
f 1075//948 1558//1370 1065//939 846//752
f 851//757 1078//916 1559//1371 1077//950
f 1078//916 852//758 1079//951 1559//1371
f 1559//1371 1079//951 848//754 1068//942
f 1077//950 1559//1371 1068//942 847//753
f 852//758 1080//952 1560//1372 1079//951
f 1080//952 849//755 1073//947 1560//1372
f 1560//1372 1073//947 845//751 1071//945
f 1079//951 1560//1372 1071//945 848//754
f 853//759 1082//954 1561//1373 1081//953
f 1082//954 854//760 1083//955 1561//1373
f 1561//1373 1083//955 850//756 1074//912
f 1081//953 1561//1373 1074//912 849//755
f 854//760 1084//956 1562//1374 1083//955
f 1084//956 855//761 1085//957 1562//1374
f 1562//1374 1085//957 851//757 1076//949
f 1083//955 1562//1374 1076//949 850//756
f 855//761 1086//958 1563//1375 1085//957
f 1086//958 856//762 1087//959 1563//1375
f 1563//1375 1087//959 852//758 1078//916
f 1085//957 1563//1375 1078//916 851//757
f 856//762 1088//960 1564//1376 1087//959
f 1088//960 853//759 1081//953 1564//1376
f 1564//1376 1081//953 849//755 1080//952
f 1087//959 1564//1376 1080//952 852//758
f 773//679 1028//902 1565//1377 1089//961
f 1028//902 774//680 1090//962 1565//1377
f 1565//1377 1090//962 854//760 1082//954
f 1089//961 1565//1377 1082//954 853//759
f 774//680 1031//905 1566//1378 1090//962
f 1031//905 775//681 1091//963 1566//1378
f 1566//1378 1091//963 855//761 1084//956
f 1090//962 1566//1378 1084//956 854//760
f 775//681 1034//908 1567//1379 1091//963
f 1034//908 776//682 1092//964 1567//1379
f 1567//1379 1092//964 856//762 1086//958
f 1091//963 1567//1379 1086//958 855//761
f 776//682 1036//910 1568//1380 1092//964
f 1036//910 773//679 1089//961 1568//1380
f 1568//1380 1089//961 853//759 1088//960
f 1092//964 1568//1380 1088//960 856//762
f 857//763 1094//966 1569//1381 1093//965
f 1094//966 858//764 1095//967 1569//1381
f 1569//1381 1095//967 782//688 1096//968
f 1093//965 1569//1381 1096//968 781//687
f 858//764 1097//969 1570//1382 1095//967
f 1097//969 859//765 1098//970 1570//1382
f 1570//1382 1098//970 783//689 1099//971
f 1095//967 1570//1382 1099//971 782//688
f 859//765 1100//972 1571//1383 1098//970
f 1100//972 860//766 1101//973 1571//1383
f 1571//1383 1101//973 784//690 1102//974
f 1098//970 1571//1383 1102//974 783//689
f 860//766 1103//975 1572//1384 1101//973
f 1103//975 857//763 1093//965 1572//1384
f 1572//1384 1093//965 781//687 1104//976
f 1101//973 1572//1384 1104//976 784//690
f 861//767 1106//912 1573//1385 1105//977
f 1106//912 862//768 1107//978 1573//1385
f 1573//1385 1107//978 858//764 1094//966
f 1105//977 1573//1385 1094//966 857//763
f 862//768 1108//979 1574//1386 1107//978
f 1108//979 863//769 1109//980 1574//1386
f 1574//1386 1109//980 859//765 1097//969
f 1107//978 1574//1386 1097//969 858//764
f 863//769 1110//916 1575//1387 1109//980
f 1110//916 864//770 1111//981 1575//1387
f 1575//1387 1111//981 860//766 1100//972
f 1109//980 1575//1387 1100//972 859//765
f 864//770 1112//982 1576//1388 1111//981
f 1112//982 861//767 1105//977 1576//1388
f 1576//1388 1105//977 857//763 1103//975
f 1111//981 1576//1388 1103//975 860//766
f 865//771 1114//984 1577//1389 1113//983
f 1114//984 866//772 1115//985 1577//1389
f 1577//1389 1115//985 862//768 1106//912
f 1113//983 1577//1389 1106//912 861//767
f 866//772 1116//986 1578//1390 1115//985
f 1116//986 867//773 1117//987 1578//1390
f 1578//1390 1117//987 863//769 1108//979
f 1115//985 1578//1390 1108//979 862//768
f 867//773 1118//988 1579//1391 1117//987
f 1118//988 868//774 1119//989 1579//1391
f 1579//1391 1119//989 864//770 1110//916
f 1117//987 1579//1391 1110//916 863//769
f 868//774 1120//990 1580//1392 1119//989
f 1120//990 865//771 1113//983 1580//1392
f 1580//1392 1113//983 861//767 1112//982
f 1119//989 1580//1392 1112//982 864//770
f 777//683 1064//938 1581//1393 1121//991
f 1064//938 778//684 1122//992 1581//1393
f 1581//1393 1122//992 866//772 1114//984
f 1121//991 1581//1393 1114//984 865//771
f 778//684 1067//941 1582//1394 1122//992
f 1067//941 779//685 1123//993 1582//1394
f 1582//1394 1123//993 867//773 1116//986
f 1122//992 1582//1394 1116//986 866//772
f 779//685 1070//944 1583//1395 1123//993
f 1070//944 780//686 1124//994 1583//1395
f 1583//1395 1124//994 868//774 1118//988
f 1123//993 1583//1395 1118//988 867//773
f 780//686 1072//946 1584//1396 1124//994
f 1072//946 777//683 1121//991 1584//1396
f 1584//1396 1121//991 865//771 1120//990
f 1124//994 1584//1396 1120//990 868//774
f 869//775 1126//996 1585//1397 1125//995
f 1126//996 870//776 1127//997 1585//1397
f 1585//1397 1127//997 786//692 1128//998
f 1125//995 1585//1397 1128//998 785//691
f 870//776 1129//999 1586//1398 1127//997
f 1129//999 871//777 1130//1000 1586//1398
f 1586//1398 1130//1000 787//693 1131//1001
f 1127//997 1586//1398 1131//1001 786//692
f 871//777 1132//1002 1587//1399 1130//1000
f 1132//1002 872//778 1133//1003 1587//1399
f 1587//1399 1133//1003 788//694 1134//1004
f 1130//1000 1587//1399 1134//1004 787//693
f 872//778 1135//1005 1588//1400 1133//1003
f 1135//1005 869//775 1125//995 1588//1400
f 1588//1400 1125//995 785//691 1136//1006
f 1133//1003 1588//1400 1136//1006 788//694
f 873//779 1138//912 1589//1401 1137//1007
f 1138//912 874//780 1139//1008 1589//1401
f 1589//1401 1139//1008 870//776 1126//996
f 1137//1007 1589//1401 1126//996 869//775
f 874//780 1140//1009 1590//1402 1139//1008
f 1140//1009 875//781 1141//1010 1590//1402
f 1590//1402 1141//1010 871//777 1129//999
f 1139//1008 1590//1402 1129//999 870//776
f 875//781 1142//916 1591//1403 1141//1010
f 1142//916 876//782 1143//1011 1591//1403
f 1591//1403 1143//1011 872//778 1132//1002
f 1141//1010 1591//1403 1132//1002 871//777
f 876//782 1144//1012 1592//1404 1143//1011
f 1144//1012 873//779 1137//1007 1592//1404
f 1592//1404 1137//1007 869//775 1135//1005
f 1143//1011 1592//1404 1135//1005 872//778
f 877//783 1146//1014 1593//1405 1145//1013
f 1146//1014 878//784 1147//1015 1593//1405
f 1593//1405 1147//1015 874//780 1138//912
f 1145//1013 1593//1405 1138//912 873//779
f 878//784 1148//1016 1594//1406 1147//1015
f 1148//1016 879//785 1149//1017 1594//1406
f 1594//1406 1149//1017 875//781 1140//1009
f 1147//1015 1594//1406 1140//1009 874//780
f 879//785 1150//1018 1595//1407 1149//1017
f 1150//1018 880//786 1151//1019 1595//1407
f 1595//1407 1151//1019 876//782 1142//916
f 1149//1017 1595//1407 1142//916 875//781
f 880//786 1152//1020 1596//1408 1151//1019
f 1152//1020 877//783 1145//1013 1596//1408
f 1596//1408 1145//1013 873//779 1144//1012
f 1151//1019 1596//1408 1144//1012 876//782
f 781//687 1096//968 1597//1409 1153//1021
f 1096//968 782//688 1154//1022 1597//1409
f 1597//1409 1154//1022 878//784 1146//1014
f 1153//1021 1597//1409 1146//1014 877//783
f 782//688 1099//971 1598//1410 1154//1022
f 1099//971 783//689 1155//1023 1598//1410
f 1598//1410 1155//1023 879//785 1148//1016
f 1154//1022 1598//1410 1148//1016 878//784
f 783//689 1102//974 1599//1411 1155//1023
f 1102//974 784//690 1156//1024 1599//1411
f 1599//1411 1156//1024 880//786 1150//1018
f 1155//1023 1599//1411 1150//1018 879//785
f 784//690 1104//976 1600//1412 1156//1024
f 1104//976 781//687 1153//1021 1600//1412
f 1600//1412 1153//1021 877//783 1152//1020
f 1156//1024 1600//1412 1152//1020 880//786
f 881//787 1158//1026 1601//1413 1157//1025
f 1158//1026 882//788 1159//1027 1601//1413
f 1601//1413 1159//1027 790//696 1160//1028
f 1157//1025 1601//1413 1160//1028 789//695
f 882//788 1161//1029 1602//1414 1159//1027
f 1161//1029 883//789 1162//1030 1602//1414
f 1602//1414 1162//1030 791//697 1163//1031
f 1159//1027 1602//1414 1163//1031 790//696
f 883//789 1164//1032 1603//1415 1162//1030
f 1164//1032 884//790 1165//1033 1603//1415
f 1603//1415 1165//1033 792//698 1166//1034
f 1162//1030 1603//1415 1166//1034 791//697
f 884//790 1167//1035 1604//1416 1165//1033
f 1167//1035 881//787 1157//1025 1604//1416
f 1604//1416 1157//1025 789//695 1168//1036
f 1165//1033 1604//1416 1168//1036 792//698
f 885//791 1170//912 1605//1401 1169//1037
f 1170//912 886//792 1171//1038 1605//1401
f 1605//1401 1171//1038 882//788 1158//1026
f 1169//1037 1605//1401 1158//1026 881//787
f 886//792 1172//1039 1606//1417 1171//1038
f 1172//1039 887//793 1173//1040 1606//1417
f 1606//1417 1173//1040 883//789 1161//1029
f 1171//1038 1606//1417 1161//1029 882//788
f 887//793 1174//916 1607//1403 1173//1040
f 1174//916 888//794 1175//1041 1607//1403
f 1607//1403 1175//1041 884//790 1164//1032
f 1173//1040 1607//1403 1164//1032 883//789
f 888//794 1176//1042 1608//1418 1175//1041
f 1176//1042 885//791 1169//1037 1608//1418
f 1608//1418 1169//1037 881//787 1167//1035
f 1175//1041 1608//1418 1167//1035 884//790
f 889//795 1178//1044 1609//1405 1177//1043
f 1178//1044 890//796 1179//1045 1609//1405
f 1609//1405 1179//1045 886//792 1170//912
f 1177//1043 1609//1405 1170//912 885//791
f 890//796 1180//1046 1610//1419 1179//1045
f 1180//1046 891//797 1181//1047 1610//1419
f 1610//1419 1181//1047 887//793 1172//1039
f 1179//1045 1610//1419 1172//1039 886//792
f 891//797 1182//1048 1611//1407 1181//1047
f 1182//1048 892//798 1183//1049 1611//1407
f 1611//1407 1183//1049 888//794 1174//916
f 1181//1047 1611//1407 1174//916 887//793
f 892//798 1184//1050 1612//1420 1183//1049
f 1184//1050 889//795 1177//1043 1612//1420
f 1612//1420 1177//1043 885//791 1176//1042
f 1183//1049 1612//1420 1176//1042 888//794
f 785//691 1128//998 1613//1421 1185//1051
f 1128//998 786//692 1186//1052 1613//1421
f 1613//1421 1186//1052 890//796 1178//1044
f 1185//1051 1613//1421 1178//1044 889//795
f 786//692 1131//1001 1614//1422 1186//1052
f 1131//1001 787//693 1187//1053 1614//1422
f 1614//1422 1187//1053 891//797 1180//1046
f 1186//1052 1614//1422 1180//1046 890//796
f 787//693 1134//1004 1615//1423 1187//1053
f 1134//1004 788//694 1188//1054 1615//1423
f 1615//1423 1188//1054 892//798 1182//1048
f 1187//1053 1615//1423 1182//1048 891//797
f 788//694 1136//1006 1616//1424 1188//1054
f 1136//1006 785//691 1185//1051 1616//1424
f 1616//1424 1185//1051 889//795 1184//1050
f 1188//1054 1616//1424 1184//1050 892//798
f 893//799 1190//1056 1617//1425 1189//1055
f 1190//1056 894//800 1191//1057 1617//1425
f 1617//1425 1191//1057 794//700 1192//1058
f 1189//1055 1617//1425 1192//1058 793//699
f 894//800 1193//1059 1618//1426 1191//1057
f 1193//1059 895//801 1194//1060 1618//1426
f 1618//1426 1194//1060 795//701 1195//1061
f 1191//1057 1618//1426 1195//1061 794//700
f 895//801 1196//1062 1619//1427 1194//1060
f 1196//1062 896//802 1197//1063 1619//1427
f 1619//1427 1197//1063 796//702 1198//1064
f 1194//1060 1619//1427 1198//1064 795//701
f 896//802 1199//1065 1620//1428 1197//1063
f 1199//1065 893//799 1189//1055 1620//1428
f 1620//1428 1189//1055 793//699 1200//1066
f 1197//1063 1620//1428 1200//1066 796//702
f 897//803 1202//912 1621//1429 1201//1067
f 1202//912 898//804 1203//1068 1621//1429
f 1621//1429 1203//1068 894//800 1190//1056
f 1201//1067 1621//1429 1190//1056 893//799
f 898//804 1204//1069 1622//1430 1203//1068
f 1204//1069 899//805 1205//1070 1622//1430
f 1622//1430 1205//1070 895//801 1193//1059
f 1203//1068 1622//1430 1193//1059 894//800
f 899//805 1206//916 1623//1431 1205//1070
f 1206//916 900//806 1207//1071 1623//1431
f 1623//1431 1207//1071 896//802 1196//1062
f 1205//1070 1623//1431 1196//1062 895//801
f 900//806 1208//1072 1624//1432 1207//1071
f 1208//1072 897//803 1201//1067 1624//1432
f 1624//1432 1201//1067 893//799 1199//1065
f 1207//1071 1624//1432 1199//1065 896//802
f 901//807 1210//1074 1625//1433 1209//1073
f 1210//1074 902//808 1211//1075 1625//1433
f 1625//1433 1211//1075 898//804 1202//912
f 1209//1073 1625//1433 1202//912 897//803
f 902//808 1212//1076 1626//1434 1211//1075
f 1212//1076 903//809 1213//1077 1626//1434
f 1626//1434 1213//1077 899//805 1204//1069
f 1211//1075 1626//1434 1204//1069 898//804
f 903//809 1214//1078 1627//1435 1213//1077
f 1214//1078 904//810 1215//1079 1627//1435
f 1627//1435 1215//1079 900//806 1206//916
f 1213//1077 1627//1435 1206//916 899//805
f 904//810 1216//1080 1628//1436 1215//1079
f 1216//1080 901//807 1209//1073 1628//1436
f 1628//1436 1209//1073 897//803 1208//1072
f 1215//1079 1628//1436 1208//1072 900//806
f 789//695 1160//1028 1629//1437 1217//1081
f 1160//1028 790//696 1218//1082 1629//1437
f 1629//1437 1218//1082 902//808 1210//1074
f 1217//1081 1629//1437 1210//1074 901//807
f 790//696 1163//1031 1630//1438 1218//1082
f 1163//1031 791//697 1219//1083 1630//1438
f 1630//1438 1219//1083 903//809 1212//1076
f 1218//1082 1630//1438 1212//1076 902//808
f 791//697 1166//1034 1631//1439 1219//1083
f 1166//1034 792//698 1220//1084 1631//1439
f 1631//1439 1220//1084 904//810 1214//1078
f 1219//1083 1631//1439 1214//1078 903//809
f 792//698 1168//1036 1632//1440 1220//1084
f 1168//1036 789//695 1217//1081 1632//1440
f 1632//1440 1217//1081 901//807 1216//1080
f 1220//1084 1632//1440 1216//1080 904//810
f 905//811 1222//1086 1633//1441 1221//1085
f 1222//1086 906//812 1223//1087 1633//1441
f 1633//1441 1223//1087 798//704 1224//1088
f 1221//1085 1633//1441 1224//1088 797//703
f 906//812 1225//1089 1634//1442 1223//1087
f 1225//1089 907//813 1226//1090 1634//1442
f 1634//1442 1226//1090 799//705 1227//1091
f 1223//1087 1634//1442 1227//1091 798//704
f 907//813 1228//1092 1635//1443 1226//1090
f 1228//1092 908//814 1229//1093 1635//1443
f 1635//1443 1229//1093 800//706 1230//1094
f 1226//1090 1635//1443 1230//1094 799//705
f 908//814 1231//1095 1636//1444 1229//1093
f 1231//1095 905//811 1221//1085 1636//1444
f 1636//1444 1221//1085 797//703 1232//1096
f 1229//1093 1636//1444 1232//1096 800//706
f 909//815 1234//912 1637//1445 1233//1097
f 1234//912 910//816 1235//1098 1637//1445
f 1637//1445 1235//1098 906//812 1222//1086
f 1233//1097 1637//1445 1222//1086 905//811
f 910//816 1236//1099 1638//1446 1235//1098
f 1236//1099 911//817 1237//1100 1638//1446
f 1638//1446 1237//1100 907//813 1225//1089
f 1235//1098 1638//1446 1225//1089 906//812
f 911//817 1238//916 1639//1447 1237//1100
f 1238//916 912//818 1239//1101 1639//1447
f 1639//1447 1239//1101 908//814 1228//1092
f 1237//1100 1639//1447 1228//1092 907//813
f 912//818 1240//1102 1640//1448 1239//1101
f 1240//1102 909//815 1233//1097 1640//1448
f 1640//1448 1233//1097 905//811 1231//1095
f 1239//1101 1640//1448 1231//1095 908//814
f 913//819 1242//1104 1641//1449 1241//1103
f 1242//1104 914//820 1243//1105 1641//1449
f 1641//1449 1243//1105 910//816 1234//912
f 1241//1103 1641//1449 1234//912 909//815
f 914//820 1244//1106 1642//1450 1243//1105
f 1244//1106 915//821 1245//1107 1642//1450
f 1642//1450 1245//1107 911//817 1236//1099
f 1243//1105 1642//1450 1236//1099 910//816
f 915//821 1246//1108 1643//1451 1245//1107
f 1246//1108 916//822 1247//1109 1643//1451
f 1643//1451 1247//1109 912//818 1238//916
f 1245//1107 1643//1451 1238//916 911//817
f 916//822 1248//1110 1644//1452 1247//1109
f 1248//1110 913//819 1241//1103 1644//1452
f 1644//1452 1241//1103 909//815 1240//1102
f 1247//1109 1644//1452 1240//1102 912//818
f 793//699 1192//1058 1645//1453 1249//1111
f 1192//1058 794//700 1250//1112 1645//1453
f 1645//1453 1250//1112 914//820 1242//1104
f 1249//1111 1645//1453 1242//1104 913//819
f 794//700 1195//1061 1646//1454 1250//1112
f 1195//1061 795//701 1251//1113 1646//1454
f 1646//1454 1251//1113 915//821 1244//1106
f 1250//1112 1646//1454 1244//1106 914//820
f 795//701 1198//1064 1647//1455 1251//1113
f 1198//1064 796//702 1252//1114 1647//1455
f 1647//1455 1252//1114 916//822 1246//1108
f 1251//1113 1647//1455 1246//1108 915//821
f 796//702 1200//1066 1648//1456 1252//1114
f 1200//1066 793//699 1249//1111 1648//1456
f 1648//1456 1249//1111 913//819 1248//1110
f 1252//1114 1648//1456 1248//1110 916//822
f 917//823 1254//1116 1649//1457 1253//1115
f 1254//1116 918//824 1255//1117 1649//1457
f 1649//1457 1255//1117 802//708 1256//1118
f 1253//1115 1649//1457 1256//1118 801//707
f 918//824 1257//1119 1650//1458 1255//1117
f 1257//1119 919//825 1258//1120 1650//1458
f 1650//1458 1258//1120 803//709 1259//934
f 1255//1117 1650//1458 1259//934 802//708
f 919//825 1260//1121 1651//1459 1258//1120
f 1260//1121 920//826 1261//1122 1651//1459
f 1651//1459 1261//1122 804//710 1262//1123
f 1258//1120 1651//1459 1262//1123 803//709
f 920//826 1263//1124 1652//1460 1261//1122
f 1263//1124 917//823 1253//1115 1652//1460
f 1652//1460 1253//1115 801//707 1264//930
f 1261//1122 1652//1460 1264//930 804//710
f 921//827 1266//912 1653//1357 1265//1125
f 1266//912 922//828 1267//1126 1653//1357
f 1653//1357 1267//1126 918//824 1254//1116
f 1265//1125 1653//1357 1254//1116 917//823
f 922//828 1268//1127 1654//1461 1267//1126
f 1268//1127 923//829 1269//1128 1654//1461
f 1654//1461 1269//1128 919//825 1257//1119
f 1267//1126 1654//1461 1257//1119 918//824
f 923//829 1270//916 1655//1359 1269//1128
f 1270//916 924//830 1271//1129 1655//1359
f 1655//1359 1271//1129 920//826 1260//1121
f 1269//1128 1655//1359 1260//1121 919//825
f 924//830 1272//1130 1656//1462 1271//1129
f 1272//1130 921//827 1265//1125 1656//1462
f 1656//1462 1265//1125 917//823 1263//1124
f 1271//1129 1656//1462 1263//1124 920//826
f 925//831 1274//1132 1657//1353 1273//1131
f 1274//1132 926//832 1275//1133 1657//1353
f 1657//1353 1275//1133 922//828 1266//912
f 1273//1131 1657//1353 1266//912 921//827
f 926//832 1276//1134 1658//1463 1275//1133
f 1276//1134 927//833 1277//1135 1658//1463
f 1658//1463 1277//1135 923//829 1268//1127
f 1275//1133 1658//1463 1268//1127 922//828
f 927//833 1278//1136 1659//1355 1277//1135
f 1278//1136 928//834 1279//1137 1659//1355
f 1659//1355 1279//1137 924//830 1270//916
f 1277//1135 1659//1355 1270//916 923//829
f 928//834 1280//1138 1660//1464 1279//1137
f 1280//1138 925//831 1273//1131 1660//1464
f 1660//1464 1273//1131 921//827 1272//1130
f 1279//1137 1660//1464 1272//1130 924//830
f 797//703 1224//1088 1661//1465 1281//1139
f 1224//1088 798//704 1282//1140 1661//1465
f 1661//1465 1282//1140 926//832 1274//1132
f 1281//1139 1661//1465 1274//1132 925//831
f 798//704 1227//1091 1662//1466 1282//1140
f 1227//1091 799//705 1283//1141 1662//1466
f 1662//1466 1283//1141 927//833 1276//1134
f 1282//1140 1662//1466 1276//1134 926//832
f 799//705 1230//1094 1663//1467 1283//1141
f 1230//1094 800//706 1284//1142 1663//1467
f 1663//1467 1284//1142 928//834 1278//1136
f 1283//1141 1663//1467 1278//1136 927//833
f 800//706 1232//1096 1664//1468 1284//1142
f 1232//1096 797//703 1281//1139 1664//1468
f 1664//1468 1281//1139 925//831 1280//1138
f 1284//1142 1664//1468 1280//1138 928//834
f 929//835 1286//1144 1665//1469 1285//1143
f 1286//1144 930//836 1287//1145 1665//1469
f 1665//1469 1287//1145 806//712 1288//1146
f 1285//1143 1665//1469 1288//1146 805//711
f 930//836 1289//1147 1666//1470 1287//1145
f 1289//1147 931//837 1290//1148 1666//1470
f 1666//1470 1290//1148 807//713 1291//910
f 1287//1145 1666//1470 1291//910 806//712
f 931//837 1292//1149 1667//1471 1290//1148
f 1292//1149 932//838 1293//1150 1667//1471
f 1667//1471 1293//1150 808//714 1294//1151
f 1290//1148 1667//1471 1294//1151 807//713
f 932//838 1295//1152 1668//1472 1293//1150
f 1295//1152 929//835 1285//1143 1668//1472
f 1668//1472 1285//1143 805//711 1296//905
f 1293//1150 1668//1472 1296//905 808//714
f 933//744 1298//912 1669//1357 1297//1153
f 1298//912 934//743 1299//1154 1669//1357
f 1669//1357 1299//1154 930//836 1286//1144
f 1297//1153 1669//1357 1286//1144 929//835
f 934//743 1300//918 1670//1473 1299//1154
f 1300//918 935//746 1301//1155 1670//1473
f 1670//1473 1301//1155 931//837 1289//1147
f 1299//1154 1670//1473 1289//1147 930//836
f 935//746 1302//916 1671//1359 1301//1155
f 1302//916 936//745 1303//1156 1671//1359
f 1671//1359 1303//1156 932//838 1292//1149
f 1301//1155 1671//1359 1292//1149 931//837
f 936//745 1304//914 1672//1358 1303//1156
f 1304//914 933//744 1297//1153 1672//1358
f 1672//1358 1297//1153 929//835 1295//1152
f 1303//1156 1672//1358 1295//1152 932//838
f 937//839 1306//1158 1673//1353 1305//1157
f 1306//1158 938//840 1307//1159 1673//1353
f 1673//1353 1307//1159 934//743 1298//912
f 1305//1157 1673//1353 1298//912 933//744
f 938//840 1308//1160 1674//1356 1307//1159
f 1308//1160 939//841 1309//1161 1674//1356
f 1674//1356 1309//1161 935//746 1300//918
f 1307//1159 1674//1356 1300//918 934//743
f 939//841 1310//1162 1675//1355 1309//1161
f 1310//1162 940//842 1311//1163 1675//1355
f 1675//1355 1311//1163 936//745 1302//916
f 1309//1161 1675//1355 1302//916 935//746
f 940//842 1312//1164 1676//1474 1311//1163
f 1312//1164 937//839 1305//1157 1676//1474
f 1676//1474 1305//1157 933//744 1304//914
f 1311//1163 1676//1474 1304//914 936//745
f 801//707 1256//1118 1677//1475 1313//1165
f 1256//1118 802//708 1314//1166 1677//1475
f 1677//1475 1314//1166 938//840 1306//1158
f 1313//1165 1677//1475 1306//1158 937//839
f 802//708 1259//934 1678//1476 1314//1166
f 1259//934 803//709 1315//1167 1678//1476
f 1678//1476 1315//1167 939//841 1308//1160
f 1314//1166 1678//1476 1308//1160 938//840
f 803//709 1262//1123 1679//1477 1315//1167
f 1262//1123 804//710 1316//1168 1679//1477
f 1679//1477 1316//1168 940//842 1310//1162
f 1315//1167 1679//1477 1310//1162 939//841
f 804//710 1264//930 1680//1478 1316//1168
f 1264//930 801//707 1313//1165 1680//1478
f 1680//1478 1313//1165 937//839 1312//1164
f 1316//1168 1680//1478 1312//1164 940//842
f 941//843 1318//1170 1681//1479 1317//1169
f 1318//1170 942//844 1319//1171 1681//1479
f 1681//1479 1319//1171 810//716 1320//1172
f 1317//1169 1681//1479 1320//1172 809//715
f 942//844 1321//1173 1682//1480 1319//1171
f 1321//1173 943//845 1322//1174 1682//1480
f 1682//1480 1322//1174 811//717 1323//946
f 1319//1171 1682//1480 1323//946 810//716
f 943//845 1324//1175 1683//1481 1322//1174
f 1324//1175 944//846 1325//1176 1683//1481
f 1683//1481 1325//1176 812//718 1326//1177
f 1322//1174 1683//1481 1326//1177 811//717
f 944//846 1327//1178 1684//1482 1325//1176
f 1327//1178 941//843 1317//1169 1684//1482
f 1684//1482 1317//1169 809//715 1328//941
f 1325//1176 1684//1482 1328//941 812//718
f 945//756 1330//912 1685//1373 1329//1179
f 1330//912 946//755 1331//1180 1685//1373
f 1685//1373 1331//1180 942//844 1318//1170
f 1329//1179 1685//1373 1318//1170 941//843
f 946//755 1332//952 1686//1483 1331//1180
f 1332//952 947//758 1333//1181 1686//1483
f 1686//1483 1333//1181 943//845 1321//1173
f 1331//1180 1686//1483 1321//1173 942//844
f 947//758 1334//916 1687//1375 1333//1181
f 1334//916 948//757 1335//1182 1687//1375
f 1687//1375 1335//1182 944//846 1324//1175
f 1333//1181 1687//1375 1324//1175 943//845
f 948//757 1336//949 1688//1484 1335//1182
f 1336//949 945//756 1329//1179 1688//1484
f 1688//1484 1329//1179 941//843 1327//1178
f 1335//1182 1688//1484 1327//1178 944//846
f 949//847 1338//1184 1689//1369 1337//1183
f 1338//1184 950//848 1339//1185 1689//1369
f 1689//1369 1339//1185 946//755 1330//912
f 1337//1183 1689//1369 1330//912 945//756
f 950//848 1340//1186 1690//1485 1339//1185
f 1340//1186 951//849 1341//1187 1690//1485
f 1690//1485 1341//1187 947//758 1332//952
f 1339//1185 1690//1485 1332//952 946//755
f 951//849 1342//1188 1691//1371 1341//1187
f 1342//1188 952//850 1343//1189 1691//1371
f 1691//1371 1343//1189 948//757 1334//916
f 1341//1187 1691//1371 1334//916 947//758
f 952//850 1344//1190 1692//1486 1343//1189
f 1344//1190 949//847 1337//1183 1692//1486
f 1692//1486 1337//1183 945//756 1336//949
f 1343//1189 1692//1486 1336//949 948//757
f 805//711 1288//1146 1693//1487 1345//1191
f 1288//1146 806//712 1346//1192 1693//1487
f 1693//1487 1346//1192 950//848 1338//1184
f 1345//1191 1693//1487 1338//1184 949//847
f 806//712 1291//910 1694//1488 1346//1192
f 1291//910 807//713 1347//1193 1694//1488
f 1694//1488 1347//1193 951//849 1340//1186
f 1346//1192 1694//1488 1340//1186 950//848
f 807//713 1294//1151 1695//1489 1347//1193
f 1294//1151 808//714 1348//1194 1695//1489
f 1695//1489 1348//1194 952//850 1342//1188
f 1347//1193 1695//1489 1342//1188 951//849
f 808//714 1296//905 1696//1490 1348//1194
f 1296//905 805//711 1345//1191 1696//1490
f 1696//1490 1345//1191 949//847 1344//1190
f 1348//1194 1696//1490 1344//1190 952//850
f 953//851 1350//1196 1697//1491 1349//1195
f 1350//1196 954//852 1351//1197 1697//1491
f 1697//1491 1351//1197 814//720 1352//1198
f 1349//1195 1697//1491 1352//1198 813//719
f 954//852 1353//1199 1698//1492 1351//1197
f 1353//1199 955//853 1354//1200 1698//1492
f 1698//1492 1354//1200 815//721 1355//976
f 1351//1197 1698//1492 1355//976 814//720
f 955//853 1356//1201 1699//1493 1354//1200
f 1356//1201 956//854 1357//1202 1699//1493
f 1699//1493 1357//1202 816//722 1358//1203
f 1354//1200 1699//1493 1358//1203 815//721
f 956//854 1359//1204 1700//1494 1357//1202
f 1359//1204 953//851 1349//1195 1700//1494
f 1700//1494 1349//1195 813//719 1360//971
f 1357//1202 1700//1494 1360//971 816//722
f 957//768 1362//912 1701//1389 1361//1205
f 1362//912 958//767 1363//1206 1701//1389
f 1701//1389 1363//1206 954//852 1350//1196
f 1361//1205 1701//1389 1350//1196 953//851
f 958//767 1364//982 1702//1495 1363//1206
f 1364//982 959//770 1365//1207 1702//1495
f 1702//1495 1365//1207 955//853 1353//1199
f 1363//1206 1702//1495 1353//1199 954//852
f 959//770 1366//916 1703//1391 1365//1207
f 1366//916 960//769 1367//1208 1703//1391
f 1703//1391 1367//1208 956//854 1356//1201
f 1365//1207 1703//1391 1356//1201 955//853
f 960//769 1368//979 1704//1496 1367//1208
f 1368//979 957//768 1361//1205 1704//1496
f 1704//1496 1361//1205 953//851 1359//1204
f 1367//1208 1704//1496 1359//1204 956//854
f 961//855 1370//1210 1705//1385 1369//1209
f 1370//1210 962//856 1371//1211 1705//1385
f 1705//1385 1371//1211 958//767 1362//912
f 1369//1209 1705//1385 1362//912 957//768
f 962//856 1372//1212 1706//1497 1371//1211
f 1372//1212 963//857 1373//1213 1706//1497
f 1706//1497 1373//1213 959//770 1364//982
f 1371//1211 1706//1497 1364//982 958//767
f 963//857 1374//1214 1707//1387 1373//1213
f 1374//1214 964//858 1375//1215 1707//1387
f 1707//1387 1375//1215 960//769 1366//916
f 1373//1213 1707//1387 1366//916 959//770
f 964//858 1376//1216 1708//1498 1375//1215
f 1376//1216 961//855 1369//1209 1708//1498
f 1708//1498 1369//1209 957//768 1368//979
f 1375//1215 1708//1498 1368//979 960//769
f 809//715 1320//1172 1709//1499 1377//1217
f 1320//1172 810//716 1378//1218 1709//1499
f 1709//1499 1378//1218 962//856 1370//1210
f 1377//1217 1709//1499 1370//1210 961//855
f 810//716 1323//946 1710//1500 1378//1218
f 1323//946 811//717 1379//1219 1710//1500
f 1710//1500 1379//1219 963//857 1372//1212
f 1378//1218 1710//1500 1372//1212 962//856
f 811//717 1326//1177 1711//1501 1379//1219
f 1326//1177 812//718 1380//1220 1711//1501
f 1711//1501 1380//1220 964//858 1374//1214
f 1379//1219 1711//1501 1374//1214 963//857
f 812//718 1328//941 1712//1502 1380//1220
f 1328//941 809//715 1377//1217 1712//1502
f 1712//1502 1377//1217 961//855 1376//1216
f 1380//1220 1712//1502 1376//1216 964//858
f 965//859 1382//1222 1713//1503 1381//1221
f 1382//1222 966//860 1383//1223 1713//1503
f 1713//1503 1383//1223 818//724 1384//1224
f 1381//1221 1713//1503 1384//1224 817//723
f 966//860 1385//1225 1714//1504 1383//1223
f 1385//1225 967//861 1386//1226 1714//1504
f 1714//1504 1386//1226 819//725 1387//1006
f 1383//1223 1714//1504 1387//1006 818//724
f 967//861 1388//1227 1715//1505 1386//1226
f 1388//1227 968//862 1389//1228 1715//1505
f 1715//1505 1389//1228 820//726 1390//1229
f 1386//1226 1715//1505 1390//1229 819//725
f 968//862 1391//1230 1716//1506 1389//1228
f 1391//1230 965//859 1381//1221 1716//1506
f 1716//1506 1381//1221 817//723 1392//1001
f 1389//1228 1716//1506 1392//1001 820//726
f 969//780 1394//912 1717//1405 1393//1231
f 1394//912 970//779 1395//1232 1717//1405
f 1717//1405 1395//1232 966//860 1382//1222
f 1393//1231 1717//1405 1382//1222 965//859
f 970//779 1396//1012 1718//1408 1395//1232
f 1396//1012 971//782 1397//1233 1718//1408
f 1718//1408 1397//1233 967//861 1385//1225
f 1395//1232 1718//1408 1385//1225 966//860
f 971//782 1398//916 1719//1407 1397//1233
f 1398//916 972//781 1399//1234 1719//1407
f 1719//1407 1399//1234 968//862 1388//1227
f 1397//1233 1719//1407 1388//1227 967//861
f 972//781 1400//1009 1720//1507 1399//1234
f 1400//1009 969//780 1393//1231 1720//1507
f 1720//1507 1393//1231 965//859 1391//1230
f 1399//1234 1720//1507 1391//1230 968//862
f 973//863 1402//1236 1721//1401 1401//1235
f 1402//1236 974//864 1403//1237 1721//1401
f 1721//1401 1403//1237 970//779 1394//912
f 1401//1235 1721//1401 1394//912 969//780
f 974//864 1404//1238 1722//1508 1403//1237
f 1404//1238 975//865 1405//1239 1722//1508
f 1722//1508 1405//1239 971//782 1396//1012
f 1403//1237 1722//1508 1396//1012 970//779
f 975//865 1406//1240 1723//1403 1405//1239
f 1406//1240 976//866 1407//1241 1723//1403
f 1723//1403 1407//1241 972//781 1398//916
f 1405//1239 1723//1403 1398//916 971//782
f 976//866 1408//1242 1724//1402 1407//1241
f 1408//1242 973//863 1401//1235 1724//1402
f 1724//1402 1401//1235 969//780 1400//1009
f 1407//1241 1724//1402 1400//1009 972//781
f 813//719 1352//1198 1725//1509 1409//1243
f 1352//1198 814//720 1410//1244 1725//1509
f 1725//1509 1410//1244 974//864 1402//1236
f 1409//1243 1725//1509 1402//1236 973//863
f 814//720 1355//976 1726//1510 1410//1244
f 1355//976 815//721 1411//1245 1726//1510
f 1726//1510 1411//1245 975//865 1404//1238
f 1410//1244 1726//1510 1404//1238 974//864
f 815//721 1358//1203 1727//1511 1411//1245
f 1358//1203 816//722 1412//1246 1727//1511
f 1727//1511 1412//1246 976//866 1406//1240
f 1411//1245 1727//1511 1406//1240 975//865
f 816//722 1360//971 1728//1512 1412//1246
f 1360//971 813//719 1409//1243 1728//1512
f 1728//1512 1409//1243 973//863 1408//1242
f 1412//1246 1728//1512 1408//1242 976//866
f 977//867 1414//1248 1729//1513 1413//1247
f 1414//1248 978//868 1415//1249 1729//1513
f 1729//1513 1415//1249 822//728 1416//1250
f 1413//1247 1729//1513 1416//1250 821//727
f 978//868 1417//1251 1730//1514 1415//1249
f 1417//1251 979//869 1418//1252 1730//1514
f 1730//1514 1418//1252 823//729 1419//1036
f 1415//1249 1730//1514 1419//1036 822//728
f 979//869 1420//1253 1731//1515 1418//1252
f 1420//1253 980//870 1421//1254 1731//1515
f 1731//1515 1421//1254 824//730 1422//1255
f 1418//1252 1731//1515 1422//1255 823//729
f 980//870 1423//1256 1732//1516 1421//1254
f 1423//1256 977//867 1413//1247 1732//1516
f 1732//1516 1413//1247 821//727 1424//1031
f 1421//1254 1732//1516 1424//1031 824//730
f 981//792 1426//912 1733//1405 1425//1257
f 1426//912 982//791 1427//1258 1733//1405
f 1733//1405 1427//1258 978//868 1414//1248
f 1425//1257 1733//1405 1414//1248 977//867
f 982//791 1428//1042 1734//1517 1427//1258
f 1428//1042 983//794 1429//1259 1734//1517
f 1734//1517 1429//1259 979//869 1417//1251
f 1427//1258 1734//1517 1417//1251 978//868
f 983//794 1430//916 1735//1407 1429//1259
f 1430//916 984//793 1431//1260 1735//1407
f 1735//1407 1431//1260 980//870 1420//1253
f 1429//1259 1735//1407 1420//1253 979//869
f 984//793 1432//1039 1736//1419 1431//1260
f 1432//1039 981//792 1425//1257 1736//1419
f 1736//1419 1425//1257 977//867 1423//1256
f 1431//1260 1736//1419 1423//1256 980//870
f 985//871 1434//1262 1737//1401 1433//1261
f 1434//1262 986//872 1435//1263 1737//1401
f 1737//1401 1435//1263 982//791 1426//912
f 1433//1261 1737//1401 1426//912 981//792
f 986//872 1436//1264 1738//1418 1435//1263
f 1436//1264 987//873 1437//1265 1738//1418
f 1738//1418 1437//1265 983//794 1428//1042
f 1435//1263 1738//1418 1428//1042 982//791
f 987//873 1438//1266 1739//1403 1437//1265
f 1438//1266 988//874 1439//1267 1739//1403
f 1739//1403 1439//1267 984//793 1430//916
f 1437//1265 1739//1403 1430//916 983//794
f 988//874 1440//1268 1740//1518 1439//1267
f 1440//1268 985//871 1433//1261 1740//1518
f 1740//1518 1433//1261 981//792 1432//1039
f 1439//1267 1740//1518 1432//1039 984//793
f 817//723 1384//1224 1741//1519 1441//1269
f 1384//1224 818//724 1442//1270 1741//1519
f 1741//1519 1442//1270 986//872 1434//1262
f 1441//1269 1741//1519 1434//1262 985//871
f 818//724 1387//1006 1742//1520 1442//1270
f 1387//1006 819//725 1443//1271 1742//1520
f 1742//1520 1443//1271 987//873 1436//1264
f 1442//1270 1742//1520 1436//1264 986//872
f 819//725 1390//1229 1743//1521 1443//1271
f 1390//1229 820//726 1444//1272 1743//1521
f 1743//1521 1444//1272 988//874 1438//1266
f 1443//1271 1743//1521 1438//1266 987//873
f 820//726 1392//1001 1744//1522 1444//1272
f 1392//1001 817//723 1441//1269 1744//1522
f 1744//1522 1441//1269 985//871 1440//1268
f 1444//1272 1744//1522 1440//1268 988//874
f 989//875 1446//1274 1745//1523 1445//1273
f 1446//1274 990//876 1447//1275 1745//1523
f 1745//1523 1447//1275 826//732 1448//1276
f 1445//1273 1745//1523 1448//1276 825//731
f 990//876 1449//1277 1746//1524 1447//1275
f 1449//1277 991//877 1450//1278 1746//1524
f 1746//1524 1450//1278 827//733 1451//1066
f 1447//1275 1746//1524 1451//1066 826//732
f 991//877 1452//1279 1747//1525 1450//1278
f 1452//1279 992//878 1453//1280 1747//1525
f 1747//1525 1453//1280 828//734 1454//1281
f 1450//1278 1747//1525 1454//1281 827//733
f 992//878 1455//1282 1748//1526 1453//1280
f 1455//1282 989//875 1445//1273 1748//1526
f 1748//1526 1445//1273 825//731 1456//1061
f 1453//1280 1748//1526 1456//1061 828//734
f 993//804 1458//912 1749//1433 1457//1283
f 1458//912 994//803 1459//1284 1749//1433
f 1749//1433 1459//1284 990//876 1446//1274
f 1457//1283 1749//1433 1446//1274 989//875
f 994//803 1460//1072 1750//1527 1459//1284
f 1460//1072 995//806 1461//1285 1750//1527
f 1750//1527 1461//1285 991//877 1449//1277
f 1459//1284 1750//1527 1449//1277 990//876
f 995//806 1462//916 1751//1435 1461//1285
f 1462//916 996//805 1463//1286 1751//1435
f 1751//1435 1463//1286 992//878 1452//1279
f 1461//1285 1751//1435 1452//1279 991//877
f 996//805 1464//1069 1752//1528 1463//1286
f 1464//1069 993//804 1457//1283 1752//1528
f 1752//1528 1457//1283 989//875 1455//1282
f 1463//1286 1752//1528 1455//1282 992//878
f 997//879 1466//1288 1753//1429 1465//1287
f 1466//1288 998//880 1467//1289 1753//1429
f 1753//1429 1467//1289 994//803 1458//912
f 1465//1287 1753//1429 1458//912 993//804
f 998//880 1468//1290 1754//1529 1467//1289
f 1468//1290 999//881 1469//1291 1754//1529
f 1754//1529 1469//1291 995//806 1460//1072
f 1467//1289 1754//1529 1460//1072 994//803
f 999//881 1470//1292 1755//1431 1469//1291
f 1470//1292 1000//882 1471//1293 1755//1431
f 1755//1431 1471//1293 996//805 1462//916
f 1469//1291 1755//1431 1462//916 995//806
f 1000//882 1472//1294 1756//1530 1471//1293
f 1472//1294 997//879 1465//1287 1756//1530
f 1756//1530 1465//1287 993//804 1464//1069
f 1471//1293 1756//1530 1464//1069 996//805
f 821//727 1416//1250 1757//1531 1473//1295
f 1416//1250 822//728 1474//1296 1757//1531
f 1757//1531 1474//1296 998//880 1466//1288
f 1473//1295 1757//1531 1466//1288 997//879
f 822//728 1419//1036 1758//1532 1474//1296
f 1419//1036 823//729 1475//1297 1758//1532
f 1758//1532 1475//1297 999//881 1468//1290
f 1474//1296 1758//1532 1468//1290 998//880
f 823//729 1422//1255 1759//1533 1475//1297
f 1422//1255 824//730 1476//1298 1759//1533
f 1759//1533 1476//1298 1000//882 1470//1292
f 1475//1297 1759//1533 1470//1292 999//881
f 824//730 1424//1031 1760//1534 1476//1298
f 1424//1031 821//727 1473//1295 1760//1534
f 1760//1534 1473//1295 997//879 1472//1294
f 1476//1298 1760//1534 1472//1294 1000//882
f 1001//883 1478//1300 1761//1535 1477//1299
f 1478//1300 1002//884 1479//1301 1761//1535
f 1761//1535 1479//1301 830//736 1480//1302
f 1477//1299 1761//1535 1480//1302 829//735
f 1002//884 1481//1303 1762//1536 1479//1301
f 1481//1303 1003//885 1482//1304 1762//1536
f 1762//1536 1482//1304 831//737 1483//1096
f 1479//1301 1762//1536 1483//1096 830//736
f 1003//885 1484//1305 1763//1537 1482//1304
f 1484//1305 1004//886 1485//1306 1763//1537
f 1763//1537 1485//1306 832//738 1486//1307
f 1482//1304 1763//1537 1486//1307 831//737
f 1004//886 1487//1308 1764//1538 1485//1306
f 1487//1308 1001//883 1477//1299 1764//1538
f 1764//1538 1477//1299 829//735 1488//1091
f 1485//1306 1764//1538 1488//1091 832//738
f 1005//816 1490//912 1765//1449 1489//1309
f 1490//912 1006//815 1491//1310 1765//1449
f 1765//1449 1491//1310 1002//884 1478//1300
f 1489//1309 1765//1449 1478//1300 1001//883
f 1006//815 1492//1102 1766//1539 1491//1310
f 1492//1102 1007//818 1493//1311 1766//1539
f 1766//1539 1493//1311 1003//885 1481//1303
f 1491//1310 1766//1539 1481//1303 1002//884
f 1007//818 1494//916 1767//1451 1493//1311
f 1494//916 1008//817 1495//1312 1767//1451
f 1767//1451 1495//1312 1004//886 1484//1305
f 1493//1311 1767//1451 1484//1305 1003//885
f 1008//817 1496//1099 1768//1540 1495//1312
f 1496//1099 1005//816 1489//1309 1768//1540
f 1768//1540 1489//1309 1001//883 1487//1308
f 1495//1312 1768//1540 1487//1308 1004//886
f 1009//887 1498//1314 1769//1445 1497//1313
f 1498//1314 1010//888 1499//1315 1769//1445
f 1769//1445 1499//1315 1006//815 1490//912
f 1497//1313 1769//1445 1490//912 1005//816
f 1010//888 1500//1316 1770//1541 1499//1315
f 1500//1316 1011//889 1501//1317 1770//1541
f 1770//1541 1501//1317 1007//818 1492//1102
f 1499//1315 1770//1541 1492//1102 1006//815
f 1011//889 1502//1318 1771//1447 1501//1317
f 1502//1318 1012//890 1503//1319 1771//1447
f 1771//1447 1503//1319 1008//817 1494//916
f 1501//1317 1771//1447 1494//916 1007//818
f 1012//890 1504//1320 1772//1542 1503//1319
f 1504//1320 1009//887 1497//1313 1772//1542
f 1772//1542 1497//1313 1005//816 1496//1099
f 1503//1319 1772//1542 1496//1099 1008//817
f 825//731 1448//1276 1773//1543 1505//1321
f 1448//1276 826//732 1506//1322 1773//1543
f 1773//1543 1506//1322 1010//888 1498//1314
f 1505//1321 1773//1543 1498//1314 1009//887
f 826//732 1451//1066 1774//1544 1506//1322
f 1451//1066 827//733 1507//1323 1774//1544
f 1774//1544 1507//1323 1011//889 1500//1316
f 1506//1322 1774//1544 1500//1316 1010//888
f 827//733 1454//1281 1775//1545 1507//1323
f 1454//1281 828//734 1508//1324 1775//1545
f 1775//1545 1508//1324 1012//890 1502//1318
f 1507//1323 1775//1545 1502//1318 1011//889
f 828//734 1456//1061 1776//1546 1508//1324
f 1456//1061 825//731 1505//1321 1776//1546
f 1776//1546 1505//1321 1009//887 1504//1320
f 1508//1324 1776//1546 1504//1320 1012//890
f 1013//891 1510//1326 1777//1547 1509//1325
f 1510//1326 1014//892 1511//1327 1777//1547
f 1777//1547 1511//1327 770//676 1054//928
f 1509//1325 1777//1547 1054//928 769//675
f 1014//892 1512//1328 1778//1548 1511//1327
f 1512//1328 1015//893 1513//1329 1778//1548
f 1778//1548 1513//1329 771//677 1056//930
f 1511//1327 1778//1548 1056//930 770//676
f 1015//893 1514//1330 1779//1549 1513//1329
f 1514//1330 1016//894 1515//1331 1779//1549
f 1779//1549 1515//1331 772//678 1058//932
f 1513//1329 1779//1549 1058//932 771//677
f 1016//894 1516//1332 1780//1550 1515//1331
f 1516//1332 1013//891 1509//1325 1780//1550
f 1780//1550 1509//1325 769//675 1060//934
f 1515//1331 1780//1550 1060//934 772//678
f 1017//828 1518//912 1781//1353 1517//1333
f 1518//912 1018//827 1519//1334 1781//1353
f 1781//1353 1519//1334 1014//892 1510//1326
f 1517//1333 1781//1353 1510//1326 1013//891
f 1018//827 1520//1130 1782//1464 1519//1334
f 1520//1130 1019//830 1521//1335 1782//1464
f 1782//1464 1521//1335 1015//893 1512//1328
f 1519//1334 1782//1464 1512//1328 1014//892
f 1019//830 1522//916 1783//1355 1521//1335
f 1522//916 1020//829 1523//1336 1783//1355
f 1783//1355 1523//1336 1016//894 1514//1330
f 1521//1335 1783//1355 1514//1330 1015//893
f 1020//829 1524//1127 1784//1551 1523//1336
f 1524//1127 1017//828 1517//1333 1784//1551
f 1784//1551 1517//1333 1013//891 1516//1332
f 1523//1336 1784//1551 1516//1332 1016//894
f 1021//895 1526//1338 1785//1357 1525//1337
f 1526//1338 1022//896 1527//1339 1785//1357
f 1785//1357 1527//1339 1018//827 1518//912
f 1525//1337 1785//1357 1518//912 1017//828
f 1022//896 1528//1340 1786//1552 1527//1339
f 1528//1340 1023//897 1529//1341 1786//1552
f 1786//1552 1529//1341 1019//830 1520//1130
f 1527//1339 1786//1552 1520//1130 1018//827
f 1023//897 1530//1342 1787//1359 1529//1341
f 1530//1342 1024//898 1531//1343 1787//1359
f 1787//1359 1531//1343 1020//829 1522//916
f 1529//1341 1787//1359 1522//916 1019//830
f 1024//898 1532//1344 1788//1461 1531//1343
f 1532//1344 1021//895 1525//1337 1788//1461
f 1788//1461 1525//1337 1017//828 1524//1127
f 1531//1343 1788//1461 1524//1127 1020//829
f 829//735 1480//1302 1789//1553 1533//1345
f 1480//1302 830//736 1534//1346 1789//1553
f 1789//1553 1534//1346 1022//896 1526//1338
f 1533//1345 1789//1553 1526//1338 1021//895
f 830//736 1483//1096 1790//1554 1534//1346
f 1483//1096 831//737 1535//1347 1790//1554
f 1790//1554 1535//1347 1023//897 1528//1340
f 1534//1346 1790//1554 1528//1340 1022//896
f 831//737 1486//1307 1791//1555 1535//1347
f 1486//1307 832//738 1536//1348 1791//1555
f 1791//1555 1536//1348 1024//898 1530//1342
f 1535//1347 1791//1555 1530//1342 1023//897
f 832//738 1488//1091 1792//1556 1536//1348
f 1488//1091 829//735 1533//1345 1792//1556
f 1792//1556 1533//1345 1021//895 1532//1344
f 1536//1348 1792//1556 1532//1344 1024//898
o export_Large_wheel_L_Circle.008
v 0.051504 0.950035 0.000000
v 0.051504 0.877718 0.363563
v 0.051504 0.671776 0.671776
v 0.051504 0.363563 0.877718
v 0.051504 -0.000000 0.950035
v 0.051504 -0.363563 0.877718
v 0.051504 -0.671776 0.671776
v 0.051504 -0.877718 0.363563
v 0.051504 -0.950035 0.000000
v 0.051504 -0.877718 -0.363562
v 0.051504 -0.671776 -0.671776
v 0.051504 -0.363563 -0.877718
v 0.051504 0.000000 -0.950035
v 0.051504 0.363563 -0.877718
v 0.051504 0.671776 -0.671776
v 0.051504 0.877718 -0.363562
v 0.148985 0.950035 0.000000
v 0.148985 0.877718 0.363563
v 0.148985 0.671776 0.671776
v 0.148985 0.363563 0.877718
v 0.148985 -0.000000 0.950035
v 0.148985 -0.363563 0.877718
v 0.148985 -0.671776 0.671776
v 0.148985 -0.877718 0.363563
v 0.148985 -0.950035 0.000000
v 0.148986 -0.877718 -0.363562
v 0.148986 -0.671776 -0.671776
v 0.148986 -0.363563 -0.877718
v 0.148986 0.000000 -0.950035
v 0.148986 0.363563 -0.877718
v 0.148986 0.671776 -0.671776
v 0.148986 0.877718 -0.363562
v 0.051504 0.931720 0.185331
v 0.051504 0.789874 0.527777
v 0.051504 0.527777 0.789874
v 0.051504 0.185331 0.931720
v 0.051504 -0.185331 0.931720
v 0.051504 -0.527777 0.789874
v 0.051504 -0.789874 0.527777
v 0.051504 -0.931720 0.185331
v 0.051504 -0.931720 -0.185331
v 0.051504 -0.789875 -0.527777
v 0.051504 -0.527777 -0.789874
v 0.051504 -0.185331 -0.931720
v 0.051504 0.185331 -0.931720
v 0.051504 0.527777 -0.789874
v 0.051504 0.789875 -0.527777
v 0.051504 0.931721 -0.185330
v 0.148985 0.931720 0.185331
v 0.148985 0.789874 0.527777
v 0.148985 0.527777 0.789874
v 0.148985 0.185331 0.931720
v 0.148985 -0.185331 0.931720
v 0.148985 -0.527777 0.789874
v 0.148985 -0.789874 0.527777
v 0.148985 -0.931720 0.185331
v 0.148986 -0.931720 -0.185331
v 0.148986 -0.789875 -0.527777
v 0.148986 -0.527777 -0.789874
v 0.148986 -0.185331 -0.931720
v 0.148986 0.185331 -0.931720
v 0.148986 0.527777 -0.789874
v 0.148986 0.789875 -0.527777
v 0.148986 0.931721 -0.185330
v 0.100245 0.877718 0.363563
v 0.100244 0.671776 0.671776
v 0.100245 -0.877718 -0.363562
v 0.100245 -0.671776 -0.671776
v 0.100244 0.363563 0.877718
v 0.100245 -0.363563 -0.877718
v 0.100244 -0.000000 0.950035
v 0.100245 0.000000 -0.950035
v 0.100244 -0.363563 0.877718
v 0.100245 0.363563 -0.877718
v 0.100244 -0.671776 0.671776
v 0.100245 0.671776 -0.671776
v 0.100245 -0.877718 0.363563
v 0.100245 0.877718 -0.363562
v 0.100245 -0.950035 0.000000
v 0.100245 0.950035 0.000000
v 0.100245 0.789874 0.527777
v 0.100245 -0.789875 -0.527777
v 0.100244 0.527777 0.789874
v 0.100245 -0.527777 -0.789874
v 0.100244 0.185331 0.931720
v 0.100245 -0.185331 -0.931720
v 0.100244 -0.185331 0.931720
v 0.100245 0.185331 -0.931720
v 0.100244 -0.527777 0.789874
v 0.100245 0.527777 -0.789874
v 0.100245 -0.789874 0.527777
v 0.100245 0.789875 -0.527777
v 0.100245 -0.931720 0.185331
v 0.100245 0.931720 0.185331
v 0.100245 0.931720 -0.185330
v 0.100245 -0.931720 -0.185331
v 0.051504 0.989026 0.000000
v 0.051504 0.913741 0.378484
v 0.051504 0.699347 0.699347
v 0.051504 0.378484 0.913741
v 0.051504 -0.000000 0.989026
v 0.051504 -0.378484 0.913741
v 0.051504 -0.699347 0.699347
v 0.051504 -0.913741 0.378484
v 0.051504 -0.989026 0.000000
v 0.051504 -0.913741 -0.378484
v 0.051504 -0.699347 -0.699347
v 0.051504 -0.378484 -0.913741
v 0.051504 0.000000 -0.989026
v 0.051504 0.378484 -0.913741
v 0.051504 0.699347 -0.699347
v 0.051504 0.913741 -0.378483
v 0.148985 0.989026 0.000000
v 0.148985 0.913741 0.378484
v 0.148985 0.699347 0.699347
v 0.148985 0.378484 0.913741
v 0.148985 -0.000000 0.989026
v 0.148985 -0.378484 0.913741
v 0.148985 -0.699347 0.699347
v 0.148985 -0.913741 0.378484
v 0.148986 -0.989026 0.000000
v 0.148985 -0.913741 -0.378484
v 0.148986 -0.699347 -0.699347
v 0.148986 -0.378484 -0.913741
v 0.148986 0.000000 -0.989026
v 0.148986 0.378484 -0.913741
v 0.148986 0.699347 -0.699347
v 0.148986 0.913741 -0.378483
v 0.051504 0.969962 0.192937
v 0.051504 0.822294 0.549439
v 0.051504 0.549439 0.822294
v 0.051504 0.192937 0.969962
v 0.051504 -0.192937 0.969962
v 0.051504 -0.549439 0.822294
v 0.051504 -0.822294 0.549439
v 0.051504 -0.969962 0.192938
v 0.051504 -0.969962 -0.192937
v 0.051504 -0.822294 -0.549439
v 0.051504 -0.549439 -0.822294
v 0.051504 -0.192938 -0.969962
v 0.051504 0.192938 -0.969962
v 0.051504 0.549439 -0.822294
v 0.051504 0.822294 -0.549439
v 0.051504 0.969962 -0.192937
v 0.148985 0.969962 0.192937
v 0.148985 0.822294 0.549439
v 0.148985 0.549439 0.822294
v 0.148985 0.192937 0.969962
v 0.148985 -0.192937 0.969962
v 0.148985 -0.549439 0.822294
v 0.148985 -0.822294 0.549439
v 0.148985 -0.969962 0.192938
v 0.148986 -0.969962 -0.192937
v 0.148985 -0.822294 -0.549439
v 0.148986 -0.549439 -0.822294
v 0.148986 -0.192938 -0.969962
v 0.148986 0.192938 -0.969962
v 0.148986 0.549439 -0.822294
v 0.148986 0.822294 -0.549439
v 0.148986 0.969962 -0.192937
v 0.100245 0.913741 0.378484
v 0.100244 0.699347 0.699347
v 0.100245 -0.913741 -0.378484
v 0.100245 -0.699347 -0.699347
v 0.100244 0.378484 0.913741
v 0.100245 -0.378484 -0.913741
v 0.100244 -0.000000 0.989026
v 0.100245 0.000000 -0.989026
v 0.100244 -0.378484 0.913741
v 0.100245 0.378484 -0.913741
v 0.100244 -0.699347 0.699347
v 0.100245 0.699347 -0.699347
v 0.100245 -0.913741 0.378484
v 0.100245 0.913741 -0.378483
v 0.100245 -0.989026 0.000000
v 0.100245 0.989026 0.000000
v 0.100245 0.822294 0.549439
v 0.100245 -0.822294 -0.549439
v 0.100244 0.549439 0.822294
v 0.100245 -0.549439 -0.822294
v 0.100244 0.192937 0.969962
v 0.100245 -0.192937 -0.969962
v 0.100244 -0.192937 0.969962
v 0.100245 0.192938 -0.969962
v 0.100244 -0.549439 0.822294
v 0.100245 0.549439 -0.822294
v 0.100245 -0.822294 0.549439
v 0.100245 0.822294 -0.549439
v 0.100245 -0.969962 0.192938
v 0.100245 0.969962 0.192937
v 0.100245 0.969962 -0.192937
v 0.100245 -0.969962 -0.192937
vn -0.0000 0.9239 0.3827
vn -0.0000 0.8315 0.5556
vn -0.0000 0.7071 0.7071
vn -0.0000 -0.9239 -0.3827
vn -0.0000 -0.8315 -0.5556
vn -0.0000 -0.7071 -0.7071
vn -0.0000 0.5556 0.8315
vn -0.0000 0.3827 0.9239
vn -0.0000 -0.5556 -0.8315
vn -0.0000 -0.3827 -0.9239
vn -0.0000 0.1951 0.9808
vn -0.0000 -0.0000 1.0000
vn -0.0000 -0.1951 -0.9808
vn -0.0000 -0.0000 -1.0000
vn -0.0000 -0.1951 0.9808
vn -0.0000 -0.3827 0.9239
vn -0.0000 0.1951 -0.9808
vn -0.0000 0.3827 -0.9239
vn -0.0000 -0.5556 0.8315
vn -0.0000 -0.7071 0.7071
vn -0.0000 0.5556 -0.8315
vn -0.0000 0.7071 -0.7071
vn -0.0000 -0.8315 0.5556
vn -0.0000 -0.9239 0.3827
vn -0.0000 0.8315 -0.5556
vn -0.0000 0.9239 -0.3827
vn -0.0000 -0.9808 0.1951
vn -0.0000 -1.0000 -0.0000
vn -0.0000 1.0000 -0.0000
vn -0.0000 0.9808 0.1951
vn -0.0000 0.9808 -0.1951
vn -0.0000 -0.9808 -0.1951
vn 1.0000 -0.0000 -0.0000
vn -1.0000 -0.0000 -0.0000
vt 0.000000 0.000000
s 1
usemtl wheelchair_metal
f 1794/1/1557 1826/1/1558 1873/1/1558 1857/1/1557
f 1826/1/1558 1795/1/1559 1858/1/1559 1873/1/1558
f 1873/1/1558 1858/1/1559 1811/1/1559 1842/1/1558
f 1857/1/1557 1873/1/1558 1842/1/1558 1810/1/1557
f 1802/1/1560 1834/1/1561 1874/1/1561 1859/1/1560
f 1834/1/1561 1803/1/1562 1860/1/1562 1874/1/1561
f 1874/1/1561 1860/1/1562 1819/1/1562 1850/1/1561
f 1859/1/1560 1874/1/1561 1850/1/1561 1818/1/1560
f 1795/1/1559 1827/1/1563 1875/1/1563 1858/1/1559
f 1827/1/1563 1796/1/1564 1861/1/1564 1875/1/1563
f 1875/1/1563 1861/1/1564 1812/1/1564 1843/1/1563
f 1858/1/1559 1875/1/1563 1843/1/1563 1811/1/1559
f 1803/1/1562 1835/1/1565 1876/1/1565 1860/1/1562
f 1835/1/1565 1804/1/1566 1862/1/1566 1876/1/1565
f 1876/1/1565 1862/1/1566 1820/1/1566 1851/1/1565
f 1860/1/1562 1876/1/1565 1851/1/1565 1819/1/1562
f 1796/1/1564 1828/1/1567 1877/1/1567 1861/1/1564
f 1828/1/1567 1797/1/1568 1863/1/1568 1877/1/1567
f 1877/1/1567 1863/1/1568 1813/1/1568 1844/1/1567
f 1861/1/1564 1877/1/1567 1844/1/1567 1812/1/1564
f 1804/1/1566 1836/1/1569 1878/1/1569 1862/1/1566
f 1836/1/1569 1805/1/1570 1864/1/1570 1878/1/1569
f 1878/1/1569 1864/1/1570 1821/1/1570 1852/1/1569
f 1862/1/1566 1878/1/1569 1852/1/1569 1820/1/1566
f 1797/1/1568 1829/1/1571 1879/1/1571 1863/1/1568
f 1829/1/1571 1798/1/1572 1865/1/1572 1879/1/1571
f 1879/1/1571 1865/1/1572 1814/1/1572 1845/1/1571
f 1863/1/1568 1879/1/1571 1845/1/1571 1813/1/1568
f 1805/1/1570 1837/1/1573 1880/1/1573 1864/1/1570
f 1837/1/1573 1806/1/1574 1866/1/1574 1880/1/1573
f 1880/1/1573 1866/1/1574 1822/1/1574 1853/1/1573
f 1864/1/1570 1880/1/1573 1853/1/1573 1821/1/1570
f 1798/1/1572 1830/1/1575 1881/1/1575 1865/1/1572
f 1830/1/1575 1799/1/1576 1867/1/1576 1881/1/1575
f 1881/1/1575 1867/1/1576 1815/1/1576 1846/1/1575
f 1865/1/1572 1881/1/1575 1846/1/1575 1814/1/1572
f 1806/1/1574 1838/1/1577 1882/1/1577 1866/1/1574
f 1838/1/1577 1807/1/1578 1868/1/1578 1882/1/1577
f 1882/1/1577 1868/1/1578 1823/1/1578 1854/1/1577
f 1866/1/1574 1882/1/1577 1854/1/1577 1822/1/1574
f 1799/1/1576 1831/1/1579 1883/1/1579 1867/1/1576
f 1831/1/1579 1800/1/1580 1869/1/1580 1883/1/1579
f 1883/1/1579 1869/1/1580 1816/1/1580 1847/1/1579
f 1867/1/1576 1883/1/1579 1847/1/1579 1815/1/1576
f 1807/1/1578 1839/1/1581 1884/1/1581 1868/1/1578
f 1839/1/1581 1808/1/1582 1870/1/1582 1884/1/1581
f 1884/1/1581 1870/1/1582 1824/1/1582 1855/1/1581
f 1868/1/1578 1884/1/1581 1855/1/1581 1823/1/1578
f 1800/1/1580 1832/1/1583 1885/1/1583 1869/1/1580
f 1832/1/1583 1801/1/1584 1871/1/1584 1885/1/1583
f 1885/1/1583 1871/1/1584 1817/1/1584 1848/1/1583
f 1869/1/1580 1885/1/1583 1848/1/1583 1816/1/1580
f 1793/1/1585 1825/1/1586 1886/1/1586 1872/1/1585
f 1825/1/1586 1794/1/1557 1857/1/1557 1886/1/1586
f 1886/1/1586 1857/1/1557 1810/1/1557 1841/1/1586
f 1872/1/1585 1886/1/1586 1841/1/1586 1809/1/1585
f 1808/1/1582 1840/1/1587 1887/1/1587 1870/1/1582
f 1840/1/1587 1793/1/1585 1872/1/1585 1887/1/1587
f 1887/1/1587 1872/1/1585 1809/1/1585 1856/1/1587
f 1870/1/1582 1887/1/1587 1856/1/1587 1824/1/1582
f 1801/1/1584 1833/1/1588 1888/1/1588 1871/1/1584
f 1833/1/1588 1802/1/1560 1859/1/1560 1888/1/1588
f 1888/1/1588 1859/1/1560 1818/1/1560 1849/1/1588
f 1871/1/1584 1888/1/1588 1849/1/1588 1817/1/1584
f 1890/1/1560 1953/1/1560 1969/1/1561 1922/1/1561
f 1922/1/1561 1969/1/1561 1954/1/1562 1891/1/1562
f 1969/1/1561 1938/1/1561 1907/1/1562 1954/1/1562
f 1953/1/1560 1906/1/1560 1938/1/1561 1969/1/1561
f 1898/1/1557 1955/1/1557 1970/1/1558 1930/1/1558
f 1930/1/1558 1970/1/1558 1956/1/1559 1899/1/1559
f 1970/1/1558 1946/1/1558 1915/1/1559 1956/1/1559
f 1955/1/1557 1914/1/1557 1946/1/1558 1970/1/1558
f 1891/1/1562 1954/1/1562 1971/1/1565 1923/1/1565
f 1923/1/1565 1971/1/1565 1957/1/1566 1892/1/1566
f 1971/1/1565 1939/1/1565 1908/1/1566 1957/1/1566
f 1954/1/1562 1907/1/1562 1939/1/1565 1971/1/1565
f 1899/1/1559 1956/1/1559 1972/1/1563 1931/1/1563
f 1931/1/1563 1972/1/1563 1958/1/1564 1900/1/1564
f 1972/1/1563 1947/1/1563 1916/1/1564 1958/1/1564
f 1956/1/1559 1915/1/1559 1947/1/1563 1972/1/1563
f 1892/1/1566 1957/1/1566 1973/1/1569 1924/1/1569
f 1924/1/1569 1973/1/1569 1959/1/1570 1893/1/1570
f 1973/1/1569 1940/1/1569 1909/1/1570 1959/1/1570
f 1957/1/1566 1908/1/1566 1940/1/1569 1973/1/1569
f 1900/1/1564 1958/1/1564 1974/1/1567 1932/1/1567
f 1932/1/1567 1974/1/1567 1960/1/1568 1901/1/1568
f 1974/1/1567 1948/1/1567 1917/1/1568 1960/1/1568
f 1958/1/1564 1916/1/1564 1948/1/1567 1974/1/1567
f 1893/1/1570 1959/1/1570 1975/1/1573 1925/1/1573
f 1925/1/1573 1975/1/1573 1961/1/1574 1894/1/1574
f 1975/1/1573 1941/1/1573 1910/1/1574 1961/1/1574
f 1959/1/1570 1909/1/1570 1941/1/1573 1975/1/1573
f 1901/1/1568 1960/1/1568 1976/1/1571 1933/1/1571
f 1933/1/1571 1976/1/1571 1962/1/1572 1902/1/1572
f 1976/1/1571 1949/1/1571 1918/1/1572 1962/1/1572
f 1960/1/1568 1917/1/1568 1949/1/1571 1976/1/1571
f 1894/1/1574 1961/1/1574 1977/1/1577 1926/1/1577
f 1926/1/1577 1977/1/1577 1963/1/1578 1895/1/1578
f 1977/1/1577 1942/1/1577 1911/1/1578 1963/1/1578
f 1961/1/1574 1910/1/1574 1942/1/1577 1977/1/1577
f 1902/1/1572 1962/1/1572 1978/1/1575 1934/1/1575
f 1934/1/1575 1978/1/1575 1964/1/1576 1903/1/1576
f 1978/1/1575 1950/1/1575 1919/1/1576 1964/1/1576
f 1962/1/1572 1918/1/1572 1950/1/1575 1978/1/1575
f 1895/1/1578 1963/1/1578 1979/1/1581 1927/1/1581
f 1927/1/1581 1979/1/1581 1965/1/1582 1896/1/1582
f 1979/1/1581 1943/1/1581 1912/1/1582 1965/1/1582
f 1963/1/1578 1911/1/1578 1943/1/1581 1979/1/1581
f 1903/1/1576 1964/1/1576 1980/1/1579 1935/1/1579
f 1935/1/1579 1980/1/1579 1966/1/1580 1904/1/1580
f 1980/1/1579 1951/1/1579 1920/1/1580 1966/1/1580
f 1964/1/1576 1919/1/1576 1951/1/1579 1980/1/1579
f 1896/1/1582 1965/1/1582 1981/1/1587 1928/1/1587
f 1928/1/1587 1981/1/1587 1967/1/1585 1897/1/1585
f 1981/1/1587 1944/1/1587 1913/1/1585 1967/1/1585
f 1965/1/1582 1912/1/1582 1944/1/1587 1981/1/1587
f 1889/1/1584 1968/1/1584 1982/1/1588 1921/1/1588
f 1921/1/1588 1982/1/1588 1953/1/1560 1890/1/1560
f 1982/1/1588 1937/1/1588 1906/1/1560 1953/1/1560
f 1968/1/1584 1905/1/1584 1937/1/1588 1982/1/1588
f 1904/1/1580 1966/1/1580 1983/1/1583 1936/1/1583
f 1936/1/1583 1983/1/1583 1968/1/1584 1889/1/1584
f 1983/1/1583 1952/1/1583 1905/1/1584 1968/1/1584
f 1966/1/1580 1920/1/1580 1952/1/1583 1983/1/1583
f 1897/1/1585 1967/1/1585 1984/1/1586 1929/1/1586
f 1929/1/1586 1984/1/1586 1955/1/1557 1898/1/1557
f 1984/1/1586 1945/1/1586 1914/1/1557 1955/1/1557
f 1967/1/1585 1913/1/1585 1945/1/1586 1984/1/1586
f 1794/1/1589 1825/1/1589 1921/1/1589 1890/1/1589
f 1825/1/1589 1793/1/1589 1889/1/1589 1921/1/1589
f 1795/1/1589 1826/1/1589 1922/1/1589 1891/1/1589
f 1826/1/1589 1794/1/1589 1890/1/1589 1922/1/1589
f 1796/1/1589 1827/1/1589 1923/1/1589 1892/1/1589
f 1827/1/1589 1795/1/1589 1891/1/1589 1923/1/1589
f 1797/1/1589 1828/1/1589 1924/1/1589 1893/1/1589
f 1828/1/1589 1796/1/1589 1892/1/1589 1924/1/1589
f 1798/1/1589 1829/1/1589 1925/1/1589 1894/1/1589
f 1829/1/1589 1797/1/1589 1893/1/1589 1925/1/1589
f 1799/1/1589 1830/1/1589 1926/1/1589 1895/1/1589
f 1830/1/1589 1798/1/1589 1894/1/1589 1926/1/1589
f 1800/1/1589 1831/1/1589 1927/1/1589 1896/1/1589
f 1831/1/1589 1799/1/1589 1895/1/1589 1927/1/1589
f 1801/1/1589 1832/1/1589 1928/1/1589 1897/1/1589
f 1832/1/1589 1800/1/1589 1896/1/1589 1928/1/1589
f 1802/1/1589 1833/1/1589 1929/1/1589 1898/1/1589
f 1833/1/1589 1801/1/1589 1897/1/1589 1929/1/1589
f 1803/1/1589 1834/1/1589 1930/1/1589 1899/1/1589
f 1834/1/1589 1802/1/1589 1898/1/1589 1930/1/1589
f 1804/1/1589 1835/1/1589 1931/1/1589 1900/1/1589
f 1835/1/1589 1803/1/1589 1899/1/1589 1931/1/1589
f 1805/1/1589 1836/1/1589 1932/1/1589 1901/1/1589
f 1836/1/1589 1804/1/1589 1900/1/1589 1932/1/1589
f 1806/1/1589 1837/1/1589 1933/1/1589 1902/1/1589
f 1837/1/1589 1805/1/1589 1901/1/1589 1933/1/1589
f 1807/1/1589 1838/1/1589 1934/1/1589 1903/1/1589
f 1838/1/1589 1806/1/1589 1902/1/1589 1934/1/1589
f 1808/1/1589 1839/1/1589 1935/1/1589 1904/1/1589
f 1839/1/1589 1807/1/1589 1903/1/1589 1935/1/1589
f 1793/1/1589 1840/1/1589 1936/1/1589 1889/1/1589
f 1840/1/1589 1808/1/1589 1904/1/1589 1936/1/1589
f 1841/1/1590 1810/1/1590 1906/1/1590 1937/1/1590
f 1809/1/1590 1841/1/1590 1937/1/1590 1905/1/1590
f 1842/1/1590 1811/1/1590 1907/1/1590 1938/1/1590
f 1810/1/1590 1842/1/1590 1938/1/1590 1906/1/1590
f 1843/1/1590 1812/1/1590 1908/1/1590 1939/1/1590
f 1811/1/1590 1843/1/1590 1939/1/1590 1907/1/1590
f 1844/1/1590 1813/1/1590 1909/1/1590 1940/1/1590
f 1812/1/1590 1844/1/1590 1940/1/1590 1908/1/1590
f 1845/1/1590 1814/1/1590 1910/1/1590 1941/1/1590
f 1813/1/1590 1845/1/1590 1941/1/1590 1909/1/1590
f 1846/1/1590 1815/1/1590 1911/1/1590 1942/1/1590
f 1814/1/1590 1846/1/1590 1942/1/1590 1910/1/1590
f 1847/1/1590 1816/1/1590 1912/1/1590 1943/1/1590
f 1815/1/1590 1847/1/1590 1943/1/1590 1911/1/1590
f 1848/1/1590 1817/1/1590 1913/1/1590 1944/1/1590
f 1816/1/1590 1848/1/1590 1944/1/1590 1912/1/1590
f 1849/1/1590 1818/1/1590 1914/1/1590 1945/1/1590
f 1817/1/1590 1849/1/1590 1945/1/1590 1913/1/1590
f 1850/1/1590 1819/1/1590 1915/1/1590 1946/1/1590
f 1818/1/1590 1850/1/1590 1946/1/1590 1914/1/1590
f 1851/1/1590 1820/1/1590 1916/1/1590 1947/1/1590
f 1819/1/1590 1851/1/1590 1947/1/1590 1915/1/1590
f 1852/1/1590 1821/1/1590 1917/1/1590 1948/1/1590
f 1820/1/1590 1852/1/1590 1948/1/1590 1916/1/1590
f 1853/1/1590 1822/1/1590 1918/1/1590 1949/1/1590
f 1821/1/1590 1853/1/1590 1949/1/1590 1917/1/1590
f 1854/1/1590 1823/1/1590 1919/1/1590 1950/1/1590
f 1822/1/1590 1854/1/1590 1950/1/1590 1918/1/1590
f 1855/1/1590 1824/1/1590 1920/1/1590 1951/1/1590
f 1823/1/1590 1855/1/1590 1951/1/1590 1919/1/1590
f 1856/1/1590 1809/1/1590 1905/1/1590 1952/1/1590
f 1824/1/1590 1856/1/1590 1952/1/1590 1920/1/1590
o export_Large_wheel_L_Circle.009
v 0.218185 0.763723 0.000000
v 0.218185 0.705588 0.292264
v 0.218185 0.540033 0.540033
v 0.218185 0.292264 0.705588
v 0.218185 -0.000000 0.763723
v 0.218185 -0.292264 0.705588
v 0.218185 -0.540033 0.540033
v 0.218185 -0.705588 0.292264
v 0.218185 -0.763723 0.000000
v 0.218185 -0.705588 -0.292264
v 0.218186 -0.540034 -0.540033
v 0.218186 -0.292264 -0.705588
v 0.218186 0.000000 -0.763723
v 0.218186 0.292264 -0.705588
v 0.218186 0.540034 -0.540033
v 0.218185 0.705588 -0.292264
v 0.280651 0.763723 0.000000
v 0.280651 0.705588 0.292264
v 0.280651 0.540033 0.540033
v 0.280651 0.292264 0.705588
v 0.280651 -0.000000 0.763723
v 0.280651 -0.292264 0.705588
v 0.280651 -0.540033 0.540033
v 0.280651 -0.705588 0.292264
v 0.280651 -0.763723 0.000000
v 0.280651 -0.705588 -0.292264
v 0.280651 -0.540034 -0.540033
v 0.280651 -0.292264 -0.705588
v 0.280651 0.000000 -0.763723
v 0.280651 0.292264 -0.705588
v 0.280651 0.540034 -0.540033
v 0.280651 0.705588 -0.292264
v 0.218185 0.749000 0.148985
v 0.218185 0.634971 0.424274
v 0.218185 0.424274 0.634971
v 0.218185 0.148985 0.749000
v 0.218185 -0.148985 0.749000
v 0.218185 -0.424274 0.634971
v 0.218185 -0.634971 0.424274
v 0.218185 -0.749000 0.148985
v 0.218185 -0.749000 -0.148985
v 0.218185 -0.634971 -0.424274
v 0.218186 -0.424274 -0.634971
v 0.218186 -0.148985 -0.749000
v 0.218186 0.148985 -0.749000
v 0.218186 0.424274 -0.634971
v 0.218185 0.634971 -0.424274
v 0.218185 0.749000 -0.148985
v 0.280651 0.749000 0.148985
v 0.280651 0.634971 0.424274
v 0.280651 0.424274 0.634971
v 0.280651 0.148985 0.749000
v 0.280651 -0.148985 0.749000
v 0.280651 -0.424274 0.634971
v 0.280651 -0.634971 0.424274
v 0.280651 -0.749000 0.148985
v 0.280651 -0.749000 -0.148985
v 0.280651 -0.634971 -0.424274
v 0.280651 -0.424274 -0.634971
v 0.280651 -0.148985 -0.749000
v 0.280651 0.148985 -0.749000
v 0.280651 0.424274 -0.634971
v 0.280651 0.634971 -0.424274
v 0.280651 0.749000 -0.148985
v 0.249418 0.705588 0.292264
v 0.249418 0.540033 0.540033
v 0.249418 -0.705588 -0.292264
v 0.249418 -0.540033 -0.540033
v 0.249418 0.292264 0.705588
v 0.249418 -0.292264 -0.705588
v 0.249418 -0.000000 0.763723
v 0.249418 0.000000 -0.763722
v 0.249418 -0.292264 0.705588
v 0.249418 0.292264 -0.705588
v 0.249418 -0.540033 0.540033
v 0.249418 0.540034 -0.540033
v 0.249418 -0.705588 0.292264
v 0.249418 0.705588 -0.292264
v 0.249418 -0.763723 0.000000
v 0.249418 0.763723 0.000000
v 0.249418 0.634971 0.424274
v 0.249418 -0.634971 -0.424274
v 0.249418 0.424274 0.634971
v 0.249418 -0.424274 -0.634971
v 0.249418 0.148985 0.749000
v 0.249418 -0.148985 -0.748999
v 0.249418 -0.148985 0.749000
v 0.249418 0.148985 -0.748999
v 0.249418 -0.424274 0.634971
v 0.249418 0.424274 -0.634971
v 0.249418 -0.634971 0.424274
v 0.249418 0.634971 -0.424274
v 0.249418 -0.749000 0.148985
v 0.249418 0.749000 0.148985
v 0.249418 0.749000 -0.148985
v 0.249418 -0.749000 -0.148985
v 0.218185 0.795067 0.000000
v 0.218185 0.734546 0.304259
v 0.218185 0.562197 0.562197
v 0.218185 0.304259 0.734546
v 0.218185 -0.000000 0.795067
v 0.218185 -0.304259 0.734546
v 0.218185 -0.562197 0.562197
v 0.218185 -0.734546 0.304259
v 0.218185 -0.795067 0.000000
v 0.218186 -0.734546 -0.304259
v 0.218186 -0.562197 -0.562197
v 0.218186 -0.304259 -0.734546
v 0.218186 0.000000 -0.795067
v 0.218186 0.304259 -0.734546
v 0.218185 0.562197 -0.562197
v 0.218185 0.734546 -0.304259
v 0.280651 0.795067 0.000000
v 0.280651 0.734546 0.304259
v 0.280651 0.562197 0.562197
v 0.280651 0.304259 0.734546
v 0.280651 -0.000000 0.795067
v 0.280651 -0.304259 0.734546
v 0.280651 -0.562197 0.562197
v 0.280651 -0.734546 0.304259
v 0.280651 -0.795067 0.000000
v 0.280651 -0.734546 -0.304259
v 0.280651 -0.562197 -0.562197
v 0.280651 -0.304259 -0.734546
v 0.280651 0.000000 -0.795067
v 0.280651 0.304259 -0.734546
v 0.280651 0.562197 -0.562197
v 0.280651 0.734546 -0.304259
v 0.218185 0.779742 0.155100
v 0.218185 0.661033 0.441688
v 0.218185 0.441688 0.661033
v 0.218185 0.155100 0.779742
v 0.218185 -0.155100 0.779742
v 0.218185 -0.441688 0.661033
v 0.218185 -0.661033 0.441688
v 0.218185 -0.779742 0.155100
v 0.218185 -0.779742 -0.155100
v 0.218186 -0.661033 -0.441688
v 0.218186 -0.441688 -0.661033
v 0.218186 -0.155100 -0.779742
v 0.218186 0.155100 -0.779742
v 0.218186 0.441688 -0.661033
v 0.218185 0.661033 -0.441688
v 0.218185 0.779742 -0.155100
v 0.280651 0.779742 0.155100
v 0.280651 0.661033 0.441688
v 0.280651 0.441688 0.661033
v 0.280651 0.155100 0.779742
v 0.280651 -0.155100 0.779742
v 0.280651 -0.441688 0.661033
v 0.280651 -0.661033 0.441688
v 0.280651 -0.779742 0.155100
v 0.280651 -0.779742 -0.155100
v 0.280651 -0.661033 -0.441688
v 0.280651 -0.441688 -0.661033
v 0.280651 -0.155100 -0.779742
v 0.280651 0.155100 -0.779742
v 0.280651 0.441688 -0.661033
v 0.280651 0.661033 -0.441688
v 0.280651 0.779742 -0.155100
v 0.249418 0.734546 0.304259
v 0.249418 0.562197 0.562197
v 0.249418 -0.734546 -0.304259
v 0.249418 -0.562197 -0.562197
v 0.249418 0.304259 0.734546
v 0.249418 -0.304259 -0.734546
v 0.249418 -0.000000 0.795067
v 0.249418 0.000000 -0.795067
v 0.249418 -0.304259 0.734546
v 0.249418 0.304259 -0.734546
v 0.249418 -0.562197 0.562197
v 0.249418 0.562197 -0.562197
v 0.249418 -0.734546 0.304259
v 0.249418 0.734546 -0.304259
v 0.249418 -0.795067 0.000000
v 0.249418 0.795067 0.000000
v 0.249418 0.661033 0.441688
v 0.249418 -0.661033 -0.441688
v 0.249418 0.441688 0.661033
v 0.249418 -0.441688 -0.661033
v 0.249418 0.155100 0.779742
v 0.249418 -0.155100 -0.779741
v 0.249418 -0.155100 0.779742
v 0.249418 0.155100 -0.779741
v 0.249418 -0.441688 0.661033
v 0.249418 0.441688 -0.661033
v 0.249418 -0.661033 0.441688
v 0.249418 0.661033 -0.441688
v 0.249418 -0.779741 0.155100
v 0.249418 0.779741 0.155100
v 0.249418 0.779742 -0.155100
v 0.249418 -0.779742 -0.155100
vn -0.0000 0.9239 0.3827
vn -0.0000 0.8315 0.5556
vn -0.0000 0.7071 0.7071
vn -0.0000 -0.9239 -0.3827
vn -0.0000 -0.8315 -0.5556
vn -0.0000 -0.7071 -0.7071
vn -0.0000 0.5556 0.8315
vn -0.0000 0.3827 0.9239
vn -0.0000 -0.5556 -0.8315
vn -0.0000 -0.3827 -0.9239
vn -0.0000 0.1951 0.9808
vn -0.0000 -0.0000 1.0000
vn -0.0000 -0.1951 -0.9808
vn -0.0000 -0.0000 -1.0000
vn -0.0000 -0.1951 0.9808
vn -0.0000 -0.3827 0.9239
vn -0.0000 0.1951 -0.9808
vn -0.0000 0.3827 -0.9239
vn -0.0000 -0.5556 0.8315
vn -0.0000 -0.7071 0.7071
vn -0.0000 0.5556 -0.8315
vn -0.0000 0.7071 -0.7071
vn -0.0000 -0.8315 0.5556
vn -0.0000 -0.9239 0.3827
vn -0.0000 0.8315 -0.5556
vn -0.0000 0.9239 -0.3827
vn -0.0000 -0.9808 0.1951
vn -0.0000 -1.0000 -0.0000
vn -0.0000 1.0000 -0.0000
vn -0.0000 0.9808 0.1951
vn -0.0000 0.9808 -0.1951
vn -0.0000 -0.9808 -0.1951
vn 1.0000 -0.0000 -0.0000
vn -1.0000 -0.0000 -0.0000
vt 0.000000 0.000000
s 1
usemtl wheelchair_metal
f 1986/2/1591 2018/2/1592 2065/2/1592 2049/2/1591
f 2018/2/1592 1987/2/1593 2050/2/1593 2065/2/1592
f 2065/2/1592 2050/2/1593 2003/2/1593 2034/2/1592
f 2049/2/1591 2065/2/1592 2034/2/1592 2002/2/1591
f 1994/2/1594 2026/2/1595 2066/2/1595 2051/2/1594
f 2026/2/1595 1995/2/1596 2052/2/1596 2066/2/1595
f 2066/2/1595 2052/2/1596 2011/2/1596 2042/2/1595
f 2051/2/1594 2066/2/1595 2042/2/1595 2010/2/1594
f 1987/2/1593 2019/2/1597 2067/2/1597 2050/2/1593
f 2019/2/1597 1988/2/1598 2053/2/1598 2067/2/1597
f 2067/2/1597 2053/2/1598 2004/2/1598 2035/2/1597
f 2050/2/1593 2067/2/1597 2035/2/1597 2003/2/1593
f 1995/2/1596 2027/2/1599 2068/2/1599 2052/2/1596
f 2027/2/1599 1996/2/1600 2054/2/1600 2068/2/1599
f 2068/2/1599 2054/2/1600 2012/2/1600 2043/2/1599
f 2052/2/1596 2068/2/1599 2043/2/1599 2011/2/1596
f 1988/2/1598 2020/2/1601 2069/2/1601 2053/2/1598
f 2020/2/1601 1989/2/1602 2055/2/1602 2069/2/1601
f 2069/2/1601 2055/2/1602 2005/2/1602 2036/2/1601
f 2053/2/1598 2069/2/1601 2036/2/1601 2004/2/1598
f 1996/2/1600 2028/2/1603 2070/2/1603 2054/2/1600
f 2028/2/1603 1997/2/1604 2056/2/1604 2070/2/1603
f 2070/2/1603 2056/2/1604 2013/2/1604 2044/2/1603
f 2054/2/1600 2070/2/1603 2044/2/1603 2012/2/1600
f 1989/2/1602 2021/2/1605 2071/2/1605 2055/2/1602
f 2021/2/1605 1990/2/1606 2057/2/1606 2071/2/1605
f 2071/2/1605 2057/2/1606 2006/2/1606 2037/2/1605
f 2055/2/1602 2071/2/1605 2037/2/1605 2005/2/1602
f 1997/2/1604 2029/2/1607 2072/2/1607 2056/2/1604
f 2029/2/1607 1998/2/1608 2058/2/1608 2072/2/1607
f 2072/2/1607 2058/2/1608 2014/2/1608 2045/2/1607
f 2056/2/1604 2072/2/1607 2045/2/1607 2013/2/1604
f 1990/2/1606 2022/2/1609 2073/2/1609 2057/2/1606
f 2022/2/1609 1991/2/1610 2059/2/1610 2073/2/1609
f 2073/2/1609 2059/2/1610 2007/2/1610 2038/2/1609
f 2057/2/1606 2073/2/1609 2038/2/1609 2006/2/1606
f 1998/2/1608 2030/2/1611 2074/2/1611 2058/2/1608
f 2030/2/1611 1999/2/1612 2060/2/1612 2074/2/1611
f 2074/2/1611 2060/2/1612 2015/2/1612 2046/2/1611
f 2058/2/1608 2074/2/1611 2046/2/1611 2014/2/1608
f 1991/2/1610 2023/2/1613 2075/2/1613 2059/2/1610
f 2023/2/1613 1992/2/1614 2061/2/1614 2075/2/1613
f 2075/2/1613 2061/2/1614 2008/2/1614 2039/2/1613
f 2059/2/1610 2075/2/1613 2039/2/1613 2007/2/1610
f 1999/2/1612 2031/2/1615 2076/2/1615 2060/2/1612
f 2031/2/1615 2000/2/1616 2062/2/1616 2076/2/1615
f 2076/2/1615 2062/2/1616 2016/2/1616 2047/2/1615
f 2060/2/1612 2076/2/1615 2047/2/1615 2015/2/1612
f 1992/2/1614 2024/2/1617 2077/2/1617 2061/2/1614
f 2024/2/1617 1993/2/1618 2063/2/1618 2077/2/1617
f 2077/2/1617 2063/2/1618 2009/2/1618 2040/2/1617
f 2061/2/1614 2077/2/1617 2040/2/1617 2008/2/1614
f 1985/2/1619 2017/2/1620 2078/2/1620 2064/2/1619
f 2017/2/1620 1986/2/1591 2049/2/1591 2078/2/1620
f 2078/2/1620 2049/2/1591 2002/2/1591 2033/2/1620
f 2064/2/1619 2078/2/1620 2033/2/1620 2001/2/1619
f 2000/2/1616 2032/2/1621 2079/2/1621 2062/2/1616
f 2032/2/1621 1985/2/1619 2064/2/1619 2079/2/1621
f 2079/2/1621 2064/2/1619 2001/2/1619 2048/2/1621
f 2062/2/1616 2079/2/1621 2048/2/1621 2016/2/1616
f 1993/2/1618 2025/2/1622 2080/2/1622 2063/2/1618
f 2025/2/1622 1994/2/1594 2051/2/1594 2080/2/1622
f 2080/2/1622 2051/2/1594 2010/2/1594 2041/2/1622
f 2063/2/1618 2080/2/1622 2041/2/1622 2009/2/1618
f 2082/2/1594 2145/2/1594 2161/2/1595 2114/2/1595
f 2114/2/1595 2161/2/1595 2146/2/1596 2083/2/1596
f 2161/2/1595 2130/2/1595 2099/2/1596 2146/2/1596
f 2145/2/1594 2098/2/1594 2130/2/1595 2161/2/1595
f 2090/2/1591 2147/2/1591 2162/2/1592 2122/2/1592
f 2122/2/1592 2162/2/1592 2148/2/1593 2091/2/1593
f 2162/2/1592 2138/2/1592 2107/2/1593 2148/2/1593
f 2147/2/1591 2106/2/1591 2138/2/1592 2162/2/1592
f 2083/2/1596 2146/2/1596 2163/2/1599 2115/2/1599
f 2115/2/1599 2163/2/1599 2149/2/1600 2084/2/1600
f 2163/2/1599 2131/2/1599 2100/2/1600 2149/2/1600
f 2146/2/1596 2099/2/1596 2131/2/1599 2163/2/1599
f 2091/2/1593 2148/2/1593 2164/2/1597 2123/2/1597
f 2123/2/1597 2164/2/1597 2150/2/1598 2092/2/1598
f 2164/2/1597 2139/2/1597 2108/2/1598 2150/2/1598
f 2148/2/1593 2107/2/1593 2139/2/1597 2164/2/1597
f 2084/2/1600 2149/2/1600 2165/2/1603 2116/2/1603
f 2116/2/1603 2165/2/1603 2151/2/1604 2085/2/1604
f 2165/2/1603 2132/2/1603 2101/2/1604 2151/2/1604
f 2149/2/1600 2100/2/1600 2132/2/1603 2165/2/1603
f 2092/2/1598 2150/2/1598 2166/2/1601 2124/2/1601
f 2124/2/1601 2166/2/1601 2152/2/1602 2093/2/1602
f 2166/2/1601 2140/2/1601 2109/2/1602 2152/2/1602
f 2150/2/1598 2108/2/1598 2140/2/1601 2166/2/1601
f 2085/2/1604 2151/2/1604 2167/2/1607 2117/2/1607
f 2117/2/1607 2167/2/1607 2153/2/1608 2086/2/1608
f 2167/2/1607 2133/2/1607 2102/2/1608 2153/2/1608
f 2151/2/1604 2101/2/1604 2133/2/1607 2167/2/1607
f 2093/2/1602 2152/2/1602 2168/2/1605 2125/2/1605
f 2125/2/1605 2168/2/1605 2154/2/1606 2094/2/1606
f 2168/2/1605 2141/2/1605 2110/2/1606 2154/2/1606
f 2152/2/1602 2109/2/1602 2141/2/1605 2168/2/1605
f 2086/2/1608 2153/2/1608 2169/2/1611 2118/2/1611
f 2118/2/1611 2169/2/1611 2155/2/1612 2087/2/1612
f 2169/2/1611 2134/2/1611 2103/2/1612 2155/2/1612
f 2153/2/1608 2102/2/1608 2134/2/1611 2169/2/1611
f 2094/2/1606 2154/2/1606 2170/2/1609 2126/2/1609
f 2126/2/1609 2170/2/1609 2156/2/1610 2095/2/1610
f 2170/2/1609 2142/2/1609 2111/2/1610 2156/2/1610
f 2154/2/1606 2110/2/1606 2142/2/1609 2170/2/1609
f 2087/2/1612 2155/2/1612 2171/2/1615 2119/2/1615
f 2119/2/1615 2171/2/1615 2157/2/1616 2088/2/1616
f 2171/2/1615 2135/2/1615 2104/2/1616 2157/2/1616
f 2155/2/1612 2103/2/1612 2135/2/1615 2171/2/1615
f 2095/2/1610 2156/2/1610 2172/2/1613 2127/2/1613
f 2127/2/1613 2172/2/1613 2158/2/1614 2096/2/1614
f 2172/2/1613 2143/2/1613 2112/2/1614 2158/2/1614
f 2156/2/1610 2111/2/1610 2143/2/1613 2172/2/1613
f 2088/2/1616 2157/2/1616 2173/2/1621 2120/2/1621
f 2120/2/1621 2173/2/1621 2159/2/1619 2089/2/1619
f 2173/2/1621 2136/2/1621 2105/2/1619 2159/2/1619
f 2157/2/1616 2104/2/1616 2136/2/1621 2173/2/1621
f 2081/2/1618 2160/2/1618 2174/2/1622 2113/2/1622
f 2113/2/1622 2174/2/1622 2145/2/1594 2082/2/1594
f 2174/2/1622 2129/2/1622 2098/2/1594 2145/2/1594
f 2160/2/1618 2097/2/1618 2129/2/1622 2174/2/1622
f 2096/2/1614 2158/2/1614 2175/2/1617 2128/2/1617
f 2128/2/1617 2175/2/1617 2160/2/1618 2081/2/1618
f 2175/2/1617 2144/2/1617 2097/2/1618 2160/2/1618
f 2158/2/1614 2112/2/1614 2144/2/1617 2175/2/1617
f 2089/2/1619 2159/2/1619 2176/2/1620 2121/2/1620
f 2121/2/1620 2176/2/1620 2147/2/1591 2090/2/1591
f 2176/2/1620 2137/2/1620 2106/2/1591 2147/2/1591
f 2159/2/1619 2105/2/1619 2137/2/1620 2176/2/1620
f 1986/2/1623 2017/2/1623 2113/2/1623 2082/2/1623
f 2017/2/1623 1985/2/1623 2081/2/1623 2113/2/1623
f 1987/2/1623 2018/2/1623 2114/2/1623 2083/2/1623
f 2018/2/1623 1986/2/1623 2082/2/1623 2114/2/1623
f 1988/2/1623 2019/2/1623 2115/2/1623 2084/2/1623
f 2019/2/1623 1987/2/1623 2083/2/1623 2115/2/1623
f 1989/2/1623 2020/2/1623 2116/2/1623 2085/2/1623
f 2020/2/1623 1988/2/1623 2084/2/1623 2116/2/1623
f 1990/2/1623 2021/2/1623 2117/2/1623 2086/2/1623
f 2021/2/1623 1989/2/1623 2085/2/1623 2117/2/1623
f 1991/2/1623 2022/2/1623 2118/2/1623 2087/2/1623
f 2022/2/1623 1990/2/1623 2086/2/1623 2118/2/1623
f 1992/2/1623 2023/2/1623 2119/2/1623 2088/2/1623
f 2023/2/1623 1991/2/1623 2087/2/1623 2119/2/1623
f 1993/2/1623 2024/2/1623 2120/2/1623 2089/2/1623
f 2024/2/1623 1992/2/1623 2088/2/1623 2120/2/1623
f 1994/2/1623 2025/2/1623 2121/2/1623 2090/2/1623
f 2025/2/1623 1993/2/1623 2089/2/1623 2121/2/1623
f 1995/2/1623 2026/2/1623 2122/2/1623 2091/2/1623
f 2026/2/1623 1994/2/1623 2090/2/1623 2122/2/1623
f 1996/2/1623 2027/2/1623 2123/2/1623 2092/2/1623
f 2027/2/1623 1995/2/1623 2091/2/1623 2123/2/1623
f 1997/2/1623 2028/2/1623 2124/2/1623 2093/2/1623
f 2028/2/1623 1996/2/1623 2092/2/1623 2124/2/1623
f 1998/2/1623 2029/2/1623 2125/2/1623 2094/2/1623
f 2029/2/1623 1997/2/1623 2093/2/1623 2125/2/1623
f 1999/2/1623 2030/2/1623 2126/2/1623 2095/2/1623
f 2030/2/1623 1998/2/1623 2094/2/1623 2126/2/1623
f 2000/2/1623 2031/2/1623 2127/2/1623 2096/2/1623
f 2031/2/1623 1999/2/1623 2095/2/1623 2127/2/1623
f 1985/2/1623 2032/2/1623 2128/2/1623 2081/2/1623
f 2032/2/1623 2000/2/1623 2096/2/1623 2128/2/1623
f 2033/2/1624 2002/2/1624 2098/2/1624 2129/2/1624
f 2001/2/1624 2033/2/1624 2129/2/1624 2097/2/1624
f 2034/2/1624 2003/2/1624 2099/2/1624 2130/2/1624
f 2002/2/1624 2034/2/1624 2130/2/1624 2098/2/1624
f 2035/2/1624 2004/2/1624 2100/2/1624 2131/2/1624
f 2003/2/1624 2035/2/1624 2131/2/1624 2099/2/1624
f 2036/2/1624 2005/2/1624 2101/2/1624 2132/2/1624
f 2004/2/1624 2036/2/1624 2132/2/1624 2100/2/1624
f 2037/2/1624 2006/2/1624 2102/2/1624 2133/2/1624
f 2005/2/1624 2037/2/1624 2133/2/1624 2101/2/1624
f 2038/2/1624 2007/2/1624 2103/2/1624 2134/2/1624
f 2006/2/1624 2038/2/1624 2134/2/1624 2102/2/1624
f 2039/2/1624 2008/2/1624 2104/2/1624 2135/2/1624
f 2007/2/1624 2039/2/1624 2135/2/1624 2103/2/1624
f 2040/2/1624 2009/2/1624 2105/2/1624 2136/2/1624
f 2008/2/1624 2040/2/1624 2136/2/1624 2104/2/1624
f 2041/2/1624 2010/2/1624 2106/2/1624 2137/2/1624
f 2009/2/1624 2041/2/1624 2137/2/1624 2105/2/1624
f 2042/2/1624 2011/2/1624 2107/2/1624 2138/2/1624
f 2010/2/1624 2042/2/1624 2138/2/1624 2106/2/1624
f 2043/2/1624 2012/2/1624 2108/2/1624 2139/2/1624
f 2011/2/1624 2043/2/1624 2139/2/1624 2107/2/1624
f 2044/2/1624 2013/2/1624 2109/2/1624 2140/2/1624
f 2012/2/1624 2044/2/1624 2140/2/1624 2108/2/1624
f 2045/2/1624 2014/2/1624 2110/2/1624 2141/2/1624
f 2013/2/1624 2045/2/1624 2141/2/1624 2109/2/1624
f 2046/2/1624 2015/2/1624 2111/2/1624 2142/2/1624
f 2014/2/1624 2046/2/1624 2142/2/1624 2110/2/1624
f 2047/2/1624 2016/2/1624 2112/2/1624 2143/2/1624
f 2015/2/1624 2047/2/1624 2143/2/1624 2111/2/1624
f 2048/2/1624 2001/2/1624 2097/2/1624 2144/2/1624
f 2016/2/1624 2048/2/1624 2144/2/1624 2112/2/1624
o export_Large_wheel_L_Cylinder.071
v 0.352597 0.056547 0.000000
v -0.352597 0.056547 -0.000000
v 0.352597 0.037120 -0.046901
v -0.352597 0.037120 -0.046901
v 0.352597 -0.009781 -0.066328
v -0.352597 -0.009782 -0.066329
v 0.352597 -0.056683 -0.046901
v -0.352597 -0.056683 -0.046901
v 0.352597 -0.076110 0.000000
v -0.352597 -0.076110 -0.000000
v 0.352597 -0.056683 0.046901
v -0.352597 -0.056683 0.046901
v 0.352597 -0.009781 0.066329
v -0.352597 -0.009782 0.066328
v 0.352597 0.037120 0.046901
v -0.352597 0.037120 0.046901
vn -0.0000 -1.0000 -0.0000
vn -0.0000 -0.7071 0.7071
vn -0.0000 -0.0000 1.0000
vn -0.0000 0.7071 0.7071
vn -0.0000 1.0000 -0.0000
vn -0.0000 0.7071 -0.7071
vn -0.0000 -0.0000 -1.0000
vn 1.0000 -0.0000 -0.0000
vn -0.0000 -0.7071 -0.7071
vn -1.0000 -0.0000 -0.0000
vt 1.000000 0.500000
vt 1.000000 1.000000
vt 0.875000 1.000000
vt 0.875000 0.500000
vt 0.750000 1.000000
vt 0.750000 0.500000
vt 0.625000 1.000000
vt 0.625000 0.500000
vt 0.500000 1.000000
vt 0.500000 0.500000
vt 0.375000 1.000000
vt 0.375000 0.500000
vt 0.250000 1.000000
vt 0.250000 0.500000
vt 0.419706 0.419706
vt 0.250000 0.490000
vt 0.080294 0.419706
vt 0.010000 0.250000
vt 0.080294 0.080294
vt 0.250000 0.010000
vt 0.419706 0.080294
vt 0.490000 0.250000
vt 0.125000 1.000000
vt 0.125000 0.500000
vt 0.000000 1.000000
vt 0.000000 0.500000
vt 0.750000 0.490000
vt 0.919706 0.419706
vt 0.990000 0.250000
vt 0.919706 0.080294
vt 0.750000 0.010000
vt 0.580294 0.080294
vt 0.510000 0.250000
vt 0.580294 0.419706
s 1
usemtl wheelchair_metal
f 2177/3/1625 2178/4/1625 2180/5/1626 2179/6/1626
f 2179/6/1626 2180/5/1626 2182/7/1627 2181/8/1627
f 2181/8/1627 2182/7/1627 2184/9/1628 2183/10/1628
f 2183/10/1628 2184/9/1628 2186/11/1629 2185/12/1629
f 2185/12/1629 2186/11/1629 2188/13/1630 2187/14/1630
f 2187/14/1630 2188/13/1630 2190/15/1631 2189/16/1631
f 2180/17/1632 2178/18/1632 2192/19/1632 2190/20/1632 2188/21/1632 2186/22/1632 2184/23/1632 2182/24/1632
f 2189/16/1631 2190/15/1631 2192/25/1633 2191/26/1633
f 2191/26/1633 2192/25/1633 2178/27/1625 2177/28/1625
f 2177/29/1634 2179/30/1634 2181/31/1634 2183/32/1634 2185/33/1634 2187/34/1634 2189/35/1634 2191/36/1634
o export_Large_wheel_L_Cylinder.072
v -0.009551 -0.126857 0.008784
v 0.097912 -0.126857 0.989857
v 0.003486 -0.113964 0.007356
v 0.110950 -0.113964 0.988429
v -0.009551 -0.101072 0.008784
v 0.097912 -0.101072 0.989857
v -0.022589 -0.113964 0.010212
v 0.084875 -0.113964 0.991285
vn 0.0630 0.8159 0.5748
vn -0.0630 0.8159 -0.5748
vn -0.7495 -0.0000 0.6620
vn -0.8750 -0.0000 -0.4841
vn 0.0630 -0.8159 0.5748
vn -0.0630 -0.8159 -0.5748
vn 0.8750 -0.0000 0.4841
vn 0.7495 -0.0000 -0.6620
vt 1.000000 0.500000
vt 1.000000 1.000000
vt 0.750000 1.000000
vt 0.750000 0.500000
vt 0.500000 1.000000
vt 0.500000 0.500000
vt 0.490000 0.250000
vt 0.250000 0.490000
vt 0.010000 0.250000
vt 0.250000 0.010000
vt 0.250000 1.000000
vt 0.250000 0.500000
vt 0.000000 1.000000
vt 0.000000 0.500000
vt 0.750000 0.490000
vt 0.990000 0.250000
vt 0.750000 0.010000
vt 0.510000 0.250000
s 1
usemtl wheelchair_metal
f 2193/37/1635 2194/38/1636 2196/39/1638 2195/40/1637
f 2195/40/1637 2196/39/1638 2198/41/1640 2197/42/1639
f 2196/43/1638 2194/44/1636 2200/45/1642 2198/46/1640
f 2197/42/1639 2198/41/1640 2200/47/1642 2199/48/1641
f 2199/48/1641 2200/47/1642 2194/49/1636 2193/50/1635
f 2193/51/1635 2195/52/1637 2197/53/1639 2199/54/1641
o export_Large_wheel_L_Cylinder.073
v -0.009551 0.083177 0.008784
v 0.097912 0.083177 0.989857
v 0.003486 0.096069 0.007356
v 0.110950 0.096069 0.988429
v -0.009551 0.108961 0.008784
v 0.097912 0.108961 0.989857
v -0.022589 0.096069 0.010212
v 0.084875 0.096069 0.991285
vn 0.0630 0.8159 0.5748
vn -0.0630 0.8159 -0.5748
vn -0.7495 -0.0000 0.6620
vn -0.8750 -0.0000 -0.4841
vn 0.0630 -0.8159 0.5748
vn -0.0630 -0.8159 -0.5748
vn 0.8750 -0.0000 0.4841
vn 0.7495 -0.0000 -0.6620
vt 1.000000 0.500000
vt 1.000000 1.000000
vt 0.750000 1.000000
vt 0.750000 0.500000
vt 0.500000 1.000000
vt 0.500000 0.500000
vt 0.490000 0.250000
vt 0.250000 0.490000
vt 0.010000 0.250000
vt 0.250000 0.010000
vt 0.250000 1.000000
vt 0.250000 0.500000
vt 0.000000 1.000000
vt 0.000000 0.500000
vt 0.750000 0.490000
vt 0.990000 0.250000
vt 0.750000 0.010000
vt 0.510000 0.250000
s 1
usemtl wheelchair_metal
f 2201/55/1643 2202/56/1644 2204/57/1646 2203/58/1645
f 2203/58/1645 2204/57/1646 2206/59/1648 2205/60/1647
f 2204/61/1646 2202/62/1644 2208/63/1650 2206/64/1648
f 2205/60/1647 2206/59/1648 2208/65/1650 2207/66/1649
f 2207/66/1649 2208/65/1650 2202/67/1644 2201/68/1643
f 2201/69/1643 2203/70/1645 2205/71/1647 2207/72/1649
o export_Large_wheel_L_Cylinder.074
v 0.104899 -0.126857 -0.996665
v -0.016538 -0.126857 -0.017223
v 0.117915 -0.113964 -0.995051
v -0.003522 -0.113964 -0.015610
v 0.104899 -0.101072 -0.996665
v -0.016538 -0.101072 -0.017223
v 0.091883 -0.113964 -0.998278
v -0.029554 -0.113964 -0.018837
vn -0.0711 0.8159 0.5739
vn 0.0712 0.8159 -0.5739
vn -0.8818 -0.0000 0.4715
vn -0.7400 -0.0000 -0.6726
vn -0.0711 -0.8159 0.5739
vn 0.0712 -0.8159 -0.5739
vn 0.7400 -0.0000 0.6726
vn 0.8818 -0.0000 -0.4715
vt 1.000000 0.500000
vt 1.000000 1.000000
vt 0.750000 1.000000
vt 0.750000 0.500000
vt 0.500000 1.000000
vt 0.500000 0.500000
vt 0.490000 0.250000
vt 0.250000 0.490000
vt 0.010000 0.250000
vt 0.250000 0.010000
vt 0.250000 1.000000
vt 0.250000 0.500000
vt 0.000000 1.000000
vt 0.000000 0.500000
vt 0.750000 0.490000
vt 0.990000 0.250000
vt 0.750000 0.010000
vt 0.510000 0.250000
s 1
usemtl wheelchair_metal
f 2209/73/1651 2210/74/1652 2212/75/1654 2211/76/1653
f 2211/76/1653 2212/75/1654 2214/77/1656 2213/78/1655
f 2212/79/1654 2210/80/1652 2216/81/1658 2214/82/1656
f 2213/78/1655 2214/77/1656 2216/83/1658 2215/84/1657
f 2215/84/1657 2216/83/1658 2210/85/1652 2209/86/1651
f 2209/87/1651 2211/88/1653 2213/89/1655 2215/90/1657
o export_Large_wheel_L_Cylinder.075
v 0.104899 0.083177 -0.996665
v -0.016538 0.083177 -0.017223
v 0.117915 0.096069 -0.995051
v -0.003522 0.096069 -0.015610
v 0.104899 0.108961 -0.996665
v -0.016538 0.108961 -0.017223
v 0.091883 0.096069 -0.998278
v -0.029554 0.096069 -0.018837
vn -0.0711 0.8159 0.5739
vn 0.0712 0.8159 -0.5739
vn -0.8818 -0.0000 0.4715
vn -0.7400 -0.0000 -0.6726
vn -0.0711 -0.8159 0.5739
vn 0.0712 -0.8159 -0.5739
vn 0.7400 -0.0000 0.6726
vn 0.8818 -0.0000 -0.4715
vt 1.000000 0.500000
vt 1.000000 1.000000
vt 0.750000 1.000000
vt 0.750000 0.500000
vt 0.500000 1.000000
vt 0.500000 0.500000
vt 0.490000 0.250000
vt 0.250000 0.490000
vt 0.010000 0.250000
vt 0.250000 0.010000
vt 0.250000 1.000000
vt 0.250000 0.500000
vt 0.000000 1.000000
vt 0.000000 0.500000
vt 0.750000 0.490000
vt 0.990000 0.250000
vt 0.750000 0.010000
vt 0.510000 0.250000
s 1
usemtl wheelchair_metal
f 2217/91/1659 2218/92/1660 2220/93/1662 2219/94/1661
f 2219/94/1661 2220/93/1662 2222/95/1664 2221/96/1663
f 2220/97/1662 2218/98/1660 2224/99/1666 2222/100/1664
f 2221/96/1663 2222/95/1664 2224/101/1666 2223/102/1665
f 2223/102/1665 2224/101/1666 2218/103/1660 2217/104/1659
f 2217/105/1659 2219/106/1661 2221/107/1663 2223/108/1665
o export_Large_wheel_L_Cylinder.076
v 0.012483 0.124912 0.000000
v -0.037196 0.124912 0.000000
v 0.012483 0.085461 -0.095243
v -0.037196 0.085461 -0.095243
v 0.012483 -0.009781 -0.134694
v -0.037196 -0.009781 -0.134694
v 0.012483 -0.105024 -0.095243
v -0.037196 -0.105024 -0.095243
v 0.012483 -0.144475 0.000000
v -0.037196 -0.144475 0.000000
v 0.012483 -0.105024 0.095243
v -0.037196 -0.105024 0.095243
v 0.012483 -0.009781 0.134694
v -0.037196 -0.009781 0.134694
v 0.012483 0.085461 0.095243
v -0.037196 0.085461 0.095243
vn -0.0000 -1.0000 -0.0000
vn -0.0000 -0.7071 0.7071
vn -0.0000 -0.0000 1.0000
vn -0.0000 0.7071 0.7071
vn -0.0000 1.0000 -0.0000
vn -0.0000 0.7071 -0.7071
vn -0.0000 -0.0000 -1.0000
vn 1.0000 -0.0000 -0.0000
vn -0.0000 -0.7071 -0.7071
vn -1.0000 -0.0000 -0.0000
vt 1.000000 0.500000
vt 1.000000 1.000000
vt 0.875000 1.000000
vt 0.875000 0.500000
vt 0.750000 1.000000
vt 0.750000 0.500000
vt 0.625000 1.000000
vt 0.625000 0.500000
vt 0.500000 1.000000
vt 0.500000 0.500000
vt 0.375000 1.000000
vt 0.375000 0.500000
vt 0.250000 1.000000
vt 0.250000 0.500000
vt 0.419706 0.419706
vt 0.250000 0.490000
vt 0.080294 0.419706
vt 0.010000 0.250000
vt 0.080294 0.080294
vt 0.250000 0.010000
vt 0.419706 0.080294
vt 0.490000 0.250000
vt 0.125000 1.000000
vt 0.125000 0.500000
vt 0.000000 1.000000
vt 0.000000 0.500000
vt 0.750000 0.490000
vt 0.919706 0.419706
vt 0.990000 0.250000
vt 0.919706 0.080294
vt 0.750000 0.010000
vt 0.580294 0.080294
vt 0.510000 0.250000
vt 0.580294 0.419706
s 1
usemtl wheelchair_metal
f 2225/109/1667 2226/110/1667 2228/111/1668 2227/112/1668
f 2227/112/1668 2228/111/1668 2230/113/1669 2229/114/1669
f 2229/114/1669 2230/113/1669 2232/115/1670 2231/116/1670
f 2231/116/1670 2232/115/1670 2234/117/1671 2233/118/1671
f 2233/118/1671 2234/117/1671 2236/119/1672 2235/120/1672
f 2235/120/1672 2236/119/1672 2238/121/1673 2237/122/1673
f 2228/123/1674 2226/124/1674 2240/125/1674 2238/126/1674 2236/127/1674 2234/128/1674 2232/129/1674 2230/130/1674
f 2237/122/1673 2238/121/1673 2240/131/1675 2239/132/1675
f 2239/132/1675 2240/131/1675 2226/133/1667 2225/134/1667
f 2225/135/1676 2227/136/1676 2229/137/1676 2231/138/1676 2233/139/1676 2235/140/1676 2237/141/1676 2239/142/1676
o export_Large_wheel_L_Cylinder.077
v -0.009551 -0.126857 0.008784
v 0.097912 -0.126857 0.989857
v 0.003486 -0.113964 0.007356
v 0.110950 -0.113964 0.988429
v -0.009551 -0.101072 0.008784
v 0.097912 -0.101072 0.989857
v -0.022589 -0.113964 0.010212
v 0.084875 -0.113964 0.991285
vn 0.0630 0.8159 0.5748
vn -0.0630 0.8159 -0.5748
vn -0.7495 -0.0000 0.6620
vn -0.8750 -0.0000 -0.4841
vn 0.0630 -0.8159 0.5748
vn -0.0630 -0.8159 -0.5748
vn 0.8750 -0.0000 0.4841
vn 0.7495 -0.0000 -0.6620
vt 1.000000 0.500000
vt 1.000000 1.000000
vt 0.750000 1.000000
vt 0.750000 0.500000
vt 0.500000 1.000000
vt 0.500000 0.500000
vt 0.490000 0.250000
vt 0.250000 0.490000
vt 0.010000 0.250000
vt 0.250000 0.010000
vt 0.250000 1.000000
vt 0.250000 0.500000
vt 0.000000 1.000000
vt 0.000000 0.500000
vt 0.750000 0.490000
vt 0.990000 0.250000
vt 0.750000 0.010000
vt 0.510000 0.250000
s 1
usemtl wheelchair_metal
f 2241/143/1677 2242/144/1678 2244/145/1680 2243/146/1679
f 2243/146/1679 2244/145/1680 2246/147/1682 2245/148/1681
f 2244/149/1680 2242/150/1678 2248/151/1684 2246/152/1682
f 2245/148/1681 2246/147/1682 2248/153/1684 2247/154/1683
f 2247/154/1683 2248/153/1684 2242/155/1678 2241/156/1677
f 2241/157/1677 2243/158/1679 2245/159/1681 2247/160/1683
o export_Large_wheel_L_Cylinder.078
v -0.009551 0.083177 0.008784
v 0.097912 0.083177 0.989857
v 0.003486 0.096069 0.007356
v 0.110950 0.096069 0.988429
v -0.009551 0.108961 0.008784
v 0.097912 0.108961 0.989857
v -0.022589 0.096069 0.010212
v 0.084875 0.096069 0.991285
vn 0.0630 0.8159 0.5748
vn -0.0630 0.8159 -0.5748
vn -0.7495 -0.0000 0.6620
vn -0.8750 -0.0000 -0.4841
vn 0.0630 -0.8159 0.5748
vn -0.0630 -0.8159 -0.5748
vn 0.8750 -0.0000 0.4841
vn 0.7495 -0.0000 -0.6620
vt 1.000000 0.500000
vt 1.000000 1.000000
vt 0.750000 1.000000
vt 0.750000 0.500000
vt 0.500000 1.000000
vt 0.500000 0.500000
vt 0.490000 0.250000
vt 0.250000 0.490000
vt 0.010000 0.250000
vt 0.250000 0.010000
vt 0.250000 1.000000
vt 0.250000 0.500000
vt 0.000000 1.000000
vt 0.000000 0.500000
vt 0.750000 0.490000
vt 0.990000 0.250000
vt 0.750000 0.010000
vt 0.510000 0.250000
s 1
usemtl wheelchair_metal
f 2249/161/1685 2250/162/1686 2252/163/1688 2251/164/1687
f 2251/164/1687 2252/163/1688 2254/165/1690 2253/166/1689
f 2252/167/1688 2250/168/1686 2256/169/1692 2254/170/1690
f 2253/166/1689 2254/165/1690 2256/171/1692 2255/172/1691
f 2255/172/1691 2256/171/1692 2250/173/1686 2249/174/1685
f 2249/175/1685 2251/176/1687 2253/177/1689 2255/178/1691
o export_Large_wheel_L_Cylinder.079
v 0.104899 -0.126857 -0.996665
v -0.016538 -0.126857 -0.017223
v 0.117915 -0.113964 -0.995051
v -0.003522 -0.113964 -0.015610
v 0.104899 -0.101072 -0.996665
v -0.016538 -0.101072 -0.017223
v 0.091883 -0.113964 -0.998278
v -0.029554 -0.113964 -0.018837
vn -0.0711 0.8159 0.5739
vn 0.0712 0.8159 -0.5739
vn -0.8818 -0.0000 0.4715
vn -0.7400 -0.0000 -0.6726
vn -0.0711 -0.8159 0.5739
vn 0.0712 -0.8159 -0.5739
vn 0.7400 -0.0000 0.6726
vn 0.8818 -0.0000 -0.4715
vt 1.000000 0.500000
vt 1.000000 1.000000
vt 0.750000 1.000000
vt 0.750000 0.500000
vt 0.500000 1.000000
vt 0.500000 0.500000
vt 0.490000 0.250000
vt 0.250000 0.490000
vt 0.010000 0.250000
vt 0.250000 0.010000
vt 0.250000 1.000000
vt 0.250000 0.500000
vt 0.000000 1.000000
vt 0.000000 0.500000
vt 0.750000 0.490000
vt 0.990000 0.250000
vt 0.750000 0.010000
vt 0.510000 0.250000
s 1
usemtl wheelchair_metal
f 2257/179/1693 2258/180/1694 2260/181/1696 2259/182/1695
f 2259/182/1695 2260/181/1696 2262/183/1698 2261/184/1697
f 2260/185/1696 2258/186/1694 2264/187/1700 2262/188/1698
f 2261/184/1697 2262/183/1698 2264/189/1700 2263/190/1699
f 2263/190/1699 2264/189/1700 2258/191/1694 2257/192/1693
f 2257/193/1693 2259/194/1695 2261/195/1697 2263/196/1699
o export_Large_wheel_L_Cylinder.080
v 0.104899 0.083177 -0.996665
v -0.016538 0.083177 -0.017223
v 0.117915 0.096069 -0.995051
v -0.003522 0.096069 -0.015610
v 0.104899 0.108961 -0.996665
v -0.016538 0.108961 -0.017223
v 0.091883 0.096069 -0.998278
v -0.029554 0.096069 -0.018837
vn -0.0711 0.8159 0.5739
vn 0.0712 0.8159 -0.5739
vn -0.8818 -0.0000 0.4715
vn -0.7400 -0.0000 -0.6726
vn -0.0711 -0.8159 0.5739
vn 0.0712 -0.8159 -0.5739
vn 0.7400 -0.0000 0.6726
vn 0.8818 -0.0000 -0.4715
vt 1.000000 0.500000
vt 1.000000 1.000000
vt 0.750000 1.000000
vt 0.750000 0.500000
vt 0.500000 1.000000
vt 0.500000 0.500000
vt 0.490000 0.250000
vt 0.250000 0.490000
vt 0.010000 0.250000
vt 0.250000 0.010000
vt 0.250000 1.000000
vt 0.250000 0.500000
vt 0.000000 1.000000
vt 0.000000 0.500000
vt 0.750000 0.490000
vt 0.990000 0.250000
vt 0.750000 0.010000
vt 0.510000 0.250000
s 1
usemtl wheelchair_metal
f 2265/197/1701 2266/198/1702 2268/199/1704 2267/200/1703
f 2267/200/1703 2268/199/1704 2270/201/1706 2269/202/1705
f 2268/203/1704 2266/204/1702 2272/205/1708 2270/206/1706
f 2269/202/1705 2270/201/1706 2272/207/1708 2271/208/1707
f 2271/208/1707 2272/207/1708 2266/209/1702 2265/210/1701
f 2265/211/1701 2267/212/1703 2269/213/1705 2271/214/1707
o export_Large_wheel_L_Cylinder.081
v -0.009551 0.085686 -0.039399
v 0.097912 0.289668 0.920234
v 0.003486 0.097999 -0.043476
v 0.110950 0.301981 0.916156
v -0.009551 0.110906 -0.044760
v 0.097912 0.314889 0.914873
v -0.022589 0.098593 -0.040683
v 0.084875 0.302575 0.918950
vn 0.0630 0.9175 0.3926
vn -0.0630 0.6785 -0.7319
vn -0.7495 0.1376 0.6475
vn -0.8750 -0.1006 -0.4735
vn 0.0630 -0.6785 0.7319
vn -0.0630 -0.9175 -0.3926
vn 0.8750 0.1006 0.4735
vn 0.7495 -0.1376 -0.6475
vt 1.000000 0.500000
vt 1.000000 1.000000
vt 0.750000 1.000000
vt 0.750000 0.500000
vt 0.500000 1.000000
vt 0.500000 0.500000
vt 0.490000 0.250000
vt 0.250000 0.490000
vt 0.010000 0.250000
vt 0.250000 0.010000
vt 0.250000 1.000000
vt 0.250000 0.500000
vt 0.000000 1.000000
vt 0.000000 0.500000
vt 0.750000 0.490000
vt 0.990000 0.250000
vt 0.750000 0.010000
vt 0.510000 0.250000
s 1
usemtl wheelchair_metal
f 2273/215/1709 2274/216/1710 2276/217/1712 2275/218/1711
f 2275/218/1711 2276/217/1712 2278/219/1714 2277/220/1713
f 2276/221/1712 2274/222/1710 2280/223/1716 2278/224/1714
f 2277/220/1713 2278/219/1714 2280/225/1716 2279/226/1715
f 2279/226/1715 2280/225/1716 2274/227/1710 2273/228/1709
f 2273/229/1709 2275/230/1711 2277/231/1713 2279/232/1715
o export_Large_wheel_L_Cylinder.082
v -0.005427 -0.129209 -0.044760
v 0.092639 -0.337871 0.914873
v 0.008185 -0.116908 -0.043476
v 0.106251 -0.325571 0.916156
v -0.004278 -0.104014 -0.039399
v 0.093788 -0.312677 0.920234
v -0.017890 -0.116314 -0.040683
v 0.080176 -0.324977 0.918950
vn 0.0938 0.6749 0.7319
vn -0.0211 0.9195 -0.3926
vn -0.7550 -0.1034 0.6475
vn -0.8695 0.1404 -0.4735
vn 0.0211 -0.9195 0.3926
vn -0.0938 -0.6749 -0.7319
vn 0.8695 -0.1404 0.4735
vn 0.7550 0.1034 -0.6475
vt 1.000000 0.500000
vt 1.000000 1.000000
vt 0.750000 1.000000
vt 0.750000 0.500000
vt 0.500000 1.000000
vt 0.500000 0.500000
vt 0.490000 0.250000
vt 0.250000 0.490000
vt 0.010000 0.250000
vt 0.250000 0.010000
vt 0.250000 1.000000
vt 0.250000 0.500000
vt 0.000000 1.000000
vt 0.000000 0.500000
vt 0.750000 0.490000
vt 0.990000 0.250000
vt 0.750000 0.010000
vt 0.510000 0.250000
s 1
usemtl wheelchair_metal
f 2281/233/1717 2282/234/1718 2284/235/1720 2283/236/1719
f 2283/236/1719 2284/235/1720 2286/237/1722 2285/238/1721
f 2284/239/1720 2282/240/1718 2288/241/1724 2286/242/1722
f 2285/238/1721 2286/237/1722 2288/243/1724 2287/244/1723
f 2287/244/1723 2288/243/1724 2282/245/1718 2281/246/1717
f 2281/247/1717 2283/248/1719 2285/249/1721 2287/250/1723
o export_Large_wheel_L_Cylinder.083
v 0.097912 -0.310324 -0.972421
v -0.009551 -0.106341 -0.012788
v 0.110950 -0.322637 -0.968344
v 0.003486 -0.118654 -0.008711
v 0.097912 -0.335544 -0.967060
v -0.009551 -0.131562 -0.007427
v 0.084875 -0.323231 -0.971137
v -0.022589 -0.119248 -0.011505
vn 0.0630 0.6785 -0.7319
vn -0.0630 0.9175 0.3926
vn 0.8750 -0.1006 -0.4735
vn 0.7495 0.1376 0.6475
vn 0.0630 -0.9175 -0.3926
vn -0.0630 -0.6785 0.7319
vn -0.7495 -0.1376 -0.6475
vn -0.8750 0.1006 0.4735
vt 1.000000 0.500000
vt 1.000000 1.000000
vt 0.750000 1.000000
vt 0.750000 0.500000
vt 0.500000 1.000000
vt 0.500000 0.500000
vt 0.490000 0.250000
vt 0.250000 0.490000
vt 0.010000 0.250000
vt 0.250000 0.010000
vt 0.250000 1.000000
vt 0.250000 0.500000
vt 0.000000 1.000000
vt 0.000000 0.500000
vt 0.750000 0.490000
vt 0.990000 0.250000
vt 0.750000 0.010000
vt 0.510000 0.250000
s 1
usemtl wheelchair_metal
f 2289/251/1725 2290/252/1726 2292/253/1728 2291/254/1727
f 2291/254/1727 2292/253/1728 2294/255/1730 2293/256/1729
f 2292/257/1728 2290/258/1726 2296/259/1732 2294/260/1730
f 2293/256/1729 2294/255/1730 2296/261/1732 2295/262/1731
f 2295/262/1731 2296/261/1732 2290/263/1726 2289/264/1725
f 2289/265/1725 2291/266/1727 2293/267/1729 2295/268/1731
o export_Large_wheel_L_Cylinder.084
v 0.092639 0.317216 -0.967060
v -0.005427 0.108553 -0.007427
v 0.106251 0.304915 -0.968344
v 0.008185 0.096253 -0.008711
v 0.093788 0.292021 -0.972421
v -0.004278 0.083358 -0.012788
v 0.080176 0.304321 -0.971138
v -0.017890 0.095659 -0.011505
vn 0.0211 0.9195 -0.3926
vn -0.0938 0.6749 0.7319
vn 0.8695 0.1404 -0.4735
vn 0.7550 -0.1034 0.6475
vn 0.0938 -0.6749 -0.7319
vn -0.0211 -0.9195 0.3926
vn -0.7550 0.1034 -0.6475
vn -0.8695 -0.1404 0.4735
vt 1.000000 0.500000
vt 1.000000 1.000000
vt 0.750000 1.000000
vt 0.750000 0.500000
vt 0.500000 1.000000
vt 0.500000 0.500000
vt 0.490000 0.250000
vt 0.250000 0.490000
vt 0.010000 0.250000
vt 0.250000 0.010000
vt 0.250000 1.000000
vt 0.250000 0.500000
vt 0.000000 1.000000
vt 0.000000 0.500000
vt 0.750000 0.490000
vt 0.990000 0.250000
vt 0.750000 0.010000
vt 0.510000 0.250000
s 1
usemtl wheelchair_metal
f 2297/269/1733 2298/270/1734 2300/271/1736 2299/272/1735
f 2299/272/1735 2300/271/1736 2302/273/1738 2301/274/1737
f 2300/275/1736 2298/276/1734 2304/277/1740 2302/278/1738
f 2301/274/1737 2302/273/1738 2304/279/1740 2303/280/1739
f 2303/280/1739 2304/279/1740 2298/281/1734 2297/282/1733
f 2297/283/1733 2299/284/1735 2301/285/1737 2303/286/1739
o export_Large_wheel_L_Cylinder.085
v -0.009551 0.010615 0.106210
v 0.097912 0.991688 0.106210
v 0.003486 0.009187 0.093318
v 0.110950 0.990260 0.093317
v -0.009551 0.010615 0.080425
v 0.097912 0.991688 0.080425
v -0.022589 0.012043 0.093318
v 0.084875 0.993116 0.093317
vn 0.0630 0.5748 -0.8159
vn -0.0630 -0.5748 -0.8159
vn -0.7495 0.6620 -0.0000
vn -0.8750 -0.4841 -0.0000
vn 0.0630 0.5748 0.8159
vn -0.0630 -0.5748 0.8159
vn 0.8750 0.4841 -0.0000
vn 0.7495 -0.6620 -0.0000
vt 1.000000 0.500000
vt 1.000000 1.000000
vt 0.750000 1.000000
vt 0.750000 0.500000
vt 0.500000 1.000000
vt 0.500000 0.500000
vt 0.490000 0.250000
vt 0.250000 0.490000
vt 0.010000 0.250000
vt 0.250000 0.010000
vt 0.250000 1.000000
vt 0.250000 0.500000
vt 0.000000 1.000000
vt 0.000000 0.500000
vt 0.750000 0.490000
vt 0.990000 0.250000
vt 0.750000 0.010000
vt 0.510000 0.250000
s 1
usemtl wheelchair_metal
f 2305/287/1741 2306/288/1742 2308/289/1744 2307/290/1743
f 2307/290/1743 2308/289/1744 2310/291/1746 2309/292/1745
f 2308/293/1744 2306/294/1742 2312/295/1748 2310/296/1746
f 2309/292/1745 2310/291/1746 2312/297/1748 2311/298/1747
f 2311/298/1747 2312/297/1748 2306/299/1742 2305/300/1741
f 2305/301/1741 2307/302/1743 2309/303/1745 2311/304/1747
o export_Large_wheel_L_Cylinder.086
v -0.009551 0.010615 -0.103824
v 0.097912 0.991688 -0.103824
v 0.003486 0.009187 -0.116716
v 0.110950 0.990260 -0.116716
v -0.009551 0.010615 -0.129608
v 0.097912 0.991688 -0.129608
v -0.022589 0.012043 -0.116716
v 0.084875 0.993116 -0.116716
vn 0.0630 0.5748 -0.8159
vn -0.0630 -0.5748 -0.8159
vn -0.7495 0.6620 -0.0000
vn -0.8750 -0.4841 -0.0000
vn 0.0630 0.5748 0.8159
vn -0.0630 -0.5748 0.8159
vn 0.8750 0.4841 -0.0000
vn 0.7495 -0.6620 -0.0000
vt 1.000000 0.500000
vt 1.000000 1.000000
vt 0.750000 1.000000
vt 0.750000 0.500000
vt 0.500000 1.000000
vt 0.500000 0.500000
vt 0.490000 0.250000
vt 0.250000 0.490000
vt 0.010000 0.250000
vt 0.250000 0.010000
vt 0.250000 1.000000
vt 0.250000 0.500000
vt 0.000000 1.000000
vt 0.000000 0.500000
vt 0.750000 0.490000
vt 0.990000 0.250000
vt 0.750000 0.010000
vt 0.510000 0.250000
s 1
usemtl wheelchair_metal
f 2313/305/1749 2314/306/1750 2316/307/1752 2315/308/1751
f 2315/308/1751 2316/307/1752 2318/309/1754 2317/310/1753
f 2316/311/1752 2314/312/1750 2320/313/1756 2318/314/1754
f 2317/310/1753 2318/309/1754 2320/315/1756 2319/316/1755
f 2319/316/1755 2320/315/1756 2314/317/1750 2313/318/1749
f 2313/319/1749 2315/320/1751 2317/321/1753 2319/322/1755
o export_Large_wheel_L_Cylinder.087
v 0.104899 -0.994833 0.106210
v -0.016538 -0.015392 0.106210
v 0.117915 -0.993219 0.093318
v -0.003522 -0.013778 0.093317
v 0.104899 -0.994833 0.080425
v -0.016538 -0.015392 0.080425
v 0.091883 -0.996447 0.093318
v -0.029554 -0.017006 0.093317
vn -0.0712 0.5739 -0.8159
vn 0.0712 -0.5739 -0.8159
vn -0.8818 0.4715 -0.0000
vn -0.7400 -0.6726 -0.0000
vn -0.0712 0.5739 0.8159
vn 0.0712 -0.5739 0.8159
vn 0.7400 0.6726 -0.0000
vn 0.8818 -0.4715 -0.0000
vt 1.000000 0.500000
vt 1.000000 1.000000
vt 0.750000 1.000000
vt 0.750000 0.500000
vt 0.500000 1.000000
vt 0.500000 0.500000
vt 0.490000 0.250000
vt 0.250000 0.490000
vt 0.010000 0.250000
vt 0.250000 0.010000
vt 0.250000 1.000000
vt 0.250000 0.500000
vt 0.000000 1.000000
vt 0.000000 0.500000
vt 0.750000 0.490000
vt 0.990000 0.250000
vt 0.750000 0.010000
vt 0.510000 0.250000
s 1
usemtl wheelchair_metal
f 2321/323/1757 2322/324/1758 2324/325/1760 2323/326/1759
f 2323/326/1759 2324/325/1760 2326/327/1762 2325/328/1761
f 2324/329/1760 2322/330/1758 2328/331/1764 2326/332/1762
f 2325/328/1761 2326/327/1762 2328/333/1764 2327/334/1763
f 2327/334/1763 2328/333/1764 2322/335/1758 2321/336/1757
f 2321/337/1757 2323/338/1759 2325/339/1761 2327/340/1763
o export_Large_wheel_L_Cylinder.088
v 0.104899 -0.994833 -0.103824
v -0.016538 -0.015392 -0.103824
v 0.117915 -0.993219 -0.116716
v -0.003522 -0.013778 -0.116716
v 0.104899 -0.994833 -0.129608
v -0.016538 -0.015392 -0.129608
v 0.091883 -0.996447 -0.116716
v -0.029554 -0.017006 -0.116716
vn -0.0712 0.5739 -0.8159
vn 0.0712 -0.5739 -0.8159
vn -0.8818 0.4715 -0.0000
vn -0.7400 -0.6726 -0.0000
vn -0.0712 0.5739 0.8159
vn 0.0712 -0.5739 0.8159
vn 0.7400 0.6726 -0.0000
vn 0.8818 -0.4715 -0.0000
vt 1.000000 0.500000
vt 1.000000 1.000000
vt 0.750000 1.000000
vt 0.750000 0.500000
vt 0.500000 1.000000
vt 0.500000 0.500000
vt 0.490000 0.250000
vt 0.250000 0.490000
vt 0.010000 0.250000
vt 0.250000 0.010000
vt 0.250000 1.000000
vt 0.250000 0.500000
vt 0.000000 1.000000
vt 0.000000 0.500000
vt 0.750000 0.490000
vt 0.990000 0.250000
vt 0.750000 0.010000
vt 0.510000 0.250000
s 1
usemtl wheelchair_metal
f 2329/341/1765 2330/342/1766 2332/343/1768 2331/344/1767
f 2331/344/1767 2332/343/1768 2334/345/1770 2333/346/1769
f 2332/347/1768 2330/348/1766 2336/349/1772 2334/350/1770
f 2333/346/1769 2334/345/1770 2336/351/1772 2335/352/1771
f 2335/352/1771 2336/351/1772 2330/353/1766 2329/354/1765
f 2329/355/1765 2331/356/1767 2333/357/1769 2335/358/1771
o export_Large_wheel_L_Cylinder.089
v -0.009551 0.010615 0.106210
v 0.097912 0.991688 0.106210
v 0.003486 0.009187 0.093318
v 0.110950 0.990260 0.093317
v -0.009551 0.010615 0.080425
v 0.097912 0.991688 0.080425
v -0.022589 0.012043 0.093318
v 0.084875 0.993116 0.093317
vn 0.0630 0.5748 -0.8159
vn -0.0630 -0.5748 -0.8159
vn -0.7495 0.6620 -0.0000
vn -0.8750 -0.4841 -0.0000
vn 0.0630 0.5748 0.8159
vn -0.0630 -0.5748 0.8159
vn 0.8750 0.4841 -0.0000
vn 0.7495 -0.6620 -0.0000
vt 1.000000 0.500000
vt 1.000000 1.000000
vt 0.750000 1.000000
vt 0.750000 0.500000
vt 0.500000 1.000000
vt 0.500000 0.500000
vt 0.490000 0.250000
vt 0.250000 0.490000
vt 0.010000 0.250000
vt 0.250000 0.010000
vt 0.250000 1.000000
vt 0.250000 0.500000
vt 0.000000 1.000000
vt 0.000000 0.500000
vt 0.750000 0.490000
vt 0.990000 0.250000
vt 0.750000 0.010000
vt 0.510000 0.250000
s 1
usemtl wheelchair_metal
f 2337/359/1773 2338/360/1774 2340/361/1776 2339/362/1775
f 2339/362/1775 2340/361/1776 2342/363/1778 2341/364/1777
f 2340/365/1776 2338/366/1774 2344/367/1780 2342/368/1778
f 2341/364/1777 2342/363/1778 2344/369/1780 2343/370/1779
f 2343/370/1779 2344/369/1780 2338/371/1774 2337/372/1773
f 2337/373/1773 2339/374/1775 2341/375/1777 2343/376/1779
o export_Large_wheel_L_Cylinder.090
v -0.009551 0.010615 -0.103824
v 0.097912 0.991688 -0.103824
v 0.003486 0.009187 -0.116716
v 0.110950 0.990260 -0.116716
v -0.009551 0.010615 -0.129608
v 0.097912 0.991688 -0.129608
v -0.022589 0.012043 -0.116716
v 0.084875 0.993116 -0.116716
vn 0.0630 0.5748 -0.8159
vn -0.0630 -0.5748 -0.8159
vn -0.7495 0.6620 -0.0000
vn -0.8750 -0.4841 -0.0000
vn 0.0630 0.5748 0.8159
vn -0.0630 -0.5748 0.8159
vn 0.8750 0.4841 -0.0000
vn 0.7495 -0.6620 -0.0000
vt 1.000000 0.500000
vt 1.000000 1.000000
vt 0.750000 1.000000
vt 0.750000 0.500000
vt 0.500000 1.000000
vt 0.500000 0.500000
vt 0.490000 0.250000
vt 0.250000 0.490000
vt 0.010000 0.250000
vt 0.250000 0.010000
vt 0.250000 1.000000
vt 0.250000 0.500000
vt 0.000000 1.000000
vt 0.000000 0.500000
vt 0.750000 0.490000
vt 0.990000 0.250000
vt 0.750000 0.010000
vt 0.510000 0.250000
s 1
usemtl wheelchair_metal
f 2345/377/1781 2346/378/1782 2348/379/1784 2347/380/1783
f 2347/380/1783 2348/379/1784 2350/381/1786 2349/382/1785
f 2348/383/1784 2346/384/1782 2352/385/1788 2350/386/1786
f 2349/382/1785 2350/381/1786 2352/387/1788 2351/388/1787
f 2351/388/1787 2352/387/1788 2346/389/1782 2345/390/1781
f 2345/391/1781 2347/392/1783 2349/393/1785 2351/394/1787
o export_Large_wheel_L_Cylinder.091
v 0.104899 -0.994833 0.106210
v -0.016538 -0.015392 0.106210
v 0.117915 -0.993219 0.093318
v -0.003522 -0.013778 0.093317
v 0.104899 -0.994833 0.080425
v -0.016538 -0.015392 0.080425
v 0.091883 -0.996447 0.093318
v -0.029554 -0.017006 0.093317
vn -0.0712 0.5739 -0.8159
vn 0.0712 -0.5739 -0.8159
vn -0.8818 0.4715 -0.0000
vn -0.7400 -0.6726 -0.0000
vn -0.0712 0.5739 0.8159
vn 0.0712 -0.5739 0.8159
vn 0.7400 0.6726 -0.0000
vn 0.8818 -0.4715 -0.0000
vt 1.000000 0.500000
vt 1.000000 1.000000
vt 0.750000 1.000000
vt 0.750000 0.500000
vt 0.500000 1.000000
vt 0.500000 0.500000
vt 0.490000 0.250000
vt 0.250000 0.490000
vt 0.010000 0.250000
vt 0.250000 0.010000
vt 0.250000 1.000000
vt 0.250000 0.500000
vt 0.000000 1.000000
vt 0.000000 0.500000
vt 0.750000 0.490000
vt 0.990000 0.250000
vt 0.750000 0.010000
vt 0.510000 0.250000
s 1
usemtl wheelchair_metal
f 2353/395/1789 2354/396/1790 2356/397/1792 2355/398/1791
f 2355/398/1791 2356/397/1792 2358/399/1794 2357/400/1793
f 2356/401/1792 2354/402/1790 2360/403/1796 2358/404/1794
f 2357/400/1793 2358/399/1794 2360/405/1796 2359/406/1795
f 2359/406/1795 2360/405/1796 2354/407/1790 2353/408/1789
f 2353/409/1789 2355/410/1791 2357/411/1793 2359/412/1795
o export_Large_wheel_L_Cylinder.092
v 0.104899 -0.994833 -0.103824
v -0.016538 -0.015392 -0.103824
v 0.117915 -0.993219 -0.116716
v -0.003522 -0.013778 -0.116716
v 0.104899 -0.994833 -0.129608
v -0.016538 -0.015392 -0.129608
v 0.091883 -0.996447 -0.116716
v -0.029554 -0.017006 -0.116716
vn -0.0712 0.5739 -0.8159
vn 0.0712 -0.5739 -0.8159
vn -0.8818 0.4715 -0.0000
vn -0.7400 -0.6726 -0.0000
vn -0.0712 0.5739 0.8159
vn 0.0712 -0.5739 0.8159
vn 0.7400 0.6726 -0.0000
vn 0.8818 -0.4715 -0.0000
vt 1.000000 0.500000
vt 1.000000 1.000000
vt 0.750000 1.000000
vt 0.750000 0.500000
vt 0.500000 1.000000
vt 0.500000 0.500000
vt 0.490000 0.250000
vt 0.250000 0.490000
vt 0.010000 0.250000
vt 0.250000 0.010000
vt 0.250000 1.000000
vt 0.250000 0.500000
vt 0.000000 1.000000
vt 0.000000 0.500000
vt 0.750000 0.490000
vt 0.990000 0.250000
vt 0.750000 0.010000
vt 0.510000 0.250000
s 1
usemtl wheelchair_metal
f 2361/413/1797 2362/414/1798 2364/415/1800 2363/416/1799
f 2363/416/1799 2364/415/1800 2366/417/1802 2365/418/1801
f 2364/419/1800 2362/420/1798 2368/421/1804 2366/422/1802
f 2365/418/1801 2366/417/1802 2368/423/1804 2367/424/1803
f 2367/424/1803 2368/423/1804 2362/425/1798 2361/426/1797
f 2361/427/1797 2363/428/1799 2365/429/1801 2367/430/1803
o export_Large_wheel_L_Cylinder.093
v -0.009551 -0.037568 -0.106332
v 0.097912 0.922065 -0.310315
v 0.003486 -0.041645 -0.118646
v 0.110950 0.917988 -0.322628
v -0.009551 -0.042929 -0.131553
v 0.097912 0.916704 -0.335535
v -0.022589 -0.038851 -0.119240
v 0.084875 0.920781 -0.323222
vn 0.0630 0.3926 -0.9175
vn -0.0630 -0.7319 -0.6785
vn -0.7495 0.6475 -0.1376
vn -0.8750 -0.4735 0.1006
vn 0.0630 0.7319 0.6785
vn -0.0630 -0.3926 0.9175
vn 0.8750 0.4735 -0.1006
vn 0.7495 -0.6475 0.1376
vt 1.000000 0.500000
vt 1.000000 1.000000
vt 0.750000 1.000000
vt 0.750000 0.500000
vt 0.500000 1.000000
vt 0.500000 0.500000
vt 0.490000 0.250000
vt 0.250000 0.490000
vt 0.010000 0.250000
vt 0.250000 0.010000
vt 0.250000 1.000000
vt 0.250000 0.500000
vt 0.000000 1.000000
vt 0.000000 0.500000
vt 0.750000 0.490000
vt 0.990000 0.250000
vt 0.750000 0.010000
vt 0.510000 0.250000
s 1
usemtl wheelchair_metal
f 2369/431/1805 2370/432/1806 2372/433/1808 2371/434/1807
f 2371/434/1807 2372/433/1808 2374/435/1810 2373/436/1809
f 2372/437/1808 2370/438/1806 2376/439/1812 2374/440/1810
f 2373/436/1809 2374/435/1810 2376/441/1812 2375/442/1811
f 2375/442/1811 2376/441/1812 2370/443/1806 2369/444/1805
f 2369/445/1805 2371/446/1807 2373/447/1809 2375/448/1811
o export_Large_wheel_L_Cylinder.094
v -0.005427 -0.042929 0.108562
v 0.092639 0.916704 0.317224
v 0.008185 -0.041645 0.096261
v 0.106251 0.917988 0.304924
v -0.004278 -0.037568 0.083367
v 0.093788 0.922065 0.292030
v -0.017890 -0.038851 0.095667
v 0.080176 0.920782 0.304330
vn 0.0938 0.7319 -0.6749
vn -0.0211 -0.3926 -0.9195
vn -0.7550 0.6475 0.1034
vn -0.8695 -0.4735 -0.1404
vn 0.0211 0.3926 0.9195
vn -0.0938 -0.7319 0.6749
vn 0.8695 0.4735 0.1404
vn 0.7550 -0.6475 -0.1034
vt 1.000000 0.500000
vt 1.000000 1.000000
vt 0.750000 1.000000
vt 0.750000 0.500000
vt 0.500000 1.000000
vt 0.500000 0.500000
vt 0.490000 0.250000
vt 0.250000 0.490000
vt 0.010000 0.250000
vt 0.250000 0.010000
vt 0.250000 1.000000
vt 0.250000 0.500000
vt 0.000000 1.000000
vt 0.000000 0.500000
vt 0.750000 0.490000
vt 0.990000 0.250000
vt 0.750000 0.010000
vt 0.510000 0.250000
s 1
usemtl wheelchair_metal
f 2377/449/1813 2378/450/1814 2380/451/1816 2379/452/1815
f 2379/452/1815 2380/451/1816 2382/453/1818 2381/454/1817
f 2380/455/1816 2378/456/1814 2384/457/1820 2382/458/1818
f 2381/454/1817 2382/453/1818 2384/459/1820 2383/460/1819
f 2383/460/1819 2384/459/1820 2378/461/1814 2377/462/1813
f 2377/463/1813 2379/464/1815 2381/465/1817 2383/466/1819
o export_Large_wheel_L_Cylinder.095
v 0.097913 -0.970590 0.289677
v -0.009551 -0.010957 0.085694
v 0.110950 -0.966512 0.301990
v 0.003486 -0.006880 0.098007
v 0.097913 -0.965229 0.314898
v -0.009551 -0.005596 0.110915
v 0.084875 -0.969306 0.302584
v -0.022589 -0.009673 0.098601
vn 0.0630 -0.7319 -0.6785
vn -0.0630 0.3926 -0.9175
vn 0.8750 -0.4735 0.1006
vn 0.7495 0.6475 -0.1376
vn 0.0630 -0.3926 0.9175
vn -0.0630 0.7319 0.6785
vn -0.7495 -0.6475 0.1376
vn -0.8750 0.4735 -0.1006
vt 1.000000 0.500000
vt 1.000000 1.000000
vt 0.750000 1.000000
vt 0.750000 0.500000
vt 0.500000 1.000000
vt 0.500000 0.500000
vt 0.490000 0.250000
vt 0.250000 0.490000
vt 0.010000 0.250000
vt 0.250000 0.010000
vt 0.250000 1.000000
vt 0.250000 0.500000
vt 0.000000 1.000000
vt 0.000000 0.500000
vt 0.750000 0.490000
vt 0.990000 0.250000
vt 0.750000 0.010000
vt 0.510000 0.250000
s 1
usemtl wheelchair_metal
f 2385/467/1821 2386/468/1822 2388/469/1824 2387/470/1823
f 2387/470/1823 2388/469/1824 2390/471/1826 2389/472/1825
f 2388/473/1824 2386/474/1822 2392/475/1828 2390/476/1826
f 2389/472/1825 2390/471/1826 2392/477/1828 2391/478/1827
f 2391/478/1827 2392/477/1828 2386/479/1822 2385/480/1821
f 2385/481/1821 2387/482/1823 2389/483/1825 2391/484/1827
o export_Large_wheel_L_Cylinder.096
v 0.092639 -0.965229 -0.337862
v -0.005427 -0.005596 -0.129200
v 0.106251 -0.966512 -0.325562
v 0.008185 -0.006879 -0.116900
v 0.093788 -0.970590 -0.312668
v -0.004278 -0.010957 -0.104005
v 0.080176 -0.969306 -0.324968
v -0.017890 -0.009673 -0.116306
vn 0.0211 -0.3926 -0.9195
vn -0.0938 0.7319 -0.6749
vn 0.8695 -0.4735 -0.1404
vn 0.7550 0.6475 0.1034
vn 0.0938 -0.7319 0.6749
vn -0.0211 0.3926 0.9195
vn -0.7550 -0.6475 -0.1034
vn -0.8695 0.4735 0.1404
vt 1.000000 0.500000
vt 1.000000 1.000000
vt 0.750000 1.000000
vt 0.750000 0.500000
vt 0.500000 1.000000
vt 0.500000 0.500000
vt 0.490000 0.250000
vt 0.250000 0.490000
vt 0.010000 0.250000
vt 0.250000 0.010000
vt 0.250000 1.000000
vt 0.250000 0.500000
vt 0.000000 1.000000
vt 0.000000 0.500000
vt 0.750000 0.490000
vt 0.990000 0.250000
vt 0.750000 0.010000
vt 0.510000 0.250000
s 1
usemtl wheelchair_metal
f 2393/485/1829 2394/486/1830 2396/487/1832 2395/488/1831
f 2395/488/1831 2396/487/1832 2398/489/1834 2397/490/1833
f 2396/491/1832 2394/492/1830 2400/493/1836 2398/494/1834
f 2397/490/1833 2398/489/1834 2400/495/1836 2399/496/1835
f 2399/496/1835 2400/495/1836 2394/497/1830 2393/498/1829
f 2393/499/1829 2395/500/1831 2397/501/1833 2399/502/1835
o export_Large_wheel_L_Cylinder.097
v 0.312063 0.068006 -0.056404
v 0.228339 0.604061 0.488451
v 0.301906 0.060066 -0.050152
v 0.218182 0.596121 0.494702
v 0.312063 0.053686 -0.042315
v 0.228339 0.589742 0.502539
v 0.322221 0.061626 -0.048566
v 0.238497 0.597682 0.496288
vn -0.0630 -0.1784 0.9819
vn 0.0630 -0.9847 0.1624
vn 0.7495 0.4643 0.4719
vn 0.8750 -0.3395 -0.3451
vn -0.0630 0.9847 -0.1624
vn 0.0630 0.1784 -0.9819
vn -0.8750 0.3395 0.3451
vn -0.7495 -0.4643 -0.4719
vt 1.000000 0.500000
vt 1.000000 1.000000
vt 0.750000 1.000000
vt 0.750000 0.500000
vt 0.500000 1.000000
vt 0.500000 0.500000
vt 0.490000 0.250000
vt 0.250000 0.490000
vt 0.010000 0.250000
vt 0.250000 0.010000
vt 0.250000 1.000000
vt 0.250000 0.500000
vt 0.000000 1.000000
vt 0.000000 0.500000
vt 0.750000 0.490000
vt 0.990000 0.250000
vt 0.750000 0.010000
vt 0.510000 0.250000
s 1
usemtl wheelchair_metal
f 2401/503/1837 2402/504/1838 2404/505/1840 2403/506/1839
f 2403/506/1839 2404/505/1840 2406/507/1842 2405/508/1841
f 2404/509/1840 2402/510/1838 2408/511/1844 2406/512/1842
f 2405/508/1841 2406/507/1842 2408/513/1844 2407/514/1843
f 2407/514/1843 2408/513/1844 2402/515/1838 2401/516/1837
f 2401/517/1837 2403/518/1839 2405/519/1841 2407/520/1843
o export_Large_wheel_L_Cylinder.098
v 0.312063 -0.048640 0.058358
v 0.228339 0.487416 0.603212
v 0.301906 -0.056580 0.064609
v 0.218182 0.479476 0.609464
v 0.312063 -0.062959 0.072447
v 0.228339 0.473096 0.617301
v 0.322221 -0.055019 0.066196
v 0.238497 0.481036 0.611050
vn -0.0630 -0.1784 0.9819
vn 0.0630 -0.9847 0.1624
vn 0.7495 0.4643 0.4719
vn 0.8750 -0.3395 -0.3451
vn -0.0630 0.9847 -0.1624
vn 0.0630 0.1784 -0.9819
vn -0.8750 0.3395 0.3451
vn -0.7495 -0.4643 -0.4719
vt 1.000000 0.500000
vt 1.000000 1.000000
vt 0.750000 1.000000
vt 0.750000 0.500000
vt 0.500000 1.000000
vt 0.500000 0.500000
vt 0.490000 0.250000
vt 0.250000 0.490000
vt 0.010000 0.250000
vt 0.250000 0.010000
vt 0.250000 1.000000
vt 0.250000 0.500000
vt 0.000000 1.000000
vt 0.000000 0.500000
vt 0.750000 0.490000
vt 0.990000 0.250000
vt 0.750000 0.010000
vt 0.510000 0.250000
s 1
usemtl wheelchair_metal
f 2409/521/1845 2410/522/1846 2412/523/1848 2411/524/1847
f 2411/524/1847 2412/523/1848 2414/525/1850 2413/526/1849
f 2412/527/1848 2410/528/1846 2416/529/1852 2414/530/1850
f 2413/526/1849 2414/525/1850 2416/531/1852 2415/532/1851
f 2415/532/1851 2416/531/1852 2410/533/1846 2409/534/1845
f 2409/535/1845 2411/536/1847 2413/537/1849 2415/538/1851
o export_Large_wheel_L_Cylinder.099
v 0.222896 -0.481369 -0.614795
v 0.317506 0.053795 -0.070847
v 0.212756 -0.487647 -0.606855
v 0.307366 0.047517 -0.062907
v 0.222896 -0.495689 -0.600707
v 0.317506 0.039476 -0.056759
v 0.233037 -0.489411 -0.608647
v 0.327647 0.045754 -0.064699
vn 0.0711 -0.1791 0.9813
vn -0.0711 -0.9840 0.1631
vn 0.8818 0.3307 0.3361
vn 0.7400 -0.4717 -0.4795
vn 0.0711 0.9840 -0.1631
vn -0.0712 0.1791 -0.9813
vn -0.7400 0.4717 0.4795
vn -0.8818 -0.3307 -0.3361
vt 1.000000 0.500000
vt 1.000000 1.000000
vt 0.750000 1.000000
vt 0.750000 0.500000
vt 0.500000 1.000000
vt 0.500000 0.500000
vt 0.490000 0.250000
vt 0.250000 0.490000
vt 0.010000 0.250000
vt 0.250000 0.010000
vt 0.250000 1.000000
vt 0.250000 0.500000
vt 0.000000 1.000000
vt 0.000000 0.500000
vt 0.750000 0.490000
vt 0.990000 0.250000
vt 0.750000 0.010000
vt 0.510000 0.250000
s 1
usemtl wheelchair_metal
f 2417/539/1853 2418/540/1854 2420/541/1856 2419/542/1855
f 2419/542/1855 2420/541/1856 2422/543/1858 2421/544/1857
f 2420/545/1856 2418/546/1854 2424/547/1860 2422/548/1858
f 2421/544/1857 2422/543/1858 2424/549/1860 2423/550/1859
f 2423/550/1859 2424/549/1860 2418/551/1854 2417/552/1853
f 2417/553/1853 2419/554/1855 2421/555/1857 2423/556/1859
o export_Large_wheel_L_Cylinder.100
v 0.321319 -0.065226 0.016987
v 0.243859 -0.648202 -0.478361
v 0.331216 -0.072667 0.024197
v 0.253755 -0.655644 -0.471151
v 0.320787 -0.078187 0.032325
v 0.243326 -0.661164 -0.463023
v 0.310890 -0.070746 0.025115
v 0.233429 -0.653723 -0.470233
vn -0.0799 -0.9648 0.2504
vn 0.0366 -0.0880 0.9954
vn -0.8708 -0.3602 -0.3347
vn -0.7546 0.5139 0.4080
vn -0.0366 0.0880 -0.9954
vn 0.0799 0.9648 -0.2504
vn 0.7546 -0.5139 -0.4080
vn 0.8708 0.3602 0.3347
vt 1.000000 0.500000
vt 1.000000 1.000000
vt 0.750000 1.000000
vt 0.750000 0.500000
vt 0.500000 1.000000
vt 0.500000 0.500000
vt 0.490000 0.250000
vt 0.250000 0.490000
vt 0.010000 0.250000
vt 0.250000 0.010000
vt 0.250000 1.000000
vt 0.250000 0.500000
vt 0.000000 1.000000
vt 0.000000 0.500000
vt 0.750000 0.490000
vt 0.990000 0.250000
vt 0.750000 0.010000
vt 0.510000 0.250000
s 1
usemtl wheelchair_metal
f 2425/557/1861 2426/558/1862 2428/559/1864 2427/560/1863
f 2427/560/1863 2428/559/1864 2430/561/1866 2429/562/1865
f 2428/563/1864 2426/564/1862 2432/565/1868 2430/566/1866
f 2429/562/1865 2430/561/1866 2432/567/1868 2431/568/1867
f 2431/568/1867 2432/567/1868 2426/569/1862 2425/570/1861
f 2425/571/1861 2427/572/1863 2429/573/1865 2431/574/1867
o export_Large_wheel_L_Cylinder.101
v 0.312063 0.068006 -0.056404
v 0.228339 0.604061 0.488451
v 0.301906 0.060066 -0.050152
v 0.218182 0.596121 0.494702
v 0.312063 0.053686 -0.042315
v 0.228339 0.589742 0.502539
v 0.322221 0.061626 -0.048566
v 0.238497 0.597682 0.496288
vn -0.0630 -0.1784 0.9819
vn 0.0630 -0.9847 0.1624
vn 0.7495 0.4643 0.4719
vn 0.8750 -0.3395 -0.3451
vn -0.0630 0.9847 -0.1624
vn 0.0630 0.1784 -0.9819
vn -0.8750 0.3395 0.3451
vn -0.7495 -0.4643 -0.4719
vt 1.000000 0.500000
vt 1.000000 1.000000
vt 0.750000 1.000000
vt 0.750000 0.500000
vt 0.500000 1.000000
vt 0.500000 0.500000
vt 0.490000 0.250000
vt 0.250000 0.490000
vt 0.010000 0.250000
vt 0.250000 0.010000
vt 0.250000 1.000000
vt 0.250000 0.500000
vt 0.000000 1.000000
vt 0.000000 0.500000
vt 0.750000 0.490000
vt 0.990000 0.250000
vt 0.750000 0.010000
vt 0.510000 0.250000
s 1
usemtl wheelchair_metal
f 2433/575/1869 2434/576/1870 2436/577/1872 2435/578/1871
f 2435/578/1871 2436/577/1872 2438/579/1874 2437/580/1873
f 2436/581/1872 2434/582/1870 2440/583/1876 2438/584/1874
f 2437/580/1873 2438/579/1874 2440/585/1876 2439/586/1875
f 2439/586/1875 2440/585/1876 2434/587/1870 2433/588/1869
f 2433/589/1869 2435/590/1871 2437/591/1873 2439/592/1875
o export_Large_wheel_L_Cylinder.102
v 0.312063 -0.048640 0.058358
v 0.228339 0.487416 0.603212
v 0.301906 -0.056580 0.064609
v 0.218182 0.479476 0.609464
v 0.312063 -0.062959 0.072447
v 0.228339 0.473096 0.617301
v 0.322221 -0.055019 0.066196
v 0.238497 0.481036 0.611050
vn -0.0630 -0.1784 0.9819
vn 0.0630 -0.9847 0.1624
vn 0.7495 0.4643 0.4719
vn 0.8750 -0.3395 -0.3451
vn -0.0630 0.9847 -0.1624
vn 0.0630 0.1784 -0.9819
vn -0.8750 0.3395 0.3451
vn -0.7495 -0.4643 -0.4719
vt 1.000000 0.500000
vt 1.000000 1.000000
vt 0.750000 1.000000
vt 0.750000 0.500000
vt 0.500000 1.000000
vt 0.500000 0.500000
vt 0.490000 0.250000
vt 0.250000 0.490000
vt 0.010000 0.250000
vt 0.250000 0.010000
vt 0.250000 1.000000
vt 0.250000 0.500000
vt 0.000000 1.000000
vt 0.000000 0.500000
vt 0.750000 0.490000
vt 0.990000 0.250000
vt 0.750000 0.010000
vt 0.510000 0.250000
s 1
usemtl wheelchair_metal
f 2441/593/1877 2442/594/1878 2444/595/1880 2443/596/1879
f 2443/596/1879 2444/595/1880 2446/597/1882 2445/598/1881
f 2444/599/1880 2442/600/1878 2448/601/1884 2446/602/1882
f 2445/598/1881 2446/597/1882 2448/603/1884 2447/604/1883
f 2447/604/1883 2448/603/1884 2442/605/1878 2441/606/1877
f 2441/607/1877 2443/608/1879 2445/609/1881 2447/610/1883
o export_Large_wheel_L_Cylinder.103
v 0.222896 -0.481369 -0.614795
v 0.317506 0.053795 -0.070847
v 0.212756 -0.487647 -0.606855
v 0.307366 0.047517 -0.062907
v 0.222896 -0.495689 -0.600707
v 0.317506 0.039476 -0.056759
v 0.233037 -0.489411 -0.608647
v 0.327647 0.045754 -0.064699
vn 0.0711 -0.1791 0.9813
vn -0.0711 -0.9840 0.1631
vn 0.8818 0.3307 0.3361
vn 0.7400 -0.4717 -0.4795
vn 0.0711 0.9840 -0.1631
vn -0.0712 0.1791 -0.9813
vn -0.7400 0.4717 0.4795
vn -0.8818 -0.3307 -0.3361
vt 1.000000 0.500000
vt 1.000000 1.000000
vt 0.750000 1.000000
vt 0.750000 0.500000
vt 0.500000 1.000000
vt 0.500000 0.500000
vt 0.490000 0.250000
vt 0.250000 0.490000
vt 0.010000 0.250000
vt 0.250000 0.010000
vt 0.250000 1.000000
vt 0.250000 0.500000
vt 0.000000 1.000000
vt 0.000000 0.500000
vt 0.750000 0.490000
vt 0.990000 0.250000
vt 0.750000 0.010000
vt 0.510000 0.250000
s 1
usemtl wheelchair_metal
f 2449/611/1885 2450/612/1886 2452/613/1888 2451/614/1887
f 2451/614/1887 2452/613/1888 2454/615/1890 2453/616/1889
f 2452/617/1888 2450/618/1886 2456/619/1892 2454/620/1890
f 2453/616/1889 2454/615/1890 2456/621/1892 2455/622/1891
f 2455/622/1891 2456/621/1892 2450/623/1886 2449/624/1885
f 2449/625/1885 2451/626/1887 2453/627/1889 2455/628/1891
o export_Large_wheel_L_Cylinder.104
v 0.317506 0.580445 -0.507923
v 0.222896 0.045280 0.036025
v 0.327647 0.586723 -0.499982
v 0.233037 0.051558 0.043966
v 0.317506 0.594765 -0.493834
v 0.222896 0.059600 0.050114
v 0.307366 0.588486 -0.501775
v 0.212756 0.053322 0.042173
vn -0.0712 0.1791 0.9813
vn 0.0711 0.9840 0.1631
vn -0.8818 -0.3307 0.3361
vn -0.7400 0.4717 -0.4795
vn -0.0711 -0.9840 -0.1631
vn 0.0712 -0.1791 -0.9813
vn 0.7400 -0.4717 0.4795
vn 0.8818 0.3307 -0.3361
vt 1.000000 0.500000
vt 1.000000 1.000000
vt 0.750000 1.000000
vt 0.750000 0.500000
vt 0.500000 1.000000
vt 0.500000 0.500000
vt 0.490000 0.250000
vt 0.250000 0.490000
vt 0.010000 0.250000
vt 0.250000 0.010000
vt 0.250000 1.000000
vt 0.250000 0.500000
vt 0.000000 1.000000
vt 0.000000 0.500000
vt 0.750000 0.490000
vt 0.990000 0.250000
vt 0.750000 0.010000
vt 0.510000 0.250000
s 1
usemtl wheelchair_metal
f 2457/629/1893 2458/630/1894 2460/631/1896 2459/632/1895
f 2459/632/1895 2460/631/1896 2462/633/1898 2461/634/1897
f 2460/635/1896 2458/636/1894 2464/637/1900 2462/638/1898
f 2461/634/1897 2462/633/1898 2464/639/1900 2463/640/1899
f 2463/640/1899 2464/639/1900 2458/641/1894 2457/642/1893
f 2457/643/1893 2459/644/1895 2461/645/1897 2463/646/1899
o export_Large_wheel_L_Cylinder.105
v 0.307282 -0.052885 0.069770
v 0.223558 0.358171 0.714173
v 0.297124 -0.061952 0.074234
v 0.213400 0.349104 0.718636
v 0.307282 -0.069821 0.080573
v 0.223558 0.341235 0.724976
v 0.317439 -0.060755 0.076110
v 0.233715 0.350301 0.720513
vn -0.0630 -0.3787 0.9234
vn 0.0630 -0.9970 -0.0459
vn 0.7495 0.3560 0.5581
vn 0.8750 -0.2603 -0.4081
vn -0.0630 0.9970 0.0459
vn 0.0630 0.3787 -0.9234
vn -0.8750 0.2603 0.4081
vn -0.7495 -0.3560 -0.5581
vt 1.000000 0.500000
vt 1.000000 1.000000
vt 0.750000 1.000000
vt 0.750000 0.500000
vt 0.500000 1.000000
vt 0.500000 0.500000
vt 0.490000 0.250000
vt 0.250000 0.490000
vt 0.010000 0.250000
vt 0.250000 0.010000
vt 0.250000 1.000000
vt 0.250000 0.500000
vt 0.000000 1.000000
vt 0.000000 0.500000
vt 0.750000 0.490000
vt 0.990000 0.250000
vt 0.750000 0.010000
vt 0.510000 0.250000
s 1
usemtl wheelchair_metal
f 2465/647/1901 2466/648/1902 2468/649/1904 2467/650/1903
f 2467/650/1903 2468/649/1904 2470/651/1906 2469/652/1905
f 2468/653/1904 2466/654/1902 2472/655/1908 2470/656/1906
f 2469/652/1905 2470/651/1906 2472/657/1908 2471/658/1907
f 2471/658/1907 2472/657/1908 2466/659/1902 2465/660/1901
f 2465/661/1901 2467/662/1903 2469/663/1905 2471/664/1907
o export_Large_wheel_L_Cylinder.106
v 0.305404 0.068929 -0.068532
v 0.229002 0.709154 0.350403
v 0.294799 0.062799 -0.061098
v 0.218397 0.703024 0.357836
v 0.304510 0.057866 -0.051788
v 0.228107 0.698091 0.367146
v 0.315115 0.063996 -0.059222
v 0.238712 0.704221 0.359712
vn -0.0938 0.0322 0.9951
vn 0.0211 -0.9308 0.3650
vn 0.7550 0.5278 0.3891
vn 0.8695 -0.4321 -0.2391
vn -0.0211 0.9308 -0.3650
vn 0.0938 -0.0322 -0.9951
vn -0.8695 0.4321 0.2391
vn -0.7550 -0.5278 -0.3891
vt 1.000000 0.500000
vt 1.000000 1.000000
vt 0.750000 1.000000
vt 0.750000 0.500000
vt 0.500000 1.000000
vt 0.500000 0.500000
vt 0.490000 0.250000
vt 0.250000 0.490000
vt 0.010000 0.250000
vt 0.250000 0.010000
vt 0.250000 1.000000
vt 0.250000 0.500000
vt 0.000000 1.000000
vt 0.000000 0.500000
vt 0.750000 0.490000
vt 0.990000 0.250000
vt 0.750000 0.010000
vt 0.510000 0.250000
s 1
usemtl wheelchair_metal
f 2473/665/1909 2474/666/1910 2476/667/1912 2475/668/1911
f 2475/668/1911 2476/667/1912 2478/669/1914 2477/670/1913
f 2476/671/1912 2474/672/1910 2480/673/1916 2478/674/1914
f 2477/670/1913 2478/669/1914 2480/675/1916 2479/676/1915
f 2479/676/1915 2480/675/1916 2474/677/1910 2473/678/1909
f 2473/679/1909 2475/680/1911 2477/681/1913 2479/682/1915
o export_Large_wheel_L_Cylinder.107
v 0.228339 -0.366231 -0.701577
v 0.312063 0.044825 -0.057174
v 0.218182 -0.357165 -0.706041
v 0.301906 0.053891 -0.061638
v 0.228339 -0.349295 -0.712380
v 0.312063 0.061761 -0.067978
v 0.238497 -0.358361 -0.707917
v 0.322221 0.052695 -0.063514
vn -0.0630 -0.9970 -0.0459
vn 0.0630 -0.3787 0.9234
vn -0.8750 -0.2603 -0.4081
vn -0.7495 0.3560 0.5581
vn -0.0630 0.3787 -0.9234
vn 0.0630 0.9970 0.0459
vn 0.7495 -0.3560 -0.5581
vn 0.8750 0.2603 0.4081
vt 1.000000 0.500000
vt 1.000000 1.000000
vt 0.750000 1.000000
vt 0.750000 0.500000
vt 0.500000 1.000000
vt 0.500000 0.500000
vt 0.490000 0.250000
vt 0.250000 0.490000
vt 0.010000 0.250000
vt 0.250000 0.010000
vt 0.250000 1.000000
vt 0.250000 0.500000
vt 0.000000 1.000000
vt 0.000000 0.500000
vt 0.750000 0.490000
vt 0.990000 0.250000
vt 0.750000 0.010000
vt 0.510000 0.250000
s 1
usemtl wheelchair_metal
f 2481/683/1917 2482/684/1918 2484/685/1920 2483/686/1919
f 2483/686/1919 2484/685/1920 2486/687/1922 2485/688/1921
f 2484/689/1920 2482/690/1918 2488/691/1924 2486/692/1922
f 2485/688/1921 2486/687/1922 2488/693/1924 2487/694/1923
f 2487/694/1923 2488/693/1924 2482/695/1918 2481/696/1917
f 2481/697/1917 2483/698/1919 2485/699/1921 2487/700/1923
o export_Large_wheel_L_Cylinder.108
v 0.232448 -0.711816 -0.355714
v 0.308850 -0.071590 0.063221
v 0.221843 -0.705686 -0.363148
v 0.298245 -0.065461 0.055787
v 0.231553 -0.700753 -0.372458
v 0.307955 -0.060527 0.046477
v 0.242158 -0.706882 -0.365024
v 0.318560 -0.066657 0.053911
vn -0.0211 -0.9308 0.3650
vn 0.0938 0.0322 0.9951
vn -0.8695 -0.4321 -0.2391
vn -0.7550 0.5278 0.3891
vn -0.0938 -0.0322 -0.9951
vn 0.0211 0.9308 -0.3650
vn 0.7550 -0.5278 -0.3891
vn 0.8695 0.4321 0.2391
vt 1.000000 0.500000
vt 1.000000 1.000000
vt 0.750000 1.000000
vt 0.750000 0.500000
vt 0.500000 1.000000
vt 0.500000 0.500000
vt 0.490000 0.250000
vt 0.250000 0.490000
vt 0.010000 0.250000
vt 0.250000 0.010000
vt 0.250000 1.000000
vt 0.250000 0.500000
vt 0.000000 1.000000
vt 0.000000 0.500000
vt 0.750000 0.490000
vt 0.990000 0.250000
vt 0.750000 0.010000
vt 0.510000 0.250000
s 1
usemtl wheelchair_metal
f 2489/701/1925 2490/702/1926 2492/703/1928 2491/704/1927
f 2491/704/1927 2492/703/1928 2494/705/1930 2493/706/1929
f 2492/707/1928 2490/708/1926 2496/709/1932 2494/710/1930
f 2493/706/1929 2494/705/1930 2496/711/1932 2495/712/1931
f 2495/712/1931 2496/711/1932 2490/713/1926 2489/714/1925
f 2489/715/1925 2491/716/1927 2493/717/1929 2495/718/1931
o export_Large_wheel_L_Cylinder.109
v 0.312063 0.044892 0.072818
v 0.228339 -0.499963 0.608873
v 0.301906 0.038641 0.064878
v 0.218182 -0.506214 0.600933
v 0.312063 0.030803 0.058498
v 0.228339 -0.514051 0.594554
v 0.322221 0.037054 0.066438
v 0.238497 -0.507800 0.602494
vn -0.0630 -0.9819 -0.1784
vn 0.0630 -0.1624 -0.9847
vn 0.7495 -0.4719 0.4643
vn 0.8750 0.3451 -0.3395
vn -0.0630 0.1624 0.9847
vn 0.0630 0.9819 0.1784
vn -0.8750 -0.3451 0.3395
vn -0.7495 0.4719 -0.4643
vt 1.000000 0.500000
vt 1.000000 1.000000
vt 0.750000 1.000000
vt 0.750000 0.500000
vt 0.500000 1.000000
vt 0.500000 0.500000
vt 0.490000 0.250000
vt 0.250000 0.490000
vt 0.010000 0.250000
vt 0.250000 0.010000
vt 0.250000 1.000000
vt 0.250000 0.500000
vt 0.000000 1.000000
vt 0.000000 0.500000
vt 0.750000 0.490000
vt 0.990000 0.250000
vt 0.750000 0.010000
vt 0.510000 0.250000
s 1
usemtl 
f 2497/719/1933 2498/720/1934 2500/721/1936 2499/722/1935
f 2499/722/1935 2500/721/1936 2502/723/1938 2501/724/1937
f 2500/725/1936 2498/726/1934 2504/727/1940 2502/728/1938
f 2501/724/1937 2502/723/1938 2504/729/1940 2503/730/1939
f 2503/730/1939 2504/729/1940 2498/731/1934 2497/732/1933
f 2497/733/1933 2499/734/1935 2501/735/1937 2503/736/1939
o export_Large_wheel_L_Cylinder.110
v 0.312063 -0.069870 -0.043828
v 0.228339 -0.614724 0.492228
v 0.301906 -0.076121 -0.051768
v 0.218182 -0.620976 0.484288
v 0.312063 -0.083959 -0.058147
v 0.228339 -0.628813 0.477908
v 0.322221 -0.077708 -0.050207
v 0.238497 -0.622562 0.485848
vn -0.0630 -0.9819 -0.1784
vn 0.0630 -0.1624 -0.9847
vn 0.7495 -0.4719 0.4643
vn 0.8750 0.3451 -0.3395
vn -0.0630 0.1624 0.9847
vn 0.0630 0.9819 0.1784
vn -0.8750 -0.3451 0.3395
vn -0.7495 0.4719 -0.4643
vt 1.000000 0.500000
vt 1.000000 1.000000
vt 0.750000 1.000000
vt 0.750000 0.500000
vt 0.500000 1.000000
vt 0.500000 0.500000
vt 0.490000 0.250000
vt 0.250000 0.490000
vt 0.010000 0.250000
vt 0.250000 0.010000
vt 0.250000 1.000000
vt 0.250000 0.500000
vt 0.000000 1.000000
vt 0.000000 0.500000
vt 0.750000 0.490000
vt 0.990000 0.250000
vt 0.750000 0.010000
vt 0.510000 0.250000
s 1
usemtl wheelchair_metal
f 2505/737/1941 2506/738/1942 2508/739/1944 2507/740/1943
f 2507/740/1943 2508/739/1944 2510/741/1946 2509/742/1945
f 2508/743/1944 2506/744/1942 2512/745/1948 2510/746/1946
f 2509/742/1945 2510/741/1946 2512/747/1948 2511/748/1947
f 2511/748/1947 2512/747/1948 2506/749/1942 2505/750/1941
f 2505/751/1941 2507/752/1943 2509/753/1945 2511/754/1947
o export_Large_wheel_L_Cylinder.111
v 0.222896 0.603283 -0.476557
v 0.317506 0.059335 0.058607
v 0.212756 0.595343 -0.482835
v 0.307366 0.051395 0.052329
v 0.222896 0.589195 -0.490877
v 0.317506 0.045247 0.044288
v 0.233037 0.597135 -0.484599
v 0.327647 0.053187 0.050566
vn 0.0711 -0.9813 -0.1791
vn -0.0712 -0.1631 -0.9840
vn 0.8818 -0.3361 0.3307
vn 0.7400 0.4795 -0.4717
vn 0.0712 0.1631 0.9840
vn -0.0712 0.9813 0.1791
vn -0.7400 -0.4795 0.4717
vn -0.8818 0.3361 -0.3307
vt 1.000000 0.500000
vt 1.000000 1.000000
vt 0.750000 1.000000
vt 0.750000 0.500000
vt 0.500000 1.000000
vt 0.500000 0.500000
vt 0.490000 0.250000
vt 0.250000 0.490000
vt 0.010000 0.250000
vt 0.250000 0.010000
vt 0.250000 1.000000
vt 0.250000 0.500000
vt 0.000000 1.000000
vt 0.000000 0.500000
vt 0.750000 0.490000
vt 0.990000 0.250000
vt 0.750000 0.010000
vt 0.510000 0.250000
s 1
usemtl wheelchair_metal
f 2513/755/1949 2514/756/1950 2516/757/1952 2515/758/1951
f 2515/758/1951 2516/757/1952 2518/759/1954 2517/760/1953
f 2516/761/1952 2514/762/1950 2520/763/1956 2518/764/1954
f 2517/760/1953 2518/759/1954 2520/765/1956 2519/766/1955
f 2519/766/1955 2520/765/1956 2514/767/1950 2513/768/1949
f 2513/769/1949 2515/770/1951 2517/771/1953 2519/772/1955
o export_Large_wheel_L_Cylinder.112
v 0.222896 0.488522 -0.593202
v 0.317506 -0.055427 -0.058038
v 0.212756 0.480581 -0.599481
v 0.307366 -0.063367 -0.064316
v 0.222896 0.474433 -0.607522
v 0.317506 -0.069515 -0.072358
v 0.233037 0.482374 -0.601244
v 0.327647 -0.061575 -0.066080
vn 0.0712 -0.9813 -0.1791
vn -0.0712 -0.1631 -0.9840
vn 0.8818 -0.3361 0.3307
vn 0.7400 0.4795 -0.4717
vn 0.0712 0.1631 0.9840
vn -0.0712 0.9813 0.1791
vn -0.7400 -0.4795 0.4717
vn -0.8818 0.3361 -0.3307
vt 1.000000 0.500000
vt 1.000000 1.000000
vt 0.750000 1.000000
vt 0.750000 0.500000
vt 0.500000 1.000000
vt 0.500000 0.500000
vt 0.490000 0.250000
vt 0.250000 0.490000
vt 0.010000 0.250000
vt 0.250000 0.010000
vt 0.250000 1.000000
vt 0.250000 0.500000
vt 0.000000 1.000000
vt 0.000000 0.500000
vt 0.750000 0.490000
vt 0.990000 0.250000
vt 0.750000 0.010000
vt 0.510000 0.250000
s 1
usemtl wheelchair_metal
f 2521/773/1957 2522/774/1958 2524/775/1960 2523/776/1959
f 2523/776/1959 2524/775/1960 2526/777/1962 2525/778/1961
f 2524/779/1960 2522/780/1958 2528/781/1964 2526/782/1962
f 2525/778/1961 2526/777/1962 2528/783/1964 2527/784/1963
f 2527/784/1963 2528/783/1964 2522/785/1958 2521/786/1957
f 2521/787/1957 2523/788/1959 2525/789/1961 2527/790/1963
o export_Large_wheel_L_Cylinder.113
v 0.312063 0.044892 0.072818
v 0.228339 -0.499963 0.608873
v 0.301906 0.038641 0.064878
v 0.218182 -0.506214 0.600933
v 0.312063 0.030803 0.058498
v 0.228339 -0.514051 0.594554
v 0.322221 0.037054 0.066438
v 0.238497 -0.507800 0.602494
vn -0.0630 -0.9819 -0.1784
vn 0.0630 -0.1624 -0.9847
vn 0.7495 -0.4719 0.4643
vn 0.8750 0.3451 -0.3395
vn -0.0630 0.1624 0.9847
vn 0.0630 0.9819 0.1784
vn -0.8750 -0.3451 0.3395
vn -0.7495 0.4719 -0.4643
vt 1.000000 0.500000
vt 1.000000 1.000000
vt 0.750000 1.000000
vt 0.750000 0.500000
vt 0.500000 1.000000
vt 0.500000 0.500000
vt 0.490000 0.250000
vt 0.250000 0.490000
vt 0.010000 0.250000
vt 0.250000 0.010000
vt 0.250000 1.000000
vt 0.250000 0.500000
vt 0.000000 1.000000
vt 0.000000 0.500000
vt 0.750000 0.490000
vt 0.990000 0.250000
vt 0.750000 0.010000
vt 0.510000 0.250000
s 1
usemtl wheelchair_metal
f 2529/791/1965 2530/792/1966 2532/793/1968 2531/794/1967
f 2531/794/1967 2532/793/1968 2534/795/1970 2533/796/1969
f 2532/797/1968 2530/798/1966 2536/799/1972 2534/800/1970
f 2533/796/1969 2534/795/1970 2536/801/1972 2535/802/1971
f 2535/802/1971 2536/801/1972 2530/803/1966 2529/804/1965
f 2529/805/1965 2531/806/1967 2533/807/1969 2535/808/1971
o export_Large_wheel_L_Cylinder.114
v 0.312063 -0.069870 -0.043828
v 0.228339 -0.614724 0.492228
v 0.301906 -0.076121 -0.051768
v 0.218182 -0.620976 0.484288
v 0.312063 -0.083959 -0.058147
v 0.228339 -0.628813 0.477908
v 0.322221 -0.077708 -0.050207
v 0.238497 -0.622562 0.485848
vn -0.0630 -0.9819 -0.1784
vn 0.0630 -0.1624 -0.9847
vn 0.7495 -0.4719 0.4643
vn 0.8750 0.3451 -0.3395
vn -0.0630 0.1624 0.9847
vn 0.0630 0.9819 0.1784
vn -0.8750 -0.3451 0.3395
vn -0.7495 0.4719 -0.4643
vt 1.000000 0.500000
vt 1.000000 1.000000
vt 0.750000 1.000000
vt 0.750000 0.500000
vt 0.500000 1.000000
vt 0.500000 0.500000
vt 0.490000 0.250000
vt 0.250000 0.490000
vt 0.010000 0.250000
vt 0.250000 0.010000
vt 0.250000 1.000000
vt 0.250000 0.500000
vt 0.000000 1.000000
vt 0.000000 0.500000
vt 0.750000 0.490000
vt 0.990000 0.250000
vt 0.750000 0.010000
vt 0.510000 0.250000
s 1
usemtl wheelchair_metal
f 2537/809/1973 2538/810/1974 2540/811/1976 2539/812/1975
f 2539/812/1975 2540/811/1976 2542/813/1978 2541/814/1977
f 2540/815/1976 2538/816/1974 2544/817/1980 2542/818/1978
f 2541/814/1977 2542/813/1978 2544/819/1980 2543/820/1979
f 2543/820/1979 2544/819/1980 2538/821/1974 2537/822/1973
f 2537/823/1973 2539/824/1975 2541/825/1977 2543/826/1979
o export_Large_wheel_L_Cylinder.115
v 0.222896 0.603283 -0.476557
v 0.317506 0.059335 0.058607
v 0.212756 0.595343 -0.482835
v 0.307366 0.051395 0.052329
v 0.222896 0.589195 -0.490877
v 0.317506 0.045247 0.044288
v 0.233037 0.597135 -0.484599
v 0.327647 0.053187 0.050566
vn 0.0711 -0.9813 -0.1791
vn -0.0712 -0.1631 -0.9840
vn 0.8818 -0.3361 0.3307
vn 0.7400 0.4795 -0.4717
vn 0.0712 0.1631 0.9840
vn -0.0712 0.9813 0.1791
vn -0.7400 -0.4795 0.4717
vn -0.8818 0.3361 -0.3307
vt 1.000000 0.500000
vt 1.000000 1.000000
vt 0.750000 1.000000
vt 0.750000 0.500000
vt 0.500000 1.000000
vt 0.500000 0.500000
vt 0.490000 0.250000
vt 0.250000 0.490000
vt 0.010000 0.250000
vt 0.250000 0.010000
vt 0.250000 1.000000
vt 0.250000 0.500000
vt 0.000000 1.000000
vt 0.000000 0.500000
vt 0.750000 0.490000
vt 0.990000 0.250000
vt 0.750000 0.010000
vt 0.510000 0.250000
s 1
usemtl wheelchair_metal
f 2545/827/1981 2546/828/1982 2548/829/1984 2547/830/1983
f 2547/830/1983 2548/829/1984 2550/831/1986 2549/832/1985
f 2548/833/1984 2546/834/1982 2552/835/1988 2550/836/1986
f 2549/832/1985 2550/831/1986 2552/837/1988 2551/838/1987
f 2551/838/1987 2552/837/1988 2546/839/1982 2545/840/1981
f 2545/841/1981 2547/842/1983 2549/843/1985 2551/844/1987
o export_Large_wheel_L_Cylinder.116
v 0.222896 0.488522 -0.593202
v 0.317506 -0.055427 -0.058038
v 0.212756 0.480581 -0.599481
v 0.307366 -0.063367 -0.064316
v 0.222896 0.474433 -0.607522
v 0.317506 -0.069515 -0.072358
v 0.233037 0.482374 -0.601244
v 0.327647 -0.061575 -0.066080
vn 0.0712 -0.9813 -0.1791
vn -0.0712 -0.1631 -0.9840
vn 0.8818 -0.3361 0.3307
vn 0.7400 0.4795 -0.4717
vn 0.0712 0.1631 0.9840
vn -0.0712 0.9813 0.1791
vn -0.7400 -0.4795 0.4717
vn -0.8818 0.3361 -0.3307
vt 1.000000 0.500000
vt 1.000000 1.000000
vt 0.750000 1.000000
vt 0.750000 0.500000
vt 0.500000 1.000000
vt 0.500000 0.500000
vt 0.490000 0.250000
vt 0.250000 0.490000
vt 0.010000 0.250000
vt 0.250000 0.010000
vt 0.250000 1.000000
vt 0.250000 0.500000
vt 0.000000 1.000000
vt 0.000000 0.500000
vt 0.750000 0.490000
vt 0.990000 0.250000
vt 0.750000 0.010000
vt 0.510000 0.250000
s 1
usemtl wheelchair_metal
f 2553/845/1989 2554/846/1990 2556/847/1992 2555/848/1991
f 2555/848/1991 2556/847/1992 2558/849/1994 2557/850/1993
f 2556/851/1992 2554/852/1990 2560/853/1996 2558/854/1994
f 2557/850/1993 2558/849/1994 2560/855/1996 2559/856/1995
f 2559/856/1995 2560/855/1996 2554/857/1990 2553/858/1989
f 2553/859/1989 2555/860/1991 2557/861/1993 2559/862/1995
o export_Large_wheel_L_Cylinder.117
v 0.308253 -0.073808 -0.052841
v 0.224529 -0.718211 0.358215
v 0.298096 -0.078272 -0.061907
v 0.214372 -0.722674 0.349149
v 0.308253 -0.084611 -0.069777
v 0.224529 -0.729014 0.341279
v 0.318411 -0.080148 -0.060711
v 0.234687 -0.724550 0.350346
vn -0.0630 -0.9234 -0.3787
vn 0.0630 0.0459 -0.9970
vn 0.7495 -0.5581 0.3560
vn 0.8750 0.4081 -0.2603
vn -0.0630 -0.0459 0.9970
vn 0.0630 0.9234 0.3787
vn -0.8750 -0.4081 0.2603
vn -0.7495 0.5581 -0.3560
vt 1.000000 0.500000
vt 1.000000 1.000000
vt 0.750000 1.000000
vt 0.750000 0.500000
vt 0.500000 1.000000
vt 0.500000 0.500000
vt 0.490000 0.250000
vt 0.250000 0.490000
vt 0.010000 0.250000
vt 0.250000 0.010000
vt 0.250000 1.000000
vt 0.250000 0.500000
vt 0.000000 1.000000
vt 0.000000 0.500000
vt 0.750000 0.490000
vt 0.990000 0.250000
vt 0.750000 0.010000
vt 0.510000 0.250000
s 1
usemtl wheelchair_metal
f 2561/863/1997 2562/864/1998 2564/865/2000 2563/866/1999
f 2563/866/1999 2564/865/2000 2566/867/2002 2565/868/2001
f 2564/869/2000 2562/870/1998 2568/871/2004 2566/872/2002
f 2565/868/2001 2566/867/2002 2568/873/2004 2567/874/2003
f 2567/874/2003 2568/873/2004 2562/875/1998 2561/876/1997
f 2561/877/1997 2563/878/1999 2565/879/2001 2567/880/2003
o export_Large_wheel_L_Cylinder.118
v 0.306293 0.061896 0.066290
v 0.229891 -0.357039 0.706515
v 0.295688 0.054462 0.060160
v 0.219286 -0.364473 0.700385
v 0.305398 0.045152 0.055227
v 0.228996 -0.373782 0.695452
v 0.316003 0.052586 0.061357
v 0.239601 -0.366349 0.701582
vn -0.0938 -0.9951 0.0322
vn 0.0211 -0.3650 -0.9308
vn 0.7550 -0.3891 0.5278
vn 0.8695 0.2391 -0.4321
vn -0.0211 0.3650 0.9308
vn 0.0938 0.9951 -0.0322
vn -0.8695 -0.2391 0.4321
vn -0.7550 0.3891 -0.5278
vt 1.000000 0.500000
vt 1.000000 1.000000
vt 0.750000 1.000000
vt 0.750000 0.500000
vt 0.500000 1.000000
vt 0.500000 0.500000
vt 0.490000 0.250000
vt 0.250000 0.490000
vt 0.010000 0.250000
vt 0.250000 0.010000
vt 0.250000 1.000000
vt 0.250000 0.500000
vt 0.000000 1.000000
vt 0.000000 0.500000
vt 0.750000 0.490000
vt 0.990000 0.250000
vt 0.750000 0.010000
vt 0.510000 0.250000
s 1
usemtl wheelchair_metal
f 2569/881/2005 2570/882/2006 2572/883/2008 2571/884/2007
f 2571/884/2007 2572/883/2008 2574/885/2010 2573/886/2009
f 2572/887/2008 2570/888/2006 2576/889/2012 2574/890/2010
f 2573/886/2009 2574/885/2010 2576/891/2012 2575/892/2011
f 2575/892/2011 2576/891/2012 2570/893/2006 2569/894/2005
f 2569/895/2005 2571/896/2007 2573/897/2009 2575/898/2011
o export_Large_wheel_L_Cylinder.119
v 0.228339 0.690066 -0.361419
v 0.312064 0.045662 0.049637
v 0.218182 0.694529 -0.352352
v 0.301906 0.050126 0.058703
v 0.228339 0.700869 -0.344483
v 0.312064 0.056466 0.066573
v 0.238497 0.696405 -0.353549
v 0.322221 0.052002 0.057506
vn -0.0630 0.0459 -0.9970
vn 0.0630 -0.9234 -0.3787
vn -0.8750 0.4081 -0.2603
vn -0.7495 -0.5581 0.3560
vn -0.0630 0.9234 0.3787
vn 0.0630 -0.0459 0.9970
vn 0.7495 0.5581 -0.3560
vn 0.8750 -0.4081 0.2603
vt 1.000000 0.500000
vt 1.000000 1.000000
vt 0.750000 1.000000
vt 0.750000 0.500000
vt 0.500000 1.000000
vt 0.500000 0.500000
vt 0.490000 0.250000
vt 0.250000 0.490000
vt 0.010000 0.250000
vt 0.250000 0.010000
vt 0.250000 1.000000
vt 0.250000 0.500000
vt 0.000000 1.000000
vt 0.000000 0.500000
vt 0.750000 0.490000
vt 0.990000 0.250000
vt 0.750000 0.010000
vt 0.510000 0.250000
s 1
usemtl wheelchair_metal
f 2577/899/2013 2578/900/2014 2580/901/2016 2579/902/2015
f 2579/902/2015 2580/901/2016 2582/903/2018 2581/904/2017
f 2580/905/2016 2578/906/2014 2584/907/2020 2582/908/2018
f 2581/904/2017 2582/903/2018 2584/909/2020 2583/910/2019
f 2583/910/2019 2584/909/2020 2578/911/2014 2577/912/2013
f 2577/913/2013 2579/914/2015 2581/915/2017 2583/916/2019
o export_Large_wheel_L_Cylinder.120
v 0.232447 0.344202 -0.707003
v 0.308850 -0.074733 -0.066778
v 0.221842 0.351636 -0.700874
v 0.298245 -0.067299 -0.060649
v 0.231553 0.360946 -0.695940
v 0.307955 -0.057989 -0.055716
v 0.242158 0.353512 -0.702070
v 0.318560 -0.065423 -0.061845
vn -0.0211 -0.3650 -0.9308
vn 0.0938 -0.9951 0.0322
vn -0.8695 0.2391 -0.4321
vn -0.7550 -0.3891 0.5278
vn -0.0938 0.9951 -0.0322
vn 0.0211 0.3650 0.9308
vn 0.7550 0.3891 -0.5278
vn 0.8695 -0.2391 0.4321
vt 1.000000 0.500000
vt 1.000000 1.000000
vt 0.750000 1.000000
vt 0.750000 0.500000
vt 0.500000 1.000000
vt 0.500000 0.500000
vt 0.490000 0.250000
vt 0.250000 0.490000
vt 0.010000 0.250000
vt 0.250000 0.010000
vt 0.250000 1.000000
vt 0.250000 0.500000
vt 0.000000 1.000000
vt 0.000000 0.500000
vt 0.750000 0.490000
vt 0.990000 0.250000
vt 0.750000 0.010000
vt 0.510000 0.250000
s 1
usemtl wheelchair_metal
f 2585/917/2021 2586/918/2022 2588/919/2024 2587/920/2023
f 2587/920/2023 2588/919/2024 2590/921/2026 2589/922/2025
f 2588/923/2024 2586/924/2022 2592/925/2028 2590/926/2026
f 2589/922/2025 2590/921/2026 2592/927/2028 2591/928/2027
f 2591/928/2027 2592/927/2028 2586/929/2022 2585/930/2021
f 2585/931/2021 2587/932/2023 2589/933/2025 2591/934/2027
o export_Large_wheel_L_Cylinder.121
v 0.329079 0.124912 0.000000
v 0.279400 0.124912 0.000000
v 0.329079 0.085461 -0.095243
v 0.279400 0.085461 -0.095243
v 0.329079 -0.009781 -0.134694
v 0.279401 -0.009781 -0.134694
v 0.329079 -0.105024 -0.095243
v 0.279401 -0.105024 -0.095243
v 0.329079 -0.144475 0.000000
v 0.279401 -0.144475 0.000000
v 0.329079 -0.105024 0.095243
v 0.279400 -0.105024 0.095243
v 0.329079 -0.009781 0.134694
v 0.279400 -0.009781 0.134694
v 0.329079 0.085461 0.095243
v 0.279400 0.085461 0.095243
vn -0.0000 -1.0000 -0.0000
vn -0.0000 -0.7071 0.7071
vn -0.0000 -0.0000 1.0000
vn -0.0000 0.7071 0.7071
vn -0.0000 1.0000 -0.0000
vn -0.0000 0.7071 -0.7071
vn -0.0000 -0.0000 -1.0000
vn 1.0000 -0.0000 -0.0000
vn -0.0000 -0.7071 -0.7071
vn -1.0000 -0.0000 -0.0000
vt 1.000000 0.500000
vt 1.000000 1.000000
vt 0.875000 1.000000
vt 0.875000 0.500000
vt 0.750000 1.000000
vt 0.750000 0.500000
vt 0.625000 1.000000
vt 0.625000 0.500000
vt 0.500000 1.000000
vt 0.500000 0.500000
vt 0.375000 1.000000
vt 0.375000 0.500000
vt 0.250000 1.000000
vt 0.250000 0.500000
vt 0.419706 0.419706
vt 0.250000 0.490000
vt 0.080294 0.419706
vt 0.010000 0.250000
vt 0.080294 0.080294
vt 0.250000 0.010000
vt 0.419706 0.080294
vt 0.490000 0.250000
vt 0.125000 1.000000
vt 0.125000 0.500000
vt 0.000000 1.000000
vt 0.000000 0.500000
vt 0.750000 0.490000
vt 0.919706 0.419706
vt 0.990000 0.250000
vt 0.919706 0.080294
vt 0.750000 0.010000
vt 0.580294 0.080294
vt 0.510000 0.250000
vt 0.580294 0.419706
s 1
usemtl wheelchair_metal
f 2593/935/2029 2594/936/2029 2596/937/2030 2595/938/2030
f 2595/938/2030 2596/937/2030 2598/939/2031 2597/940/2031
f 2597/940/2031 2598/939/2031 2600/941/2032 2599/942/2032
f 2599/942/2032 2600/941/2032 2602/943/2033 2601/944/2033
f 2601/944/2033 2602/943/2033 2604/945/2034 2603/946/2034
f 2603/946/2034 2604/945/2034 2606/947/2035 2605/948/2035
f 2596/949/2036 2594/950/2036 2608/951/2036 2606/952/2036 2604/953/2036 2602/954/2036 2600/955/2036 2598/956/2036
f 2605/948/2035 2606/947/2035 2608/957/2037 2607/958/2037
f 2607/958/2037 2608/957/2037 2594/959/2029 2593/960/2029
f 2593/961/2038 2595/962/2038 2597/963/2038 2599/964/2038 2601/965/2038 2603/966/2038 2605/967/2038 2607/968/2038
