# Blender 5.1.1
# www.blender.org
mtllib body.mtl
o export_body_part
v -0.045125 0.070639 0.057690
v -0.049413 0.075409 0.065556
v -0.041884 0.079383 0.065793
v -0.038257 0.074589 0.057780
v -0.051041 0.076920 0.078840
v -0.043211 0.080730 0.079113
v -0.034994 0.083664 0.079306
v -0.033957 0.082493 0.065958
v -0.031022 0.077748 0.057844
v 0.000139 -0.081480 0.057409
v 0.000139 -0.089272 0.064825
v -0.008611 -0.088841 0.064825
v -0.007847 -0.081088 0.057409
v 0.000139 -0.092696 0.078280
v -0.008947 -0.092249 0.078280
v -0.017945 -0.090915 0.078280
v -0.017277 -0.087556 0.064825
v -0.015757 -0.079915 0.057409
v 0.045403 0.070638 0.057687
v 0.049692 0.075405 0.065547
v 0.056739 0.070457 0.065256
v 0.051830 0.065815 0.057579
v 0.051321 0.076900 0.078820
v 0.058674 0.072077 0.078489
v 0.065483 0.066257 0.078260
v 0.063241 0.064559 0.065021
v 0.057756 0.060152 0.057492
v -0.025712 0.084874 0.066040
v -0.023494 0.080219 0.057874
v -0.026473 0.085866 0.079402
v -0.017723 0.087454 0.079428
v -0.017229 0.086627 0.066064
v -0.015743 0.082067 0.057879
v -0.025775 -0.085427 0.064825
v -0.023513 -0.077972 0.057409
v -0.026769 -0.088704 0.078280
v -0.035334 -0.085640 0.078280
v -0.034024 -0.082476 0.064825
v -0.031042 -0.075278 0.057409
v 0.069133 0.057796 0.064891
v 0.063125 0.053737 0.057441
v 0.071672 0.059492 0.078195
v 0.077159 0.051984 0.078222
v 0.074360 0.050371 0.064840
v 0.067888 0.046747 0.057418
v -0.008582 0.087801 0.066059
v -0.007840 0.083306 0.057874
v -0.008817 0.088496 0.079421
v 0.000167 0.088890 0.079410
v 0.000147 0.088240 0.066051
v 0.000141 0.083768 0.057868
v -0.041943 -0.078730 0.064825
v -0.038270 -0.071859 0.057409
v -0.043557 -0.081750 0.078280
v -0.051360 -0.077074 0.078280
v -0.049457 -0.074227 0.064825
v -0.045129 -0.067749 0.057409
v 0.078867 0.042498 0.064825
v 0.071998 0.039370 0.057410
v 0.081871 0.043951 0.078253
v 0.085774 0.035555 0.078272
v 0.082615 0.034326 0.064824
v 0.075417 0.031742 0.057409
v -0.056494 -0.069008 0.064825
v -0.051551 -0.062985 0.057409
v -0.058666 -0.071655 0.078280
v -0.065407 -0.065546 0.078280
v -0.062985 -0.063125 0.064825
v -0.057476 -0.057615 0.057409
v 0.085566 0.025965 0.064825
v 0.078111 0.023966 0.057409
v 0.088842 0.026918 0.078279
v 0.091054 0.018084 0.078280
v 0.087695 0.017438 0.064825
v 0.080054 0.016069 0.057409
v -0.068868 -0.056633 0.064825
v -0.062846 -0.051690 0.057409
v -0.071515 -0.058805 0.078280
v -0.076934 -0.051499 0.078280
v -0.074087 -0.049597 0.064825
v -0.067609 -0.045268 0.057409
v 0.088980 0.008760 0.064825
v 0.081227 0.008069 0.057409
v 0.092388 0.009086 0.078280
v 0.092835 -0.000000 0.078280
v 0.089411 0.000003 0.064825
v 0.081619 0.000028 0.057409
v -0.078591 -0.042082 0.064825
v -0.071720 -0.038410 0.057409
v -0.081611 -0.043696 0.078280
v -0.085500 -0.035473 0.078280
v -0.082337 -0.034163 0.064825
v -0.075139 -0.031181 0.057409
v 0.088980 -0.008750 0.064825
v 0.081227 -0.007981 0.057409
v 0.092388 -0.009086 0.078280
v 0.091054 -0.018084 0.078280
v 0.087695 -0.017416 0.064825
v 0.080054 -0.015895 0.057409
v -0.085288 -0.025914 0.064825
v -0.077832 -0.023652 0.057409
v -0.088565 -0.026908 0.078280
v -0.090775 -0.018084 0.078280
v -0.087417 -0.017416 0.064825
v -0.079776 -0.015895 0.057409
v 0.085566 -0.025914 0.064825
v 0.078111 -0.023652 0.057409
v 0.088843 -0.026908 0.078280
v 0.085779 -0.035473 0.078280
v 0.082615 -0.034163 0.064825
v 0.075417 -0.031181 0.057409
v -0.088702 -0.008750 0.064825
v -0.080949 -0.007981 0.057409
v -0.092110 -0.009086 0.078280
v -0.092557 -0.000000 0.078280
v -0.089132 0.000003 0.064825
v -0.081341 0.000028 0.057409
v 0.078869 -0.042082 0.064825
v 0.071998 -0.038410 0.057409
v 0.081889 -0.043696 0.078280
v 0.077213 -0.051499 0.078280
v 0.074366 -0.049597 0.064825
v 0.067887 -0.045268 0.057409
v -0.088702 0.008760 0.064825
v -0.080949 0.008069 0.057409
v -0.092110 0.009086 0.078280
v -0.090775 0.018084 0.078280
v -0.087417 0.017438 0.064825
v -0.079776 0.016069 0.057409
v 0.069147 -0.056633 0.064825
v 0.063124 -0.051691 0.057409
v 0.071793 -0.058805 0.078280
v 0.065685 -0.065546 0.078280
v 0.063264 -0.063125 0.064825
v 0.057754 -0.057615 0.057409
v -0.085288 0.025965 0.064825
v -0.077832 0.023966 0.057409
v -0.088564 0.026918 0.078279
v -0.085496 0.035555 0.078272
v -0.082336 0.034326 0.064824
v -0.075139 0.031742 0.057409
v 0.056772 -0.069008 0.064825
v 0.051829 -0.062985 0.057409
v 0.058944 -0.071655 0.078280
v 0.051638 -0.077074 0.078280
v 0.049736 -0.074227 0.064825
v 0.045407 -0.067749 0.057409
v -0.078589 0.042498 0.064825
v -0.071720 0.039370 0.057410
v -0.081594 0.043953 0.078255
v -0.076885 0.051992 0.078229
v -0.074082 0.050372 0.064842
v -0.067610 0.046747 0.057418
v 0.042221 -0.078730 0.064825
v 0.038549 -0.071859 0.057409
v 0.043835 -0.081750 0.078280
v 0.035612 -0.085640 0.078280
v 0.034302 -0.082476 0.064825
v 0.031320 -0.075278 0.057409
v 0.008876 0.087809 0.066056
v 0.008121 0.083308 0.057872
v 0.009152 0.088534 0.079418
v 0.018055 0.087513 0.079446
v 0.017521 0.086640 0.066073
v 0.016024 0.082069 0.057882
v -0.068856 0.057799 0.064896
v -0.062847 0.053737 0.057442
v -0.071403 0.059513 0.078211
v -0.065217 0.066288 0.078289
v -0.062965 0.064563 0.065033
v -0.057477 0.060152 0.057495
v 0.026053 -0.085427 0.064825
v 0.023791 -0.077972 0.057409
v 0.027047 -0.088704 0.078280
v 0.018223 -0.090915 0.078280
v 0.017555 -0.087556 0.064825
v 0.016035 -0.079915 0.057409
v 0.026002 0.084884 0.066083
v 0.023774 0.080220 0.057888
v 0.026796 0.085920 0.079468
v 0.035303 0.083696 0.079395
v 0.034242 0.082498 0.066018
v 0.031301 0.077748 0.057865
v -0.056462 0.070462 0.065276
v -0.051552 0.065815 0.057585
v -0.058403 0.072109 0.078528
v 0.008889 -0.088841 0.064825
v 0.008126 -0.081088 0.057409
v 0.009225 -0.092249 0.078280
v 0.042166 0.079383 0.065824
v 0.038536 0.074588 0.057791
v 0.043504 0.080734 0.079157
v -0.096225 -0.000000 0.097932
v -0.095761 0.009445 0.097932
v -0.100030 -0.000000 0.119665
v -0.099547 0.009818 0.119665
v -0.098105 0.019542 0.119665
v -0.094373 0.018800 0.097932
v 0.080263 -0.053537 0.097932
v 0.074629 -0.061133 0.097932
v 0.083427 -0.055651 0.119665
v 0.077571 -0.063547 0.119665
v 0.070969 -0.070831 0.119665
v 0.068279 -0.068140 0.097932
v -0.092074 0.027978 0.097929
v -0.095714 0.029078 0.119662
v -0.092386 0.038341 0.119640
v -0.088877 0.036920 0.097911
v 0.061272 -0.074490 0.097932
v 0.063686 -0.077432 0.119665
v 0.055790 -0.083288 0.119665
v 0.053676 -0.080124 0.097932
v -0.084797 0.045552 0.097854
v -0.088127 0.047229 0.119570
v -0.082917 0.055572 0.119376
v -0.079835 0.053728 0.097711
v 0.045565 -0.084985 0.097932
v 0.047358 -0.088341 0.119665
v 0.038472 -0.092544 0.119665
v 0.037016 -0.089029 0.097932
v 0.000207 0.089005 0.097273
v 0.009377 0.088743 0.097287
v 0.000248 0.089316 0.117516
v 0.009618 0.089140 0.117531
v 0.018918 0.088424 0.117573
v 0.018471 0.087882 0.097326
v -0.074011 0.061270 0.097462
v -0.076760 0.063167 0.119009
v -0.069784 0.069756 0.118584
v -0.067428 0.067940 0.097234
v 0.028112 -0.092214 0.097932
v 0.029217 -0.095856 0.119665
v 0.019681 -0.098245 0.119665
v 0.018939 -0.094513 0.097932
v 0.027414 0.086448 0.097374
v 0.028078 0.087136 0.117637
v 0.037055 0.085235 0.117710
v 0.036146 0.084388 0.097369
v -0.060207 0.073536 0.097151
v -0.062146 0.075135 0.118229
v -0.053995 0.079378 0.117968
v -0.052461 0.078065 0.097176
v 0.009584 -0.095900 0.097932
v 0.009957 -0.099687 0.119665
v 0.000139 -0.100169 0.119665
v 0.000139 -0.096364 0.097932
v 0.044612 0.081617 0.097269
v 0.045808 0.082661 0.117788
v 0.054277 0.079291 0.117921
v 0.052743 0.078011 0.097145
v -0.044294 0.081602 0.097240
v -0.045469 0.082636 0.117798
v -0.036654 0.085085 0.117690
v -0.035789 0.084295 0.097295
v -0.009306 -0.095900 0.097932
v -0.009679 -0.099687 0.119665
v -0.019403 -0.098245 0.119665
v -0.018661 -0.094513 0.097932
v 0.060462 0.073445 0.097094
v 0.062386 0.074986 0.118164
v 0.070008 0.069605 0.118523
v 0.067673 0.067848 0.097181
v -0.027022 0.086298 0.097313
v -0.027622 0.086895 0.117613
v -0.018427 0.088170 0.117560
v -0.018059 0.087724 0.097303
v -0.027834 -0.092214 0.097932
v -0.028938 -0.095856 0.119665
v -0.038194 -0.092544 0.119665
v -0.036738 -0.089029 0.097932
v 0.074264 0.061209 0.097427
v 0.076998 0.063067 0.118967
v 0.083178 0.055532 0.119356
v 0.080102 0.053703 0.097695
v -0.008961 0.088644 0.097283
v -0.009120 0.088982 0.117527
v -0.045286 -0.084985 0.097932
v -0.047080 -0.088341 0.119665
v -0.055512 -0.083288 0.119665
v -0.053398 -0.080124 0.097932
v 0.085072 0.045546 0.097849
v 0.088400 0.047220 0.119563
v 0.092663 0.038340 0.119638
v 0.089154 0.036919 0.097909
v -0.060993 -0.074490 0.097932
v -0.063407 -0.077432 0.119665
v -0.070691 -0.070831 0.119665
v -0.068001 -0.068140 0.097932
v 0.092352 0.027978 0.097929
v 0.095992 0.029078 0.119662
v 0.098384 0.019542 0.119665
v 0.094652 0.018800 0.097932
v -0.074351 -0.061133 0.097932
v -0.077293 -0.063547 0.119665
v -0.083149 -0.055651 0.119665
v -0.079985 -0.053537 0.097932
v 0.096039 0.009445 0.097932
v 0.099826 0.009818 0.119665
v 0.100308 -0.000000 0.119665
v 0.096503 -0.000000 0.097932
v -0.084846 -0.045426 0.097932
v -0.088202 -0.047219 0.119665
v -0.092405 -0.038333 0.119665
v -0.088890 -0.036877 0.097932
v 0.096039 -0.009445 0.097932
v 0.099826 -0.009818 0.119665
v 0.098384 -0.019542 0.119665
v 0.094652 -0.018800 0.097932
v -0.092075 -0.027973 0.097932
v -0.095717 -0.029078 0.119665
v -0.098105 -0.019542 0.119665
v -0.094373 -0.018800 0.097932
v 0.092353 -0.027973 0.097932
v 0.095995 -0.029078 0.119665
v 0.092683 -0.038333 0.119665
v 0.089168 -0.036877 0.097932
v -0.095761 -0.009445 0.097932
v -0.099547 -0.009818 0.119665
v 0.085124 -0.045426 0.097932
v 0.088480 -0.047219 0.119665
v 0.000271 0.089878 0.138055
v 0.009857 0.089763 0.138058
v 0.000281 0.090611 0.158418
v 0.010091 0.090542 0.158398
v 0.019826 0.090059 0.158399
v 0.019373 0.089167 0.138084
v -0.085401 0.057118 0.139504
v -0.079058 0.064843 0.139351
v -0.087535 0.058502 0.159189
v -0.081072 0.066396 0.159236
v -0.073708 0.073107 0.159232
v -0.071851 0.071462 0.139134
v 0.039614 -0.095301 0.139603
v 0.030083 -0.098711 0.139603
v 0.040579 -0.097631 0.159110
v 0.030815 -0.101124 0.159110
v 0.020755 -0.103644 0.159110
v 0.020263 -0.101171 0.139603
v 0.028757 0.088021 0.138139
v 0.029430 0.089055 0.158437
v 0.038878 0.087481 0.158530
v 0.037975 0.086281 0.138234
v -0.063930 0.076743 0.138884
v -0.065576 0.078366 0.159128
v -0.056879 0.082326 0.158967
v -0.055476 0.080808 0.138642
v 0.010250 -0.102656 0.139603
v 0.010497 -0.105166 0.159110
v 0.000139 -0.105675 0.159110
v 0.000139 -0.103153 0.139603
v 0.046995 0.083891 0.138377
v 0.048146 0.085274 0.158692
v 0.057161 0.082261 0.158895
v 0.055754 0.080712 0.138577
v -0.046655 0.083864 0.138441
v -0.047814 0.085240 0.158802
v -0.038485 0.087330 0.158661
v -0.037565 0.086116 0.138289
v -0.009972 -0.102656 0.139603
v -0.010219 -0.105166 0.159110
v -0.020477 -0.103644 0.159110
v -0.019985 -0.101171 0.139603
v 0.064164 0.076577 0.138830
v 0.065820 0.078236 0.159096
v 0.073937 0.072965 0.159227
v 0.072069 0.071291 0.139096
v -0.028280 0.087748 0.138182
v -0.028966 0.088796 0.158559
v -0.019303 0.089771 0.158492
v -0.018849 0.088876 0.138112
v -0.029805 -0.098711 0.139603
v -0.030537 -0.101124 0.159110
v -0.040301 -0.097631 0.159110
v -0.039336 -0.095301 0.139603
v 0.079292 0.064730 0.139328
v 0.081314 0.066301 0.159239
v 0.087798 0.058467 0.159189
v 0.085661 0.057075 0.139493
v -0.009316 0.089579 0.138072
v -0.009536 0.090358 0.158448
v -0.048487 -0.090973 0.139603
v -0.049676 -0.093197 0.159110
v -0.058571 -0.087866 0.159110
v -0.057170 -0.085769 0.139603
v 0.091036 0.048578 0.139572
v 0.093277 0.049763 0.159145
v 0.097756 0.040431 0.159121
v 0.095421 0.039467 0.139596
v -0.065300 -0.079738 0.139603
v -0.066900 -0.081688 0.159110
v -0.074584 -0.074724 0.159110
v -0.072801 -0.072940 0.139603
v 0.098848 0.029943 0.139602
v 0.101262 0.030674 0.159111
v 0.103783 0.020616 0.159110
v 0.101310 0.020124 0.139603
v -0.079599 -0.065440 0.139603
v -0.081548 -0.067039 0.159110
v -0.087726 -0.058710 0.159110
v -0.085630 -0.057309 0.139603
v 0.102795 0.010111 0.139603
v 0.105305 0.010358 0.159110
v 0.105814 -0.000000 0.159110
v 0.103292 -0.000000 0.139603
v -0.090834 -0.048626 0.139603
v -0.093057 -0.049815 0.159110
v -0.097492 -0.040440 0.159110
v -0.095162 -0.039475 0.139603
v 0.102795 -0.010111 0.139603
v 0.105305 -0.010358 0.159110
v 0.103783 -0.020616 0.159110
v 0.101310 -0.020124 0.139603
v -0.098572 -0.029944 0.139603
v -0.100985 -0.030676 0.159110
v -0.103505 -0.020616 0.159110
v -0.101032 -0.020124 0.139603
v 0.098850 -0.029944 0.139603
v 0.101263 -0.030676 0.159110
v 0.097770 -0.040440 0.159110
v 0.095440 -0.039475 0.139603
v -0.102517 -0.010111 0.139603
v -0.105026 -0.010358 0.159110
v -0.105536 -0.000000 0.159110
v -0.103014 -0.000000 0.139603
v 0.091112 -0.048626 0.139603
v 0.093336 -0.049815 0.159110
v 0.088005 -0.058710 0.159110
v 0.085908 -0.057309 0.139603
v -0.102517 0.010111 0.139603
v -0.105026 0.010358 0.159110
v -0.103505 0.020616 0.159110
v -0.101032 0.020124 0.139603
v 0.079877 -0.065440 0.139603
v 0.081827 -0.067039 0.159110
v 0.074863 -0.074724 0.159110
v 0.073079 -0.072940 0.139603
v -0.098570 0.029943 0.139602
v -0.100983 0.030675 0.159111
v -0.097479 0.040432 0.159121
v -0.095144 0.039469 0.139597
v 0.065579 -0.079738 0.139603
v 0.067178 -0.081688 0.159110
v 0.058849 -0.087866 0.159110
v 0.057448 -0.085769 0.139603
v -0.090762 0.048587 0.139576
v -0.093002 0.049770 0.159147
v 0.048765 -0.090973 0.139603
v 0.049954 -0.093197 0.159110
v 0.058494 0.083873 0.179133
v 0.067402 0.079949 0.179458
v 0.059619 0.085268 0.199103
v 0.068747 0.081429 0.199516
v 0.077302 0.076172 0.199886
v 0.075744 0.074681 0.179735
v -0.039360 0.088608 0.178807
v -0.029629 0.089914 0.178704
v -0.040088 0.089716 0.198687
v -0.030178 0.090871 0.198567
v -0.020118 0.091545 0.198492
v -0.019750 0.090731 0.178638
v -0.020975 -0.106148 0.179968
v -0.031277 -0.103567 0.179968
v -0.021422 -0.108396 0.200395
v -0.031943 -0.105760 0.200395
v -0.042155 -0.102107 0.200395
v -0.041278 -0.099989 0.179968
v 0.083305 0.067906 0.179896
v 0.085052 0.069317 0.200142
v 0.091841 0.061152 0.200291
v 0.089936 0.059886 0.179964
v -0.009757 0.091191 0.178586
v -0.009938 0.091893 0.198430
v 0.000294 0.092049 0.198370
v 0.000288 0.091389 0.178539
v -0.050879 -0.095448 0.179968
v -0.051959 -0.097469 0.200395
v -0.061262 -0.091894 0.200395
v -0.059989 -0.089988 0.179968
v 0.095537 0.050969 0.179979
v 0.097563 0.052052 0.200362
v 0.102237 0.042287 0.200387
v 0.100117 0.041409 0.179973
v -0.068519 -0.083660 0.179968
v -0.069973 -0.085433 0.200395
v -0.078010 -0.078149 0.200395
v -0.076389 -0.076528 0.179968
v 0.103704 0.031415 0.179969
v 0.105898 0.032081 0.200394
v 0.108535 0.021561 0.200395
v 0.106287 0.021114 0.179968
v -0.083521 -0.068658 0.179968
v -0.085293 -0.070113 0.200395
v -0.091755 -0.061401 0.200395
v -0.089848 -0.060128 0.179968
v 0.107845 0.010608 0.179968
v 0.110126 0.010833 0.200395
v 0.110659 -0.000000 0.200395
v 0.108366 -0.000000 0.179968
v -0.095308 -0.051018 0.179968
v -0.097330 -0.052098 0.200395
v -0.101968 -0.042294 0.200395
v -0.099850 -0.041417 0.179968
v 0.107845 -0.010608 0.179968
v 0.110126 -0.010833 0.200395
v 0.108535 -0.021561 0.200395
v 0.106287 -0.021114 0.179968
v -0.103427 -0.031417 0.179968
v -0.105621 -0.032082 0.200395
v -0.108257 -0.021561 0.200395
v -0.106008 -0.021114 0.179968
v 0.103706 -0.031417 0.179968
v 0.105899 -0.032082 0.200395
v 0.102246 -0.042294 0.200395
v 0.100128 -0.041417 0.179968
v -0.107566 -0.010608 0.179968
v -0.109848 -0.010833 0.200395
v -0.110380 -0.000000 0.200395
v -0.108088 -0.000000 0.179968
v 0.095587 -0.051018 0.179968
v 0.097608 -0.052098 0.200395
v 0.092033 -0.061401 0.200395
v 0.090127 -0.060128 0.179968
v -0.107566 0.010608 0.179968
v -0.109848 0.010833 0.200395
v -0.108257 0.021561 0.200395
v -0.106008 0.021114 0.179968
v 0.083799 -0.068658 0.179968
v 0.085571 -0.070113 0.200395
v 0.078288 -0.078149 0.200395
v 0.076667 -0.076528 0.179968
v -0.103426 0.031416 0.179969
v -0.105620 0.032081 0.200394
v -0.101959 0.042288 0.200387
v -0.099839 0.041410 0.179973
v 0.068797 -0.083661 0.179968
v 0.070252 -0.085433 0.200395
v 0.061540 -0.091894 0.200395
v 0.060267 -0.089988 0.179968
v -0.095261 0.050973 0.179980
v -0.097287 0.052055 0.200363
v -0.091569 0.061167 0.200289
v -0.089667 0.059908 0.179960
v 0.051157 -0.095448 0.179968
v 0.052237 -0.097469 0.200395
v 0.042433 -0.102107 0.200395
v 0.041556 -0.099989 0.179968
v 0.010315 0.091369 0.178494
v 0.010504 0.092083 0.198312
v 0.020626 0.091832 0.198284
v 0.020260 0.091004 0.178474
v -0.083048 0.067963 0.179882
v -0.084787 0.069354 0.200131
v -0.077036 0.076213 0.199874
v -0.075492 0.074758 0.179721
v 0.031556 -0.103567 0.179968
v 0.032221 -0.105760 0.200395
v 0.021700 -0.108396 0.200395
v 0.021253 -0.106148 0.179968
v 0.030069 0.090146 0.178506
v 0.030609 0.091108 0.198322
v 0.040451 0.089848 0.198463
v 0.039731 0.088741 0.178621
v -0.067132 0.079999 0.179469
v -0.068462 0.081437 0.199527
v -0.059311 0.085231 0.199169
v -0.058196 0.083870 0.179196
v 0.010747 -0.107706 0.179968
v 0.010972 -0.109987 0.200395
v 0.000139 -0.110520 0.200395
v 0.000139 -0.108227 0.179968
v 0.049232 0.086720 0.178838
v 0.050147 0.087980 0.198735
v -0.048904 0.086662 0.178970
v -0.049819 0.087908 0.198885
v -0.010469 -0.107706 0.179968
v -0.010694 -0.109987 0.200395
v 0.103753 0.042916 0.218963
v 0.107465 0.032557 0.218992
v 0.104632 0.043281 0.239295
v 0.108375 0.032833 0.239470
v 0.111073 0.022066 0.239495
v 0.110141 0.021881 0.218996
v -0.079168 -0.079307 0.218996
v -0.086559 -0.071151 0.218996
v -0.079840 -0.079979 0.239495
v -0.087294 -0.071754 0.239495
v -0.093906 -0.062839 0.239495
v -0.093116 -0.062311 0.218996
v 0.111755 0.010993 0.218996
v 0.112701 0.011086 0.239495
v 0.113246 -0.000000 0.239495
v 0.112296 -0.000000 0.218996
v -0.098774 -0.052870 0.218996
v -0.099612 -0.053318 0.239495
v -0.104358 -0.043284 0.239495
v -0.103480 -0.042921 0.218996
v 0.111755 -0.010993 0.218996
v 0.112701 -0.011087 0.239495
v 0.111073 -0.022066 0.239495
v 0.110141 -0.021881 0.218996
v -0.107188 -0.032557 0.218996
v -0.108097 -0.032833 0.239495
v -0.110795 -0.022066 0.239495
v -0.109863 -0.021881 0.218996
v 0.107466 -0.032557 0.218996
v 0.108376 -0.032833 0.239495
v 0.104637 -0.043284 0.239495
v 0.103758 -0.042921 0.218996
v -0.111477 -0.010993 0.218996
v -0.112423 -0.011087 0.239495
v -0.112968 -0.000000 0.239495
v -0.112018 -0.000000 0.218996
v 0.099052 -0.052870 0.218996
v 0.099890 -0.053318 0.239495
v 0.094184 -0.062839 0.239495
v 0.093394 -0.062311 0.218996
v -0.111477 0.010993 0.218996
v -0.112423 0.011086 0.239495
v -0.110795 0.022066 0.239495
v -0.109863 0.021881 0.218996
v 0.086837 -0.071151 0.218996
v 0.087572 -0.071754 0.239495
v 0.080118 -0.079979 0.239495
v 0.079446 -0.079307 0.218996
v -0.107187 0.032557 0.218992
v -0.108097 0.032833 0.239470
v -0.104354 0.043281 0.239297
v -0.103475 0.042917 0.218963
v 0.071290 -0.086698 0.218996
v 0.071893 -0.087433 0.239495
v 0.062978 -0.094045 0.239495
v 0.062450 -0.093255 0.218996
v -0.098738 0.052831 0.218906
v -0.099578 0.053277 0.238907
v -0.093712 0.062571 0.238560
v -0.092932 0.062067 0.218897
v 0.053009 -0.098913 0.218996
v 0.053457 -0.099751 0.239495
v 0.043423 -0.104498 0.239495
v 0.043060 -0.103619 0.218996
v 0.000302 0.092451 0.217875
v 0.010634 0.092538 0.217825
v 0.000309 0.092590 0.237036
v 0.010695 0.092714 0.237013
v 0.021003 0.092614 0.237038
v 0.020880 0.092382 0.217810
v -0.086031 0.070340 0.218989
v -0.086722 0.070860 0.238494
v -0.078728 0.077754 0.238538
v -0.078137 0.077240 0.219053
v 0.032696 -0.107327 0.218996
v 0.032972 -0.108237 0.239495
v 0.022205 -0.110934 0.239495
v 0.022020 -0.110002 0.218996
v 0.030986 0.091761 0.217865
v 0.031175 0.092052 0.237144
v 0.041208 0.090935 0.237365
v 0.040954 0.090598 0.218026
v -0.069409 0.082457 0.218958
v -0.069906 0.082959 0.238470
v -0.060507 0.086660 0.238261
v -0.060100 0.086193 0.218747
v 0.011132 -0.111616 0.218996
v 0.011226 -0.112562 0.239495
v 0.000139 -0.113107 0.239495
v 0.000139 -0.112157 0.218996
v 0.050781 0.088814 0.218307
v 0.051097 0.089172 0.237705
v 0.060778 0.086541 0.238060
v 0.060394 0.086170 0.218632
v -0.050452 0.088762 0.218498
v -0.050766 0.089158 0.237946
v -0.040799 0.090744 0.237616
v -0.040573 0.090436 0.218273
v -0.010854 -0.111616 0.218996
v -0.010947 -0.112562 0.239495
v -0.021927 -0.110934 0.239495
v -0.021742 -0.110002 0.218996
v 0.069675 0.082384 0.218905
v 0.070139 0.082779 0.238318
v 0.078950 0.077584 0.238437
v 0.078387 0.077151 0.219037
v -0.030528 0.091463 0.218114
v -0.030679 0.091690 0.237358
v -0.020434 0.092198 0.237185
v -0.020345 0.092030 0.218009
v -0.032418 -0.107327 0.218996
v -0.032694 -0.108237 0.239495
v -0.043145 -0.104498 0.239495
v -0.042781 -0.103619 0.218996
v 0.086287 0.070278 0.218986
v 0.086961 0.070754 0.238439
v 0.093975 0.062534 0.238539
v 0.093202 0.062045 0.218894
v -0.010047 0.092309 0.217934
v -0.010088 0.092445 0.237087
v -0.052731 -0.098913 0.218996
v -0.053179 -0.099751 0.239495
v -0.062700 -0.094045 0.239495
v -0.062172 -0.093255 0.218996
v 0.099014 0.052827 0.218904
v 0.099853 0.053272 0.238902
v -0.071012 -0.086698 0.218996
v -0.071615 -0.087433 0.239495
v 0.111367 -0.022125 0.264752
v 0.108662 -0.032920 0.264752
v 0.110964 -0.022045 0.289060
v 0.108270 -0.032801 0.289060
v 0.104534 -0.043242 0.289060
v 0.104914 -0.043399 0.264752
v -0.111089 -0.022125 0.264752
v -0.112721 -0.011116 0.264752
v -0.110686 -0.022045 0.289060
v -0.112313 -0.011076 0.289060
v -0.112857 -0.000000 0.289060
v -0.113268 -0.000000 0.264752
v 0.100155 -0.053460 0.264752
v 0.099793 -0.053266 0.289060
v 0.094092 -0.062778 0.289060
v 0.094434 -0.063006 0.264752
v -0.112721 0.011116 0.264752
v -0.112313 0.011075 0.289060
v -0.110686 0.022044 0.289060
v -0.111089 0.022124 0.264752
v 0.087804 -0.071945 0.264752
v 0.087486 -0.071684 0.289060
v 0.080040 -0.079901 0.289060
v 0.080330 -0.080191 0.264752
v -0.108383 0.032919 0.264682
v -0.107990 0.032800 0.288962
v -0.104243 0.043232 0.288275
v -0.104627 0.043393 0.264189
v 0.072083 -0.087665 0.264752
v 0.071823 -0.087347 0.289060
v 0.062917 -0.093953 0.289060
v 0.063145 -0.094295 0.264752
v -0.099828 0.053405 0.263020
v -0.099448 0.053197 0.286616
v -0.093527 0.062400 0.284414
v -0.093917 0.062682 0.261595
v 0.053599 -0.100016 0.264752
v 0.053405 -0.099654 0.289060
v 0.043381 -0.104395 0.289060
v 0.043538 -0.104775 0.264752
v 0.000311 0.092494 0.255833
v 0.010688 0.092622 0.255844
v 0.000309 0.092189 0.274209
v 0.010616 0.092290 0.274241
v 0.020853 0.092153 0.274359
v 0.020992 0.092528 0.255930
v -0.086855 0.070908 0.260392
v -0.086437 0.070519 0.282222
v -0.078353 0.077244 0.280266
v -0.078790 0.077732 0.259440
v 0.033059 -0.108523 0.264752
v 0.032940 -0.108131 0.289060
v 0.022184 -0.110825 0.289060
v 0.022264 -0.111228 0.264752
v 0.031164 0.091973 0.256131
v 0.030962 0.091553 0.274627
v 0.040932 0.090383 0.275117
v 0.041196 0.090851 0.256488
v -0.069927 0.082904 0.258659
v -0.069505 0.082367 0.278651
v -0.060125 0.086059 0.277325
v -0.060507 0.086594 0.257966
v 0.011255 -0.112861 0.264752
v 0.011215 -0.112452 0.289060
v 0.000139 -0.112997 0.289060
v 0.000139 -0.113407 0.264752
v 0.051082 0.089064 0.257019
v 0.050754 0.088543 0.275883
v 0.060377 0.085851 0.276914
v 0.060763 0.086411 0.257661
v -0.050750 0.089084 0.257305
v -0.050422 0.088584 0.276219
v -0.040503 0.090216 0.275349
v -0.040771 0.090660 0.256725
v -0.010977 -0.112861 0.264752
v -0.010936 -0.112452 0.289060
v -0.021905 -0.110825 0.289060
v -0.021986 -0.111228 0.264752
v 0.070139 0.082655 0.258358
v 0.069706 0.082089 0.278206
v 0.078544 0.076992 0.279868
v 0.078992 0.077507 0.259185
v -0.030645 0.091598 0.256289
v -0.030440 0.091209 0.274738
v -0.020264 0.091758 0.274376
v -0.020403 0.092100 0.256009
v -0.032781 -0.108523 0.264752
v -0.032662 -0.108131 0.289060
v -0.043103 -0.104395 0.289060
v -0.043260 -0.104775 0.264752
v 0.087081 0.070770 0.260234
v 0.086655 0.070362 0.281970
v 0.093782 0.062343 0.284317
v 0.094176 0.062633 0.261535
v -0.010070 0.092347 0.255874
v -0.010001 0.092036 0.274230
v -0.053320 -0.100016 0.264752
v -0.053127 -0.099654 0.289060
v -0.062638 -0.093953 0.289060
v -0.062866 -0.094295 0.264752
v 0.100103 0.053397 0.263006
v 0.099721 0.053186 0.286594
v 0.104520 0.043231 0.288271
v 0.104905 0.043392 0.264186
v -0.071805 -0.087665 0.264752
v -0.071545 -0.087347 0.289060
v -0.079761 -0.079901 0.289060
v -0.080052 -0.080191 0.264752
v 0.108661 0.032919 0.264681
v 0.108268 0.032800 0.288961
v 0.110964 0.022044 0.289060
v 0.111367 0.022124 0.264752
v -0.087525 -0.071945 0.264752
v -0.087208 -0.071684 0.289060
v -0.093814 -0.062778 0.289060
v -0.094155 -0.063006 0.264752
v 0.113000 0.011116 0.264752
v 0.112591 0.011075 0.289060
v 0.113136 -0.000000 0.289060
v 0.113546 -0.000000 0.264752
v -0.099877 -0.053460 0.264752
v -0.099515 -0.053266 0.289060
v -0.104256 -0.043242 0.289060
v -0.104635 -0.043399 0.264752
v 0.113000 -0.011116 0.264752
v 0.112591 -0.011076 0.289060
v -0.108384 -0.032920 0.264752
v -0.107991 -0.032801 0.289060
v 0.079190 -0.079051 0.306554
v 0.071061 -0.086418 0.306554
v 0.077730 -0.077591 0.319305
v 0.069751 -0.084822 0.319305
v 0.061102 -0.091237 0.319305
v 0.062249 -0.092954 0.306554
v -0.103130 0.042771 0.305987
v -0.098379 0.052624 0.304769
v -0.101224 0.041981 0.319104
v -0.096562 0.051655 0.318650
v -0.090801 0.060592 0.317894
v -0.092505 0.061715 0.303044
v 0.052839 -0.098594 0.306554
v 0.051865 -0.096773 0.319305
v 0.042131 -0.101377 0.319305
v 0.042921 -0.103285 0.306554
v 0.000304 0.091688 0.292026
v 0.010486 0.091739 0.292047
v 0.000294 0.090959 0.308850
v 0.010299 0.090944 0.308833
v 0.020230 0.090614 0.308833
v 0.020598 0.091517 0.292127
v -0.085466 0.069723 0.301122
v -0.083898 0.068483 0.316836
v -0.076029 0.075048 0.315473
v -0.077443 0.076359 0.299166
v 0.032591 -0.106981 0.306554
v 0.031992 -0.105005 0.319305
v 0.021546 -0.107622 0.319305
v 0.021949 -0.109647 0.306554
v 0.030583 0.090829 0.292369
v 0.030035 0.089819 0.308990
v 0.039708 0.088474 0.309467
v 0.040432 0.089578 0.292899
v -0.068675 0.081435 0.297298
v -0.067423 0.080106 0.313852
v -0.058316 0.083845 0.312209
v -0.059395 0.085131 0.295619
v 0.011097 -0.111256 0.306554
v 0.010894 -0.109201 0.319305
v 0.000139 -0.109730 0.319305
v 0.000139 -0.111795 0.306554
v 0.050138 0.087670 0.293821
v 0.049241 0.086491 0.310392
v 0.058582 0.083696 0.311733
v 0.059648 0.084932 0.295129
v -0.049807 0.087718 0.294217
v -0.048917 0.086533 0.310797
v -0.039316 0.088391 0.309741
v -0.040013 0.089445 0.293155
v -0.010819 -0.111256 0.306554
v -0.010616 -0.109201 0.319305
v -0.021268 -0.107622 0.319305
v -0.021671 -0.109647 0.306554
v 0.068876 0.081160 0.296782
v 0.067641 0.079888 0.313380
v 0.076227 0.074826 0.315088
v 0.077629 0.076099 0.298721
v -0.030075 0.090541 0.292467
v -0.029564 0.089618 0.309106
v -0.019691 0.090370 0.308829
v -0.020023 0.091182 0.292111
v -0.032313 -0.106981 0.306554
v -0.031714 -0.105005 0.319305
v -0.041853 -0.101377 0.319305
v -0.042643 -0.103285 0.306554
v 0.085680 0.069558 0.300848
v 0.084119 0.068337 0.316606
v 0.091056 0.060537 0.317812
v 0.092758 0.061655 0.302942
v -0.009882 0.091523 0.292011
v -0.009722 0.090783 0.308802
v -0.052560 -0.098594 0.306554
v -0.051587 -0.096773 0.319305
v -0.060824 -0.091237 0.319305
v -0.061971 -0.092954 0.306554
v 0.098652 0.052612 0.304748
v 0.096835 0.051645 0.318635
v 0.101501 0.041980 0.319101
v 0.103407 0.042769 0.305984
v -0.070783 -0.086418 0.306554
v -0.069473 -0.084822 0.319305
v -0.077452 -0.077591 0.319305
v -0.078912 -0.079051 0.306554
v 0.107118 0.032450 0.306483
v 0.105142 0.031851 0.319280
v 0.107761 0.021407 0.319305
v 0.109786 0.021810 0.306554
v -0.086279 -0.070922 0.306554
v -0.084683 -0.069612 0.319305
v -0.091098 -0.060963 0.319305
v -0.092815 -0.062110 0.306554
v 0.111395 0.010958 0.306554
v 0.109340 0.010755 0.319305
v 0.109869 -0.000000 0.319305
v 0.111934 -0.000000 0.306554
v -0.098455 -0.052700 0.306554
v -0.096634 -0.051726 0.319305
v -0.101238 -0.041992 0.319305
v -0.103146 -0.042782 0.306554
v 0.111395 -0.010958 0.306554
v 0.109340 -0.010756 0.319305
v 0.107761 -0.021407 0.319305
v 0.109786 -0.021810 0.306554
v -0.106841 -0.032452 0.306554
v -0.104866 -0.031853 0.319305
v -0.107483 -0.021407 0.319305
v -0.109508 -0.021810 0.306554
v 0.107120 -0.032452 0.306554
v 0.105144 -0.031853 0.319305
v 0.101516 -0.041992 0.319305
v 0.103424 -0.042782 0.306554
v -0.111117 -0.010958 0.306554
v -0.109062 -0.010756 0.319305
v -0.109591 -0.000000 0.319305
v -0.111656 -0.000000 0.306554
v 0.098733 -0.052700 0.306554
v 0.096912 -0.051726 0.319305
v 0.091376 -0.060963 0.319305
v 0.093093 -0.062110 0.306554
v -0.111117 0.010958 0.306554
v -0.109062 0.010755 0.319305
v -0.107483 0.021407 0.319305
v -0.109508 0.021810 0.306554
v 0.086557 -0.070922 0.306554
v 0.084961 -0.069612 0.319305
v -0.106839 0.032451 0.306484
v -0.104864 0.031851 0.319280
v 0.020949 -0.104617 0.330704
v 0.010594 -0.106153 0.330704
v 0.020079 -0.100242 0.341500
v 0.010157 -0.101714 0.341500
v 0.000139 -0.102206 0.341500
v 0.000139 -0.106667 0.330704
v 0.038748 0.087054 0.324513
v 0.048044 0.084984 0.325261
v 0.037466 0.085075 0.337981
v 0.046415 0.082855 0.338474
v 0.055136 0.079810 0.339167
v 0.057139 0.082102 0.326336
v -0.056852 0.082158 0.326665
v -0.047733 0.085009 0.325573
v -0.054834 0.079791 0.339321
v -0.046119 0.082867 0.338656
v -0.037166 0.085113 0.338168
v -0.038404 0.087039 0.324762
v -0.010316 -0.106153 0.330704
v -0.009879 -0.101714 0.341500
v -0.019800 -0.100242 0.341500
v -0.020671 -0.104617 0.330704
v 0.065938 0.078205 0.327603
v 0.063528 0.075750 0.339937
v 0.071417 0.070530 0.340628
v 0.074253 0.073086 0.328811
v -0.028905 0.088410 0.324303
v -0.028013 0.086660 0.337916
v -0.018695 0.087646 0.337865
v -0.019266 0.089269 0.324143
v -0.030824 -0.102073 0.330704
v -0.029530 -0.097805 0.341500
v -0.038973 -0.094426 0.341500
v -0.040680 -0.098547 0.330704
v 0.081871 0.066611 0.329726
v 0.078612 0.064076 0.341105
v 0.084933 0.056542 0.341373
v 0.088563 0.058915 0.330307
v -0.009520 0.089748 0.324179
v -0.009253 0.088199 0.337940
v 0.000242 0.088384 0.337989
v 0.000274 0.089926 0.324234
v -0.050143 -0.094071 0.330704
v -0.048040 -0.090137 0.341500
v -0.056644 -0.084981 0.341500
v -0.059122 -0.088690 0.330704
v 0.094151 0.050219 0.330584
v 0.090240 0.048139 0.341479
v 0.094560 0.039108 0.341498
v 0.098675 0.040811 0.330675
v -0.067529 -0.082454 0.330704
v -0.064700 -0.079006 0.341500
v -0.072132 -0.072271 0.341500
v -0.075286 -0.075425 0.330704
v 0.102211 0.030962 0.330701
v 0.097943 0.029668 0.341500
v 0.100381 0.019939 0.341500
v 0.104756 0.020810 0.330704
v -0.082315 -0.067668 0.330704
v -0.078867 -0.064839 0.341500
v -0.084842 -0.056783 0.341500
v -0.088551 -0.059261 0.330704
v 0.106292 0.010455 0.330704
v 0.101853 0.010018 0.341500
v 0.102345 -0.000000 0.341500
v 0.106806 -0.000000 0.330704
v -0.093932 -0.050282 0.330704
v -0.089998 -0.048180 0.341500
v -0.094287 -0.039113 0.341500
v -0.098408 -0.040820 0.330704
v 0.106292 -0.010455 0.330704
v 0.101853 -0.010018 0.341500
v 0.100381 -0.019940 0.341500
v 0.104756 -0.020810 0.330704
v -0.101934 -0.030964 0.330704
v -0.097666 -0.029669 0.341500
v -0.100103 -0.019940 0.341500
v -0.104478 -0.020810 0.330704
v 0.102212 -0.030964 0.330704
v 0.097944 -0.029669 0.341500
v 0.094565 -0.039113 0.341500
v 0.098686 -0.040820 0.330704
v -0.106014 -0.010455 0.330704
v -0.101574 -0.010018 0.341500
v -0.102067 -0.000000 0.341500
v -0.106528 -0.000000 0.330704
v 0.094210 -0.050282 0.330704
v 0.090276 -0.048180 0.341500
v 0.085120 -0.056783 0.341500
v 0.088829 -0.059261 0.330704
v -0.106014 0.010455 0.330704
v -0.101574 0.010018 0.341500
v -0.100103 0.019939 0.341500
v -0.104478 0.020810 0.330704
v 0.082593 -0.067668 0.330704
v 0.079145 -0.064839 0.341500
v 0.072410 -0.072271 0.341500
v 0.075564 -0.075425 0.330704
v -0.101933 0.030963 0.330701
v -0.097665 0.029668 0.341500
v -0.094282 0.039109 0.341498
v -0.098398 0.040812 0.330676
v 0.067807 -0.082454 0.330704
v 0.064978 -0.079006 0.341500
v 0.056922 -0.084981 0.341500
v 0.059400 -0.088690 0.330704
v -0.093876 0.050226 0.330593
v -0.089963 0.048142 0.341482
v -0.084660 0.056554 0.341393
v -0.088299 0.058949 0.330357
v 0.050421 -0.094071 0.330704
v 0.048319 -0.090137 0.341500
v 0.039252 -0.094426 0.341500
v 0.040959 -0.098547 0.330704
v 0.010048 0.089838 0.324170
v 0.009715 0.088230 0.337896
v 0.019102 0.087679 0.337771
v 0.019744 0.089397 0.324091
v -0.081628 0.066701 0.329866
v -0.078346 0.064107 0.341161
v -0.071148 0.070561 0.340725
v -0.074019 0.073212 0.329052
v 0.031103 -0.102073 0.330704
v 0.029808 -0.097805 0.341500
v 0.029312 0.088495 0.324157
v 0.028357 0.086652 0.337765
v -0.065683 0.078307 0.327910
v -0.063241 0.075750 0.340065
v -0.036630 -0.088769 0.351706
v -0.045154 -0.084737 0.351706
v -0.033854 -0.082066 0.361050
v -0.041734 -0.078339 0.361050
v -0.049211 -0.073858 0.361050
v -0.053242 -0.079890 0.351706
v 0.079925 0.053239 0.351655
v 0.084859 0.045270 0.351698
v 0.073958 0.049278 0.361029
v 0.078472 0.041860 0.361047
v 0.082205 0.033991 0.361050
v 0.088906 0.036767 0.351706
v -0.060815 -0.074273 0.351706
v -0.056212 -0.068665 0.361050
v -0.062672 -0.062811 0.361050
v -0.067802 -0.067941 0.351706
v 0.092084 0.027891 0.351706
v 0.085141 0.025785 0.361050
v 0.087260 0.017329 0.361050
v 0.094376 0.018745 0.351706
v -0.074134 -0.060954 0.351706
v -0.068525 -0.056352 0.361050
v -0.073718 -0.049350 0.361050
v -0.079751 -0.053381 0.351706
v 0.095759 0.009418 0.351706
v 0.088539 0.008706 0.361050
v 0.088967 -0.000000 0.361050
v 0.096222 -0.000000 0.351706
v -0.084598 -0.045293 0.351706
v -0.078200 -0.041873 0.361050
v -0.081927 -0.033993 0.361050
v -0.088630 -0.036769 0.351706
v 0.095759 -0.009418 0.351706
v 0.088539 -0.008707 0.361050
v 0.087260 -0.017330 0.361050
v 0.094376 -0.018745 0.351706
v -0.091806 -0.027891 0.351706
v -0.084863 -0.025785 0.361050
v -0.086982 -0.017330 0.361050
v -0.094098 -0.018745 0.351706
v 0.092084 -0.027891 0.351706
v 0.085142 -0.025785 0.361050
v 0.082205 -0.033993 0.361050
v 0.088908 -0.036769 0.351706
v -0.095481 -0.009418 0.351706
v -0.088260 -0.008707 0.361050
v -0.088689 -0.000000 0.361050
v -0.095944 -0.000000 0.351706
v 0.084876 -0.045293 0.351706
v 0.078478 -0.041873 0.361050
v 0.073997 -0.049350 0.361050
v 0.080029 -0.053381 0.351706
v -0.095481 0.009418 0.351706
v -0.088260 0.008706 0.361050
v -0.086982 0.017329 0.361050
v -0.094098 0.018745 0.351706
v 0.074412 -0.060954 0.351706
v 0.068803 -0.056352 0.361050
v 0.062950 -0.062811 0.361050
v 0.068080 -0.067941 0.351706
v -0.091806 0.027891 0.351706
v -0.084863 0.025785 0.361050
v -0.081926 0.033991 0.361050
v -0.088628 0.036767 0.351706
v 0.061093 -0.074273 0.351706
v 0.056491 -0.068665 0.361050
v 0.049489 -0.073858 0.361050
v 0.053520 -0.079890 0.351706
v -0.084581 0.045271 0.351699
v -0.078193 0.041860 0.361047
v -0.073680 0.049278 0.361030
v -0.079648 0.053241 0.351660
v 0.045432 -0.084737 0.351706
v 0.042012 -0.078339 0.361050
v 0.034132 -0.082066 0.361050
v 0.036908 -0.088769 0.351706
v 0.000200 0.086056 0.350014
v 0.009275 0.085855 0.349934
v 0.000163 0.082517 0.360325
v 0.008718 0.082282 0.360277
v 0.017186 0.081530 0.360195
v 0.018263 0.085197 0.349815
v -0.073829 0.060501 0.351553
v -0.068409 0.056124 0.360984
v -0.062435 0.062261 0.360884
v -0.067212 0.066858 0.351339
v 0.028030 -0.091945 0.351706
v 0.025924 -0.085003 0.361050
v 0.017469 -0.087121 0.361050
v 0.018884 -0.094237 0.351706
v 0.027101 0.084016 0.349771
v 0.025495 0.080198 0.360145
v 0.033601 0.078221 0.360172
v 0.035765 0.082238 0.349871
v -0.059918 0.072163 0.350997
v -0.055832 0.067570 0.360718
v -0.048710 0.072000 0.360522
v -0.052110 0.076446 0.350600
v 0.009557 -0.095620 0.351706
v 0.008846 -0.088400 0.361050
v 0.000139 -0.088828 0.361050
v 0.000139 -0.096083 0.351706
v 0.044225 0.079774 0.350150
v 0.041459 0.075523 0.360302
v 0.048993 0.072003 0.360497
v 0.052406 0.076472 0.350541
v -0.043940 0.079786 0.350240
v -0.041181 0.075538 0.360341
v -0.033324 0.078248 0.360219
v -0.035485 0.082283 0.349983
v -0.009279 -0.095620 0.351706
v -0.008568 -0.088400 0.361050
v -0.017190 -0.087121 0.361050
v -0.018606 -0.094237 0.351706
v 0.060210 0.072187 0.350958
v 0.056114 0.067575 0.360703
v 0.062714 0.062261 0.360875
v 0.067493 0.066861 0.351312
v -0.026796 0.084047 0.349874
v -0.025206 0.080215 0.360187
v -0.016880 0.081529 0.360223
v -0.017915 0.085198 0.349888
v -0.027752 -0.091945 0.351706
v -0.025646 -0.085003 0.361050
v 0.074106 0.060496 0.351538
v 0.068686 0.056122 0.360980
v -0.008891 0.085847 0.349971
v -0.008397 0.082277 0.360291
v -0.067093 -0.044923 0.369272
v -0.071172 -0.038117 0.369272
v -0.059194 -0.039645 0.376460
v -0.062794 -0.033639 0.376460
v -0.065788 -0.027308 0.376460
v -0.074566 -0.030944 0.369272
v 0.080999 -0.000000 0.369272
v 0.080609 -0.007926 0.369272
v 0.071498 -0.000000 0.376460
v 0.071155 -0.006995 0.376460
v 0.070127 -0.013922 0.376460
v 0.079445 -0.015775 0.369272
v -0.077239 -0.023472 0.369272
v -0.068147 -0.020715 0.376460
v -0.069849 -0.013922 0.376460
v -0.079167 -0.015775 0.369272
v 0.077517 -0.023472 0.369272
v 0.068425 -0.020715 0.376460
v 0.066066 -0.027308 0.376460
v 0.074844 -0.030944 0.369272
v -0.080331 -0.007926 0.369272
v -0.070876 -0.006995 0.376460
v -0.071220 -0.000000 0.376460
v -0.080721 -0.000000 0.369272
v 0.071451 -0.038117 0.369272
v 0.063072 -0.033639 0.376460
v 0.059472 -0.039645 0.376460
v 0.067371 -0.044923 0.369272
v -0.080331 0.007925 0.369272
v -0.070876 0.006994 0.376460
v -0.069849 0.013921 0.376460
v -0.079167 0.015775 0.369272
v 0.062644 -0.051297 0.369272
v 0.055300 -0.045270 0.376460
v 0.050598 -0.050459 0.376460
v 0.057316 -0.057177 0.369272
v -0.077239 0.023472 0.369272
v -0.068147 0.020714 0.376460
v -0.065788 0.027306 0.376460
v -0.074565 0.030942 0.369272
v 0.051436 -0.062505 0.369272
v 0.045409 -0.055161 0.376460
v 0.039784 -0.059333 0.376460
v 0.045062 -0.067233 0.369272
v -0.071171 0.038107 0.369272
v -0.062794 0.033630 0.376460
v -0.059192 0.039607 0.376458
v -0.067085 0.044879 0.369265
v 0.038256 -0.071312 0.369272
v 0.033778 -0.062933 0.376460
v 0.027447 -0.065928 0.376460
v 0.031083 -0.074705 0.369272
v 0.000145 0.077239 0.369017
v 0.008021 0.076976 0.368995
v 0.000140 0.069417 0.376390
v 0.007122 0.069145 0.376384
v 0.014035 0.068309 0.376370
v 0.015818 0.076153 0.368952
v -0.062338 0.051164 0.369248
v -0.055017 0.045164 0.376453
v -0.050305 0.050249 0.376441
v -0.056974 0.056881 0.369208
v 0.023611 -0.077378 0.369272
v 0.020854 -0.068286 0.376460
v 0.014061 -0.069988 0.376460
v 0.015914 -0.079306 0.369272
v 0.023461 0.074723 0.368919
v 0.020812 0.066880 0.376358
v 0.027395 0.064831 0.376356
v 0.030895 0.072634 0.368919
v -0.051043 0.061948 0.369140
v -0.045103 0.054816 0.376422
v -0.039464 0.058799 0.376397
v -0.044622 0.066288 0.369058
v 0.008065 -0.080470 0.369272
v 0.007134 -0.071016 0.376460
v 0.000139 -0.071359 0.376460
v 0.000139 -0.080860 0.369272
v 0.038065 0.069836 0.368968
v 0.033725 0.062139 0.376370
v 0.039741 0.058797 0.376394
v 0.044899 0.066282 0.369048
v -0.037788 0.069847 0.368982
v -0.033448 0.062143 0.376374
v -0.027117 0.064835 0.376360
v -0.030618 0.072646 0.368934
v -0.007787 -0.080470 0.369272
v -0.006855 -0.071016 0.376460
v -0.013782 -0.069988 0.376460
v -0.015636 -0.079306 0.369272
v 0.051321 0.061945 0.369134
v 0.045380 0.054814 0.376420
v 0.050583 0.050248 0.376441
v 0.057252 0.056879 0.369205
v -0.023180 0.074728 0.368930
v -0.020533 0.066881 0.376360
v -0.013754 0.068308 0.376371
v -0.015531 0.076151 0.368958
v -0.023333 -0.077378 0.369272
v -0.020575 -0.068286 0.376460
v -0.027169 -0.065928 0.376460
v -0.030805 -0.074705 0.369272
v 0.062616 0.051163 0.369247
v 0.055295 0.045163 0.376453
v 0.059471 0.039607 0.376458
v 0.067363 0.044878 0.369265
v -0.007732 0.076973 0.368997
v -0.006841 0.069144 0.376384
v -0.037978 -0.071312 0.369272
v -0.033499 -0.062933 0.376460
v -0.039506 -0.059333 0.376460
v -0.044784 -0.067233 0.369272
v 0.071449 0.038107 0.369272
v 0.063072 0.033630 0.376460
v 0.066067 0.027306 0.376460
v 0.074844 0.030942 0.369272
v -0.051158 -0.062505 0.369272
v -0.045131 -0.055161 0.376460
v -0.050320 -0.050459 0.376460
v -0.057037 -0.057177 0.369272
v 0.077517 0.023472 0.369272
v 0.068425 0.020714 0.376460
v 0.070127 0.013921 0.376460
v 0.079445 0.015775 0.369272
v -0.062366 -0.051297 0.369272
v -0.055022 -0.045270 0.376460
v 0.080609 0.007925 0.369272
v 0.071155 0.006994 0.376460
v -0.059538 -0.000000 0.382584
v -0.059250 0.005849 0.382584
v -0.046942 -0.000000 0.386810
v -0.046715 0.004615 0.386810
v -0.046038 0.009185 0.386810
v -0.058391 0.011642 0.382584
v 0.049758 -0.033155 0.382584
v 0.046270 -0.037858 0.382584
v 0.039286 -0.026157 0.386810
v 0.036533 -0.029868 0.386810
v 0.033431 -0.033292 0.386810
v 0.042337 -0.042198 0.382584
v -0.056968 0.017323 0.382584
v -0.044915 0.013667 0.386810
v -0.043359 0.018017 0.386810
v -0.054995 0.022836 0.382584
v 0.037997 -0.046131 0.382584
v 0.030007 -0.036394 0.386810
v 0.026296 -0.039147 0.386810
v 0.033294 -0.049619 0.382584
v -0.052491 0.028125 0.382584
v -0.041383 0.022191 0.386810
v -0.039008 0.026144 0.386810
v -0.049480 0.033128 0.382583
v 0.028270 -0.052630 0.382584
v 0.022333 -0.041522 0.386810
v 0.018156 -0.043498 0.386810
v 0.022976 -0.055134 0.382584
v 0.000139 0.058667 0.382575
v 0.005987 0.058413 0.382574
v 0.000139 0.046551 0.386810
v 0.004754 0.046337 0.386810
v 0.009324 0.045694 0.386810
v 0.011778 0.057645 0.382572
v -0.045991 0.037784 0.382583
v -0.036255 0.029830 0.386810
v -0.033153 0.033213 0.386810
v -0.042057 0.042056 0.382581
v 0.017462 -0.057107 0.382584
v 0.013806 -0.045054 0.386810
v 0.009324 -0.046177 0.386810
v 0.011781 -0.058530 0.382584
v 0.017456 0.056352 0.382570
v 0.013806 0.044623 0.386810
v 0.018156 0.043134 0.386809
v 0.022969 0.054528 0.382570
v -0.037716 0.045906 0.382579
v -0.029729 0.036258 0.386810
v -0.026018 0.038939 0.386810
v -0.033010 0.049291 0.382576
v 0.005988 -0.059389 0.382584
v 0.004754 -0.046855 0.386810
v 0.000139 -0.047082 0.386810
v 0.000139 -0.059677 0.382584
v 0.028263 0.052171 0.382572
v 0.022333 0.041236 0.386810
v 0.026296 0.038939 0.386810
v 0.033288 0.049291 0.382575
v -0.027985 0.052171 0.382572
v -0.022055 0.041236 0.386810
v -0.017878 0.043134 0.386809
v -0.022690 0.054528 0.382570
v -0.005710 -0.059389 0.382584
v -0.004476 -0.046855 0.386810
v -0.009046 -0.046177 0.386810
v -0.011503 -0.058530 0.382584
v 0.037994 0.045906 0.382579
v 0.030007 0.036258 0.386810
v 0.033431 0.033213 0.386810
v 0.042335 0.042056 0.382581
v -0.017178 0.056352 0.382570
v -0.013527 0.044623 0.386810
v -0.009046 0.045694 0.386810
v -0.011499 0.057645 0.382572
v -0.017184 -0.057107 0.382584
v -0.013528 -0.045054 0.386810
v -0.017878 -0.043498 0.386810
v -0.022698 -0.055134 0.382584
v 0.046269 0.037784 0.382583
v 0.036533 0.029830 0.386810
v 0.039286 0.026144 0.386810
v 0.049758 0.033128 0.382583
v -0.005708 0.058413 0.382574
v -0.004476 0.046337 0.386810
v -0.027992 -0.052630 0.382584
v -0.022055 -0.041522 0.386810
v -0.026018 -0.039147 0.386810
v -0.033015 -0.049619 0.382584
v 0.052769 0.028125 0.382584
v 0.041661 0.022191 0.386810
v 0.043637 0.018017 0.386810
v 0.055273 0.022836 0.382584
v -0.037719 -0.046131 0.382584
v -0.029729 -0.036394 0.386810
v -0.033153 -0.033292 0.386810
v -0.042059 -0.042198 0.382584
v 0.057246 0.017323 0.382584
v 0.045193 0.013667 0.386810
v 0.046316 0.009185 0.386810
v 0.058669 0.011642 0.382584
v -0.045991 -0.037858 0.382584
v -0.036255 -0.029868 0.386810
v -0.039008 -0.026157 0.386810
v -0.049480 -0.033155 0.382584
v 0.059528 0.005849 0.382584
v 0.046994 0.004615 0.386810
v 0.047221 -0.000000 0.386810
v 0.059816 -0.000000 0.382584
v -0.052491 -0.028131 0.382584
v -0.041383 -0.022194 0.386810
v -0.043359 -0.018017 0.386810
v -0.054995 -0.022837 0.382584
v 0.059528 -0.005849 0.382584
v 0.046994 -0.004615 0.386810
v 0.046316 -0.009185 0.386810
v 0.058669 -0.011642 0.382584
v -0.056968 -0.017323 0.382584
v -0.044915 -0.013667 0.386810
v -0.046038 -0.009185 0.386810
v -0.058391 -0.011642 0.382584
v 0.057246 -0.017323 0.382584
v 0.045193 -0.013667 0.386810
v 0.043637 -0.018017 0.386810
v 0.055273 -0.022837 0.382584
v -0.059250 -0.005849 0.382584
v -0.046715 -0.004615 0.386810
v 0.052769 -0.028131 0.382584
v 0.041661 -0.022194 0.386810
v -0.029056 0.019502 0.388520
v -0.027081 0.022397 0.388520
v -0.020201 0.013589 0.388765
v -0.019256 0.016560 0.388765
v -0.019705 0.019827 0.388765
v -0.024990 0.025093 0.388520
v 0.013739 -0.032833 0.388520
v 0.010430 -0.033725 0.388520
v 0.010879 -0.025928 0.388765
v 0.008023 -0.024259 0.388765
v 0.004912 -0.023993 0.388765
v 0.006989 -0.034438 0.388520
v 0.006989 0.034202 0.388520
v 0.010429 0.033506 0.388520
v 0.004912 0.023906 0.388765
v 0.008023 0.024173 0.388765
v 0.010879 0.025828 0.388765
v 0.013739 0.032639 0.388520
v -0.022274 0.027151 0.388520
v -0.016428 0.019370 0.388765
v -0.013452 0.020300 0.388765
v -0.019368 0.029084 0.388520
v 0.003538 -0.035096 0.388520
v 0.002139 -0.025429 0.388765
v 0.000139 -0.028064 0.388765
v 0.000139 -0.035538 0.388520
v 0.016710 0.030969 0.388520
v 0.011718 0.022665 0.388765
v 0.013730 0.020300 0.388765
v 0.019647 0.029084 0.388520
v -0.016431 0.030969 0.388520
v -0.011440 0.022665 0.388765
v -0.010601 0.025828 0.388765
v -0.013461 0.032639 0.388520
v -0.003260 -0.035096 0.388520
v -0.001861 -0.025429 0.388765
v -0.004633 -0.023993 0.388765
v -0.006711 -0.034438 0.388520
v 0.022552 0.027151 0.388520
v 0.016706 0.019370 0.388765
v 0.019983 0.019827 0.388765
v 0.025268 0.025093 0.388520
v -0.010151 0.033506 0.388520
v -0.007744 0.024173 0.388765
v -0.004633 0.023906 0.388765
v -0.006711 0.034202 0.388520
v -0.010151 -0.033725 0.388520
v -0.007744 -0.024259 0.388765
v -0.010601 -0.025928 0.388765
v -0.013461 -0.032833 0.388520
v 0.027359 0.022397 0.388520
v 0.019534 0.016560 0.388765
v 0.020480 0.013589 0.388765
v 0.029334 0.019502 0.388520
v -0.003260 0.034848 0.388520
v -0.001861 0.025331 0.388765
v 0.000139 0.027936 0.388765
v 0.000139 0.035284 0.388520
v -0.016432 -0.031124 0.388520
v -0.011440 -0.022728 0.388765
v -0.013452 -0.020341 0.388765
v -0.019368 -0.029195 0.388520
v 0.031263 0.016569 0.388520
v 0.022867 0.011579 0.388765
v 0.026067 0.010739 0.388765
v 0.032972 0.013599 0.388520
v -0.022274 -0.027220 0.388520
v -0.016428 -0.019395 0.388765
v -0.019705 -0.019844 0.388765
v -0.024990 -0.025129 0.388520
v 0.033864 0.010290 0.388520
v 0.024398 0.007883 0.388765
v 0.024132 0.004772 0.388765
v 0.034577 0.006850 0.388520
v -0.027081 -0.022413 0.388520
v -0.019256 -0.016567 0.388765
v -0.020201 -0.013591 0.388765
v -0.029056 -0.019508 0.388520
v 0.035235 0.003399 0.388520
v 0.025568 0.002000 0.388765
v 0.028203 -0.000000 0.388765
v 0.035677 -0.000000 0.388520
v -0.030984 -0.016571 0.388520
v -0.022589 -0.011579 0.388765
v -0.025789 -0.010740 0.388765
v -0.032694 -0.013600 0.388520
v 0.035235 -0.003399 0.388520
v 0.025568 -0.002000 0.388765
v 0.024132 -0.004773 0.388765
v 0.034577 -0.006850 0.388520
v -0.033586 -0.010291 0.388520
v -0.024120 -0.007884 0.388765
v -0.023854 -0.004773 0.388765
v -0.034299 -0.006850 0.388520
v 0.033864 -0.010291 0.388520
v 0.024398 -0.007884 0.388765
v 0.026067 -0.010740 0.388765
v 0.032972 -0.013600 0.388520
v -0.034957 -0.003399 0.388520
v -0.025290 -0.002000 0.388765
v -0.027925 -0.000000 0.388765
v -0.035399 -0.000000 0.388520
v 0.031263 -0.016571 0.388520
v 0.022867 -0.011579 0.388765
v 0.020480 -0.013591 0.388765
v 0.029334 -0.019508 0.388520
v -0.034957 0.003399 0.388520
v -0.025290 0.002000 0.388765
v -0.023854 0.004772 0.388765
v -0.034299 0.006850 0.388520
v 0.027359 -0.022413 0.388520
v 0.019534 -0.016567 0.388765
v 0.019983 -0.019844 0.388765
v 0.025268 -0.025129 0.388520
v -0.033586 0.010290 0.388520
v -0.024120 0.007883 0.388765
v -0.025789 0.010739 0.388765
v -0.032694 0.013599 0.388520
v 0.022552 -0.027220 0.388520
v 0.016706 -0.019395 0.388765
v 0.013730 -0.020341 0.388765
v 0.019647 -0.029195 0.388520
v -0.030984 0.016569 0.388520
v -0.022589 0.011579 0.388765
v 0.016710 -0.031124 0.388520
v 0.011718 -0.022728 0.388765
v 0.003538 0.034848 0.388520
v 0.002139 0.025331 0.388765
v -0.006895 -0.016982 0.388765
v -0.002772 -0.014634 0.388765
v 0.000139 -0.000001 0.388765
v -0.008151 -0.012407 0.388765
v 0.008429 0.012395 0.388765
v 0.013137 0.012991 0.388765
v 0.012545 0.008288 0.388765
v 0.000139 0.018344 0.388765
v -0.002772 0.014610 0.388765
v 0.003050 0.014610 0.388765
v 0.017121 0.007034 0.388765
v 0.014773 0.002911 0.388765
v -0.064228 0.013344 0.054604
v -0.065461 0.006611 0.054604
v -0.045375 0.010086 0.054204
v -0.048098 0.004296 0.054203
v -0.053097 0.000236 0.054203
v -0.066296 0.000101 0.054604
v -0.012858 -0.012998 0.388765
v -0.012267 -0.008290 0.388765
v 0.018520 -0.000000 0.388765
v 0.014773 -0.002911 0.388765
v 0.061517 -0.025412 0.054604
v 0.063177 -0.019217 0.054604
v 0.049323 -0.020297 0.054204
v 0.046157 -0.014803 0.054204
v 0.045653 -0.008823 0.054204
v 0.064506 -0.012772 0.054604
v -0.064228 -0.012772 0.054604
v -0.062898 -0.019217 0.054604
v -0.045375 -0.008823 0.054204
v -0.045878 -0.014803 0.054203
v -0.049045 -0.020297 0.054203
v -0.061239 -0.025412 0.054604
v -0.016843 -0.007034 0.388765
v -0.014495 -0.002911 0.388765
v 0.017121 -0.007034 0.388765
v 0.012545 -0.008290 0.388765
v 0.065740 -0.006308 0.054604
v 0.048377 -0.003557 0.054203
v 0.053375 0.000236 0.054203
v 0.066574 0.000101 0.054604
v -0.058037 -0.030954 0.054604
v -0.042975 -0.021817 0.054204
v -0.038446 -0.025579 0.054204
v -0.054428 -0.036436 0.054604
v -0.018242 -0.000000 0.388765
v -0.014495 0.002911 0.388765
v 0.013137 -0.012998 0.388765
v 0.008429 -0.012407 0.388765
v 0.065740 0.006611 0.054604
v 0.048377 0.004296 0.054204
v 0.045653 0.010086 0.054204
v 0.064506 0.013344 0.054604
v -0.050739 -0.041877 0.054604
v -0.036653 -0.031278 0.054203
v -0.037505 -0.037568 0.054203
v -0.046838 -0.046965 0.054604
v -0.016843 0.007034 0.388765
v -0.012267 0.008288 0.388765
v 0.007173 -0.016982 0.388765
v 0.003050 -0.014634 0.388765
v 0.063177 0.020167 0.054604
v 0.046157 0.016653 0.054203
v 0.049323 0.022458 0.054203
v 0.061517 0.026836 0.054604
v -0.041756 -0.050859 0.054604
v -0.031287 -0.036644 0.054204
v -0.025642 -0.038383 0.054204
v -0.036322 -0.054542 0.054604
v -0.012858 0.012991 0.388765
v -0.008151 0.012395 0.388765
v -0.065461 -0.006308 0.054604
v -0.048098 -0.003557 0.054204
v 0.007173 0.016955 0.388765
v 0.058316 0.033043 0.054604
v 0.043253 0.024837 0.054204
v 0.038724 0.029754 0.054204
v 0.054707 0.039326 0.054605
v 0.000139 -0.018381 0.388765
v -0.030833 -0.058158 0.054604
v -0.021826 -0.042966 0.054203
v -0.020233 -0.049108 0.054203
v -0.025284 -0.061366 0.054604
v -0.019097 -0.063019 0.054604
v -0.014815 -0.045870 0.054204
v -0.008914 -0.045312 0.054204
v -0.012664 -0.064341 0.054604
v 0.000139 0.073428 0.054664
v -0.006209 0.072553 0.054667
v 0.000139 0.063286 0.054205
v -0.003654 0.058623 0.054205
v -0.008912 0.055374 0.054207
v -0.012658 0.071082 0.054671
v 0.047116 -0.046965 0.054604
v 0.051017 -0.041877 0.054604
v 0.037783 -0.037568 0.054204
v 0.036931 -0.031278 0.054204
v 0.038724 -0.025579 0.054204
v 0.054707 -0.036436 0.054604
v 0.051017 0.045608 0.054608
v 0.036931 0.036630 0.054203
v 0.037783 0.043410 0.054203
v 0.047116 0.051426 0.054614
v 0.058315 -0.030954 0.054604
v 0.043253 -0.021817 0.054203
v -0.006895 0.016955 0.388765
v -0.061239 0.026836 0.054604
v -0.062898 0.020167 0.054604
v -0.049045 0.022458 0.054204
v -0.045878 0.016653 0.054204
v 0.036600 -0.054542 0.054604
v 0.042035 -0.050859 0.054604
v 0.025921 -0.038382 0.054204
v 0.031565 -0.036644 0.054203
v -0.054428 0.039326 0.054605
v -0.058037 0.033043 0.054604
v -0.038446 0.029754 0.054204
v -0.042975 0.024837 0.054203
v 0.025563 -0.061366 0.054604
v 0.031111 -0.058158 0.054604
v 0.020512 -0.049108 0.054204
v 0.022104 -0.042966 0.054204
v 0.012937 0.071083 0.054671
v 0.006488 0.072553 0.054667
v 0.009191 0.055374 0.054207
v 0.003932 0.058623 0.054206
v -0.046838 0.051426 0.054615
v -0.050739 0.045608 0.054608
v -0.037505 0.043410 0.054204
v -0.036653 0.036630 0.054204
v 0.012942 -0.064341 0.054604
v 0.019375 -0.063019 0.054604
v 0.009192 -0.045312 0.054204
v 0.015094 -0.045870 0.054203
v 0.025552 0.067604 0.054672
v 0.019366 0.069524 0.054675
v 0.020506 0.057919 0.054210
v 0.015090 0.055499 0.054208
v -0.036319 0.060220 0.054641
v -0.041756 0.055998 0.054626
v -0.025642 0.046149 0.054204
v -0.031287 0.043428 0.054204
v 0.000139 -0.066423 0.054604
v 0.006491 -0.065582 0.054604
v 0.000139 -0.053160 0.054204
v 0.003933 -0.048090 0.054204
v 0.036597 0.060220 0.054641
v 0.031104 0.064213 0.054659
v 0.025920 0.046149 0.054204
v 0.022101 0.051727 0.054207
v -0.025273 0.067604 0.054669
v -0.030826 0.064213 0.054657
v -0.020228 0.057919 0.054210
v -0.021823 0.051727 0.054207
v -0.006212 -0.065582 0.054604
v -0.003655 -0.048090 0.054203
v 0.042034 0.055998 0.054626
v 0.031565 0.043428 0.054204
v -0.019087 0.069524 0.054673
v -0.014812 0.055499 0.054208
v -0.015586 0.030178 0.054204
v -0.024517 0.030493 0.054204
v 0.000139 0.002259 0.054204
v -0.023395 0.019554 0.054204
v -0.024517 -0.024209 0.054204
v -0.023395 -0.015031 0.054204
v -0.015586 -0.022841 0.054204
v 0.000139 0.045092 0.054204
v 0.005661 0.036375 0.054204
v -0.005383 0.036375 0.054204
v 0.027900 -0.004752 0.054204
v 0.035008 0.000719 0.054204
v 0.027900 0.007074 0.054204
v -0.032075 0.015885 0.054204
v -0.027621 0.007074 0.054204
v 0.024795 -0.024209 0.054204
v 0.015864 -0.022841 0.054204
v 0.023673 -0.015031 0.054204
v 0.032353 0.015885 0.054204
v 0.023673 0.019554 0.054204
v -0.013204 -0.031768 0.054204
v -0.005383 -0.027068 0.054204
v -0.034729 0.000719 0.054204
v -0.027621 -0.004752 0.054204
v 0.024795 0.030493 0.054204
v 0.015864 0.030178 0.054204
v -0.013204 0.041114 0.054204
v 0.032353 -0.012890 0.054204
v 0.000139 -0.034422 0.054204
v 0.005661 -0.027068 0.054204
v -0.032075 -0.012890 0.054204
v 0.013483 -0.031768 0.054204
v 0.013482 0.041114 0.054204
v -0.068691 -0.048541 -0.045278
v -0.074725 -0.051188 -0.030800
v -0.082016 -0.035544 -0.032281
v -0.074725 -0.034063 -0.047925
v -0.078535 -0.053335 -0.014286
v -0.086452 -0.036884 -0.014941
v -0.079876 -0.054188 0.003263
v -0.087957 -0.037454 0.003263
v -0.078535 -0.053335 0.020812
v -0.086452 -0.036884 0.021466
v -0.074725 -0.051188 0.037326
v -0.082016 -0.035544 0.038807
v -0.068691 -0.048541 0.051804
v -0.074725 -0.034063 0.054451
v -0.086452 -0.018204 -0.033621
v -0.078535 -0.017549 -0.050072
v -0.091221 -0.018841 -0.015578
v -0.092817 -0.019126 0.003263
v -0.091221 -0.018841 0.022104
v -0.086452 -0.018204 0.040146
v -0.078535 -0.017549 0.056598
v -0.087957 -0.000000 -0.034191
v -0.079876 -0.000000 -0.050925
v -0.092817 -0.000000 -0.015862
v -0.094441 -0.000000 0.003263
v -0.092817 -0.000000 0.022388
v -0.087957 -0.000000 0.040717
v -0.079876 -0.000000 0.057451
v -0.086452 0.018203 -0.033621
v -0.078535 0.017549 -0.050072
v -0.091221 0.018840 -0.015578
v -0.092817 0.019125 0.003263
v -0.091221 0.018840 0.022104
v -0.086452 0.018203 0.040146
v -0.078535 0.017549 0.056598
v -0.082016 0.035544 -0.032281
v -0.074725 0.034063 -0.047925
v -0.086452 0.036883 -0.014941
v -0.087957 0.037453 0.003263
v -0.086452 0.036883 0.021466
v -0.082016 0.035544 0.038807
v -0.074725 0.034063 0.054451
v -0.074725 0.051188 -0.030800
v -0.068691 0.048541 -0.045278
v -0.078535 0.053335 -0.014286
v -0.079876 0.054188 0.003263
v -0.078535 0.053335 0.020812
v -0.074725 0.051188 0.037326
v -0.068691 0.048541 0.051804
v -0.056272 -0.056213 -0.052950
v -0.060220 -0.060161 -0.043827
v -0.060220 -0.047090 -0.056898
v -0.064471 -0.064413 -0.030088
v -0.067474 -0.067415 -0.013983
v -0.068590 -0.068531 0.003263
v -0.067474 -0.067415 0.020509
v -0.064471 -0.064413 0.036614
v -0.060220 -0.060161 0.050353
v -0.056272 -0.056213 0.059476
v -0.060220 -0.047090 0.063424
v -0.064471 -0.033351 0.067675
v -0.067474 -0.017246 0.070678
v -0.068590 -0.000000 0.071794
v -0.067474 0.017246 0.070678
v -0.064471 0.033351 0.067675
v -0.060220 0.047089 0.063424
v -0.056272 0.056213 0.059476
v -0.060220 0.060161 0.050353
v -0.064471 0.064412 0.036614
v -0.067474 0.067414 0.020509
v -0.068590 0.068531 0.003263
v -0.067474 0.067414 -0.013983
v -0.064471 0.064412 -0.030088
v -0.060220 0.060161 -0.043827
v -0.060220 0.047089 -0.056898
v -0.056272 0.056213 -0.052950
v -0.064471 0.033351 -0.061150
v -0.067474 0.017246 -0.064152
v -0.068590 -0.000000 -0.065268
v -0.067474 -0.017246 -0.064152
v -0.064471 -0.033351 -0.061150
v -0.048600 0.068632 -0.045278
v -0.051247 0.074666 -0.030800
v -0.035603 0.081957 -0.032281
v -0.034122 0.074666 -0.047925
v -0.053394 0.078476 -0.014286
v -0.036943 0.086393 -0.014941
v -0.054247 0.079817 0.003263
v -0.037513 0.087898 0.003263
v -0.053394 0.078476 0.020812
v -0.036943 0.086393 0.021466
v -0.051247 0.074666 0.037326
v -0.035603 0.081957 0.038807
v -0.048600 0.068632 0.051804
v -0.034122 0.074666 0.054451
v -0.018262 0.086393 -0.033621
v -0.017608 0.078476 -0.050072
v -0.018900 0.091162 -0.015578
v -0.019184 0.092758 0.003263
v -0.018900 0.091162 0.022104
v -0.018262 0.086393 0.040146
v -0.017608 0.078476 0.056598
v -0.000059 0.087898 -0.034191
v -0.000059 0.079817 -0.050925
v -0.000059 0.092758 -0.015862
v -0.000059 0.094382 0.003263
v -0.000059 0.092758 0.022388
v -0.000059 0.087898 0.040717
v -0.000059 0.079817 0.057451
v 0.018145 0.086393 -0.033621
v 0.017490 0.078476 -0.050072
v 0.018782 0.091162 -0.015578
v 0.019066 0.092758 0.003263
v 0.018782 0.091162 0.022104
v 0.018145 0.086393 0.040146
v 0.017490 0.078476 0.056598
v 0.035485 0.081957 -0.032281
v 0.034004 0.074666 -0.047925
v 0.036825 0.086393 -0.014941
v 0.037395 0.087898 0.003263
v 0.036825 0.086393 0.021466
v 0.035485 0.081957 0.038807
v 0.034004 0.074666 0.054451
v 0.051129 0.074666 -0.030800
v 0.048482 0.068632 -0.045278
v 0.053276 0.078476 -0.014286
v 0.054129 0.079817 0.003263
v 0.053276 0.078476 0.020812
v 0.051129 0.074666 0.037326
v 0.048482 0.068632 0.051804
v -0.047149 0.060161 -0.056898
v -0.047149 0.060161 0.063424
v -0.033410 0.064412 0.067675
v -0.017305 0.067414 0.070678
v -0.000059 0.068531 0.071794
v 0.017187 0.067414 0.070678
v 0.033292 0.064412 0.067675
v 0.047031 0.060161 0.063424
v 0.056154 0.056213 0.059476
v 0.060102 0.060161 0.050353
v 0.064354 0.064412 0.036614
v 0.067356 0.067414 0.020509
v 0.068472 0.068531 0.003263
v 0.067356 0.067414 -0.013983
v 0.064354 0.064412 -0.030088
v 0.060102 0.060161 -0.043827
v 0.047031 0.060161 -0.056898
v 0.056154 0.056213 -0.052950
v 0.033292 0.064412 -0.061150
v 0.017187 0.067414 -0.064152
v -0.000059 0.068531 -0.065268
v -0.017305 0.067414 -0.064152
v -0.033410 0.064412 -0.061150
v 0.068573 0.048541 -0.045278
v 0.074607 0.051188 -0.030800
v 0.081898 0.035544 -0.032281
v 0.074607 0.034063 -0.047925
v 0.078417 0.053335 -0.014286
v 0.086334 0.036883 -0.014941
v 0.079758 0.054188 0.003263
v 0.087839 0.037453 0.003263
v 0.078417 0.053335 0.020812
v 0.086334 0.036883 0.021466
v 0.074607 0.051188 0.037326
v 0.081898 0.035544 0.038807
v 0.068573 0.048541 0.051804
v 0.074607 0.034063 0.054451
v 0.086334 0.018203 -0.033621
v 0.078417 0.017549 -0.050072
v 0.091103 0.018840 -0.015578
v 0.092700 0.019125 0.003263
v 0.091103 0.018840 0.022104
v 0.086334 0.018203 0.040146
v 0.078417 0.017549 0.056598
v 0.087839 -0.000000 -0.034191
v 0.079758 -0.000000 -0.050925
v 0.092700 -0.000000 -0.015862
v 0.094323 -0.000000 0.003263
v 0.092700 -0.000000 0.022388
v 0.087839 -0.000000 0.040717
v 0.079758 -0.000000 0.057451
v 0.086334 -0.018204 -0.033621
v 0.078417 -0.017549 -0.050072
v 0.091103 -0.018841 -0.015578
v 0.092700 -0.019126 0.003263
v 0.091103 -0.018841 0.022104
v 0.086334 -0.018204 0.040146
v 0.078417 -0.017549 0.056598
v 0.081898 -0.035544 -0.032281
v 0.074607 -0.034063 -0.047925
v 0.086334 -0.036884 -0.014941
v 0.087839 -0.037454 0.003263
v 0.086334 -0.036884 0.021466
v 0.081898 -0.035544 0.038807
v 0.074607 -0.034063 0.054451
v 0.074607 -0.051188 -0.030800
v 0.068573 -0.048541 -0.045278
v 0.078417 -0.053335 -0.014286
v 0.079758 -0.054188 0.003263
v 0.078417 -0.053335 0.020812
v 0.074607 -0.051188 0.037326
v 0.068573 -0.048541 0.051804
v 0.060102 0.047089 -0.056898
v 0.060102 0.047089 0.063424
v 0.064354 0.033351 0.067675
v 0.067356 0.017246 0.070678
v 0.068472 -0.000000 0.071794
v 0.067356 -0.017246 0.070678
v 0.064354 -0.033351 0.067675
v 0.060102 -0.047090 0.063424
v 0.056154 -0.056213 0.059476
v 0.060102 -0.060161 0.050353
v 0.064354 -0.064413 0.036614
v 0.067356 -0.067415 0.020509
v 0.068472 -0.068531 0.003263
v 0.067356 -0.067415 -0.013983
v 0.064354 -0.064413 -0.030088
v 0.060102 -0.060161 -0.043827
v 0.060102 -0.047090 -0.056898
v 0.056154 -0.056213 -0.052950
v 0.064354 -0.033351 -0.061150
v 0.067356 -0.017246 -0.064152
v 0.068472 -0.000000 -0.065268
v 0.067356 0.017246 -0.064152
v 0.064354 0.033351 -0.061150
v 0.048482 -0.068632 -0.045278
v 0.051129 -0.074666 -0.030800
v 0.035485 -0.081958 -0.032281
v 0.034004 -0.074666 -0.047925
v 0.053276 -0.078476 -0.014286
v 0.036825 -0.086393 -0.014941
v 0.054129 -0.079817 0.003263
v 0.037395 -0.087898 0.003263
v 0.053276 -0.078476 0.020812
v 0.036825 -0.086393 0.021466
v 0.051129 -0.074666 0.037326
v 0.035485 -0.081958 0.038807
v 0.048482 -0.068632 0.051804
v 0.034004 -0.074666 0.054451
v 0.018145 -0.086393 -0.033621
v 0.017490 -0.078476 -0.050072
v 0.018782 -0.091162 -0.015578
v 0.019066 -0.092759 0.003263
v 0.018782 -0.091162 0.022104
v 0.018145 -0.086393 0.040146
v 0.017490 -0.078476 0.056598
v -0.000059 -0.087898 -0.034191
v -0.000059 -0.079817 -0.050925
v -0.000059 -0.092759 -0.015862
v -0.000059 -0.094383 0.003263
v -0.000059 -0.092759 0.022388
v -0.000059 -0.087898 0.040717
v -0.000059 -0.079817 0.057451
v -0.018262 -0.086393 -0.033621
v -0.017608 -0.078476 -0.050072
v -0.018900 -0.091162 -0.015578
v -0.019184 -0.092759 0.003263
v -0.018900 -0.091162 0.022104
v -0.018262 -0.086393 0.040146
v -0.017608 -0.078476 0.056598
v -0.035603 -0.081958 -0.032281
v -0.034122 -0.074666 -0.047925
v -0.036943 -0.086393 -0.014941
v -0.037513 -0.087898 0.003263
v -0.036943 -0.086393 0.021466
v -0.035603 -0.081958 0.038807
v -0.034122 -0.074666 0.054451
v -0.051247 -0.074666 -0.030800
v -0.048600 -0.068632 -0.045278
v -0.053394 -0.078476 -0.014286
v -0.054247 -0.079817 0.003263
v -0.053394 -0.078476 0.020812
v -0.051247 -0.074666 0.037326
v -0.048600 -0.068632 0.051804
v 0.047031 -0.060161 -0.056898
v 0.047031 -0.060161 0.063424
v 0.033292 -0.064413 0.067675
v 0.017187 -0.067415 0.070678
v -0.000059 -0.068531 0.071794
v -0.017305 -0.067415 0.070678
v -0.033410 -0.064413 0.067675
v -0.047149 -0.060161 0.063424
v -0.047149 -0.060161 -0.056898
v -0.033410 -0.064413 -0.061150
v -0.017305 -0.067415 -0.064152
v -0.000059 -0.068531 -0.065268
v 0.017187 -0.067415 -0.064152
v 0.033292 -0.064413 -0.061150
v -0.048600 0.048541 -0.065369
v -0.034122 0.051188 -0.071403
v -0.035603 0.035544 -0.078694
v -0.051247 0.034063 -0.071403
v -0.017608 0.053335 -0.075213
v -0.018262 0.036883 -0.083130
v -0.000059 0.054188 -0.076554
v -0.000059 0.037453 -0.084635
v 0.017490 0.053335 -0.075213
v 0.018145 0.036883 -0.083130
v 0.034004 0.051188 -0.071403
v 0.035485 0.035544 -0.078694
v 0.048482 0.048541 -0.065369
v 0.051129 0.034063 -0.071403
v -0.036943 0.018203 -0.083130
v -0.053394 0.017549 -0.075213
v -0.018900 0.018840 -0.087899
v -0.000059 0.019125 -0.089496
v 0.018782 0.018840 -0.087899
v 0.036825 0.018203 -0.083130
v 0.053276 0.017549 -0.075213
v -0.037513 -0.000000 -0.084635
v -0.054247 -0.000000 -0.076554
v -0.019184 -0.000000 -0.089496
v -0.000059 -0.000000 -0.091119
v 0.019066 -0.000000 -0.089496
v 0.037395 -0.000000 -0.084635
v 0.054129 -0.000000 -0.076554
v -0.036943 -0.018204 -0.083130
v -0.053394 -0.017549 -0.075213
v -0.018900 -0.018841 -0.087899
v -0.000059 -0.019126 -0.089496
v 0.018782 -0.018841 -0.087899
v 0.036825 -0.018204 -0.083130
v 0.053276 -0.017549 -0.075213
v -0.035603 -0.035544 -0.078694
v -0.051247 -0.034063 -0.071403
v -0.018262 -0.036884 -0.083130
v -0.000059 -0.037454 -0.084635
v 0.018145 -0.036884 -0.083130
v 0.035485 -0.035544 -0.078694
v 0.051129 -0.034063 -0.071403
v -0.034122 -0.051188 -0.071403
v -0.048600 -0.048541 -0.065369
v -0.017608 -0.053335 -0.075213
v -0.000059 -0.054188 -0.076554
v 0.017490 -0.053335 -0.075213
v 0.034004 -0.051188 -0.071403
v 0.048482 -0.048541 -0.065369
v 0.048482 0.048541 0.071895
v 0.034004 0.051188 0.077929
v 0.035485 0.035544 0.085220
v 0.051129 0.034063 0.077929
v 0.017490 0.053335 0.081739
v 0.018145 0.036883 0.089656
v -0.000059 0.054188 0.083080
v -0.000059 0.037453 0.091161
v -0.017608 0.053335 0.081739
v -0.018262 0.036883 0.089656
v -0.034122 0.051188 0.077929
v -0.035603 0.035544 0.085220
v -0.048600 0.048541 0.071895
v -0.051247 0.034063 0.077929
v 0.036825 0.018203 0.089656
v 0.053276 0.017549 0.081739
v 0.018782 0.018840 0.094425
v -0.000059 0.019125 0.096021
v -0.018900 0.018840 0.094425
v -0.036943 0.018203 0.089656
v -0.053394 0.017549 0.081739
v 0.037395 -0.000000 0.091161
v 0.054129 -0.000000 0.083080
v 0.019066 -0.000000 0.096022
v -0.000059 -0.000000 0.097645
v -0.019184 -0.000000 0.096021
v -0.037513 -0.000000 0.091161
v -0.054247 -0.000000 0.083080
v 0.036825 -0.018204 0.089656
v 0.053276 -0.017549 0.081739
v 0.018782 -0.018841 0.094425
v -0.000059 -0.019126 0.096021
v -0.018900 -0.018841 0.094425
v -0.036943 -0.018204 0.089656
v -0.053394 -0.017549 0.081739
v 0.035485 -0.035544 0.085220
v 0.051129 -0.034063 0.077929
v 0.018145 -0.036884 0.089656
v -0.000059 -0.037454 0.091161
v -0.018262 -0.036884 0.089656
v -0.035603 -0.035544 0.085220
v -0.051247 -0.034063 0.077929
v 0.034004 -0.051188 0.077929
v 0.048482 -0.048541 0.071895
v 0.017490 -0.053335 0.081739
v -0.000059 -0.054188 0.083080
v -0.017608 -0.053335 0.081739
v -0.034122 -0.051188 0.077929
v -0.048600 -0.048541 0.071895
vn -0.3722 0.7013 -0.6080
vn -0.4435 0.8846 -0.1443
vn -0.3458 0.9308 -0.1185
vn -0.3055 0.7599 -0.5738
vn -0.0339 -0.6891 -0.7239
vn -0.0476 -0.9680 -0.2464
vn -0.1422 -0.9587 -0.2464
vn -0.1012 -0.6825 -0.7239
vn 0.4381 0.6302 -0.6410
vn 0.5483 0.8188 -0.1699
vn 0.6443 0.7396 -0.1944
vn 0.4970 0.5529 -0.6688
vn -0.2436 0.8045 -0.5417
vn -0.2615 0.9605 -0.0954
vn -0.1896 0.9790 -0.0755
vn -0.1849 0.8376 -0.5140
vn -0.1677 -0.6692 -0.7239
vn -0.2355 -0.9401 -0.2464
vn -0.3265 -0.9125 -0.2464
vn -0.2324 -0.6496 -0.7239
vn 0.5465 0.4765 -0.6887
vn 0.7270 0.6523 -0.2144
vn 0.7909 0.5677 -0.2286
vn 0.5843 0.4085 -0.7013
vn -0.1258 0.8608 -0.4932
vn -0.1251 0.9903 -0.0598
vn -0.0469 0.9976 -0.0506
vn -0.0476 0.8751 -0.4816
vn -0.2950 -0.6237 -0.7239
vn -0.4144 -0.8761 -0.2464
vn -0.4982 -0.8313 -0.2464
vn -0.3547 -0.5918 -0.7239
vn 0.6131 0.3476 -0.7094
vn 0.8405 0.4870 -0.2376
vn 0.8809 0.4065 -0.2426
vn 0.6366 0.2888 -0.7151
vn -0.4110 -0.5541 -0.7239
vn -0.5774 -0.7784 -0.2464
vn -0.6508 -0.7181 -0.2464
vn -0.4633 -0.5112 -0.7239
vn 0.6560 0.2294 -0.7190
vn 0.9140 0.3236 -0.2449
vn 0.9404 0.2351 -0.2458
vn 0.6719 0.1666 -0.7217
vn -0.5112 -0.4633 -0.7239
vn -0.7181 -0.6508 -0.2464
vn -0.7784 -0.5774 -0.2464
vn -0.5541 -0.4110 -0.7239
vn 0.6833 0.1007 -0.7232
vn 0.9587 0.1421 -0.2462
vn 0.9680 0.0476 -0.2463
vn 0.6892 0.0338 -0.7238
vn -0.5918 -0.3547 -0.7239
vn -0.8313 -0.4982 -0.2464
vn -0.8761 -0.4144 -0.2464
vn -0.6237 -0.2950 -0.7239
vn 0.6891 -0.0338 -0.7239
vn 0.9680 -0.0476 -0.2464
vn 0.9587 -0.1422 -0.2464
vn 0.6824 -0.1012 -0.7239
vn -0.6496 -0.2324 -0.7239
vn -0.9125 -0.3265 -0.2464
vn -0.9401 -0.2355 -0.2464
vn -0.6692 -0.1677 -0.7239
vn 0.6692 -0.1677 -0.7239
vn 0.9401 -0.2355 -0.2464
vn 0.9125 -0.3265 -0.2464
vn 0.6496 -0.2324 -0.7239
vn -0.6824 -0.1012 -0.7239
vn -0.9587 -0.1422 -0.2464
vn -0.9680 -0.0476 -0.2464
vn -0.6891 -0.0338 -0.7239
vn 0.6237 -0.2950 -0.7239
vn 0.8761 -0.4144 -0.2464
vn 0.8313 -0.4982 -0.2464
vn 0.5918 -0.3547 -0.7239
vn -0.6892 0.0338 -0.7238
vn -0.9680 0.0476 -0.2463
vn -0.9587 0.1421 -0.2462
vn -0.6833 0.1007 -0.7232
vn 0.5541 -0.4110 -0.7239
vn 0.7784 -0.5774 -0.2464
vn 0.7181 -0.6508 -0.2464
vn 0.5112 -0.4633 -0.7239
vn -0.6719 0.1666 -0.7217
vn -0.9404 0.2351 -0.2458
vn -0.9140 0.3235 -0.2449
vn -0.6560 0.2294 -0.7190
vn 0.4633 -0.5112 -0.7239
vn 0.6508 -0.7181 -0.2464
vn 0.5774 -0.7784 -0.2464
vn 0.4110 -0.5541 -0.7239
vn -0.6366 0.2888 -0.7151
vn -0.8809 0.4064 -0.2426
vn -0.8405 0.4867 -0.2378
vn -0.6131 0.3476 -0.7094
vn 0.3547 -0.5918 -0.7239
vn 0.4982 -0.8313 -0.2464
vn 0.4144 -0.8761 -0.2464
vn 0.2950 -0.6237 -0.7239
vn 0.0469 0.8750 -0.4819
vn 0.0444 0.9977 -0.0518
vn 0.1237 0.9903 -0.0629
vn 0.1260 0.8603 -0.4939
vn -0.5842 0.4086 -0.7012
vn -0.7910 0.5672 -0.2293
vn -0.7270 0.6519 -0.2156
vn -0.5464 0.4768 -0.6885
vn 0.2324 -0.6496 -0.7239
vn 0.3265 -0.9125 -0.2464
vn 0.2355 -0.9401 -0.2464
vn 0.1677 -0.6692 -0.7239
vn 0.1865 0.8372 -0.5142
vn 0.1904 0.9785 -0.0793
vn 0.2634 0.9597 -0.0984
vn 0.2449 0.8047 -0.5408
vn -0.4969 0.5534 -0.6685
vn -0.6439 0.7396 -0.1959
vn -0.5476 0.8191 -0.1711
vn -0.4386 0.6301 -0.6408
vn 0.1012 -0.6825 -0.7239
vn 0.1422 -0.9587 -0.2464
vn 0.0476 -0.9680 -0.2464
vn 0.0339 -0.6891 -0.7239
vn 0.3049 0.7611 -0.5725
vn 0.3473 0.9301 -0.1200
vn 0.4444 0.8842 -0.1441
vn 0.3708 0.7025 -0.6074
vn -0.9819 0.0483 -0.1833
vn -0.9839 0.0484 -0.1723
vn -0.9744 0.1445 -0.1723
vn -0.9724 0.1442 -0.1833
vn 0.7896 -0.5856 -0.1833
vn 0.7912 -0.5868 -0.1723
vn 0.7299 -0.6615 -0.1723
vn 0.7284 -0.6602 -0.1833
vn -0.9536 0.2388 -0.1832
vn -0.9555 0.2395 -0.1722
vn -0.9275 0.3321 -0.1718
vn -0.9262 0.3298 -0.1828
vn 0.6602 -0.7284 -0.1833
vn 0.6615 -0.7299 -0.1723
vn 0.5868 -0.7912 -0.1723
vn 0.5856 -0.7896 -0.1833
vn -0.8908 0.4168 -0.1809
vn -0.8902 0.4225 -0.1703
vn -0.8412 0.5146 -0.1661
vn -0.8462 0.5029 -0.1761
vn 0.5054 -0.8432 -0.1833
vn 0.5064 -0.8449 -0.1723
vn 0.4212 -0.8905 -0.1723
vn 0.4203 -0.8887 -0.1833
vn 0.0340 0.9994 -0.0093
vn 0.0236 0.9996 -0.0176
vn 0.0855 0.9960 -0.0246
vn 0.1040 0.9944 -0.0179
vn -0.7900 0.5900 -0.1666
vn -0.7774 0.6089 -0.1576
vn -0.6954 0.7041 -0.1437
vn -0.7176 0.6799 -0.1512
vn 0.3311 -0.9256 -0.1833
vn 0.3318 -0.9275 -0.1723
vn 0.2394 -0.9555 -0.1723
vn 0.2389 -0.9536 -0.1833
vn 0.1687 0.9852 -0.0296
vn 0.1488 0.9883 -0.0341
vn 0.2182 0.9748 -0.0453
vn 0.2408 0.9696 -0.0428
vn -0.6249 0.7699 -0.1299
vn -0.5919 0.7964 -0.1240
vn -0.4818 0.8705 -0.1005
vn -0.5213 0.8470 -0.1044
vn 0.1442 -0.9724 -0.1833
vn 0.1445 -0.9744 -0.1723
vn 0.0484 -0.9839 -0.1723
vn 0.0483 -0.9819 -0.1833
vn 0.3236 0.9444 -0.0587
vn 0.2959 0.9534 -0.0594
vn 0.3863 0.9191 -0.0773
vn 0.4197 0.9043 -0.0786
vn -0.4147 0.9065 -0.0786
vn -0.3763 0.9233 -0.0771
vn -0.2843 0.9570 -0.0568
vn -0.3177 0.9465 -0.0559
vn -0.0483 -0.9819 -0.1833
vn -0.0484 -0.9839 -0.1723
vn -0.1445 -0.9744 -0.1723
vn -0.1442 -0.9724 -0.1833
vn 0.5241 0.8455 -0.1023
vn 0.4874 0.8676 -0.0988
vn 0.5928 0.7961 -0.1214
vn 0.6256 0.7698 -0.1270
vn -0.2360 0.9710 -0.0376
vn -0.2094 0.9770 -0.0408
vn -0.1472 0.9887 -0.0289
vn -0.1677 0.9856 -0.0235
vn -0.2389 -0.9536 -0.1833
vn -0.2394 -0.9555 -0.1723
vn -0.3318 -0.9275 -0.1723
vn -0.3311 -0.9256 -0.1833
vn 0.7167 0.6813 -0.1489
vn 0.6931 0.7069 -0.1415
vn 0.7749 0.6124 -0.1565
vn 0.7889 0.5918 -0.1654
vn -0.1084 0.9940 -0.0131
vn -0.0937 0.9954 -0.0205
vn -0.0375 0.9992 -0.0161
vn -0.0415 0.9991 -0.0075
vn -0.4203 -0.8887 -0.1833
vn -0.4212 -0.8905 -0.1723
vn -0.5064 -0.8449 -0.1723
vn -0.5054 -0.8432 -0.1833
vn 0.8458 0.5038 -0.1757
vn 0.8402 0.5163 -0.1657
vn 0.8900 0.4229 -0.1702
vn 0.8907 0.4170 -0.1808
vn -0.5856 -0.7896 -0.1833
vn -0.5868 -0.7912 -0.1723
vn -0.6615 -0.7299 -0.1723
vn -0.6602 -0.7284 -0.1833
vn 0.9262 0.3299 -0.1828
vn 0.9274 0.3322 -0.1718
vn 0.9555 0.2395 -0.1722
vn 0.9536 0.2388 -0.1832
vn -0.7284 -0.6602 -0.1833
vn -0.7299 -0.6615 -0.1723
vn -0.7912 -0.5868 -0.1723
vn -0.7896 -0.5856 -0.1833
vn 0.9724 0.1442 -0.1833
vn 0.9744 0.1445 -0.1723
vn 0.9839 0.0484 -0.1723
vn 0.9819 0.0483 -0.1833
vn -0.8432 -0.5054 -0.1833
vn -0.8449 -0.5064 -0.1723
vn -0.8905 -0.4212 -0.1723
vn -0.8887 -0.4203 -0.1833
vn 0.9819 -0.0483 -0.1833
vn 0.9839 -0.0484 -0.1723
vn 0.9744 -0.1445 -0.1723
vn 0.9724 -0.1442 -0.1833
vn -0.9256 -0.3311 -0.1833
vn -0.9275 -0.3318 -0.1723
vn -0.9555 -0.2394 -0.1723
vn -0.9536 -0.2389 -0.1833
vn 0.9536 -0.2389 -0.1833
vn 0.9555 -0.2394 -0.1723
vn 0.9275 -0.3318 -0.1723
vn 0.9256 -0.3311 -0.1833
vn -0.9724 -0.1442 -0.1833
vn -0.9744 -0.1445 -0.1723
vn -0.9839 -0.0484 -0.1723
vn -0.9819 -0.0483 -0.1833
vn 0.8887 -0.4203 -0.1833
vn 0.8905 -0.4212 -0.1723
vn 0.8449 -0.5064 -0.1723
vn 0.8432 -0.5054 -0.1833
vn 0.0154 0.9995 -0.0289
vn 0.0095 0.9993 -0.0372
vn 0.0559 0.9976 -0.0419
vn 0.0696 0.9970 -0.0344
vn -0.7695 0.6230 -0.1405
vn -0.7675 0.6283 -0.1271
vn -0.6708 0.7313 -0.1235
vn -0.6787 0.7224 -0.1322
vn 0.3332 -0.9312 -0.1478
vn 0.3341 -0.9338 -0.1281
vn 0.2410 -0.9620 -0.1281
vn 0.2403 -0.9594 -0.1478
vn 0.1303 0.9905 -0.0429
vn 0.1126 0.9924 -0.0502
vn 0.1751 0.9827 -0.0609
vn 0.1964 0.9790 -0.0537
vn -0.5644 0.8170 -0.1184
vn -0.5470 0.8292 -0.1147
vn -0.4236 0.9002 -0.1015
vn -0.4476 0.8885 -0.1007
vn 0.1451 -0.9783 -0.1478
vn 0.1455 -0.9810 -0.1281
vn 0.0487 -0.9906 -0.1281
vn 0.0486 -0.9878 -0.1478
vn 0.2692 0.9608 -0.0670
vn 0.2443 0.9669 -0.0738
vn 0.3295 0.9400 -0.0886
vn 0.3555 0.9310 -0.0828
vn -0.3424 0.9359 -0.0823
vn -0.3170 0.9444 -0.0871
vn -0.2299 0.9704 -0.0734
vn -0.2543 0.9649 -0.0658
vn -0.0486 -0.9878 -0.1478
vn -0.0487 -0.9906 -0.1281
vn -0.1455 -0.9810 -0.1281
vn -0.1451 -0.9783 -0.1478
vn 0.4551 0.8848 -0.1003
vn 0.4312 0.8963 -0.1034
vn 0.5485 0.8280 -0.1162
vn 0.5655 0.8163 -0.1175
vn -0.1849 0.9814 -0.0520
vn -0.1629 0.9847 -0.0611
vn -0.1097 0.9927 -0.0504
vn -0.1281 0.9909 -0.0409
vn -0.2403 -0.9594 -0.1478
vn -0.2410 -0.9620 -0.1281
vn -0.3341 -0.9338 -0.1281
vn -0.3332 -0.9312 -0.1478
vn 0.6752 0.7258 -0.1312
vn 0.6673 0.7344 -0.1244
vn 0.7637 0.6328 -0.1275
vn 0.7659 0.6276 -0.1400
vn -0.0802 0.9962 -0.0328
vn -0.0668 0.9969 -0.0421
vn -0.0285 0.9989 -0.0372
vn -0.0334 0.9990 -0.0283
vn -0.4229 -0.8940 -0.1478
vn -0.4241 -0.8965 -0.1281
vn -0.5098 -0.8507 -0.1281
vn -0.5084 -0.8483 -0.1478
vn 0.8381 0.5259 -0.1449
vn 0.8388 0.5291 -0.1283
vn 0.8939 0.4296 -0.1282
vn 0.8918 0.4279 -0.1470
vn -0.5892 -0.7944 -0.1478
vn -0.5908 -0.7966 -0.1281
vn -0.6660 -0.7349 -0.1281
vn -0.6642 -0.7328 -0.1478
vn 0.9308 0.3345 -0.1477
vn 0.9333 0.3355 -0.1281
vn 0.9620 0.2412 -0.1281
vn 0.9593 0.2405 -0.1478
vn -0.7328 -0.6642 -0.1478
vn -0.7349 -0.6660 -0.1281
vn -0.7966 -0.5908 -0.1281
vn -0.7944 -0.5892 -0.1478
vn 0.9783 0.1451 -0.1478
vn 0.9810 0.1455 -0.1281
vn 0.9906 0.0487 -0.1281
vn 0.9878 0.0486 -0.1478
vn -0.8483 -0.5084 -0.1478
vn -0.8507 -0.5098 -0.1281
vn -0.8965 -0.4241 -0.1281
vn -0.8940 -0.4229 -0.1478
vn 0.9878 -0.0486 -0.1478
vn 0.9906 -0.0487 -0.1281
vn 0.9810 -0.1455 -0.1281
vn 0.9783 -0.1451 -0.1478
vn -0.9312 -0.3332 -0.1478
vn -0.9338 -0.3341 -0.1281
vn -0.9620 -0.2410 -0.1281
vn -0.9594 -0.2403 -0.1478
vn 0.9594 -0.2403 -0.1478
vn 0.9620 -0.2410 -0.1281
vn 0.9338 -0.3341 -0.1281
vn 0.9312 -0.3332 -0.1478
vn -0.9783 -0.1451 -0.1478
vn -0.9810 -0.1455 -0.1281
vn -0.9906 -0.0487 -0.1281
vn -0.9878 -0.0486 -0.1478
vn 0.8940 -0.4229 -0.1478
vn 0.8965 -0.4241 -0.1281
vn 0.8507 -0.5098 -0.1281
vn 0.8483 -0.5084 -0.1478
vn -0.9878 0.0486 -0.1478
vn -0.9906 0.0487 -0.1281
vn -0.9810 0.1455 -0.1281
vn -0.9783 0.1451 -0.1478
vn 0.7944 -0.5892 -0.1478
vn 0.7966 -0.5908 -0.1281
vn 0.7349 -0.6660 -0.1281
vn 0.7328 -0.6642 -0.1478
vn -0.9593 0.2405 -0.1478
vn -0.9620 0.2412 -0.1281
vn -0.9333 0.3355 -0.1281
vn -0.9308 0.3344 -0.1477
vn 0.6642 -0.7328 -0.1478
vn 0.6660 -0.7349 -0.1281
vn 0.5908 -0.7966 -0.1281
vn 0.5892 -0.7944 -0.1478
vn -0.8921 0.4273 -0.1470
vn -0.8941 0.4291 -0.1282
vn -0.8402 0.5269 -0.1281
vn -0.8395 0.5237 -0.1450
vn 0.5084 -0.8483 -0.1478
vn 0.5098 -0.8507 -0.1281
vn 0.4241 -0.8965 -0.1281
vn 0.4229 -0.8940 -0.1478
vn 0.4126 0.9050 -0.1037
vn 0.3968 0.9135 -0.0901
vn 0.5288 0.8428 -0.1004
vn 0.5377 0.8353 -0.1147
vn -0.1429 0.9877 -0.0642
vn -0.1247 0.9906 -0.0555
vn -0.0748 0.9961 -0.0461
vn -0.0916 0.9943 -0.0538
vn -0.2412 -0.9629 -0.1213
vn -0.2415 -0.9640 -0.1114
vn -0.3348 -0.9357 -0.1114
vn -0.3344 -0.9346 -0.1213
vn 0.6647 0.7372 -0.1208
vn 0.6627 0.7411 -0.1075
vn 0.7658 0.6335 -0.1107
vn 0.7648 0.6325 -0.1224
vn -0.0531 0.9976 -0.0453
vn -0.0402 0.9984 -0.0387
vn -0.0176 0.9993 -0.0344
vn -0.0228 0.9989 -0.0401
vn -0.4244 -0.8973 -0.1213
vn -0.4249 -0.8983 -0.1114
vn -0.5109 -0.8524 -0.1114
vn -0.5103 -0.8514 -0.1213
vn 0.8401 0.5285 -0.1221
vn 0.8416 0.5284 -0.1118
vn 0.8963 0.4291 -0.1117
vn 0.8949 0.4293 -0.1217
vn -0.5913 -0.7973 -0.1213
vn -0.5920 -0.7982 -0.1114
vn -0.6674 -0.7364 -0.1114
vn -0.6666 -0.7355 -0.1213
vn 0.9342 0.3356 -0.1214
vn 0.9354 0.3356 -0.1115
vn 0.9640 0.2416 -0.1114
vn 0.9628 0.2414 -0.1213
vn -0.7355 -0.6666 -0.1213
vn -0.7364 -0.6674 -0.1114
vn -0.7982 -0.5920 -0.1114
vn -0.7973 -0.5913 -0.1213
vn 0.9819 0.1456 -0.1213
vn 0.9830 0.1458 -0.1114
vn 0.9926 0.0488 -0.1114
vn 0.9914 0.0487 -0.1213
vn -0.8514 -0.5103 -0.1213
vn -0.8524 -0.5109 -0.1114
vn -0.8983 -0.4249 -0.1114
vn -0.8973 -0.4244 -0.1213
vn 0.9914 -0.0487 -0.1213
vn 0.9926 -0.0488 -0.1114
vn 0.9830 -0.1458 -0.1114
vn 0.9819 -0.1456 -0.1213
vn -0.9346 -0.3344 -0.1213
vn -0.9357 -0.3348 -0.1114
vn -0.9640 -0.2415 -0.1114
vn -0.9629 -0.2412 -0.1213
vn 0.9629 -0.2412 -0.1213
vn 0.9640 -0.2415 -0.1114
vn 0.9357 -0.3348 -0.1114
vn 0.9346 -0.3344 -0.1213
vn -0.9819 -0.1456 -0.1213
vn -0.9830 -0.1458 -0.1114
vn -0.9926 -0.0488 -0.1114
vn -0.9914 -0.0487 -0.1213
vn 0.8973 -0.4244 -0.1213
vn 0.8983 -0.4249 -0.1114
vn 0.8524 -0.5109 -0.1114
vn 0.8514 -0.5103 -0.1213
vn -0.9914 0.0487 -0.1213
vn -0.9926 0.0488 -0.1114
vn -0.9830 0.1458 -0.1114
vn -0.9819 0.1456 -0.1213
vn 0.7973 -0.5913 -0.1213
vn 0.7982 -0.5920 -0.1114
vn 0.7364 -0.6674 -0.1114
vn 0.7355 -0.6666 -0.1213
vn -0.9628 0.2414 -0.1213
vn -0.9640 0.2416 -0.1114
vn -0.9354 0.3356 -0.1115
vn -0.9342 0.3355 -0.1214
vn 0.6666 -0.7355 -0.1213
vn 0.6674 -0.7364 -0.1114
vn 0.5920 -0.7982 -0.1114
vn 0.5913 -0.7973 -0.1213
vn -0.8951 0.4290 -0.1216
vn -0.8964 0.4289 -0.1117
vn -0.8423 0.5274 -0.1116
vn -0.8412 0.5268 -0.1218
vn 0.5103 -0.8514 -0.1213
vn 0.5109 -0.8524 -0.1114
vn 0.4249 -0.8983 -0.1114
vn 0.4244 -0.8973 -0.1213
vn 0.0043 0.9992 -0.0399
vn -0.0009 0.9994 -0.0346
vn 0.0306 0.9988 -0.0393
vn 0.0430 0.9981 -0.0448
vn -0.7676 0.6293 -0.1213
vn -0.7675 0.6316 -0.1101
vn -0.6635 0.7406 -0.1061
vn -0.6671 0.7355 -0.1185
vn 0.3344 -0.9346 -0.1213
vn 0.3348 -0.9357 -0.1114
vn 0.2415 -0.9640 -0.1114
vn 0.2412 -0.9629 -0.1213
vn 0.0955 0.9940 -0.0530
vn 0.0798 0.9957 -0.0468
vn 0.1359 0.9891 -0.0559
vn 0.1544 0.9860 -0.0635
vn -0.5354 0.8372 -0.1111
vn -0.5257 0.8450 -0.0984
vn -0.3913 0.9161 -0.0879
vn -0.4059 0.9084 -0.0999
vn 0.1456 -0.9819 -0.1213
vn 0.1458 -0.9830 -0.1114
vn 0.0488 -0.9926 -0.1114
vn 0.0487 -0.9914 -0.1213
vn 0.2206 0.9724 -0.0760
vn 0.1997 0.9776 -0.0665
vn 0.2862 0.9550 -0.0782
vn 0.3063 0.9477 -0.0901
vn -0.2974 0.9507 -0.0875
vn -0.2807 0.9567 -0.0768
vn -0.1919 0.9792 -0.0658
vn -0.2097 0.9748 -0.0755
vn -0.0487 -0.9914 -0.1213
vn -0.0488 -0.9926 -0.1114
vn -0.1458 -0.9830 -0.1114
vn -0.1456 -0.9819 -0.1213
vn 0.9377 0.3361 -0.0877
vn 0.9405 0.3365 -0.0465
vn 0.9690 0.2428 -0.0463
vn 0.9663 0.2422 -0.0876
vn -0.7381 -0.6689 -0.0876
vn -0.7402 -0.6708 -0.0463
vn -0.8023 -0.5951 -0.0463
vn -0.8001 -0.5934 -0.0876
vn 0.9854 0.1461 -0.0876
vn 0.9881 0.1465 -0.0463
vn 0.9977 0.0491 -0.0463
vn 0.9950 0.0489 -0.0876
vn -0.8545 -0.5121 -0.0876
vn -0.8568 -0.5135 -0.0463
vn -0.9030 -0.4271 -0.0463
vn -0.9005 -0.4259 -0.0876
vn 0.9950 -0.0489 -0.0876
vn 0.9977 -0.0491 -0.0463
vn 0.9881 -0.1465 -0.0463
vn 0.9854 -0.1461 -0.0876
vn -0.9379 -0.3356 -0.0876
vn -0.9405 -0.3365 -0.0463
vn -0.9690 -0.2428 -0.0463
vn -0.9663 -0.2421 -0.0876
vn 0.9663 -0.2421 -0.0876
vn 0.9690 -0.2428 -0.0463
vn 0.9405 -0.3365 -0.0463
vn 0.9379 -0.3356 -0.0876
vn -0.9854 -0.1461 -0.0876
vn -0.9881 -0.1465 -0.0463
vn -0.9977 -0.0491 -0.0463
vn -0.9950 -0.0489 -0.0876
vn 0.9005 -0.4259 -0.0876
vn 0.9030 -0.4271 -0.0463
vn 0.8568 -0.5135 -0.0463
vn 0.8545 -0.5121 -0.0876
vn -0.9950 0.0489 -0.0876
vn -0.9977 0.0491 -0.0463
vn -0.9881 0.1465 -0.0463
vn -0.9854 0.1461 -0.0876
vn 0.8001 -0.5934 -0.0876
vn 0.8023 -0.5951 -0.0463
vn 0.7402 -0.6708 -0.0463
vn 0.7381 -0.6689 -0.0876
vn -0.9663 0.2422 -0.0876
vn -0.9690 0.2428 -0.0463
vn -0.9405 0.3365 -0.0465
vn -0.9378 0.3360 -0.0877
vn 0.6690 -0.7381 -0.0876
vn 0.6708 -0.7402 -0.0463
vn 0.5951 -0.8023 -0.0463
vn 0.5934 -0.8001 -0.0876
vn -0.8988 0.4293 -0.0881
vn -0.9017 0.4298 -0.0471
vn -0.8456 0.5317 -0.0472
vn -0.8437 0.5295 -0.0878
vn 0.5121 -0.8545 -0.0876
vn 0.5135 -0.8568 -0.0463
vn 0.4271 -0.9030 -0.0463
vn 0.4259 -0.9005 -0.0876
vn -0.0060 0.9997 -0.0219
vn -0.0102 0.9999 -0.0082
vn 0.0125 0.9999 -0.0107
vn 0.0199 0.9995 -0.0259
vn -0.7663 0.6367 -0.0854
vn -0.7653 0.6420 -0.0455
vn -0.6549 0.7546 -0.0416
vn -0.6588 0.7480 -0.0802
vn 0.3356 -0.9379 -0.0876
vn 0.3365 -0.9405 -0.0463
vn 0.2428 -0.9690 -0.0463
vn 0.2421 -0.9663 -0.0876
vn 0.0669 0.9973 -0.0318
vn 0.0583 0.9982 -0.0140
vn 0.1136 0.9934 -0.0175
vn 0.1219 0.9918 -0.0383
vn -0.5167 0.8531 -0.0726
vn -0.5106 0.8591 -0.0366
vn -0.3698 0.9286 -0.0316
vn -0.3786 0.9234 -0.0638
vn 0.1461 -0.9854 -0.0876
vn 0.1465 -0.9881 -0.0463
vn 0.0491 -0.9977 -0.0463
vn 0.0489 -0.9950 -0.0876
vn 0.1849 0.9817 -0.0451
vn 0.1777 0.9839 -0.0203
vn 0.2644 0.9641 -0.0229
vn 0.2716 0.9610 -0.0525
vn -0.2654 0.9626 -0.0542
vn -0.2535 0.9670 -0.0261
vn -0.1626 0.9865 -0.0202
vn -0.1756 0.9835 -0.0445
vn -0.0489 -0.9950 -0.0876
vn -0.0491 -0.9977 -0.0463
vn -0.1465 -0.9881 -0.0463
vn -0.1461 -0.9854 -0.0876
vn 0.3839 0.9214 -0.0608
vn 0.3758 0.9263 -0.0265
vn 0.5115 0.8587 -0.0319
vn 0.5194 0.8517 -0.0699
vn -0.1091 0.9934 -0.0357
vn -0.0977 0.9951 -0.0147
vn -0.0527 0.9986 -0.0106
vn -0.0614 0.9977 -0.0284
vn -0.2421 -0.9663 -0.0876
vn -0.2428 -0.9690 -0.0463
vn -0.3365 -0.9405 -0.0463
vn -0.3356 -0.9379 -0.0876
vn 0.6580 0.7490 -0.0784
vn 0.6520 0.7572 -0.0385
vn 0.7625 0.6455 -0.0442
vn 0.7647 0.6388 -0.0846
vn -0.0308 0.9993 -0.0233
vn -0.0255 0.9996 -0.0080
vn -0.0139 0.9999 -0.0072
vn -0.0146 0.9997 -0.0210
vn -0.4259 -0.9005 -0.0876
vn -0.4271 -0.9030 -0.0463
vn -0.5135 -0.8568 -0.0463
vn -0.5121 -0.8545 -0.0876
vn 0.8431 0.5305 -0.0877
vn 0.8446 0.5333 -0.0469
vn 0.9016 0.4301 -0.0470
vn 0.8987 0.4296 -0.0881
vn -0.5934 -0.8001 -0.0876
vn -0.5951 -0.8023 -0.0463
vn -0.6708 -0.7402 -0.0463
vn -0.6689 -0.7381 -0.0876
vn 0.9700 -0.2430 -0.0119
vn 0.9699 -0.2430 0.0169
vn 0.9414 -0.3368 0.0169
vn 0.9415 -0.3368 -0.0119
vn -0.9891 -0.1467 -0.0119
vn -0.9890 -0.1467 0.0169
vn -0.9987 -0.0491 0.0169
vn -0.9987 -0.0491 -0.0119
vn 0.9039 -0.4276 -0.0119
vn 0.9038 -0.4275 0.0169
vn 0.8576 -0.5140 0.0169
vn 0.8577 -0.5140 -0.0119
vn -0.9987 0.0491 -0.0119
vn -0.9987 0.0491 0.0169
vn -0.9890 0.1467 0.0169
vn -0.9891 0.1467 -0.0119
vn 0.8031 -0.5957 -0.0119
vn 0.8031 -0.5956 0.0169
vn 0.7409 -0.6714 0.0169
vn 0.7409 -0.6715 -0.0119
vn -0.9699 0.2430 -0.0119
vn -0.9698 0.2432 0.0169
vn -0.9408 0.3386 0.0171
vn -0.9414 0.3370 -0.0119
vn 0.6715 -0.7409 -0.0119
vn 0.6714 -0.7409 0.0169
vn 0.5956 -0.8031 0.0169
vn 0.5957 -0.8031 -0.0119
vn -0.9023 0.4309 -0.0118
vn -0.9003 0.4349 0.0178
vn -0.8402 0.5418 0.0197
vn -0.8449 0.5348 -0.0109
vn 0.5140 -0.8577 -0.0119
vn 0.5140 -0.8576 0.0169
vn 0.4275 -0.9038 0.0169
vn 0.4276 -0.9039 -0.0119
vn -0.0121 0.9999 0.0050
vn -0.0111 0.9998 0.0173
vn 0.0111 0.9998 0.0193
vn 0.0094 0.9999 0.0047
vn -0.7619 0.6477 -0.0080
vn -0.7533 0.6572 0.0235
vn -0.6395 0.7683 0.0286
vn -0.6496 0.7602 -0.0034
vn 0.3368 -0.9415 -0.0119
vn 0.3368 -0.9414 0.0169
vn 0.2430 -0.9699 0.0169
vn 0.2430 -0.9700 -0.0119
vn 0.0547 0.9985 0.0044
vn 0.0563 0.9982 0.0220
vn 0.1127 0.9933 0.0252
vn 0.1108 0.9938 0.0043
vn -0.5061 0.8625 0.0006
vn -0.4990 0.8660 0.0322
vn -0.3622 0.9315 0.0328
vn -0.3654 0.9308 0.0026
vn 0.1467 -0.9891 -0.0119
vn 0.1467 -0.9890 0.0169
vn 0.0491 -0.9987 0.0169
vn 0.0491 -0.9987 -0.0119
vn 0.1765 0.9843 0.0050
vn 0.1791 0.9834 0.0288
vn 0.2641 0.9640 0.0323
vn 0.2629 0.9648 0.0061
vn -0.2476 0.9688 0.0036
vn -0.2468 0.9686 0.0308
vn -0.1572 0.9872 0.0273
vn -0.1564 0.9877 0.0042
vn -0.0491 -0.9987 -0.0119
vn -0.0491 -0.9987 0.0169
vn -0.1467 -0.9890 0.0169
vn -0.1467 -0.9891 -0.0119
vn 0.3721 0.9282 0.0061
vn 0.3695 0.9286 0.0345
vn 0.4973 0.8669 0.0339
vn 0.5051 0.8630 0.0037
vn -0.0925 0.9957 0.0047
vn -0.0940 0.9953 0.0236
vn -0.0508 0.9985 0.0203
vn -0.0491 0.9988 0.0051
vn -0.2430 -0.9700 -0.0119
vn -0.2430 -0.9699 0.0169
vn -0.3368 -0.9414 0.0169
vn -0.3368 -0.9415 -0.0119
vn 0.6445 0.7646 -0.0014
vn 0.6327 0.7738 0.0299
vn 0.7477 0.6636 0.0242
vn 0.7575 0.6528 -0.0071
vn -0.0238 0.9997 0.0052
vn -0.0252 0.9995 0.0179
vn -0.0144 0.9998 0.0168
vn -0.0140 0.9999 0.0052
vn -0.4276 -0.9039 -0.0119
vn -0.4275 -0.9038 0.0169
vn -0.5140 -0.8576 0.0169
vn -0.5140 -0.8577 -0.0119
vn 0.8434 0.5372 -0.0106
vn 0.8383 0.5449 0.0199
vn 0.9000 0.4355 0.0179
vn 0.9021 0.4313 -0.0117
vn -0.5957 -0.8031 -0.0119
vn -0.5956 -0.8031 0.0169
vn -0.6714 -0.7409 0.0169
vn -0.6715 -0.7409 -0.0119
vn 0.9414 0.3371 -0.0118
vn 0.9408 0.3387 0.0171
vn 0.9698 0.2433 0.0169
vn 0.9699 0.2430 -0.0119
vn -0.7409 -0.6715 -0.0119
vn -0.7409 -0.6714 0.0169
vn -0.8031 -0.5956 0.0169
vn -0.8031 -0.5957 -0.0119
vn 0.9891 0.1467 -0.0119
vn 0.9890 0.1467 0.0169
vn 0.9987 0.0491 0.0169
vn 0.9987 0.0491 -0.0119
vn -0.8577 -0.5140 -0.0119
vn -0.8576 -0.5140 0.0169
vn -0.9038 -0.4275 0.0169
vn -0.9039 -0.4276 -0.0119
vn 0.9987 -0.0491 -0.0119
vn 0.9987 -0.0491 0.0169
vn 0.9890 -0.1467 0.0169
vn 0.9891 -0.1467 -0.0119
vn -0.9415 -0.3368 -0.0119
vn -0.9414 -0.3368 0.0169
vn -0.9699 -0.2430 0.0169
vn -0.9700 -0.2430 -0.0119
vn 0.6700 -0.7392 0.0684
vn 0.6629 -0.7315 0.1597
vn 0.5881 -0.7929 0.1597
vn 0.5943 -0.8013 0.0684
vn -0.8950 0.4409 0.0672
vn -0.8854 0.4397 0.1508
vn -0.8229 0.5504 0.1409
vn -0.8321 0.5506 0.0661
vn 0.5129 -0.8557 0.0684
vn 0.5075 -0.8467 0.1597
vn 0.4221 -0.8924 0.1597
vn 0.4266 -0.9019 0.0684
vn -0.0075 0.9995 0.0295
vn -0.0018 0.9990 0.0453
vn 0.0273 0.9983 0.0510
vn 0.0173 0.9993 0.0335
vn -0.7422 0.6670 0.0657
vn -0.7333 0.6674 0.1301
vn -0.6195 0.7759 0.1195
vn -0.6276 0.7758 0.0657
vn 0.3361 -0.9393 0.0684
vn 0.3325 -0.9295 0.1597
vn 0.2399 -0.9576 0.1597
vn 0.2424 -0.9677 0.0684
vn 0.0629 0.9972 0.0393
vn 0.0734 0.9955 0.0591
vn 0.1281 0.9894 0.0679
vn 0.1188 0.9919 0.0456
vn -0.4904 0.8691 0.0648
vn -0.4844 0.8680 0.1090
vn -0.3577 0.9286 0.0984
vn -0.3588 0.9314 0.0620
vn 0.1463 -0.9869 0.0684
vn 0.1448 -0.9765 0.1597
vn 0.0485 -0.9860 0.1597
vn 0.0490 -0.9965 0.0684
vn 0.1839 0.9816 0.0519
vn 0.1906 0.9787 0.0767
vn 0.2694 0.9592 0.0857
vn 0.2660 0.9622 0.0576
vn -0.2489 0.9669 0.0570
vn -0.2547 0.9631 0.0869
vn -0.1733 0.9820 0.0746
vn -0.1629 0.9854 0.0501
vn -0.0490 -0.9965 0.0684
vn -0.0485 -0.9860 0.1597
vn -0.1448 -0.9765 0.1597
vn -0.1463 -0.9869 0.0684
vn 0.3669 0.9282 0.0622
vn 0.3664 0.9255 0.0953
vn 0.4846 0.8683 0.1058
vn 0.4890 0.8698 0.0651
vn -0.1011 0.9940 0.0427
vn -0.1128 0.9916 0.0631
vn -0.0679 0.9963 0.0536
vn -0.0575 0.9977 0.0360
vn -0.2424 -0.9677 0.0684
vn -0.2399 -0.9576 0.1597
vn -0.3325 -0.9295 0.1597
vn -0.3361 -0.9393 0.0684
vn 0.6199 0.7819 0.0662
vn 0.6123 0.7819 0.1172
vn 0.7262 0.6753 0.1289
vn 0.7353 0.6745 0.0660
vn -0.0299 0.9991 0.0310
vn -0.0371 0.9982 0.0468
vn -0.0170 0.9989 0.0437
vn -0.0155 0.9995 0.0285
vn -0.4266 -0.9019 0.0684
vn -0.4221 -0.8924 0.1597
vn -0.5075 -0.8467 0.1597
vn -0.5129 -0.8557 0.0684
vn 0.8297 0.5543 0.0663
vn 0.8203 0.5544 0.1406
vn 0.8850 0.4406 0.1507
vn 0.8947 0.4417 0.0672
vn -0.5943 -0.8013 0.0684
vn -0.5881 -0.7929 0.1597
vn -0.6629 -0.7315 0.1597
vn -0.6700 -0.7392 0.0684
vn 0.9376 0.3409 0.0681
vn 0.9277 0.3387 0.1571
vn 0.9574 0.2408 0.1594
vn 0.9676 0.2432 0.0684
vn -0.7392 -0.6700 0.0684
vn -0.7315 -0.6629 0.1597
vn -0.7929 -0.5881 0.1597
vn -0.8013 -0.5943 0.0684
vn 0.9869 0.1463 0.0684
vn 0.9765 0.1448 0.1597
vn 0.9860 0.0485 0.1597
vn 0.9965 0.0490 0.0684
vn -0.8557 -0.5129 0.0684
vn -0.8467 -0.5075 0.1597
vn -0.8924 -0.4221 0.1597
vn -0.9019 -0.4266 0.0684
vn 0.9965 -0.0490 0.0684
vn 0.9860 -0.0485 0.1597
vn 0.9765 -0.1448 0.1597
vn 0.9869 -0.1463 0.0684
vn -0.9393 -0.3361 0.0684
vn -0.9295 -0.3325 0.1597
vn -0.9576 -0.2399 0.1597
vn -0.9677 -0.2425 0.0684
vn 0.9677 -0.2424 0.0684
vn 0.9576 -0.2399 0.1597
vn 0.9295 -0.3325 0.1597
vn 0.9393 -0.3361 0.0684
vn -0.9869 -0.1463 0.0684
vn -0.9765 -0.1448 0.1597
vn -0.9860 -0.0485 0.1597
vn -0.9965 -0.0490 0.0684
vn 0.9019 -0.4266 0.0684
vn 0.8924 -0.4221 0.1597
vn 0.8467 -0.5075 0.1597
vn 0.8557 -0.5129 0.0684
vn -0.9965 0.0490 0.0684
vn -0.9860 0.0485 0.1597
vn -0.9765 0.1448 0.1597
vn -0.9869 0.1463 0.0684
vn 0.8013 -0.5943 0.0684
vn 0.7929 -0.5881 0.1597
vn 0.7315 -0.6629 0.1597
vn 0.7392 -0.6700 0.0684
vn -0.9676 0.2431 0.0684
vn -0.9574 0.2408 0.1594
vn -0.9277 0.3386 0.1571
vn -0.9377 0.3408 0.0681
vn 0.1417 -0.9554 0.2592
vn 0.1356 -0.9144 0.3815
vn 0.0454 -0.9233 0.3815
vn 0.0474 -0.9646 0.2592
vn 0.1999 0.9737 0.1097
vn 0.2144 0.9616 0.1714
vn 0.2914 0.9356 0.1994
vn 0.2769 0.9527 0.1251
vn -0.2681 0.9547 0.1291
vn -0.2904 0.9347 0.2047
vn -0.2129 0.9620 0.1707
vn -0.1899 0.9759 0.1076
vn -0.0474 -0.9646 0.2592
vn -0.0454 -0.9233 0.3815
vn -0.1356 -0.9144 0.3815
vn -0.1417 -0.9554 0.2592
vn 0.3720 0.9169 0.1448
vn 0.3851 0.8922 0.2358
vn 0.4932 0.8242 0.2782
vn 0.4869 0.8569 0.1691
vn -0.1281 0.9876 0.0904
vn -0.1475 0.9784 0.1447
vn -0.0947 0.9874 0.1269
vn -0.0803 0.9937 0.0781
vn -0.2347 -0.9369 0.2592
vn -0.2246 -0.8967 0.3815
vn -0.3114 -0.8704 0.3815
vn -0.3253 -0.9094 0.2592
vn 0.6108 0.7674 0.1952
vn 0.6059 0.7287 0.3191
vn 0.7022 0.6195 0.3510
vn 0.7199 0.6585 0.2193
vn -0.0452 0.9965 0.0703
vn -0.0540 0.9918 0.1161
vn -0.0193 0.9935 0.1118
vn -0.0182 0.9976 0.0671
vn -0.4130 -0.8731 0.2592
vn -0.3953 -0.8356 0.3815
vn -0.4752 -0.7929 0.3815
vn -0.4965 -0.8284 0.2592
vn 0.8088 0.5376 0.2383
vn 0.7797 0.5051 0.3701
vn 0.8338 0.4022 0.3782
vn 0.8692 0.4262 0.2506
vn -0.5754 -0.7757 0.2592
vn -0.5507 -0.7424 0.3815
vn -0.6207 -0.6849 0.3815
vn -0.6486 -0.7156 0.2592
vn 0.9087 0.3291 0.2569
vn 0.8702 0.3127 0.3807
vn 0.8967 0.2248 0.3814
vn 0.9368 0.2352 0.2590
vn -0.7156 -0.6486 0.2592
vn -0.6849 -0.6207 0.3815
vn -0.7424 -0.5507 0.3815
vn -0.7757 -0.5754 0.2592
vn 0.9554 0.1417 0.2592
vn 0.9144 0.1356 0.3815
vn 0.9233 0.0454 0.3815
vn 0.9646 0.0474 0.2592
vn -0.8284 -0.4965 0.2592
vn -0.7929 -0.4752 0.3815
vn -0.8356 -0.3953 0.3815
vn -0.8731 -0.4130 0.2592
vn 0.9646 -0.0474 0.2592
vn 0.9233 -0.0454 0.3815
vn 0.9144 -0.1356 0.3815
vn 0.9554 -0.1417 0.2592
vn -0.9094 -0.3253 0.2592
vn -0.8704 -0.3114 0.3815
vn -0.8967 -0.2246 0.3815
vn -0.9369 -0.2347 0.2592
vn 0.9369 -0.2347 0.2592
vn 0.8967 -0.2246 0.3815
vn 0.8704 -0.3114 0.3815
vn 0.9094 -0.3253 0.2592
vn -0.9554 -0.1417 0.2592
vn -0.9144 -0.1356 0.3815
vn -0.9233 -0.0454 0.3815
vn -0.9646 -0.0474 0.2592
vn 0.8731 -0.4130 0.2592
vn 0.8356 -0.3953 0.3815
vn 0.7929 -0.4752 0.3815
vn 0.8284 -0.4965 0.2592
vn -0.9646 0.0474 0.2592
vn -0.9233 0.0454 0.3815
vn -0.9144 0.1356 0.3815
vn -0.9554 0.1417 0.2592
vn 0.7757 -0.5754 0.2592
vn 0.7424 -0.5507 0.3815
vn 0.6849 -0.6207 0.3815
vn 0.7156 -0.6486 0.2592
vn -0.9368 0.2352 0.2590
vn -0.8967 0.2248 0.3814
vn -0.8702 0.3126 0.3808
vn -0.9087 0.3289 0.2570
vn 0.6486 -0.7156 0.2592
vn 0.6207 -0.6849 0.3815
vn 0.5507 -0.7424 0.3815
vn 0.5754 -0.7757 0.2592
vn -0.8696 0.4254 0.2508
vn -0.8339 0.4017 0.3785
vn -0.7805 0.5027 0.3716
vn -0.8108 0.5340 0.2396
vn 0.4965 -0.8284 0.2592
vn 0.4752 -0.7929 0.3815
vn 0.3953 -0.8356 0.3815
vn 0.4130 -0.8731 0.2592
vn 0.0055 0.9976 0.0695
vn 0.0134 0.9934 0.1141
vn 0.0529 0.9911 0.1222
vn 0.0394 0.9963 0.0766
vn -0.7252 0.6514 0.2233
vn -0.7043 0.6144 0.3556
vn -0.6066 0.7243 0.3279
vn -0.6152 0.7619 0.2026
vn 0.3253 -0.9094 0.2592
vn 0.3114 -0.8704 0.3815
vn 0.2246 -0.8967 0.3815
vn 0.2347 -0.9369 0.2592
vn 0.0860 0.9925 0.0863
vn 0.1006 0.9858 0.1346
vn 0.1542 0.9765 0.1506
vn 0.1394 0.9854 0.0973
vn -0.4842 0.8566 0.1784
vn -0.4890 0.8231 0.2889
vn -0.3800 0.8918 0.2453
vn -0.3641 0.9187 0.1532
vn -0.3668 -0.7754 0.5140
vn -0.3379 -0.7143 0.6128
vn -0.4062 -0.6778 0.6128
vn -0.4410 -0.7358 0.5140
vn 0.7283 0.4602 0.5077
vn 0.6747 0.4167 0.6092
vn 0.7139 0.3397 0.6123
vn 0.7745 0.3703 0.5129
vn -0.5110 -0.6890 0.5140
vn -0.4708 -0.6347 0.6128
vn -0.5306 -0.5855 0.6128
vn -0.5760 -0.6356 0.5140
vn 0.8076 0.2894 0.5138
vn 0.7440 0.2663 0.6128
vn 0.7665 0.1921 0.6128
vn 0.8321 0.2085 0.5140
vn -0.6356 -0.5760 0.5140
vn -0.5855 -0.5306 0.6128
vn -0.6347 -0.4708 0.6128
vn -0.6890 -0.5110 0.5140
vn 0.8485 0.1258 0.5140
vn 0.7817 0.1159 0.6128
vn 0.7892 0.0388 0.6128
vn 0.8568 0.0421 0.5140
vn -0.7358 -0.4410 0.5140
vn -0.6778 -0.4062 0.6128
vn -0.7143 -0.3379 0.6128
vn -0.7754 -0.3668 0.5140
vn 0.8568 -0.0421 0.5140
vn 0.7892 -0.0388 0.6128
vn 0.7817 -0.1159 0.6128
vn 0.8485 -0.1258 0.5140
vn -0.8077 -0.2889 0.5140
vn -0.7440 -0.2662 0.6128
vn -0.7665 -0.1920 0.6128
vn -0.8321 -0.2085 0.5140
vn 0.8321 -0.2085 0.5140
vn 0.7665 -0.1920 0.6128
vn 0.7440 -0.2662 0.6128
vn 0.8077 -0.2889 0.5140
vn -0.8485 -0.1258 0.5140
vn -0.7817 -0.1159 0.6128
vn -0.7892 -0.0388 0.6128
vn -0.8568 -0.0421 0.5140
vn 0.7754 -0.3668 0.5140
vn 0.7143 -0.3379 0.6128
vn 0.6778 -0.4062 0.6128
vn 0.7358 -0.4410 0.5140
vn -0.8568 0.0421 0.5140
vn -0.7892 0.0388 0.6128
vn -0.7817 0.1159 0.6128
vn -0.8485 0.1258 0.5140
vn 0.6890 -0.5110 0.5140
vn 0.6347 -0.4708 0.6128
vn 0.5855 -0.5306 0.6128
vn 0.6356 -0.5760 0.5140
vn -0.8321 0.2085 0.5140
vn -0.7665 0.1921 0.6128
vn -0.7440 0.2663 0.6128
vn -0.8076 0.2894 0.5138
vn 0.5760 -0.6356 0.5140
vn 0.5306 -0.5855 0.6128
vn 0.4708 -0.6347 0.6128
vn 0.5110 -0.6890 0.5140
vn -0.7745 0.3701 0.5130
vn -0.7139 0.3396 0.6123
vn -0.6747 0.4164 0.6094
vn -0.7285 0.4592 0.5083
vn 0.4410 -0.7358 0.5140
vn 0.4062 -0.6778 0.6128
vn 0.3379 -0.7143 0.6128
vn 0.3668 -0.7754 0.5140
vn 0.0206 0.9811 0.1922
vn 0.0258 0.9450 0.3261
vn 0.0797 0.9391 0.3344
vn 0.0670 0.9774 0.2007
vn -0.6669 0.5575 0.4943
vn -0.6257 0.4984 0.6001
vn -0.5660 0.5850 0.5809
vn -0.5895 0.6593 0.4666
vn 0.2889 -0.8077 0.5140
vn 0.2662 -0.7440 0.6128
vn 0.1920 -0.7665 0.6128
vn 0.2085 -0.8321 0.5140
vn 0.1189 0.9690 0.2166
vn 0.1376 0.9259 0.3517
vn 0.1995 0.9037 0.3788
vn 0.1759 0.9546 0.2404
vn -0.4955 0.7583 0.4235
vn -0.4946 0.6738 0.5490
vn -0.4195 0.7533 0.5065
vn -0.4033 0.8365 0.3709
vn 0.1258 -0.8485 0.5140
vn 0.1159 -0.7817 0.6128
vn 0.0388 -0.7892 0.6128
vn 0.0421 -0.8568 0.5140
vn 0.2386 0.9318 0.2734
vn 0.2648 0.8702 0.4156
vn 0.3391 0.8206 0.4601
vn 0.3156 0.8946 0.3165
vn -0.3196 0.8921 0.3193
vn -0.3428 0.8186 0.4609
vn -0.2674 0.8681 0.4182
vn -0.2418 0.9305 0.2750
vn -0.0421 -0.8568 0.5140
vn -0.0388 -0.7892 0.6128
vn -0.1159 -0.7817 0.6128
vn -0.1258 -0.8485 0.5140
vn 0.4046 0.8375 0.3673
vn 0.4187 0.7535 0.5069
vn 0.4953 0.6734 0.5489
vn 0.4985 0.7588 0.4192
vn -0.1724 0.9554 0.2398
vn -0.1972 0.9030 0.3817
vn -0.1337 0.9259 0.3534
vn -0.1135 0.9702 0.2142
vn -0.2085 -0.8321 0.5140
vn -0.1920 -0.7665 0.6128
vn -0.2662 -0.7440 0.6128
vn -0.2889 -0.8077 0.5140
vn 0.5903 0.6614 0.4627
vn 0.5663 0.5853 0.5803
vn 0.6256 0.4991 0.5997
vn 0.6666 0.5599 0.4922
vn -0.0654 0.9780 0.1982
vn -0.0778 0.9390 0.3349
vn -0.0254 0.9450 0.3262
vn -0.0217 0.9813 0.1912
vn -0.6163 -0.3694 0.6955
vn -0.5179 -0.3104 0.7971
vn -0.5458 -0.2582 0.7971
vn -0.6496 -0.3072 0.6955
vn 0.7177 -0.0353 0.6955
vn 0.6031 -0.0297 0.7971
vn 0.5973 -0.0886 0.7971
vn 0.7108 -0.1054 0.6955
vn -0.6766 -0.2420 0.6955
vn -0.5685 -0.2034 0.7971
vn -0.5857 -0.1467 0.7971
vn -0.6970 -0.1746 0.6955
vn 0.6970 -0.1746 0.6955
vn 0.5857 -0.1467 0.7971
vn 0.5685 -0.2034 0.7971
vn 0.6766 -0.2420 0.6955
vn -0.7108 -0.1054 0.6955
vn -0.5973 -0.0886 0.7971
vn -0.6031 -0.0297 0.7971
vn -0.7177 -0.0353 0.6955
vn 0.6496 -0.3072 0.6955
vn 0.5458 -0.2582 0.7971
vn 0.5179 -0.3104 0.7971
vn 0.6163 -0.3694 0.6955
vn -0.7177 0.0353 0.6955
vn -0.6031 0.0297 0.7971
vn -0.5973 0.0886 0.7971
vn -0.7108 0.1054 0.6955
vn 0.5771 -0.4281 0.6955
vn 0.4850 -0.3597 0.7971
vn 0.4474 -0.4055 0.7971
vn 0.5324 -0.4825 0.6955
vn -0.6970 0.1746 0.6955
vn -0.5857 0.1467 0.7971
vn -0.5685 0.2034 0.7971
vn -0.6766 0.2421 0.6955
vn 0.4825 -0.5324 0.6955
vn 0.4055 -0.4474 0.7971
vn 0.3597 -0.4850 0.7971
vn 0.4281 -0.5771 0.6955
vn -0.6494 0.3080 0.6953
vn -0.5457 0.2585 0.7971
vn -0.5172 0.3124 0.7969
vn -0.6151 0.3739 0.6941
vn 0.3694 -0.6163 0.6955
vn 0.3104 -0.5179 0.7971
vn 0.2582 -0.5458 0.7971
vn 0.3073 -0.6496 0.6955
vn 0.0281 0.8536 0.5201
vn 0.0260 0.6851 0.7280
vn 0.0792 0.6773 0.7314
vn 0.0859 0.8455 0.5270
vn -0.5735 0.4409 0.6904
vn -0.4827 0.3652 0.7960
vn -0.4429 0.4168 0.7938
vn -0.5244 0.5096 0.6821
vn 0.2420 -0.6766 0.6955
vn 0.2034 -0.5685 0.7971
vn 0.1467 -0.5857 0.7971
vn 0.1746 -0.6970 0.6955
vn 0.1463 0.8282 0.5410
vn 0.1335 0.6613 0.7381
vn 0.1881 0.6369 0.7476
vn 0.2085 0.8006 0.5618
vn -0.4676 0.5799 0.6671
vn -0.3982 0.4675 0.7892
vn -0.3495 0.5164 0.7818
vn -0.4059 0.6473 0.6451
vn 0.1054 -0.7108 0.6955
vn 0.0886 -0.5973 0.7971
vn 0.0296 -0.6031 0.7971
vn 0.0353 -0.7177 0.6955
vn 0.2715 0.7617 0.5883
vn 0.2422 0.6043 0.7591
vn 0.2962 0.5637 0.7711
vn 0.3379 0.7103 0.6175
vn -0.3392 0.7089 0.6184
vn -0.2964 0.5629 0.7716
vn -0.2419 0.6034 0.7598
vn -0.2720 0.7601 0.5902
vn -0.0353 -0.7177 0.6955
vn -0.0296 -0.6031 0.7971
vn -0.0886 -0.5973 0.7971
vn -0.1054 -0.7108 0.6955
vn 0.4053 0.6478 0.6451
vn 0.3494 0.5170 0.7814
vn 0.3982 0.4678 0.7891
vn 0.4675 0.5800 0.6671
vn -0.2068 0.7995 0.5639
vn -0.1872 0.6365 0.7482
vn -0.1326 0.6612 0.7384
vn -0.1441 0.8277 0.5424
vn -0.1746 -0.6970 0.6955
vn -0.1467 -0.5857 0.7971
vn -0.2034 -0.5685 0.7971
vn -0.2420 -0.6766 0.6955
vn 0.5244 0.5098 0.6820
vn 0.4428 0.4170 0.7937
vn 0.4827 0.3653 0.7960
vn 0.5735 0.4412 0.6903
vn -0.0849 0.8453 0.5275
vn -0.0789 0.6773 0.7315
vn -0.0261 0.6851 0.7280
vn -0.0279 0.8536 0.5202
vn -0.3072 -0.6496 0.6955
vn -0.2582 -0.5458 0.7971
vn -0.3104 -0.5179 0.7971
vn -0.3694 -0.6163 0.6955
vn 0.6151 0.3740 0.6941
vn 0.5172 0.3124 0.7968
vn 0.5457 0.2585 0.7971
vn 0.6494 0.3080 0.6953
vn -0.4281 -0.5771 0.6955
vn -0.3597 -0.4850 0.7971
vn -0.4055 -0.4474 0.7971
vn -0.4825 -0.5324 0.6955
vn 0.6766 0.2421 0.6955
vn 0.5685 0.2034 0.7971
vn 0.5857 0.1467 0.7971
vn 0.6970 0.1746 0.6955
vn -0.5324 -0.4825 0.6955
vn -0.4474 -0.4055 0.7971
vn -0.4850 -0.3597 0.7971
vn -0.5771 -0.4281 0.6955
vn 0.7108 0.1054 0.6955
vn 0.5973 0.0886 0.7971
vn 0.6031 0.0297 0.7971
vn 0.7177 0.0353 0.6955
vn -0.4641 0.0228 0.8855
vn -0.3181 0.0156 0.9479
vn -0.3150 0.0467 0.9479
vn -0.4597 0.0682 0.8855
vn 0.3732 -0.2768 0.8855
vn 0.2558 -0.1897 0.9479
vn 0.2360 -0.2139 0.9479
vn 0.3443 -0.3121 0.8855
vn -0.4508 0.1129 0.8855
vn -0.3089 0.0774 0.9479
vn -0.2998 0.1073 0.9479
vn -0.4375 0.1566 0.8855
vn 0.3121 -0.3443 0.8855
vn 0.2139 -0.2360 0.9479
vn 0.1897 -0.2558 0.9479
vn 0.2768 -0.3732 0.8855
vn -0.4200 0.1989 0.8855
vn -0.2879 0.1363 0.9479
vn -0.2730 0.1642 0.9479
vn -0.3982 0.2400 0.8854
vn 0.2389 -0.3986 0.8855
vn 0.1637 -0.2732 0.9479
vn 0.1362 -0.2879 0.9479
vn 0.1987 -0.4201 0.8855
vn 0.0209 0.4982 0.8668
vn 0.0148 0.3298 0.9439
vn 0.0446 0.3262 0.9443
vn 0.0633 0.4927 0.8679
vn -0.3720 0.2797 0.8851
vn -0.2553 0.1911 0.9478
vn -0.2350 0.2162 0.9476
vn -0.3421 0.3173 0.8844
vn 0.1565 -0.4375 0.8855
vn 0.1073 -0.2998 0.9479
vn 0.0774 -0.3089 0.9479
vn 0.1129 -0.4508 0.8855
vn 0.1062 0.4815 0.8700
vn 0.0744 0.3191 0.9448
vn 0.1038 0.3087 0.9455
vn 0.1490 0.4649 0.8727
vn -0.3089 0.3527 0.8833
vn -0.2123 0.2395 0.9474
vn -0.1874 0.2605 0.9471
vn -0.2724 0.3857 0.8815
vn 0.0682 -0.4597 0.8855
vn 0.0467 -0.3150 0.9479
vn 0.0156 -0.3181 0.9479
vn 0.0228 -0.4641 0.8855
vn 0.1913 0.4431 0.8758
vn 0.1325 0.2954 0.9461
vn 0.1605 0.2794 0.9467
vn 0.2326 0.4165 0.8789
vn -0.2325 0.4162 0.8790
vn -0.1605 0.2793 0.9467
vn -0.1325 0.2954 0.9461
vn -0.1911 0.4428 0.8760
vn -0.0228 -0.4641 0.8855
vn -0.0156 -0.3181 0.9479
vn -0.0467 -0.3150 0.9479
vn -0.0682 -0.4597 0.8855
vn 0.2724 0.3859 0.8814
vn 0.1874 0.2606 0.9471
vn 0.2123 0.2395 0.9474
vn 0.3089 0.3528 0.8832
vn -0.1487 0.4648 0.8728
vn -0.1037 0.3087 0.9455
vn -0.0744 0.3190 0.9448
vn -0.1060 0.4815 0.8700
vn -0.1129 -0.4508 0.8855
vn -0.0774 -0.3089 0.9479
vn -0.1073 -0.2998 0.9479
vn -0.1565 -0.4375 0.8855
vn 0.3421 0.3174 0.8844
vn 0.2350 0.2162 0.9476
vn 0.2553 0.1911 0.9478
vn 0.3720 0.2797 0.8851
vn -0.0632 0.4927 0.8679
vn -0.0446 0.3262 0.9443
vn -0.0148 0.3298 0.9439
vn -0.0210 0.4982 0.8668
vn -0.1987 -0.4201 0.8855
vn -0.1362 -0.2879 0.9479
vn -0.1637 -0.2732 0.9479
vn -0.2389 -0.3986 0.8855
vn 0.3982 0.2399 0.8854
vn 0.2730 0.1642 0.9479
vn 0.2879 0.1363 0.9479
vn 0.4200 0.1989 0.8855
vn -0.2768 -0.3732 0.8855
vn -0.1897 -0.2558 0.9479
vn -0.2139 -0.2360 0.9479
vn -0.3121 -0.3443 0.8855
vn 0.4375 0.1566 0.8855
vn 0.2998 0.1073 0.9479
vn 0.3089 0.0774 0.9479
vn 0.4508 0.1129 0.8855
vn -0.3443 -0.3121 0.8855
vn -0.2360 -0.2139 0.9479
vn -0.2558 -0.1897 0.9479
vn -0.3732 -0.2768 0.8855
vn 0.4597 0.0682 0.8855
vn 0.3150 0.0467 0.9479
vn 0.3181 0.0156 0.9479
vn 0.4641 0.0228 0.8855
vn -0.3986 -0.2389 0.8855
vn -0.2732 -0.1637 0.9479
vn -0.2879 -0.1362 0.9479
vn -0.4201 -0.1987 0.8855
vn 0.4641 -0.0228 0.8855
vn 0.3181 -0.0156 0.9479
vn 0.3150 -0.0467 0.9479
vn 0.4597 -0.0682 0.8855
vn -0.4375 -0.1565 0.8855
vn -0.2998 -0.1073 0.9479
vn -0.3089 -0.0774 0.9479
vn -0.4508 -0.1129 0.8855
vn 0.4508 -0.1129 0.8855
vn 0.3089 -0.0774 0.9479
vn 0.2998 -0.1073 0.9479
vn 0.4375 -0.1565 0.8855
vn -0.4597 -0.0682 0.8855
vn -0.3150 -0.0467 0.9479
vn -0.3181 -0.0156 0.9479
vn -0.4641 -0.0228 0.8855
vn 0.4201 -0.1987 0.8855
vn 0.2879 -0.1362 0.9479
vn 0.2732 -0.1637 0.9479
vn 0.3986 -0.2389 0.8855
vn -0.1158 0.0832 0.9898
vn -0.0217 0.0108 0.9997
vn -0.0302 0.0083 0.9995
vn -0.1105 0.0944 0.9894
vn 0.0442 -0.1383 0.9894
vn -0.0039 -0.0311 0.9995
vn 0.0017 -0.0242 0.9997
vn 0.0322 -0.1388 0.9898
vn 0.0316 0.1418 0.9894
vn 0.0016 0.0245 0.9997
vn -0.0040 0.0316 0.9995
vn 0.0434 0.1410 0.9891
vn -0.0931 0.1121 0.9893
vn -0.0082 0.0305 0.9995
vn -0.0107 0.0219 0.9997
vn -0.0820 0.1176 0.9897
vn 0.0234 -0.1406 0.9898
vn 0.0077 -0.0230 0.9997
vn 0.0155 -0.0273 0.9995
vn 0.0121 -0.1446 0.9894
vn 0.0655 0.1313 0.9892
vn 0.0247 0.0195 0.9995
vn 0.0159 0.0185 0.9997
vn 0.0744 0.1229 0.9896
vn -0.0744 0.1229 0.9896
vn -0.0159 0.0185 0.9997
vn -0.0247 0.0195 0.9995
vn -0.0655 0.1313 0.9892
vn -0.0121 -0.1446 0.9894
vn -0.0155 -0.0273 0.9995
vn -0.0077 -0.0230 0.9997
vn -0.0234 -0.1406 0.9898
vn 0.0820 0.1176 0.9897
vn 0.0107 0.0219 0.9997
vn 0.0082 0.0305 0.9995
vn 0.0931 0.1121 0.9893
vn -0.0434 0.1410 0.9891
vn 0.0040 0.0316 0.9995
vn -0.0016 0.0245 0.9997
vn -0.0316 0.1418 0.9894
vn -0.0322 -0.1388 0.9898
vn -0.0017 -0.0242 0.9997
vn 0.0039 -0.0311 0.9995
vn -0.0442 -0.1383 0.9894
vn 0.1105 0.0944 0.9894
vn 0.0302 0.0083 0.9995
vn 0.0217 0.0108 0.9997
vn 0.1158 0.0832 0.9898
vn -0.0231 0.1437 0.9893
vn -0.0078 0.0233 0.9997
vn -0.0156 0.0277 0.9995
vn -0.0120 0.1480 0.9889
vn -0.0665 -0.1290 0.9894
vn -0.0248 -0.0192 0.9995
vn -0.0159 -0.0183 0.9997
vn -0.0754 -0.1209 0.9898
vn 0.1209 0.0756 0.9898
vn 0.0183 0.0160 0.9997
vn 0.0192 0.0248 0.9995
vn 0.1290 0.0665 0.9894
vn -0.0829 -0.1160 0.9898
vn -0.0108 -0.0217 0.9997
vn -0.0083 -0.0302 0.9995
vn -0.0937 -0.1108 0.9894
vn 0.1382 0.0442 0.9894
vn 0.0311 -0.0039 0.9995
vn 0.0242 0.0017 0.9997
vn 0.1388 0.0322 0.9898
vn -0.1108 -0.0937 0.9894
vn -0.0302 -0.0083 0.9995
vn -0.0217 -0.0108 0.9997
vn -0.1160 -0.0829 0.9898
vn 0.1406 0.0234 0.9898
vn 0.0230 0.0077 0.9997
vn 0.0273 0.0155 0.9995
vn 0.1446 0.0121 0.9894
vn -0.1209 -0.0754 0.9898
vn -0.0183 -0.0159 0.9997
vn -0.0192 -0.0248 0.9995
vn -0.1290 -0.0665 0.9894
vn 0.1446 -0.0121 0.9894
vn 0.0273 -0.0155 0.9995
vn 0.0230 -0.0077 0.9997
vn 0.1406 -0.0234 0.9898
vn -0.1383 -0.0442 0.9894
vn -0.0311 0.0039 0.9995
vn -0.0242 -0.0017 0.9997
vn -0.1388 -0.0322 0.9898
vn 0.1388 -0.0322 0.9898
vn 0.0242 -0.0017 0.9997
vn 0.0311 0.0039 0.9995
vn 0.1383 -0.0442 0.9894
vn -0.1406 -0.0234 0.9898
vn -0.0230 -0.0077 0.9997
vn -0.0273 -0.0155 0.9995
vn -0.1446 -0.0121 0.9894
vn 0.1290 -0.0665 0.9894
vn 0.0192 -0.0248 0.9995
vn 0.0183 -0.0159 0.9997
vn 0.1209 -0.0754 0.9898
vn -0.1446 0.0121 0.9894
vn -0.0273 0.0155 0.9995
vn -0.0230 0.0077 0.9997
vn -0.1406 0.0234 0.9898
vn 0.1160 -0.0829 0.9898
vn 0.0217 -0.0108 0.9997
vn 0.0302 -0.0083 0.9995
vn 0.1108 -0.0937 0.9894
vn -0.1388 0.0322 0.9898
vn -0.0242 0.0017 0.9997
vn -0.0311 -0.0039 0.9995
vn -0.1382 0.0442 0.9894
vn 0.0937 -0.1108 0.9894
vn 0.0083 -0.0302 0.9995
vn 0.0108 -0.0217 0.9997
vn 0.0828 -0.1160 0.9898
vn -0.1290 0.0665 0.9894
vn -0.0192 0.0248 0.9995
vn -0.0183 0.0160 0.9997
vn -0.1209 0.0756 0.9898
vn 0.0754 -0.1209 0.9898
vn 0.0159 -0.0183 0.9997
vn 0.0248 -0.0192 0.9995
vn 0.0665 -0.1290 0.9894
vn 0.0120 0.1480 0.9889
vn 0.0156 0.0277 0.9995
vn 0.0078 0.0233 0.9997
vn 0.0231 0.1437 0.9893
vn -0.0000 -0.0000 1.0000
vn -0.1741 0.0284 -0.9843
vn -0.0211 0.0067 -0.9998
vn -0.0252 0.0139 -0.9996
vn -0.1800 0.0152 -0.9835
vn 0.1720 -0.0546 -0.9836
vn 0.0286 0.0037 -0.9996
vn 0.0220 -0.0015 -0.9998
vn 0.1714 -0.0395 -0.9844
vn -0.1714 -0.0395 -0.9844
vn -0.0220 -0.0015 -0.9998
vn -0.0286 0.0037 -0.9996
vn -0.1720 -0.0546 -0.9836
vn 0.1734 -0.0290 -0.9844
vn 0.0208 -0.0070 -0.9998
vn 0.0249 -0.0142 -0.9996
vn 0.1798 -0.0153 -0.9836
vn -0.1602 -0.0831 -0.9836
vn -0.0174 -0.0229 -0.9996
vn -0.0165 -0.0145 -0.9998
vn -0.1490 -0.0932 -0.9844
vn 0.1800 0.0152 -0.9835
vn 0.0252 0.0139 -0.9996
vn 0.0211 0.0067 -0.9998
vn 0.1741 0.0284 -0.9843
vn -0.1432 -0.1020 -0.9844
vn -0.0197 -0.0097 -0.9998
vn -0.0278 -0.0075 -0.9996
vn -0.1380 -0.1162 -0.9836
vn 0.1729 0.0384 -0.9842
vn 0.0221 0.0014 -0.9998
vn 0.0283 -0.0034 -0.9996
vn 0.1753 0.0528 -0.9831
vn -0.1162 -0.1380 -0.9836
vn -0.0073 -0.0278 -0.9996
vn -0.0096 -0.0197 -0.9998
vn -0.1020 -0.1431 -0.9844
vn -0.1798 -0.0153 -0.9836
vn -0.0249 -0.0142 -0.9996
vn -0.0208 -0.0070 -0.9998
vn -0.1734 -0.0290 -0.9844
vn 0.1672 0.0801 -0.9827
vn 0.0196 0.0212 -0.9996
vn 0.0182 0.0133 -0.9997
vn 0.1592 0.0906 -0.9831
vn -0.0932 -0.1490 -0.9844
vn -0.0145 -0.0164 -0.9998
vn -0.0229 -0.0175 -0.9996
vn -0.0831 -0.1601 -0.9836
vn -0.0545 -0.1719 -0.9836
vn 0.0039 -0.0285 -0.9996
vn -0.0014 -0.0218 -0.9998
vn -0.0394 -0.1712 -0.9844
vn -0.0274 0.2888 -0.9570
vn -0.0200 0.0361 -0.9991
vn -0.0120 0.0286 -0.9995
vn -0.0521 0.2723 -0.9608
vn 0.1380 -0.1162 -0.9836
vn 0.0278 -0.0075 -0.9996
vn 0.0197 -0.0097 -0.9998
vn 0.1432 -0.1020 -0.9844
vn 0.1567 0.1017 -0.9824
vn 0.0212 0.0091 -0.9997
vn 0.0293 0.0076 -0.9995
vn 0.1554 0.1224 -0.9802
vn 0.1490 -0.0932 -0.9844
vn 0.0165 -0.0145 -0.9998
vn 0.0174 -0.0229 -0.9996
vn 0.1602 -0.0831 -0.9836
vn -0.1753 0.0528 -0.9831
vn -0.0283 -0.0034 -0.9996
vn -0.0221 0.0014 -0.9998
vn -0.1729 0.0384 -0.9842
vn 0.1020 -0.1431 -0.9844
vn 0.0096 -0.0197 -0.9998
vn 0.0073 -0.0278 -0.9996
vn 0.1162 -0.1380 -0.9836
vn -0.1592 0.0906 -0.9831
vn -0.0182 0.0133 -0.9997
vn -0.0196 0.0212 -0.9996
vn -0.1672 0.0801 -0.9827
vn 0.0831 -0.1601 -0.9836
vn 0.0229 -0.0175 -0.9996
vn 0.0145 -0.0164 -0.9998
vn 0.0932 -0.1490 -0.9844
vn 0.0524 0.2722 -0.9608
vn 0.0121 0.0286 -0.9995
vn 0.0199 0.0361 -0.9992
vn 0.0273 0.2887 -0.9570
vn -0.1554 0.1226 -0.9802
vn -0.0293 0.0076 -0.9995
vn -0.0212 0.0091 -0.9997
vn -0.1567 0.1018 -0.9824
vn 0.0394 -0.1712 -0.9844
vn 0.0013 -0.0218 -0.9998
vn -0.0039 -0.0285 -0.9996
vn 0.0545 -0.1719 -0.9836
vn 0.0804 0.2569 -0.9631
vn -0.0018 0.0398 -0.9992
vn 0.0039 0.0302 -0.9995
vn 0.0639 0.2631 -0.9626
vn -0.1242 0.1757 -0.9766
vn -0.0126 0.0223 -0.9997
vn -0.0111 0.0298 -0.9995
vn -0.1370 0.1570 -0.9780
vn 0.0155 -0.1797 -0.9836
vn 0.0145 -0.0248 -0.9996
vn 0.0071 -0.0207 -0.9998
vn 0.0291 -0.1732 -0.9844
vn 0.1173 0.1975 -0.9732
vn 0.0183 0.0199 -0.9996
vn 0.0286 0.0231 -0.9993
vn 0.1100 0.2276 -0.9675
vn -0.1102 0.2263 -0.9678
vn -0.0286 0.0229 -0.9993
vn -0.0184 0.0198 -0.9996
vn -0.1180 0.1967 -0.9733
vn -0.0291 -0.1732 -0.9844
vn -0.0071 -0.0207 -0.9998
vn -0.0145 -0.0248 -0.9996
vn -0.0155 -0.1797 -0.9836
vn 0.1369 0.1567 -0.9781
vn 0.0111 0.0298 -0.9995
vn 0.0125 0.0223 -0.9997
vn 0.1238 0.1757 -0.9766
vn -0.0629 0.2629 -0.9628
vn -0.0038 0.0302 -0.9995
vn 0.0019 0.0397 -0.9992
vn -0.0796 0.2559 -0.9634
vn -0.0000 0.0001 -1.0000
vn -0.0000 -0.0000 -1.0000
vn 0.0002 0.0001 -1.0000
vn -0.0002 0.0001 -1.0000
vn -0.0000 0.0004 -1.0000
vn -0.0001 0.0002 -1.0000
vn 0.0001 0.0002 -1.0000
vn -0.8096 -0.4151 -0.4151
vn -0.8671 -0.4278 -0.2552
vn -0.8966 -0.4340 -0.0886
vn -0.8966 -0.4340 0.0886
vn -0.8671 -0.4278 0.2552
vn -0.8096 -0.4151 0.4151
vn -0.8671 -0.2552 -0.4278
vn -0.9318 -0.2567 -0.2567
vn -0.9627 -0.2564 -0.0865
vn -0.9627 -0.2564 0.0865
vn -0.9318 -0.2567 0.2567
vn -0.8671 -0.2552 0.4278
vn -0.8966 -0.0886 -0.4340
vn -0.9627 -0.0865 -0.2564
vn -0.9928 -0.0848 -0.0848
vn -0.9928 -0.0848 0.0848
vn -0.9627 -0.0865 0.2564
vn -0.8966 -0.0886 0.4340
vn -0.8966 0.0886 -0.4340
vn -0.9627 0.0865 -0.2564
vn -0.9928 0.0848 -0.0848
vn -0.9928 0.0848 0.0848
vn -0.9627 0.0865 0.2564
vn -0.8966 0.0886 0.4340
vn -0.8671 0.2552 -0.4278
vn -0.9318 0.2567 -0.2567
vn -0.9627 0.2564 -0.0865
vn -0.9627 0.2564 0.0865
vn -0.9318 0.2567 0.2567
vn -0.8671 0.2552 0.4278
vn -0.8096 0.4151 -0.4151
vn -0.8671 0.4278 -0.2552
vn -0.8966 0.4340 -0.0886
vn -0.8966 0.4340 0.0886
vn -0.8671 0.4278 0.2552
vn -0.8096 0.4151 0.4151
vn -0.6579 -0.5325 -0.5325
vn -0.7146 -0.5734 -0.4007
vn -0.7580 -0.6011 -0.2532
vn -0.7825 -0.6161 -0.0901
vn -0.7825 -0.6161 0.0901
vn -0.7580 -0.6011 0.2532
vn -0.7146 -0.5734 0.4007
vn -0.6579 -0.5325 0.5325
vn -0.7146 -0.4007 0.5734
vn -0.7580 -0.2532 0.6011
vn -0.7825 -0.0901 0.6162
vn -0.7825 0.0901 0.6162
vn -0.7580 0.2532 0.6011
vn -0.7146 0.4007 0.5734
vn -0.6579 0.5325 0.5325
vn -0.7146 0.5734 0.4007
vn -0.7580 0.6011 0.2532
vn -0.7825 0.6161 0.0901
vn -0.7825 0.6161 -0.0901
vn -0.7580 0.6011 -0.2532
vn -0.7146 0.5734 -0.4007
vn -0.6579 0.5325 -0.5325
vn -0.7146 0.4007 -0.5734
vn -0.7580 0.2532 -0.6011
vn -0.7825 0.0901 -0.6162
vn -0.7825 -0.0901 -0.6162
vn -0.7580 -0.2532 -0.6011
vn -0.7146 -0.4007 -0.5734
vn -0.4151 0.8096 -0.4151
vn -0.4278 0.8671 -0.2552
vn -0.4340 0.8966 -0.0886
vn -0.4340 0.8966 0.0886
vn -0.4278 0.8671 0.2552
vn -0.4151 0.8096 0.4151
vn -0.2552 0.8671 -0.4278
vn -0.2567 0.9318 -0.2567
vn -0.2564 0.9627 -0.0865
vn -0.2564 0.9627 0.0865
vn -0.2567 0.9318 0.2567
vn -0.2552 0.8671 0.4278
vn -0.0886 0.8966 -0.4340
vn -0.0865 0.9627 -0.2564
vn -0.0848 0.9928 -0.0848
vn -0.0848 0.9928 0.0848
vn -0.0865 0.9627 0.2564
vn -0.0886 0.8966 0.4340
vn 0.0886 0.8966 -0.4340
vn 0.0865 0.9627 -0.2564
vn 0.0848 0.9928 -0.0848
vn 0.0848 0.9928 0.0848
vn 0.0865 0.9627 0.2564
vn 0.0886 0.8966 0.4340
vn 0.2552 0.8671 -0.4278
vn 0.2567 0.9318 -0.2567
vn 0.2564 0.9627 -0.0865
vn 0.2564 0.9627 0.0865
vn 0.2567 0.9318 0.2567
vn 0.2552 0.8671 0.4278
vn 0.4151 0.8096 -0.4151
vn 0.4278 0.8671 -0.2552
vn 0.4340 0.8966 -0.0886
vn 0.4340 0.8966 0.0886
vn 0.4278 0.8671 0.2552
vn 0.4151 0.8096 0.4151
vn -0.5325 0.6579 -0.5325
vn -0.5734 0.7146 -0.4007
vn -0.6011 0.7580 -0.2532
vn -0.6161 0.7825 -0.0901
vn -0.6161 0.7825 0.0901
vn -0.6011 0.7580 0.2532
vn -0.5734 0.7146 0.4007
vn -0.5325 0.6579 0.5325
vn -0.4007 0.7146 0.5734
vn -0.2532 0.7580 0.6011
vn -0.0901 0.7825 0.6162
vn 0.0901 0.7825 0.6162
vn 0.2532 0.7580 0.6011
vn 0.4007 0.7146 0.5734
vn 0.5325 0.6579 0.5325
vn 0.5734 0.7146 0.4007
vn 0.6011 0.7580 0.2532
vn 0.6161 0.7825 0.0901
vn 0.6161 0.7825 -0.0901
vn 0.6011 0.7580 -0.2532
vn 0.5734 0.7146 -0.4007
vn 0.5325 0.6579 -0.5325
vn 0.4007 0.7146 -0.5734
vn 0.2532 0.7580 -0.6011
vn 0.0901 0.7825 -0.6162
vn -0.0901 0.7825 -0.6162
vn -0.2532 0.7580 -0.6011
vn -0.4007 0.7146 -0.5734
vn 0.8096 0.4151 -0.4151
vn 0.8671 0.4278 -0.2552
vn 0.8966 0.4340 -0.0886
vn 0.8966 0.4340 0.0886
vn 0.8671 0.4278 0.2552
vn 0.8096 0.4151 0.4151
vn 0.8671 0.2552 -0.4278
vn 0.9318 0.2567 -0.2567
vn 0.9627 0.2564 -0.0865
vn 0.9627 0.2564 0.0865
vn 0.9318 0.2567 0.2567
vn 0.8671 0.2552 0.4278
vn 0.8966 0.0886 -0.4340
vn 0.9627 0.0865 -0.2564
vn 0.9928 0.0848 -0.0848
vn 0.9928 0.0848 0.0848
vn 0.9627 0.0865 0.2564
vn 0.8966 0.0886 0.4340
vn 0.8966 -0.0886 -0.4340
vn 0.9627 -0.0865 -0.2564
vn 0.9928 -0.0848 -0.0848
vn 0.9928 -0.0848 0.0848
vn 0.9627 -0.0865 0.2564
vn 0.8966 -0.0886 0.4340
vn 0.8671 -0.2552 -0.4278
vn 0.9318 -0.2567 -0.2567
vn 0.9627 -0.2564 -0.0865
vn 0.9627 -0.2564 0.0865
vn 0.9318 -0.2567 0.2567
vn 0.8671 -0.2552 0.4278
vn 0.8096 -0.4151 -0.4151
vn 0.8671 -0.4278 -0.2552
vn 0.8966 -0.4340 -0.0886
vn 0.8966 -0.4340 0.0886
vn 0.8671 -0.4278 0.2552
vn 0.8096 -0.4151 0.4151
vn 0.6579 0.5325 -0.5325
vn 0.7146 0.5734 -0.4007
vn 0.7580 0.6011 -0.2532
vn 0.7825 0.6161 -0.0901
vn 0.7825 0.6161 0.0901
vn 0.7580 0.6011 0.2532
vn 0.7146 0.5734 0.4007
vn 0.6579 0.5325 0.5325
vn 0.7146 0.4007 0.5734
vn 0.7580 0.2532 0.6011
vn 0.7825 0.0901 0.6162
vn 0.7825 -0.0901 0.6162
vn 0.7580 -0.2532 0.6011
vn 0.7146 -0.4007 0.5734
vn 0.6579 -0.5325 0.5325
vn 0.7146 -0.5734 0.4007
vn 0.7580 -0.6011 0.2532
vn 0.7825 -0.6161 0.0901
vn 0.7825 -0.6161 -0.0901
vn 0.7580 -0.6011 -0.2532
vn 0.7146 -0.5734 -0.4007
vn 0.6579 -0.5325 -0.5325
vn 0.7146 -0.4007 -0.5734
vn 0.7580 -0.2532 -0.6011
vn 0.7825 -0.0901 -0.6162
vn 0.7825 0.0901 -0.6162
vn 0.7580 0.2532 -0.6011
vn 0.7146 0.4007 -0.5734
vn 0.4151 -0.8096 -0.4151
vn 0.4278 -0.8671 -0.2552
vn 0.4340 -0.8966 -0.0886
vn 0.4340 -0.8966 0.0886
vn 0.4278 -0.8671 0.2552
vn 0.4151 -0.8096 0.4151
vn 0.2552 -0.8671 -0.4278
vn 0.2567 -0.9318 -0.2567
vn 0.2564 -0.9627 -0.0865
vn 0.2564 -0.9627 0.0865
vn 0.2567 -0.9318 0.2567
vn 0.2552 -0.8671 0.4278
vn 0.0886 -0.8966 -0.4340
vn 0.0865 -0.9627 -0.2564
vn 0.0848 -0.9928 -0.0848
vn 0.0848 -0.9928 0.0848
vn 0.0865 -0.9627 0.2564
vn 0.0886 -0.8966 0.4340
vn -0.0886 -0.8966 -0.4340
vn -0.0865 -0.9627 -0.2564
vn -0.0848 -0.9928 -0.0848
vn -0.0848 -0.9928 0.0848
vn -0.0865 -0.9627 0.2564
vn -0.0886 -0.8966 0.4340
vn -0.2552 -0.8671 -0.4278
vn -0.2567 -0.9318 -0.2567
vn -0.2564 -0.9627 -0.0865
vn -0.2564 -0.9627 0.0865
vn -0.2567 -0.9318 0.2567
vn -0.2552 -0.8671 0.4278
vn -0.4151 -0.8096 -0.4151
vn -0.4278 -0.8671 -0.2552
vn -0.4340 -0.8966 -0.0886
vn -0.4340 -0.8966 0.0886
vn -0.4278 -0.8671 0.2552
vn -0.4151 -0.8096 0.4151
vn 0.5325 -0.6579 -0.5325
vn 0.5734 -0.7146 -0.4007
vn 0.6011 -0.7580 -0.2532
vn 0.6161 -0.7825 -0.0901
vn 0.6161 -0.7825 0.0901
vn 0.6011 -0.7580 0.2532
vn 0.5734 -0.7146 0.4007
vn 0.5325 -0.6579 0.5325
vn 0.4007 -0.7146 0.5734
vn 0.2532 -0.7580 0.6011
vn 0.0901 -0.7825 0.6162
vn -0.0901 -0.7825 0.6162
vn -0.2532 -0.7580 0.6011
vn -0.4007 -0.7146 0.5734
vn -0.5325 -0.6579 0.5325
vn -0.5734 -0.7146 0.4007
vn -0.6011 -0.7580 0.2532
vn -0.6161 -0.7825 0.0901
vn -0.6161 -0.7825 -0.0901
vn -0.6011 -0.7580 -0.2532
vn -0.5734 -0.7146 -0.4007
vn -0.5325 -0.6579 -0.5325
vn -0.4007 -0.7146 -0.5734
vn -0.2532 -0.7580 -0.6011
vn -0.0901 -0.7825 -0.6162
vn 0.0901 -0.7825 -0.6162
vn 0.2532 -0.7580 -0.6011
vn 0.4007 -0.7146 -0.5734
vn -0.4151 0.4151 -0.8096
vn -0.2552 0.4278 -0.8671
vn -0.0886 0.4340 -0.8966
vn 0.0886 0.4340 -0.8966
vn 0.2552 0.4278 -0.8671
vn 0.4151 0.4151 -0.8096
vn -0.4278 0.2552 -0.8671
vn -0.2567 0.2567 -0.9318
vn -0.0865 0.2564 -0.9627
vn 0.0865 0.2564 -0.9627
vn 0.2567 0.2567 -0.9318
vn 0.4278 0.2552 -0.8671
vn -0.4340 0.0886 -0.8966
vn -0.2564 0.0865 -0.9627
vn -0.0848 0.0848 -0.9928
vn 0.0848 0.0848 -0.9928
vn 0.2564 0.0865 -0.9627
vn 0.4340 0.0886 -0.8966
vn -0.4340 -0.0886 -0.8966
vn -0.2564 -0.0865 -0.9627
vn -0.0848 -0.0848 -0.9928
vn 0.0848 -0.0848 -0.9928
vn 0.2564 -0.0865 -0.9627
vn 0.4340 -0.0886 -0.8966
vn -0.4278 -0.2552 -0.8671
vn -0.2567 -0.2567 -0.9318
vn -0.0865 -0.2564 -0.9627
vn 0.0865 -0.2564 -0.9627
vn 0.2567 -0.2567 -0.9318
vn 0.4278 -0.2552 -0.8671
vn -0.4151 -0.4151 -0.8096
vn -0.2552 -0.4278 -0.8671
vn -0.0886 -0.4340 -0.8966
vn 0.0886 -0.4340 -0.8966
vn 0.2552 -0.4278 -0.8671
vn 0.4151 -0.4151 -0.8096
vn -0.5325 0.5325 -0.6579
vn -0.4007 0.5734 -0.7146
vn -0.2532 0.6011 -0.7580
vn -0.0901 0.6162 -0.7825
vn 0.0901 0.6162 -0.7825
vn 0.2532 0.6011 -0.7580
vn 0.4007 0.5734 -0.7146
vn 0.5325 0.5325 -0.6579
vn 0.5734 0.4007 -0.7146
vn 0.6011 0.2532 -0.7580
vn 0.6162 0.0901 -0.7825
vn 0.6162 -0.0901 -0.7825
vn 0.6011 -0.2532 -0.7580
vn 0.5734 -0.4007 -0.7146
vn 0.5325 -0.5325 -0.6579
vn 0.4007 -0.5734 -0.7146
vn 0.2532 -0.6011 -0.7580
vn 0.0901 -0.6162 -0.7825
vn -0.0901 -0.6162 -0.7825
vn -0.2532 -0.6011 -0.7580
vn -0.4007 -0.5734 -0.7146
vn -0.5325 -0.5325 -0.6579
vn -0.5734 -0.4007 -0.7146
vn -0.6011 -0.2532 -0.7580
vn -0.6162 -0.0901 -0.7825
vn -0.6162 0.0901 -0.7825
vn -0.6011 0.2532 -0.7580
vn -0.5734 0.4007 -0.7146
vn 0.4151 0.4151 0.8096
vn 0.2552 0.4278 0.8671
vn 0.0886 0.4340 0.8966
vn -0.0886 0.4340 0.8966
vn -0.2552 0.4278 0.8671
vn -0.4151 0.4151 0.8096
vn 0.4278 0.2552 0.8671
vn 0.2567 0.2567 0.9318
vn 0.0865 0.2564 0.9627
vn -0.0865 0.2564 0.9627
vn -0.2567 0.2567 0.9318
vn -0.4278 0.2552 0.8671
vn 0.4340 0.0886 0.8966
vn 0.2564 0.0865 0.9627
vn 0.0848 0.0849 0.9928
vn -0.0848 0.0848 0.9928
vn -0.2564 0.0865 0.9627
vn -0.4340 0.0886 0.8966
vn 0.4340 -0.0886 0.8966
vn 0.2564 -0.0865 0.9627
vn 0.0848 -0.0848 0.9928
vn -0.0848 -0.0848 0.9928
vn -0.2564 -0.0865 0.9627
vn -0.4340 -0.0886 0.8966
vn 0.4278 -0.2552 0.8671
vn 0.2567 -0.2567 0.9318
vn 0.0865 -0.2564 0.9627
vn -0.0865 -0.2564 0.9627
vn -0.2567 -0.2567 0.9318
vn -0.4278 -0.2552 0.8671
vn 0.4151 -0.4151 0.8096
vn 0.2552 -0.4278 0.8671
vn 0.0886 -0.4340 0.8966
vn -0.0886 -0.4340 0.8966
vn -0.2552 -0.4278 0.8671
vn -0.4151 -0.4151 0.8096
vn 0.5325 0.5325 0.6579
vn 0.4007 0.5734 0.7146
vn 0.2532 0.6011 0.7580
vn 0.0901 0.6162 0.7825
vn -0.0901 0.6162 0.7825
vn -0.2532 0.6011 0.7580
vn -0.4007 0.5734 0.7146
vn -0.5325 0.5325 0.6579
vn -0.5734 0.4007 0.7146
vn -0.6011 0.2532 0.7580
vn -0.6162 0.0901 0.7825
vn -0.6162 -0.0901 0.7825
vn -0.6011 -0.2532 0.7580
vn -0.5734 -0.4007 0.7146
vn -0.5325 -0.5325 0.6579
vn -0.4007 -0.5734 0.7146
vn -0.2532 -0.6011 0.7580
vn -0.0901 -0.6162 0.7825
vn 0.0901 -0.6162 0.7825
vn 0.2532 -0.6011 0.7580
vn 0.4007 -0.5734 0.7146
vn 0.5325 -0.5325 0.6579
vn 0.5734 -0.4007 0.7146
vn 0.6011 -0.2532 0.7580
vn 0.6162 -0.0901 0.7825
vn 0.6162 0.0901 0.7825
vn 0.6011 0.2532 0.7580
vn 0.5734 0.4007 0.7146
vt 0.009470 0.352848
vt 0.016634 0.351937
vt 0.016756 0.357810
vt 0.009668 0.358674
vt 0.025841 0.351440
vt 0.026025 0.357419
vt 0.026095 0.363460
vt 0.016749 0.363728
vt 0.009749 0.364467
vt 0.000712 0.193942
vt 0.008558 0.194026
vt 0.008489 0.200050
vt 0.000740 0.200020
vt 0.017858 0.194122
vt 0.017813 0.200080
vt 0.017824 0.206041
vt 0.008515 0.206076
vt 0.000663 0.206100
vt 0.012482 0.036085
vt 0.019570 0.037113
vt 0.019203 0.042974
vt 0.012050 0.041954
vt 0.028691 0.037768
vt 0.028287 0.043709
vt 0.027857 0.049730
vt 0.018750 0.048936
vt 0.011517 0.047951
vt 0.016637 0.369737
vt 0.009736 0.370267
vt 0.026056 0.369612
vt 0.025934 0.375890
vt 0.016445 0.375845
vt 0.009640 0.376082
vt 0.008530 0.212105
vt 0.000775 0.212182
vt 0.017864 0.212005
vt 0.017959 0.217973
vt 0.008639 0.218137
vt 0.000781 0.218268
vt 0.018250 0.055038
vt 0.010920 0.054085
vt 0.027438 0.055871
vt 0.027001 0.062088
vt 0.017726 0.061234
vt 0.010301 0.060303
vt 0.016180 0.382037
vt 0.009451 0.381902
vt 0.025753 0.382291
vt 0.025529 0.388806
vt 0.015799 0.388311
vt 0.009072 0.387682
vt 0.008737 0.224173
vt 0.000973 0.224353
vt 0.018083 0.223946
vt 0.018261 0.229924
vt 0.008926 0.230212
vt 0.001059 0.230445
vt 0.017193 0.067438
vt 0.009688 0.066526
vt 0.026516 0.068298
vt 0.025994 0.074457
vt 0.016659 0.073591
vt 0.009089 0.072702
vt 0.009101 0.236257
vt 0.001327 0.236534
vt 0.018465 0.235909
vt 0.018721 0.241901
vt 0.009366 0.242307
vt 0.001486 0.242634
vt 0.016120 0.079656
vt 0.008502 0.078797
vt 0.025447 0.080538
vt 0.024881 0.086565
vt 0.015567 0.085664
vt 0.007911 0.084837
vt 0.009614 0.248364
vt 0.001824 0.248730
vt 0.019001 0.247902
vt 0.019332 0.253911
vt 0.009951 0.254427
vt 0.002050 0.254844
vt 0.014996 0.091660
vt 0.007308 0.090860
vt 0.024315 0.092576
vt 0.023726 0.098576
vt 0.014412 0.097657
vt 0.006697 0.096876
vt 0.010272 0.260502
vt 0.002451 0.260955
vt 0.019684 0.259930
vt 0.020084 0.265957
vt 0.010687 0.266580
vt 0.002738 0.267099
vt 0.013824 0.103661
vt 0.006080 0.102891
vt 0.023157 0.104574
vt 0.022583 0.110565
vt 0.013240 0.109678
vt 0.005465 0.108920
vt 0.011098 0.272668
vt 0.003212 0.273251
vt 0.020502 0.271992
vt 0.020957 0.278029
vt 0.011541 0.278746
vt 0.003703 0.279359
vt 0.012684 0.115709
vt 0.004860 0.114978
vt 0.022020 0.116557
vt 0.021491 0.122551
vt 0.012159 0.121752
vt 0.004269 0.121081
vt 0.012015 0.284812
vt 0.004207 0.285440
vt 0.021423 0.284067
vt 0.021886 0.290112
vt 0.012495 0.290866
vt 0.004713 0.291508
vt 0.011628 0.127787
vt 0.003861 0.127182
vt 0.020980 0.128538
vt 0.020514 0.134520
vt 0.011190 0.133823
vt 0.003340 0.133251
vt 0.012973 0.296914
vt 0.005217 0.297578
vt 0.022369 0.296161
vt 0.022832 0.302221
vt 0.013439 0.302961
vt 0.005714 0.303655
vt 0.010734 0.139850
vt 0.002990 0.139327
vt 0.020069 0.140494
vt 0.019673 0.146464
vt 0.010365 0.145875
vt 0.002528 0.145388
vt 0.013888 0.309021
vt 0.006200 0.309750
vt 0.023295 0.308298
vt 0.023739 0.314430
vt 0.014323 0.315139
vt 0.006683 0.315900
vt 0.009978 0.151894
vt 0.002242 0.151457
vt 0.019301 0.152428
vt 0.018979 0.158389
vt 0.009680 0.157913
vt 0.001846 0.157518
vt 0.014754 0.321345
vt 0.007178 0.322133
vt 0.024159 0.320641
vt 0.024545 0.326906
vt 0.015184 0.327604
vt 0.007688 0.328413
vt 0.009367 0.163930
vt 0.001631 0.163587
vt 0.018683 0.164346
vt 0.018440 0.170302
vt 0.009145 0.169948
vt 0.001308 0.169651
vt 0.012657 0.001508
vt 0.019346 0.001000
vt 0.019623 0.007234
vt 0.012940 0.007252
vt 0.029014 0.000691
vt 0.029133 0.007161
vt 0.029225 0.013515
vt 0.019796 0.013383
vt 0.013037 0.013032
vt 0.015608 0.333854
vt 0.008205 0.334688
vt 0.024886 0.333178
vt 0.025215 0.339375
vt 0.016013 0.340010
vt 0.008703 0.340878
vt 0.008910 0.175965
vt 0.001171 0.175723
vt 0.018225 0.176256
vt 0.018065 0.182211
vt 0.008769 0.181984
vt 0.000928 0.181792
vt 0.019908 0.019447
vt 0.013046 0.018806
vt 0.029276 0.019744
vt 0.029226 0.025846
vt 0.019929 0.025413
vt 0.012968 0.024561
vt 0.016372 0.346025
vt 0.009138 0.346928
vt 0.025551 0.345448
vt 0.008616 0.188004
vt 0.000873 0.187867
vt 0.017934 0.188166
vt 0.019816 0.031287
vt 0.012785 0.030308
vt 0.029020 0.031838
vt 0.034913 0.289064
vt 0.035424 0.295111
vt 0.048703 0.287841
vt 0.049282 0.293869
vt 0.049873 0.299939
vt 0.035935 0.301184
vt 0.033324 0.135510
vt 0.032871 0.141410
vt 0.046753 0.136614
vt 0.046271 0.142429
vt 0.045831 0.148231
vt 0.032453 0.147301
vt 0.036439 0.307288
vt 0.050465 0.306053
vt 0.051043 0.312227
vt 0.036923 0.313448
vt 0.032075 0.153184
vt 0.045431 0.154021
vt 0.045077 0.159801
vt 0.031736 0.159061
vt 0.037363 0.319680
vt 0.051578 0.318469
vt 0.052002 0.324772
vt 0.037710 0.325970
vt 0.031440 0.164931
vt 0.044765 0.165573
vt 0.044501 0.171339
vt 0.031184 0.170798
vt 0.041978 0.000663
vt 0.041924 0.007290
vt 0.056709 0.001016
vt 0.056466 0.007805
vt 0.056225 0.014473
vt 0.041868 0.013805
vt 0.037931 0.332288
vt 0.052262 0.331119
vt 0.052408 0.337430
vt 0.038089 0.338552
vt 0.030973 0.176662
vt 0.044282 0.177100
vt 0.044111 0.182858
vt 0.030805 0.182524
vt 0.041795 0.020185
vt 0.055984 0.020996
vt 0.055735 0.027381
vt 0.041662 0.026432
vt 0.038254 0.344707
vt 0.052511 0.343652
vt 0.052611 0.349849
vt 0.038417 0.350807
vt 0.030682 0.188385
vt 0.043986 0.188615
vt 0.043911 0.194371
vt 0.030603 0.194247
vt 0.041435 0.032564
vt 0.055471 0.033646
vt 0.055219 0.039826
vt 0.041154 0.038623
vt 0.038549 0.356918
vt 0.052727 0.356084
vt 0.052858 0.362414
vt 0.038636 0.363106
vt 0.030569 0.200111
vt 0.043882 0.200130
vt 0.043902 0.205892
vt 0.030580 0.205978
vt 0.040868 0.044674
vt 0.055000 0.045973
vt 0.054795 0.052144
vt 0.040603 0.050778
vt 0.038670 0.369413
vt 0.052995 0.368871
vt 0.053136 0.375465
vt 0.038663 0.375853
vt 0.030636 0.211849
vt 0.043969 0.211658
vt 0.044084 0.217431
vt 0.030736 0.217726
vt 0.040358 0.056985
vt 0.054564 0.058396
vt 0.054222 0.064678
vt 0.040050 0.063244
vt 0.038628 0.382420
vt 0.053278 0.382192
vt 0.053421 0.389032
vt 0.038582 0.389095
vt 0.030879 0.223608
vt 0.044244 0.223212
vt 0.044452 0.229002
vt 0.031065 0.229499
vt 0.039609 0.069478
vt 0.053707 0.070921
vt 0.053075 0.077111
vt 0.039069 0.075659
vt 0.031294 0.235398
vt 0.044704 0.234804
vt 0.045000 0.240619
vt 0.031562 0.241307
vt 0.038485 0.081769
vt 0.052398 0.083235
vt 0.051707 0.089300
vt 0.037878 0.087824
vt 0.031870 0.247227
vt 0.045339 0.246448
vt 0.045718 0.252295
vt 0.032216 0.253159
vt 0.037265 0.093849
vt 0.051017 0.095322
vt 0.050338 0.101303
vt 0.036653 0.099849
vt 0.032597 0.259105
vt 0.046136 0.258159
vt 0.046591 0.264045
vt 0.033011 0.265066
vt 0.036048 0.105830
vt 0.049674 0.107252
vt 0.049032 0.113170
vt 0.035456 0.111792
vt 0.033455 0.271040
vt 0.047078 0.269953
vt 0.047596 0.275887
vt 0.033924 0.277031
vt 0.034883 0.117741
vt 0.048415 0.119063
vt 0.047827 0.124933
vt 0.034333 0.123676
vt 0.034412 0.283037
vt 0.048139 0.281848
vt 0.033813 0.129599
vt 0.047272 0.130782
vt 0.071716 0.001785
vt 0.071242 0.008750
vt 0.086662 0.003031
vt 0.085900 0.010178
vt 0.085143 0.017138
vt 0.070770 0.015568
vt 0.064922 0.323435
vt 0.065483 0.329772
vt 0.077229 0.321867
vt 0.078107 0.328167
vt 0.078898 0.334434
vt 0.065937 0.336078
vt 0.056055 0.171837
vt 0.055827 0.177500
vt 0.066839 0.172332
vt 0.066602 0.177895
vt 0.066418 0.183453
vt 0.055650 0.183159
vt 0.070310 0.022220
vt 0.084413 0.023899
vt 0.083727 0.030481
vt 0.069870 0.028718
vt 0.066287 0.342315
vt 0.079551 0.340650
vt 0.080113 0.346906
vt 0.066579 0.348561
vt 0.055524 0.188817
vt 0.066290 0.189009
vt 0.066216 0.194564
vt 0.055450 0.194473
vt 0.069455 0.035082
vt 0.083091 0.036907
vt 0.082476 0.043201
vt 0.069061 0.041338
vt 0.066863 0.354876
vt 0.080646 0.353259
vt 0.081188 0.359759
vt 0.067161 0.361311
vt 0.055427 0.200132
vt 0.066199 0.200121
vt 0.066235 0.205681
vt 0.055455 0.205794
vt 0.068668 0.047534
vt 0.081836 0.049403
vt 0.081101 0.055565
vt 0.068227 0.053719
vt 0.067482 0.367891
vt 0.081759 0.366430
vt 0.082358 0.373287
vt 0.067825 0.374626
vt 0.055534 0.211462
vt 0.066327 0.211248
vt 0.066473 0.216822
vt 0.055664 0.217136
vt 0.067687 0.059960
vt 0.080220 0.061764
vt 0.079248 0.067986
vt 0.067040 0.066224
vt 0.068181 0.381512
vt 0.082974 0.380327
vt 0.083593 0.387530
vt 0.068539 0.388531
vt 0.055844 0.222820
vt 0.066674 0.222406
vt 0.066927 0.228003
vt 0.056074 0.228515
vt 0.066297 0.072451
vt 0.078256 0.074175
vt 0.077283 0.080328
vt 0.065501 0.078630
vt 0.056352 0.234224
vt 0.067236 0.233614
vt 0.067595 0.239243
vt 0.056679 0.239948
vt 0.064696 0.084743
vt 0.076337 0.086409
vt 0.075423 0.092423
vt 0.063899 0.090793
vt 0.057052 0.245689
vt 0.068008 0.244892
vt 0.068469 0.250564
vt 0.057471 0.251451
vt 0.063115 0.096788
vt 0.074529 0.098365
vt 0.073670 0.104253
vt 0.062353 0.102733
vt 0.057932 0.257235
vt 0.068981 0.256261
vt 0.069539 0.261988
vt 0.058436 0.263046
vt 0.061616 0.108635
vt 0.072849 0.110092
vt 0.072067 0.115887
vt 0.060910 0.114499
vt 0.058978 0.268884
vt 0.070145 0.267748
vt 0.070793 0.273545
vt 0.059557 0.274755
vt 0.060236 0.120330
vt 0.071328 0.121644
vt 0.070632 0.127366
vt 0.059598 0.126130
vt 0.060168 0.280662
vt 0.071485 0.279384
vt 0.072214 0.285269
vt 0.060810 0.286609
vt 0.058999 0.131905
vt 0.069983 0.133058
vt 0.069380 0.138722
vt 0.058441 0.137657
vt 0.061476 0.292601
vt 0.072982 0.291205
vt 0.073783 0.297197
vt 0.062163 0.298644
vt 0.057927 0.143389
vt 0.068828 0.144365
vt 0.068325 0.149987
vt 0.057458 0.149103
vt 0.062864 0.304744
vt 0.074603 0.303263
vt 0.075454 0.309399
vt 0.063572 0.310910
vt 0.057034 0.154803
vt 0.067875 0.155592
vt 0.067476 0.161183
vt 0.056659 0.160490
vt 0.064271 0.317144
vt 0.076332 0.315611
vt 0.056332 0.166168
vt 0.067131 0.166762
vt 0.095577 0.045483
vt 0.094768 0.051679
vt 0.108176 0.048196
vt 0.107140 0.054350
vt 0.106061 0.060431
vt 0.093889 0.057817
vt 0.094890 0.357720
vt 0.095751 0.364449
vt 0.108199 0.355180
vt 0.109390 0.361929
vt 0.110650 0.368933
vt 0.096657 0.371399
vt 0.077264 0.205541
vt 0.077369 0.210994
vt 0.087590 0.205385
vt 0.087708 0.210719
vt 0.087892 0.216063
vt 0.077534 0.216455
vt 0.092876 0.063988
vt 0.104869 0.066534
vt 0.103590 0.072653
vt 0.091768 0.070180
vt 0.097588 0.378577
vt 0.111953 0.376207
vt 0.113271 0.383722
vt 0.098522 0.385956
vt 0.077758 0.221926
vt 0.088138 0.221417
vt 0.088450 0.226785
vt 0.078040 0.227411
vt 0.090625 0.076332
vt 0.102279 0.078720
vt 0.100977 0.084718
vt 0.089478 0.082411
vt 0.078381 0.232911
vt 0.088823 0.232169
vt 0.089261 0.237573
vt 0.078779 0.238431
vt 0.088369 0.088417
vt 0.099720 0.090634
vt 0.098518 0.096469
vt 0.087302 0.094346
vt 0.079236 0.243971
vt 0.089761 0.242998
vt 0.090326 0.248449
vt 0.079748 0.249537
vt 0.086292 0.100222
vt 0.097375 0.102235
vt 0.096296 0.107937
vt 0.085325 0.106030
vt 0.080317 0.255131
vt 0.090952 0.253930
vt 0.091643 0.259443
vt 0.080941 0.260757
vt 0.084408 0.111784
vt 0.095276 0.113583
vt 0.094319 0.119179
vt 0.083539 0.117488
vt 0.081619 0.266418
vt 0.092395 0.264994
vt 0.093210 0.270588
vt 0.082349 0.272121
vt 0.082724 0.123149
vt 0.093424 0.124730
vt 0.092593 0.130243
vt 0.081960 0.128773
vt 0.083132 0.277870
vt 0.094087 0.276229
vt 0.095026 0.281924
vt 0.083963 0.283670
vt 0.081252 0.134363
vt 0.091823 0.135720
vt 0.091117 0.141168
vt 0.080598 0.139924
vt 0.084844 0.289529
vt 0.096024 0.287678
vt 0.097085 0.293499
vt 0.085765 0.295456
vt 0.080001 0.145461
vt 0.090473 0.146590
vt 0.089894 0.151989
vt 0.079460 0.150975
vt 0.086743 0.301441
vt 0.098204 0.299392
vt 0.099377 0.305368
vt 0.087763 0.307504
vt 0.078977 0.156471
vt 0.089377 0.157369
vt 0.088925 0.162733
vt 0.078551 0.161951
vt 0.088818 0.313645
vt 0.100593 0.311431
vt 0.101816 0.317569
vt 0.089867 0.319866
vt 0.078184 0.167418
vt 0.088534 0.168084
vt 0.088209 0.173424
vt 0.077875 0.172876
vt 0.101510 0.004847
vt 0.100372 0.012182
vt 0.116141 0.007411
vt 0.114588 0.014820
vt 0.113096 0.021959
vt 0.099273 0.019253
vt 0.090878 0.326135
vt 0.103003 0.323764
vt 0.104104 0.329939
vt 0.091795 0.332374
vt 0.077625 0.178326
vt 0.087946 0.178757
vt 0.087748 0.184084
vt 0.077434 0.183770
vt 0.098231 0.026090
vt 0.111695 0.028828
vt 0.110409 0.035468
vt 0.097267 0.032722
vt 0.092589 0.338570
vt 0.105102 0.336086
vt 0.106073 0.342307
vt 0.093329 0.344823
vt 0.077303 0.189212
vt 0.087612 0.189408
vt 0.087542 0.194731
vt 0.077230 0.194653
vt 0.096392 0.039179
vt 0.109247 0.041916
vt 0.094086 0.351189
vt 0.107096 0.348652
vt 0.077217 0.200095
vt 0.087533 0.200056
vt 0.111054 0.087052
vt 0.109664 0.092857
vt 0.121678 0.089860
vt 0.120208 0.095534
vt 0.118754 0.101109
vt 0.108336 0.098579
vt 0.098418 0.236738
vt 0.098956 0.242051
vt 0.108138 0.235758
vt 0.108713 0.240942
vt 0.109381 0.246140
vt 0.099569 0.247389
vt 0.107076 0.104227
vt 0.117366 0.106596
vt 0.116079 0.112041
vt 0.105895 0.109815
vt 0.100247 0.252757
vt 0.110109 0.251376
vt 0.110931 0.256632
vt 0.100999 0.258156
vt 0.104782 0.115344
vt 0.114865 0.117417
vt 0.113749 0.122761
vt 0.103746 0.120826
vt 0.101817 0.263594
vt 0.111815 0.261937
vt 0.112796 0.267268
vt 0.102711 0.269073
vt 0.102778 0.126262
vt 0.112700 0.128050
vt 0.111747 0.133314
vt 0.101886 0.131660
vt 0.103672 0.274601
vt 0.113842 0.272660
vt 0.114987 0.278087
vt 0.104709 0.280180
vt 0.101059 0.137024
vt 0.110858 0.138535
vt 0.110062 0.143738
vt 0.100308 0.142359
vt 0.105814 0.285822
vt 0.116202 0.283591
vt 0.117517 0.289142
vt 0.106998 0.291528
vt 0.099621 0.147666
vt 0.109326 0.148908
vt 0.108682 0.154064
vt 0.099009 0.152953
vt 0.108249 0.297308
vt 0.118905 0.294772
vt 0.120305 0.300506
vt 0.109561 0.303175
vt 0.098460 0.158220
vt 0.108097 0.159196
vt 0.107601 0.164318
vt 0.097985 0.163472
vt 0.110926 0.309133
vt 0.121679 0.306360
vt 0.123144 0.312274
vt 0.112372 0.315151
vt 0.097573 0.168710
vt 0.107162 0.169423
vt 0.106813 0.174522
vt 0.097234 0.173938
vt 0.130464 0.010710
vt 0.128466 0.018149
vt 0.144437 0.014810
vt 0.141962 0.022209
vt 0.139605 0.029291
vt 0.126553 0.025292
vt 0.113912 0.321200
vt 0.124820 0.318191
vt 0.126592 0.324071
vt 0.115441 0.327227
vt 0.096957 0.179158
vt 0.106519 0.179612
vt 0.106314 0.184698
vt 0.096754 0.184373
vt 0.124758 0.032139
vt 0.137402 0.036057
vt 0.135372 0.042556
vt 0.123102 0.038735
vt 0.116867 0.333245
vt 0.128329 0.329945
vt 0.130039 0.335934
vt 0.118239 0.339364
vt 0.096613 0.189585
vt 0.106164 0.189780
vt 0.106103 0.194862
vt 0.096545 0.194796
vt 0.121586 0.045122
vt 0.133504 0.048833
vt 0.131728 0.054907
vt 0.120150 0.051319
vt 0.119624 0.345640
vt 0.131755 0.342105
vt 0.133544 0.348509
vt 0.121076 0.352126
vt 0.096539 0.200009
vt 0.106096 0.199946
vt 0.106178 0.205032
vt 0.096606 0.205226
vt 0.118723 0.057364
vt 0.129967 0.060813
vt 0.128186 0.066610
vt 0.117235 0.063309
vt 0.122630 0.358855
vt 0.135465 0.355172
vt 0.137527 0.362123
vt 0.124283 0.365862
vt 0.096736 0.210448
vt 0.106314 0.210127
vt 0.106540 0.215226
vt 0.096938 0.215679
vt 0.115635 0.069254
vt 0.126372 0.072405
vt 0.124649 0.078234
vt 0.114020 0.075219
vt 0.126010 0.373166
vt 0.139718 0.369384
vt 0.141996 0.376951
vt 0.127779 0.380746
vt 0.097203 0.220921
vt 0.106821 0.220340
vt 0.107192 0.225461
vt 0.097541 0.226177
vt 0.112497 0.081161
vt 0.123122 0.084072
vt 0.097943 0.231448
vt 0.107620 0.230605
vt 0.125595 0.125322
vt 0.124471 0.130420
vt 0.136551 0.127971
vt 0.135358 0.132854
vt 0.134268 0.137721
vt 0.123437 0.135487
vt 0.124747 0.264858
vt 0.125905 0.270041
vt 0.135803 0.262338
vt 0.137043 0.267306
vt 0.138397 0.272296
vt 0.127160 0.275267
vt 0.122491 0.140525
vt 0.133269 0.142557
vt 0.132367 0.147382
vt 0.121631 0.145540
vt 0.128516 0.280546
vt 0.139859 0.277343
vt 0.141445 0.282417
vt 0.129976 0.285881
vt 0.120856 0.150532
vt 0.131551 0.152182
vt 0.130828 0.156975
vt 0.120163 0.155507
vt 0.131509 0.291293
vt 0.143102 0.287577
vt 0.144616 0.292897
vt 0.132945 0.296848
vt 0.119551 0.160465
vt 0.130185 0.161750
vt 0.129633 0.166519
vt 0.119018 0.165412
vt 0.134148 0.302600
vt 0.145795 0.298467
vt 0.146816 0.304211
vt 0.135302 0.308469
vt 0.118565 0.170347
vt 0.129158 0.171276
vt 0.128771 0.176030
vt 0.118189 0.175274
vt 0.157993 0.019771
vt 0.155007 0.027047
vt 0.171013 0.025653
vt 0.167474 0.032678
vt 0.164134 0.039412
vt 0.152184 0.033994
vt 0.136640 0.314359
vt 0.147935 0.310026
vt 0.149245 0.315830
vt 0.138161 0.320209
vt 0.117891 0.180195
vt 0.128460 0.180776
vt 0.128236 0.185521
vt 0.117670 0.185111
vt 0.149577 0.040612
vt 0.161101 0.045787
vt 0.158372 0.051914
vt 0.147199 0.046962
vt 0.139825 0.326026
vt 0.150801 0.321589
vt 0.152611 0.327396
vt 0.141616 0.331924
vt 0.117524 0.190025
vt 0.128085 0.190264
vt 0.128021 0.195006
vt 0.117456 0.194939
vt 0.145046 0.053097
vt 0.155955 0.057859
vt 0.153820 0.063658
vt 0.143064 0.059044
vt 0.143520 0.337988
vt 0.154661 0.333330
vt 0.156982 0.339452
vt 0.145582 0.344277
vt 0.117463 0.199855
vt 0.128031 0.199751
vt 0.128126 0.204498
vt 0.117547 0.204773
vt 0.141210 0.064848
vt 0.151941 0.069362
vt 0.150354 0.075045
vt 0.139508 0.070585
vt 0.147847 0.350819
vt 0.159605 0.345794
vt 0.162541 0.352397
vt 0.150329 0.357647
vt 0.117707 0.209697
vt 0.128297 0.209250
vt 0.128553 0.214007
vt 0.117945 0.214629
vt 0.137976 0.076361
vt 0.149061 0.080791
vt 0.147960 0.086545
vt 0.136626 0.082175
vt 0.153018 0.364787
vt 0.165775 0.359302
vt 0.169279 0.366607
vt 0.155859 0.372263
vt 0.118259 0.219569
vt 0.128886 0.218775
vt 0.129307 0.223548
vt 0.118652 0.224521
vt 0.135427 0.087973
vt 0.146912 0.092223
vt 0.145678 0.097729
vt 0.134161 0.093661
vt 0.119124 0.229487
vt 0.129805 0.228337
vt 0.130394 0.233134
vt 0.119675 0.234469
vt 0.132660 0.099153
vt 0.144106 0.102983
vt 0.142392 0.108078
vt 0.131064 0.104504
vt 0.120308 0.239470
vt 0.131064 0.237952
vt 0.131827 0.242781
vt 0.121023 0.244491
vt 0.129544 0.109782
vt 0.140757 0.113106
vt 0.139246 0.118104
vt 0.128128 0.115009
vt 0.121822 0.249538
vt 0.132676 0.247638
vt 0.133623 0.252508
vt 0.122708 0.254611
vt 0.126813 0.120185
vt 0.137843 0.123048
vt 0.123682 0.259718
vt 0.134661 0.257414
vt 0.138312 0.158072
vt 0.137663 0.162712
vt 0.143764 0.158909
vt 0.143107 0.163444
vt 0.142525 0.167971
vt 0.137088 0.167343
vt 0.152843 0.289745
vt 0.154363 0.294992
vt 0.158820 0.287262
vt 0.160752 0.292158
vt 0.162723 0.297118
vt 0.155793 0.300385
vt 0.136613 0.171969
vt 0.142044 0.172495
vt 0.141635 0.177013
vt 0.136209 0.176589
vt 0.183223 0.032472
vt 0.179113 0.039121
vt 0.194203 0.039943
vt 0.189569 0.046091
vt 0.185239 0.051895
vt 0.175272 0.045424
vt 0.157274 0.305871
vt 0.164752 0.302146
vt 0.166827 0.307241
vt 0.158865 0.311398
vt 0.135901 0.181206
vt 0.141326 0.181531
vt 0.141086 0.186046
vt 0.135665 0.185820
vt 0.171749 0.051479
vt 0.181296 0.057448
vt 0.177792 0.062847
vt 0.168640 0.057281
vt 0.160613 0.316940
vt 0.168955 0.312415
vt 0.171255 0.317703
vt 0.162591 0.322556
vt 0.135522 0.190434
vt 0.140945 0.190561
vt 0.140873 0.195077
vt 0.135450 0.195048
vt 0.165931 0.062961
vt 0.174748 0.068172
vt 0.172112 0.073432
vt 0.163589 0.068545
vt 0.164862 0.328278
vt 0.173851 0.323085
vt 0.176835 0.328576
vt 0.167486 0.334144
vt 0.135473 0.199663
vt 0.140899 0.199593
vt 0.140993 0.204113
vt 0.135565 0.204281
vt 0.161564 0.074063
vt 0.169798 0.078637
vt 0.167680 0.083758
vt 0.159809 0.079541
vt 0.170508 0.340175
vt 0.180269 0.334179
vt 0.184197 0.339997
vt 0.173933 0.346422
vt 0.135752 0.208903
vt 0.141187 0.208635
vt 0.141450 0.213162
vt 0.136010 0.213530
vt 0.158253 0.085021
vt 0.165639 0.088806
vt 0.163637 0.093775
vt 0.156803 0.090451
vt 0.177773 0.352991
vt 0.188538 0.346002
vt 0.193217 0.352334
vt 0.181890 0.359843
vt 0.136364 0.218163
vt 0.141812 0.217694
vt 0.142247 0.222234
vt 0.136790 0.222805
vt 0.155359 0.095779
vt 0.161657 0.098666
vt 0.159691 0.103494
vt 0.153795 0.100960
vt 0.137315 0.227455
vt 0.142784 0.226779
vt 0.143396 0.231335
vt 0.137916 0.232117
vt 0.152047 0.105954
vt 0.157759 0.108247
vt 0.155908 0.112948
vt 0.150252 0.110832
vt 0.138618 0.236790
vt 0.144113 0.235900
vt 0.144909 0.240477
vt 0.139399 0.241479
vt 0.148562 0.115662
vt 0.154186 0.117622
vt 0.152581 0.122269
vt 0.146986 0.120459
vt 0.140287 0.246182
vt 0.145816 0.245065
vt 0.146807 0.249670
vt 0.141259 0.250904
vt 0.145542 0.125231
vt 0.151112 0.126902
vt 0.149744 0.131512
vt 0.144200 0.129976
vt 0.142344 0.255645
vt 0.147915 0.254287
vt 0.149115 0.258925
vt 0.143520 0.260410
vt 0.142977 0.134700
vt 0.148502 0.136111
vt 0.147351 0.140691
vt 0.141846 0.139404
vt 0.144817 0.265198
vt 0.150441 0.263579
vt 0.151869 0.268258
vt 0.146216 0.270017
vt 0.140827 0.144092
vt 0.146317 0.145263
vt 0.145366 0.149820
vt 0.139892 0.148764
vt 0.147747 0.274864
vt 0.153434 0.272955
vt 0.155116 0.277684
vt 0.149392 0.279748
vt 0.139062 0.153424
vt 0.144526 0.154370
vt 0.151141 0.284686
vt 0.156926 0.282445
vt 0.146053 0.186258
vt 0.145912 0.190679
vt 0.151037 0.186475
vt 0.150897 0.190800
vt 0.150827 0.195125
vt 0.145840 0.195101
vt 0.185712 0.068378
vt 0.182313 0.073253
vt 0.192524 0.073696
vt 0.188868 0.078035
vt 0.185556 0.082370
vt 0.179323 0.078056
vt 0.178529 0.313132
vt 0.181512 0.318033
vt 0.184807 0.308871
vt 0.188133 0.313288
vt 0.191805 0.317723
vt 0.184895 0.323039
vt 0.145869 0.199525
vt 0.150856 0.199452
vt 0.150957 0.203781
vt 0.145966 0.203951
vt 0.176626 0.082819
vt 0.182530 0.086673
vt 0.179718 0.090954
vt 0.174115 0.087508
vt 0.188736 0.328143
vt 0.195906 0.322226
vt 0.200461 0.326836
vt 0.193033 0.333349
vt 0.146163 0.208379
vt 0.151157 0.208112
vt 0.151429 0.212446
vt 0.146431 0.212811
vt 0.171687 0.092139
vt 0.177061 0.095247
vt 0.174556 0.099566
vt 0.169336 0.096731
vt 0.197788 0.338766
vt 0.205476 0.331621
vt 0.210889 0.336678
vt 0.202910 0.344493
vt 0.146800 0.217247
vt 0.151802 0.216782
vt 0.152249 0.221124
vt 0.147241 0.221690
vt 0.167077 0.101299
vt 0.172213 0.103911
vt 0.170022 0.108282
vt 0.164924 0.105866
vt 0.147787 0.226136
vt 0.152800 0.225468
vt 0.153428 0.229818
vt 0.148407 0.230591
vt 0.162904 0.110419
vt 0.167982 0.112659
vt 0.166083 0.117034
vt 0.161023 0.114958
vt 0.149135 0.235052
vt 0.154163 0.234172
vt 0.154979 0.238534
vt 0.149942 0.239524
vt 0.159283 0.119482
vt 0.164340 0.121403
vt 0.162709 0.125765
vt 0.157659 0.123988
vt 0.150862 0.244002
vt 0.155908 0.242899
vt 0.156924 0.247275
vt 0.151867 0.248494
vt 0.156175 0.128487
vt 0.161215 0.130127
vt 0.159825 0.134479
vt 0.154792 0.132971
vt 0.152992 0.252995
vt 0.158059 0.251653
vt 0.159288 0.256044
vt 0.154208 0.257511
vt 0.153536 0.137448
vt 0.158561 0.138832
vt 0.157390 0.143175
vt 0.152373 0.141912
vt 0.155553 0.262037
vt 0.160644 0.260438
vt 0.162105 0.264845
vt 0.157001 0.266583
vt 0.151328 0.146372
vt 0.156338 0.147518
vt 0.155372 0.151854
vt 0.150367 0.150820
vt 0.158588 0.271138
vt 0.163704 0.269255
vt 0.165416 0.273677
vt 0.160293 0.275716
vt 0.149519 0.155265
vt 0.154518 0.156190
vt 0.153745 0.160520
vt 0.148749 0.159701
vt 0.162139 0.280313
vt 0.167285 0.278109
vt 0.169298 0.282547
vt 0.164127 0.284930
vt 0.148087 0.164136
vt 0.153079 0.164850
vt 0.152489 0.169176
vt 0.147500 0.168564
vt 0.166252 0.289564
vt 0.171464 0.286984
vt 0.173790 0.291398
vt 0.168498 0.294203
vt 0.147016 0.172991
vt 0.152002 0.173502
vt 0.151589 0.177826
vt 0.146604 0.177414
vt 0.203638 0.047682
vt 0.198567 0.053232
vt 0.211444 0.055371
vt 0.206078 0.060260
vt 0.201115 0.064872
vt 0.193851 0.058453
vt 0.170857 0.298861
vt 0.176288 0.295787
vt 0.178946 0.300146
vt 0.173301 0.303549
vt 0.146293 0.181837
vt 0.151277 0.182151
vt 0.189565 0.063451
vt 0.196600 0.069321
vt 0.175825 0.308295
vt 0.181767 0.304493
vt 0.156673 0.212049
vt 0.157046 0.216278
vt 0.162122 0.211622
vt 0.162494 0.215736
vt 0.162953 0.219852
vt 0.157500 0.220510
vt 0.179815 0.102530
vt 0.177458 0.106679
vt 0.185115 0.105676
vt 0.182782 0.109622
vt 0.180612 0.113606
vt 0.175268 0.110863
vt 0.158052 0.224744
vt 0.163503 0.223967
vt 0.164143 0.228083
vt 0.158687 0.228981
vt 0.173230 0.115059
vt 0.178592 0.117612
vt 0.176713 0.121635
vt 0.171336 0.119262
vt 0.159424 0.233219
vt 0.164878 0.232198
vt 0.165707 0.236314
vt 0.160249 0.237462
vt 0.169586 0.123471
vt 0.174970 0.125672
vt 0.173352 0.129719
vt 0.167957 0.127680
vt 0.161180 0.241706
vt 0.166636 0.240428
vt 0.167664 0.244541
vt 0.162204 0.245954
vt 0.166458 0.131894
vt 0.171858 0.133776
vt 0.170477 0.137841
vt 0.165069 0.136107
vt 0.163342 0.250203
vt 0.168798 0.248651
vt 0.170038 0.252760
vt 0.164580 0.254456
vt 0.163799 0.140323
vt 0.169209 0.141913
vt 0.168047 0.145990
vt 0.162630 0.144538
vt 0.165939 0.258710
vt 0.171393 0.256863
vt 0.172863 0.260963
vt 0.167409 0.262967
vt 0.161572 0.148755
vt 0.166990 0.150073
vt 0.166031 0.154159
vt 0.160608 0.152970
vt 0.169011 0.267223
vt 0.174457 0.265055
vt 0.176178 0.269141
vt 0.170734 0.271483
vt 0.159749 0.157187
vt 0.165172 0.158250
vt 0.164405 0.162343
vt 0.158978 0.161402
vt 0.172604 0.275741
vt 0.178037 0.273216
vt 0.180040 0.277277
vt 0.174619 0.279996
vt 0.158307 0.165619
vt 0.163734 0.166440
vt 0.163151 0.170538
vt 0.157720 0.169836
vt 0.176789 0.284241
vt 0.182194 0.281320
vt 0.184515 0.285329
vt 0.179130 0.288457
vt 0.157229 0.174053
vt 0.162660 0.174640
vt 0.162255 0.178742
vt 0.156820 0.178270
vt 0.217690 0.062740
vt 0.212212 0.066945
vt 0.222604 0.069711
vt 0.217203 0.073233
vt 0.212254 0.076678
vt 0.207174 0.070957
vt 0.181664 0.292629
vt 0.187021 0.289289
vt 0.189726 0.293182
vt 0.184395 0.296738
vt 0.156505 0.182489
vt 0.161939 0.182847
vt 0.161708 0.186954
vt 0.156269 0.186708
vt 0.202586 0.074866
vt 0.207737 0.080097
vt 0.203617 0.083529
vt 0.198419 0.078733
vt 0.187334 0.300779
vt 0.192651 0.296991
vt 0.195824 0.300712
vt 0.190516 0.304778
vt 0.156126 0.190928
vt 0.161564 0.191062
vt 0.161503 0.195172
vt 0.156061 0.195149
vt 0.194641 0.082603
vt 0.199856 0.087012
vt 0.196417 0.090565
vt 0.191193 0.086490
vt 0.193981 0.308744
vt 0.199280 0.304341
vt 0.203062 0.307902
vt 0.197782 0.312696
vt 0.156089 0.199371
vt 0.161530 0.199283
vt 0.161641 0.203395
vt 0.156195 0.203595
vt 0.188025 0.090414
vt 0.193255 0.094215
vt 0.190335 0.097956
vt 0.185093 0.094387
vt 0.201984 0.316662
vt 0.207216 0.311417
vt 0.211778 0.314927
vt 0.206621 0.320690
vt 0.156394 0.207821
vt 0.161839 0.207508
vt 0.182359 0.098427
vt 0.187629 0.101781
vt 0.211714 0.324837
vt 0.216780 0.318472
vt 0.222237 0.322098
vt 0.217244 0.329181
vt 0.171287 0.235104
vt 0.172210 0.239082
vt 0.177545 0.233708
vt 0.178452 0.237531
vt 0.179465 0.241341
vt 0.173234 0.243054
vt 0.178823 0.131853
vt 0.177345 0.135749
vt 0.184903 0.134293
vt 0.183453 0.138005
vt 0.182119 0.141741
vt 0.175980 0.139658
vt 0.174360 0.247019
vt 0.180571 0.245141
vt 0.181788 0.248926
vt 0.175592 0.250976
vt 0.174724 0.143581
vt 0.180883 0.145493
vt 0.179757 0.149263
vt 0.173574 0.147514
vt 0.176935 0.254923
vt 0.183103 0.252697
vt 0.184538 0.256448
vt 0.178393 0.258859
vt 0.172525 0.151457
vt 0.178723 0.153046
vt 0.177794 0.156843
vt 0.171576 0.155408
vt 0.179971 0.262781
vt 0.186079 0.260179
vt 0.187748 0.263882
vt 0.181673 0.266688
vt 0.170722 0.159367
vt 0.176950 0.160649
vt 0.176208 0.164466
vt 0.169964 0.163331
vt 0.183508 0.270574
vt 0.189535 0.267558
vt 0.191453 0.271197
vt 0.185481 0.274435
vt 0.169296 0.167301
vt 0.175547 0.168291
vt 0.174984 0.172124
vt 0.168720 0.171276
vt 0.187601 0.278266
vt 0.193511 0.274792
vt 0.195716 0.278325
vt 0.189879 0.282052
vt 0.168232 0.175255
vt 0.174500 0.175961
vt 0.174111 0.179806
vt 0.167832 0.179237
vt 0.226548 0.076511
vt 0.221412 0.079362
vt 0.230037 0.083901
vt 0.225371 0.086100
vt 0.221042 0.088496
vt 0.216697 0.082279
vt 0.192331 0.285779
vt 0.198084 0.281783
vt 0.200629 0.285162
vt 0.194973 0.289437
vt 0.167518 0.183223
vt 0.173798 0.183653
vt 0.173580 0.187505
vt 0.167290 0.187211
vt 0.212374 0.085265
vt 0.217036 0.091055
vt 0.213328 0.093764
vt 0.208408 0.088334
vt 0.197828 0.293013
vt 0.203369 0.288456
vt 0.206323 0.291642
vt 0.200922 0.296487
vt 0.167147 0.191202
vt 0.173436 0.191360
vt 0.173386 0.195216
vt 0.167090 0.195194
vt 0.204768 0.091504
vt 0.209898 0.096619
vt 0.206723 0.099612
vt 0.201423 0.094786
vt 0.204283 0.299839
vt 0.209516 0.294697
vt 0.212970 0.297614
vt 0.207946 0.303080
vt 0.167117 0.199187
vt 0.173410 0.199074
vt 0.173527 0.202932
vt 0.167230 0.203181
vt 0.198341 0.098193
vt 0.203782 0.102738
vt 0.201049 0.105973
vt 0.195491 0.101703
vt 0.211944 0.306220
vt 0.216708 0.300386
vt 0.220753 0.303008
vt 0.216308 0.309281
vt 0.167428 0.207175
vt 0.173720 0.206789
vt 0.174007 0.210646
vt 0.167713 0.211170
vt 0.192850 0.105298
vt 0.198508 0.109294
vt 0.196140 0.112697
vt 0.190394 0.108964
vt 0.221072 0.312276
vt 0.225127 0.305466
vt 0.229845 0.307728
vt 0.226264 0.315207
vt 0.168083 0.215163
vt 0.174371 0.214500
vt 0.174830 0.218351
vt 0.168542 0.219156
vt 0.188109 0.112692
vt 0.193931 0.116178
vt 0.191867 0.119721
vt 0.185977 0.116468
vt 0.169090 0.223147
vt 0.175368 0.222200
vt 0.176005 0.226042
vt 0.169730 0.227136
vt 0.183991 0.120277
vt 0.189940 0.123312
vt 0.188142 0.126943
vt 0.182140 0.124114
vt 0.170461 0.231122
vt 0.176724 0.229879
vt 0.180420 0.127974
vt 0.186460 0.130603
vt 0.192053 0.253412
vt 0.193529 0.256911
vt 0.200802 0.249800
vt 0.202145 0.253054
vt 0.203689 0.256223
vt 0.195132 0.260368
vt 0.185483 0.158657
vt 0.184660 0.162271
vt 0.194546 0.160830
vt 0.193718 0.164207
vt 0.193093 0.167627
vt 0.183947 0.165903
vt 0.196831 0.263793
vt 0.205232 0.259398
vt 0.206871 0.262500
vt 0.198646 0.267168
vt 0.183300 0.169543
vt 0.192430 0.171039
vt 0.191969 0.174484
vt 0.182760 0.173196
vt 0.200586 0.270483
vt 0.208614 0.265520
vt 0.210468 0.268448
vt 0.202659 0.273722
vt 0.182284 0.176855
vt 0.191467 0.177922
vt 0.191168 0.181385
vt 0.181914 0.180524
vt 0.233376 0.092532
vt 0.229395 0.094155
vt 0.236395 0.101509
vt 0.233215 0.102736
vt 0.230155 0.104221
vt 0.225636 0.096039
vt 0.204876 0.276869
vt 0.212440 0.271271
vt 0.214539 0.273978
vt 0.207248 0.279918
vt 0.181605 0.184196
vt 0.190823 0.184843
vt 0.190682 0.188316
vt 0.181400 0.187875
vt 0.222102 0.098143
vt 0.227230 0.105933
vt 0.224446 0.107844
vt 0.218789 0.100440
vt 0.209788 0.282862
vt 0.216771 0.276557
vt 0.219143 0.278999
vt 0.212509 0.285685
vt 0.181256 0.191556
vt 0.190495 0.191787
vt 0.190510 0.195265
vt 0.181215 0.195241
vt 0.215689 0.102911
vt 0.221804 0.109933
vt 0.219306 0.112183
vt 0.212792 0.105539
vt 0.215424 0.288365
vt 0.221660 0.281292
vt 0.224323 0.283423
vt 0.218548 0.290888
vt 0.181234 0.198926
vt 0.190479 0.198742
vt 0.190651 0.202217
vt 0.181358 0.202610
vt 0.210086 0.108310
vt 0.216949 0.114582
vt 0.214728 0.117118
vt 0.207556 0.111203
vt 0.221890 0.293237
vt 0.227133 0.285376
vt 0.230087 0.287128
vt 0.225457 0.295392
vt 0.181541 0.206295
vt 0.190776 0.205694
vt 0.191105 0.209160
vt 0.181829 0.209975
vt 0.205191 0.114202
vt 0.212638 0.119783
vt 0.210672 0.122564
vt 0.202977 0.117300
vt 0.229256 0.297325
vt 0.233179 0.288651
vt 0.236395 0.289914
vt 0.233281 0.298995
vt 0.182179 0.213654
vt 0.191389 0.212631
vt 0.191876 0.216082
vt 0.182635 0.217325
vt 0.200905 0.120492
vt 0.208822 0.125451
vt 0.207080 0.128432
vt 0.198963 0.123761
vt 0.183154 0.220992
vt 0.192322 0.219539
vt 0.192972 0.222966
vt 0.183782 0.224649
vt 0.197143 0.127093
vt 0.205441 0.131496
vt 0.203896 0.134634
vt 0.195438 0.130476
vt 0.184476 0.228300
vt 0.193584 0.226403
vt 0.194401 0.229800
vt 0.185282 0.231935
vt 0.193826 0.133894
vt 0.202348 0.137767
vt 0.201001 0.140987
vt 0.192340 0.137356
vt 0.186158 0.235563
vt 0.195185 0.233206
vt 0.196173 0.236564
vt 0.187148 0.239170
vt 0.190940 0.140843
vt 0.199643 0.144201
vt 0.198487 0.147489
vt 0.189662 0.144364
vt 0.188214 0.242766
vt 0.197135 0.239931
vt 0.198302 0.243238
vt 0.189398 0.246336
vt 0.188463 0.147904
vt 0.197313 0.150768
vt 0.196340 0.154110
vt 0.187382 0.151471
vt 0.190664 0.249890
vt 0.199450 0.246555
vt 0.186376 0.155053
vt 0.195342 0.157444
vt 0.137399 0.961969
vt 0.133242 0.956356
vt 0.134855 0.955135
vt 0.139453 0.960273
vt 0.129582 0.951418
vt 0.131267 0.950789
vt 0.133163 0.950955
vt 0.136349 0.953854
vt 0.141320 0.958383
vt 0.095511 0.930894
vt 0.101860 0.933166
vt 0.101439 0.935099
vt 0.094735 0.933453
vt 0.105922 0.934619
vt 0.106965 0.936219
vt 0.107206 0.938004
vt 0.101125 0.937102
vt 0.094213 0.936076
vt 0.147334 0.933469
vt 0.140697 0.935160
vt 0.140198 0.933196
vt 0.146588 0.930908
vt 0.134818 0.936649
vt 0.134885 0.934848
vt 0.135758 0.933155
vt 0.139604 0.931313
vt 0.145602 0.928435
vt 0.137459 0.952230
vt 0.142984 0.956317
vt 0.132807 0.949079
vt 0.133259 0.947337
vt 0.138492 0.950500
vt 0.144429 0.954096
vt 0.100843 0.939110
vt 0.093951 0.938738
vt 0.106457 0.939643
vt 0.104995 0.940871
vt 0.100685 0.941082
vt 0.093951 0.941413
vt 0.138557 0.929648
vt 0.144386 0.926073
vt 0.133910 0.932761
vt 0.132490 0.931668
vt 0.137389 0.928007
vt 0.142945 0.923848
vt 0.139495 0.948754
vt 0.145645 0.951740
vt 0.134566 0.946111
vt 0.136365 0.945537
vt 0.140373 0.946994
vt 0.146625 0.949271
vt 0.101036 0.943029
vt 0.094213 0.944075
vt 0.106570 0.941949
vt 0.107476 0.943507
vt 0.101512 0.945000
vt 0.094734 0.946698
vt 0.136191 0.926387
vt 0.141289 0.921779
vt 0.131870 0.929979
vt 0.132040 0.928077
vt 0.134927 0.924880
vt 0.139431 0.919886
vt 0.140780 0.945061
vt 0.147363 0.946713
vt 0.135331 0.943937
vt 0.135088 0.942152
vt 0.141084 0.943058
vt 0.147855 0.944091
vt 0.102021 0.946964
vt 0.095510 0.949257
vt 0.107411 0.945308
vt 0.106530 0.947001
vt 0.102629 0.948846
vt 0.096534 0.951729
vt 0.133314 0.923751
vt 0.137387 0.918188
vt 0.130170 0.928428
vt 0.128431 0.927967
vt 0.131590 0.922694
vt 0.135178 0.916701
vt 0.141359 0.941050
vt 0.148098 0.941431
vt 0.135831 0.940513
vt 0.137277 0.939286
vt 0.141514 0.939079
vt 0.148090 0.938756
vt 0.103699 0.950511
vt 0.097795 0.954088
vt 0.108398 0.947395
vt 0.109831 0.948487
vt 0.104893 0.952149
vt 0.099280 0.956312
vt 0.129844 0.921665
vt 0.132825 0.915440
vt 0.127204 0.926647
vt 0.126630 0.924827
vt 0.128084 0.920764
vt 0.130355 0.914416
vt 0.106114 0.953768
vt 0.100977 0.958379
vt 0.110460 0.950176
vt 0.110295 0.952078
vt 0.107397 0.955275
vt 0.102868 0.960270
vt 0.126151 0.920343
vt 0.127796 0.913639
vt 0.125031 0.925869
vt 0.123245 0.926110
vt 0.124147 0.920029
vt 0.125173 0.913117
vt 0.109021 0.956403
vt 0.104936 0.961967
vt 0.112171 0.951726
vt 0.113913 0.952187
vt 0.110752 0.957460
vt 0.107160 0.963454
vt 0.122139 0.919748
vt 0.122512 0.912855
vt 0.121606 0.925361
vt 0.120378 0.923899
vt 0.120167 0.919589
vt 0.119837 0.912855
vt 0.112500 0.958489
vt 0.109518 0.964714
vt 0.115140 0.953506
vt 0.115715 0.955327
vt 0.114261 0.959390
vt 0.111990 0.965738
vt 0.118220 0.919940
vt 0.117175 0.913117
vt 0.119300 0.925474
vt 0.117742 0.926380
vt 0.116249 0.920417
vt 0.114551 0.913638
vt 0.116194 0.959810
vt 0.114549 0.966514
vt 0.117314 0.954284
vt 0.119100 0.954043
vt 0.118198 0.960124
vt 0.117172 0.967037
vt 0.114286 0.920925
vt 0.111992 0.914415
vt 0.115942 0.926315
vt 0.114248 0.925434
vt 0.112403 0.921534
vt 0.109521 0.915438
vt 0.120206 0.960406
vt 0.119834 0.967299
vt 0.120739 0.954792
vt 0.121967 0.956255
vt 0.122178 0.960564
vt 0.122509 0.967299
vt 0.110739 0.922603
vt 0.107162 0.916699
vt 0.113854 0.927302
vt 0.112762 0.928736
vt 0.109100 0.923798
vt 0.104938 0.918185
vt 0.124125 0.960213
vt 0.125171 0.967036
vt 0.123045 0.954679
vt 0.124602 0.953773
vt 0.126096 0.959737
vt 0.127794 0.966515
vt 0.107481 0.925019
vt 0.102870 0.919881
vt 0.111074 0.929365
vt 0.109172 0.929199
vt 0.105975 0.926301
vt 0.100979 0.921773
vt 0.128059 0.959228
vt 0.130353 0.965739
vt 0.126403 0.953838
vt 0.128097 0.954719
vt 0.129941 0.958620
vt 0.132824 0.964715
vt 0.104846 0.927926
vt 0.099282 0.923840
vt 0.109523 0.931075
vt 0.109062 0.932817
vt 0.103789 0.929657
vt 0.097796 0.926064
vt 0.131605 0.957551
vt 0.135181 0.963454
vt 0.128490 0.952851
vt 0.102761 0.931404
vt 0.096535 0.928422
vt 0.107743 0.934045
vt 0.141167 0.937131
vt 0.147836 0.936093
vt 0.135718 0.938207
vt 0.111582 0.944612
vt 0.112818 0.942169
vt 0.121172 0.940077
vt 0.114255 0.945207
vt 0.128084 0.934947
vt 0.128294 0.932217
vt 0.125600 0.932690
vt 0.131747 0.939558
vt 0.129677 0.941342
vt 0.129513 0.937985
vt 0.124747 0.930088
vt 0.122436 0.931558
vt 0.746140 0.844878
vt 0.737342 0.841955
vt 0.738616 0.838213
vt 0.747490 0.840394
vt 0.726849 0.838498
vt 0.728894 0.835422
vt 0.732092 0.833526
vt 0.739641 0.834566
vt 0.748397 0.835820
vt 0.114047 0.947937
vt 0.116745 0.947463
vt 0.120652 0.929480
vt 0.119080 0.931723
vt 0.661224 0.804639
vt 0.668811 0.809191
vt 0.667339 0.812587
vt 0.659042 0.808725
vt 0.675343 0.813142
vt 0.676687 0.816547
vt 0.676469 0.820005
vt 0.666034 0.816155
vt 0.657270 0.813005
vt 0.748852 0.826563
vt 0.739551 0.827039
vt 0.739336 0.823246
vt 0.748396 0.821954
vt 0.728449 0.827700
vt 0.729242 0.824328
vt 0.731514 0.821458
vt 0.738911 0.819569
vt 0.747491 0.817411
vt 0.117598 0.950066
vt 0.119908 0.948595
vt 0.116637 0.930486
vt 0.116043 0.933159
vt 0.664784 0.819744
vt 0.655928 0.817440
vt 0.674469 0.822782
vt 0.671294 0.824525
vt 0.663767 0.823333
vt 0.655024 0.821996
vt 0.737553 0.816133
vt 0.746146 0.812978
vt 0.728177 0.820076
vt 0.725909 0.817545
vt 0.735956 0.812696
vt 0.744373 0.808700
vt 0.121692 0.950673
vt 0.123264 0.948431
vt 0.113312 0.932952
vt 0.113786 0.935649
vt 0.663692 0.827121
vt 0.654566 0.826637
vt 0.673806 0.827266
vt 0.674872 0.830803
vt 0.663827 0.831072
vt 0.654559 0.831320
vt 0.734309 0.809277
vt 0.742189 0.804616
vt 0.725367 0.814139
vt 0.726385 0.810620
vt 0.732510 0.806042
vt 0.739614 0.800765
vt 0.125708 0.949668
vt 0.126302 0.946994
vt 0.111184 0.936502
vt 0.112654 0.938813
vt 0.664011 0.835082
vt 0.655001 0.836009
vt 0.674030 0.834511
vt 0.671732 0.837559
vt 0.664397 0.839030
vt 0.655885 0.840694
vt 0.729939 0.803388
vt 0.736675 0.797185
vt 0.722757 0.810621
vt 0.719681 0.809151
vt 0.727147 0.800824
vt 0.733400 0.793910
vt 0.129030 0.947202
vt 0.128553 0.944505
vt 0.739708 0.830836
vt 0.748852 0.831197
vt 0.729558 0.830937
vt 0.130748 0.935542
vt 0.665701 0.842846
vt 0.657197 0.845355
vt 0.674998 0.839429
vt 0.677169 0.842619
vt 0.667232 0.846740
vt 0.658927 0.849930
vt 0.110576 0.940597
vt 0.724318 0.798295
vt 0.729819 0.790973
vt 0.717889 0.806211
vt 0.717499 0.802569
vt 0.721420 0.795995
vt 0.725966 0.788401
vt 0.718027 0.794527
vt 0.721880 0.786218
vt 0.714131 0.803960
vt 0.710714 0.803779
vt 0.714465 0.793227
vt 0.717601 0.784446
vt 0.694593 0.876976
vt 0.695509 0.870792
vt 0.699201 0.870832
vt 0.699216 0.877391
vt 0.696366 0.865009
vt 0.698924 0.862670
vt 0.702198 0.861262
vt 0.703005 0.870545
vt 0.703857 0.877349
vt 0.673587 0.790990
vt 0.678857 0.798099
vt 0.676198 0.800674
vt 0.670007 0.793930
vt 0.683393 0.804255
vt 0.683347 0.807918
vt 0.681842 0.811021
vt 0.673630 0.803469
vt 0.666733 0.797205
vt 0.668813 0.850639
vt 0.661061 0.854339
vt 0.677614 0.846696
vt 0.676557 0.850496
vt 0.670554 0.854288
vt 0.663590 0.858474
vt 0.671106 0.806296
vt 0.663796 0.800787
vt 0.678938 0.812787
vt 0.131146 0.943652
vt 0.742155 0.853465
vt 0.734490 0.849407
vt 0.736004 0.845740
vt 0.744358 0.849238
vt 0.727896 0.845873
vt 0.726580 0.842290
vt 0.681521 0.786230
vt 0.685502 0.794659
vt 0.682087 0.796304
vt 0.677437 0.788415
vt 0.690235 0.804792
vt 0.686865 0.805307
vt 0.736568 0.861425
vt 0.729543 0.855965
vt 0.732137 0.852682
vt 0.739549 0.857547
vt 0.721226 0.849141
vt 0.724229 0.846718
vt 0.690232 0.783111
vt 0.692382 0.791696
vt 0.688942 0.793058
vt 0.685799 0.784457
vt 0.694231 0.799124
vt 0.692802 0.802497
vt 0.685619 0.874650
vt 0.688407 0.868384
vt 0.691965 0.869761
vt 0.690048 0.876034
vt 0.691869 0.859732
vt 0.694595 0.862029
vt 0.729630 0.868251
vt 0.724177 0.862226
vt 0.726901 0.859238
vt 0.733247 0.865026
vt 0.719530 0.856857
vt 0.719620 0.852915
vt 0.699383 0.781749
vt 0.699841 0.791062
vt 0.696055 0.791274
vt 0.694775 0.782205
vt 0.700374 0.802249
vt 0.697051 0.801431
vt 0.677225 0.870857
vt 0.681504 0.865334
vt 0.684870 0.866952
vt 0.681330 0.872926
vt 0.685198 0.860231
vt 0.688492 0.859307
vt 0.721669 0.873237
vt 0.717428 0.866355
vt 0.720890 0.864406
vt 0.725757 0.871005
vt 0.712527 0.857415
vt 0.715980 0.856340
vt 0.708625 0.782202
vt 0.707329 0.790958
vt 0.703631 0.790900
vt 0.704015 0.781749
vt 0.706207 0.798532
vt 0.703612 0.801107
vt 0.669764 0.865552
vt 0.675817 0.860195
vt 0.678619 0.862936
vt 0.673355 0.868414
vt 0.683098 0.853058
vt 0.684808 0.856563
vt 0.712990 0.876149
vt 0.710495 0.869626
vt 0.713952 0.868167
vt 0.717403 0.874934
vt 0.708439 0.863672
vt 0.709875 0.860274
vt 0.710885 0.791974
vt 0.713169 0.783104
vt 0.707946 0.801748
vt 0.673068 0.857326
vt 0.666499 0.862231
vt 0.680105 0.851029
vt 0.706806 0.870200
vt 0.708461 0.876940
vt 0.705554 0.861833
vt 0.708140 0.847447
vt 0.713211 0.848383
vt 0.701522 0.830178
vt 0.713497 0.842043
vt 0.717839 0.817149
vt 0.716423 0.822296
vt 0.712624 0.817175
vt 0.697903 0.854629
vt 0.695487 0.849187
vt 0.701791 0.850121
vt 0.686263 0.823829
vt 0.681742 0.826352
vt 0.685264 0.830582
vt 0.718763 0.840683
vt 0.716966 0.835275
vt 0.689680 0.812981
vt 0.694665 0.814516
vt 0.689545 0.818317
vt 0.681977 0.835237
vt 0.686624 0.838064
vt 0.712019 0.811876
vt 0.707155 0.813899
vt 0.721562 0.832248
vt 0.717966 0.828523
vt 0.685060 0.844215
vt 0.690185 0.844789
vt 0.705854 0.853487
vt 0.684408 0.818806
vt 0.704623 0.809233
vt 0.700848 0.812965
vt 0.721198 0.824252
vt 0.696779 0.809620
vt 0.690623 0.851232
vt 0.717643 0.346939
vt 0.720131 0.338840
vt 0.729383 0.341851
vt 0.725476 0.351391
vt 0.721465 0.329965
vt 0.731555 0.331433
vt 0.721747 0.320797
vt 0.732082 0.320639
vt 0.721184 0.311643
vt 0.731223 0.309866
vt 0.719577 0.302813
vt 0.728732 0.299519
vt 0.716841 0.294795
vt 0.724534 0.290103
vt 0.740113 0.346041
vt 0.734659 0.357283
vt 0.743410 0.333573
vt 0.744354 0.320450
vt 0.743007 0.307362
vt 0.739328 0.295001
vt 0.733531 0.283932
vt 0.752813 0.351466
vt 0.745464 0.364585
vt 0.757713 0.336515
vt 0.759578 0.320216
vt 0.757213 0.303983
vt 0.751855 0.289189
vt 0.744107 0.276302
vt 0.469386 0.774174
vt 0.463630 0.760283
vt 0.476878 0.756388
vt 0.480974 0.768192
vt 0.460519 0.744859
vt 0.475069 0.743619
vt 0.460582 0.728455
vt 0.475673 0.730475
vt 0.464837 0.712611
vt 0.478548 0.717636
vt 0.471896 0.698549
vt 0.483653 0.705793
vt 0.481104 0.686662
vt 0.490710 0.695482
vt 0.488026 0.753487
vt 0.490786 0.763420
vt 0.487094 0.742885
vt 0.487838 0.732104
vt 0.489956 0.721507
vt 0.493645 0.711525
vt 0.498921 0.702667
vt 0.497568 0.751583
vt 0.499088 0.759918
vt 0.497285 0.742613
vt 0.498082 0.733476
vt 0.499717 0.724451
vt 0.502350 0.715871
vt 0.506009 0.708230
vt 0.709465 0.349654
vt 0.710639 0.344378
vt 0.713509 0.353575
vt 0.711826 0.337099
vt 0.712556 0.329129
vt 0.712670 0.320937
vt 0.712304 0.312752
vt 0.711330 0.304809
vt 0.709920 0.297570
vt 0.708584 0.292332
vt 0.712506 0.288288
vt 0.718448 0.282160
vt 0.725822 0.274556
vt 0.734554 0.265552
vt 0.491854 0.677109
vt 0.499468 0.687076
vt 0.505898 0.695494
vt 0.511079 0.702277
vt 0.514498 0.706754
vt 0.512557 0.711798
vt 0.510306 0.718822
vt 0.508405 0.726596
vt 0.507080 0.734681
vt 0.506231 0.742830
vt 0.506020 0.750830
vt 0.506344 0.758198
vt 0.502413 0.766995
vt 0.506890 0.763575
vt 0.495630 0.772176
vt 0.487212 0.778606
vt 0.477244 0.786219
vt 0.727241 0.366892
vt 0.736245 0.375623
vt 0.719637 0.359518
vt 0.513348 0.758642
vt 0.513889 0.751274
vt 0.521564 0.752367
vt 0.520599 0.760059
vt 0.514435 0.743577
vt 0.522360 0.744616
vt 0.515266 0.735777
vt 0.523254 0.736847
vt 0.516517 0.728033
vt 0.524435 0.729116
vt 0.518014 0.720463
vt 0.525706 0.721428
vt 0.519431 0.713213
vt 0.526799 0.713753
vt 0.529252 0.753638
vt 0.528169 0.761557
vt 0.530204 0.745768
vt 0.531177 0.737907
vt 0.532306 0.730068
vt 0.533458 0.722224
vt 0.534497 0.714300
vt 0.536982 0.754820
vt 0.535913 0.762808
vt 0.538043 0.746897
vt 0.539105 0.738969
vt 0.540166 0.731041
vt 0.541227 0.723118
vt 0.542297 0.715130
vt 0.544751 0.755714
vt 0.543713 0.763638
vt 0.545903 0.747870
vt 0.547033 0.740031
vt 0.548005 0.732171
vt 0.548958 0.724300
vt 0.550040 0.716381
vt 0.552503 0.756510
vt 0.551410 0.764185
vt 0.553774 0.748822
vt 0.554956 0.741092
vt 0.555849 0.733323
vt 0.556646 0.725571
vt 0.557610 0.717879
vt 0.560195 0.757475
vt 0.558778 0.764726
vt 0.561692 0.749905
vt 0.562944 0.742161
vt 0.563774 0.734361
vt 0.564321 0.726664
vt 0.564861 0.719296
vt 0.511934 0.765517
vt 0.519876 0.706208
vt 0.527244 0.705884
vt 0.535244 0.706096
vt 0.543393 0.706945
vt 0.551478 0.708270
vt 0.559252 0.710170
vt 0.566275 0.712421
vt 0.571320 0.714363
vt 0.571866 0.719740
vt 0.572190 0.727108
vt 0.571978 0.735108
vt 0.571129 0.743257
vt 0.569804 0.751343
vt 0.567904 0.759116
vt 0.565653 0.766140
vt 0.558334 0.771730
vt 0.563711 0.771184
vt 0.550965 0.772054
vt 0.542965 0.771843
vt 0.534817 0.770993
vt 0.526731 0.769669
vt 0.518957 0.767768
vt 0.572200 0.769709
vt 0.575859 0.762067
vt 0.584564 0.766413
vt 0.579289 0.775271
vt 0.578492 0.753487
vt 0.588253 0.756431
vt 0.580127 0.744462
vt 0.590372 0.745834
vt 0.580924 0.735324
vt 0.591116 0.735053
vt 0.580641 0.726355
vt 0.590183 0.724451
vt 0.579122 0.718019
vt 0.587424 0.714518
vt 0.594556 0.772145
vt 0.587499 0.782456
vt 0.599661 0.760302
vt 0.602537 0.747463
vt 0.603140 0.734319
vt 0.601331 0.721550
vt 0.597235 0.709746
vt 0.606313 0.779389
vt 0.597105 0.791276
vt 0.613372 0.765327
vt 0.617628 0.749484
vt 0.617690 0.733079
vt 0.614580 0.717655
vt 0.608823 0.703764
vt 0.616621 0.366565
vt 0.608872 0.353678
vt 0.621399 0.347866
vt 0.627196 0.358935
vt 0.603514 0.338885
vt 0.617721 0.335505
vt 0.601149 0.322651
vt 0.616373 0.322417
vt 0.603014 0.306353
vt 0.617318 0.309294
vt 0.607915 0.291401
vt 0.620614 0.296826
vt 0.615264 0.278282
vt 0.626069 0.285584
vt 0.631995 0.343348
vt 0.636194 0.352764
vt 0.629504 0.333001
vt 0.628645 0.322228
vt 0.629173 0.311434
vt 0.631344 0.301016
vt 0.635251 0.291476
vt 0.641150 0.340054
vt 0.643886 0.348072
vt 0.639544 0.331224
vt 0.638980 0.322070
vt 0.639262 0.312902
vt 0.640597 0.304027
vt 0.643085 0.295928
vt 0.567131 0.775661
vt 0.575796 0.710943
vt 0.582580 0.705762
vt 0.590998 0.699332
vt 0.600965 0.691719
vt 0.624482 0.267244
vt 0.633486 0.275975
vt 0.641091 0.283349
vt 0.647218 0.289292
vt 0.651262 0.293213
vt 0.650088 0.298489
vt 0.648901 0.305768
vt 0.648171 0.313738
vt 0.648058 0.321930
vt 0.648423 0.330115
vt 0.649397 0.338058
vt 0.650808 0.345297
vt 0.648222 0.354579
vt 0.652143 0.350535
vt 0.642280 0.360707
vt 0.634905 0.368311
vt 0.626174 0.377315
vt 0.578742 0.790862
vt 0.586355 0.800830
vt 0.572312 0.782444
vt 0.657801 0.344701
vt 0.657246 0.337334
vt 0.664998 0.337279
vt 0.665182 0.345030
vt 0.656648 0.329640
vt 0.664639 0.329495
vt 0.656315 0.321803
vt 0.664373 0.321679
vt 0.656407 0.313960
vt 0.664398 0.313859
vt 0.656768 0.306252
vt 0.664518 0.306068
vt 0.657097 0.298871
vt 0.664464 0.298315
vt 0.672789 0.337399
vt 0.672890 0.345391
vt 0.672567 0.329474
vt 0.672366 0.321556
vt 0.672323 0.313637
vt 0.672302 0.305709
vt 0.672157 0.297717
vt 0.680609 0.337424
vt 0.680733 0.345483
vt 0.680487 0.329432
vt 0.680364 0.321434
vt 0.680241 0.313436
vt 0.680118 0.305443
vt 0.679994 0.297385
vt 0.688425 0.337159
vt 0.688570 0.345150
vt 0.688404 0.329231
vt 0.688362 0.321311
vt 0.688161 0.313393
vt 0.687938 0.305468
vt 0.687838 0.297477
vt 0.696210 0.336800
vt 0.696264 0.344552
vt 0.696329 0.329008
vt 0.696354 0.321188
vt 0.696089 0.313372
vt 0.695730 0.305588
vt 0.695546 0.297838
vt 0.703960 0.336616
vt 0.703631 0.343996
vt 0.704321 0.328907
vt 0.704413 0.321064
vt 0.704080 0.313227
vt 0.703482 0.305534
vt 0.702926 0.298167
vt 0.657420 0.351709
vt 0.656500 0.291878
vt 0.663739 0.290467
vt 0.671682 0.289493
vt 0.679867 0.289127
vt 0.688060 0.289241
vt 0.696029 0.289971
vt 0.703308 0.291158
vt 0.704228 0.350989
vt 0.696988 0.352400
vt 0.689045 0.353374
vt 0.680860 0.353740
vt 0.672668 0.353626
vt 0.664699 0.352896
vt 0.508365 0.772065
vt 0.516007 0.775724
vt 0.511660 0.784429
vt 0.502803 0.779153
vt 0.524586 0.778356
vt 0.521643 0.788117
vt 0.533612 0.779991
vt 0.532240 0.790236
vt 0.542749 0.780788
vt 0.543021 0.790980
vt 0.551719 0.780505
vt 0.553622 0.790047
vt 0.560054 0.778986
vt 0.563556 0.787288
vt 0.505929 0.794420
vt 0.495617 0.787363
vt 0.517772 0.799526
vt 0.530611 0.802401
vt 0.543755 0.803005
vt 0.556524 0.801195
vt 0.568328 0.797100
vt 0.498685 0.806178
vt 0.486797 0.796969
vt 0.512747 0.813236
vt 0.528590 0.817492
vt 0.544995 0.817555
vt 0.560419 0.814444
vt 0.574310 0.808687
vt 0.725496 0.385177
vt 0.712609 0.392925
vt 0.706796 0.380398
vt 0.717865 0.374601
vt 0.697815 0.398283
vt 0.694436 0.384077
vt 0.681581 0.400648
vt 0.681347 0.385424
vt 0.665283 0.398783
vt 0.668224 0.384480
vt 0.650331 0.393882
vt 0.655756 0.381183
vt 0.637212 0.386534
vt 0.644514 0.375729
vt 0.702278 0.369802
vt 0.711694 0.365604
vt 0.691931 0.372293
vt 0.681159 0.373152
vt 0.670365 0.372625
vt 0.659946 0.370453
vt 0.650406 0.366546
vt 0.698984 0.360647
vt 0.707003 0.357911
vt 0.690155 0.362254
vt 0.681000 0.362817
vt 0.671832 0.362535
vt 0.662958 0.361201
vt 0.654859 0.358713
vt 0.569844 0.705873
vt 0.562202 0.702215
vt 0.566549 0.693510
vt 0.575407 0.698785
vt 0.553623 0.699582
vt 0.556567 0.689821
vt 0.544598 0.697947
vt 0.545969 0.687702
vt 0.535460 0.697150
vt 0.535188 0.686958
vt 0.526490 0.697433
vt 0.524587 0.687891
vt 0.518155 0.698952
vt 0.514653 0.690650
vt 0.572281 0.683518
vt 0.582592 0.690575
vt 0.560438 0.678412
vt 0.547598 0.675537
vt 0.534455 0.674933
vt 0.521686 0.676743
vt 0.509881 0.680839
vt 0.579524 0.671760
vt 0.591412 0.680969
vt 0.565462 0.664702
vt 0.549619 0.660446
vt 0.533214 0.660384
vt 0.517790 0.663494
vt 0.503899 0.669251
vt 0.635232 0.257690
vt 0.648119 0.249942
vt 0.653931 0.262469
vt 0.642863 0.268266
vt 0.662913 0.244584
vt 0.666292 0.258790
vt 0.679146 0.242219
vt 0.679380 0.257443
vt 0.695445 0.244084
vt 0.692504 0.258387
vt 0.710396 0.248985
vt 0.704972 0.261684
vt 0.723515 0.256334
vt 0.716213 0.267138
vt 0.658449 0.273065
vt 0.649034 0.277263
vt 0.668796 0.270574
vt 0.679569 0.269715
vt 0.690363 0.270243
vt 0.700781 0.272414
vt 0.710322 0.276322
vt 0.661744 0.282220
vt 0.653725 0.284956
vt 0.670573 0.280614
vt 0.679728 0.280050
vt 0.688896 0.280332
vt 0.697770 0.281666
vt 0.705869 0.284155
s 0
usemtl lay_figure_material
f 1/1/1 2/2/1 3/3/1 4/4/1
f 2/2/2 5/5/2 6/6/2 3/3/2
f 3/3/3 6/6/3 7/7/3 8/8/3
f 4/4/4 3/3/4 8/8/4 9/9/4
f 10/10/5 11/11/5 12/12/5 13/13/5
f 11/11/6 14/14/6 15/15/6 12/12/6
f 12/12/7 15/15/7 16/16/7 17/17/7
f 13/13/8 12/12/8 17/17/8 18/18/8
f 19/19/9 20/20/9 21/21/9 22/22/9
f 20/20/10 23/23/10 24/24/10 21/21/10
f 21/21/11 24/24/11 25/25/11 26/26/11
f 22/22/12 21/21/12 26/26/12 27/27/12
f 9/9/13 8/8/13 28/28/13 29/29/13
f 8/8/14 7/7/14 30/30/14 28/28/14
f 28/28/15 30/30/15 31/31/15 32/32/15
f 29/29/16 28/28/16 32/32/16 33/33/16
f 18/18/17 17/17/17 34/34/17 35/35/17
f 17/17/18 16/16/18 36/36/18 34/34/18
f 34/34/19 36/36/19 37/37/19 38/38/19
f 35/35/20 34/34/20 38/38/20 39/39/20
f 27/27/21 26/26/21 40/40/21 41/41/21
f 26/26/22 25/25/22 42/42/22 40/40/22
f 40/40/23 42/42/23 43/43/23 44/44/23
f 41/41/24 40/40/24 44/44/24 45/45/24
f 33/33/25 32/32/25 46/46/25 47/47/25
f 32/32/26 31/31/26 48/48/26 46/46/26
f 46/46/27 48/48/27 49/49/27 50/50/27
f 47/47/28 46/46/28 50/50/28 51/51/28
f 39/39/29 38/38/29 52/52/29 53/53/29
f 38/38/30 37/37/30 54/54/30 52/52/30
f 52/52/31 54/54/31 55/55/31 56/56/31
f 53/53/32 52/52/32 56/56/32 57/57/32
f 45/45/33 44/44/33 58/58/33 59/59/33
f 44/44/34 43/43/34 60/60/34 58/58/34
f 58/58/35 60/60/35 61/61/35 62/62/35
f 59/59/36 58/58/36 62/62/36 63/63/36
f 57/57/37 56/56/37 64/64/37 65/65/37
f 56/56/38 55/55/38 66/66/38 64/64/38
f 64/64/39 66/66/39 67/67/39 68/68/39
f 65/65/40 64/64/40 68/68/40 69/69/40
f 63/63/41 62/62/41 70/70/41 71/71/41
f 62/62/42 61/61/42 72/72/42 70/70/42
f 70/70/43 72/72/43 73/73/43 74/74/43
f 71/71/44 70/70/44 74/74/44 75/75/44
f 69/69/45 68/68/45 76/76/45 77/77/45
f 68/68/46 67/67/46 78/78/46 76/76/46
f 76/76/47 78/78/47 79/79/47 80/80/47
f 77/77/48 76/76/48 80/80/48 81/81/48
f 75/75/49 74/74/49 82/82/49 83/83/49
f 74/74/50 73/73/50 84/84/50 82/82/50
f 82/82/51 84/84/51 85/85/51 86/86/51
f 83/83/52 82/82/52 86/86/52 87/87/52
f 81/81/53 80/80/53 88/88/53 89/89/53
f 80/80/54 79/79/54 90/90/54 88/88/54
f 88/88/55 90/90/55 91/91/55 92/92/55
f 89/89/56 88/88/56 92/92/56 93/93/56
f 87/87/57 86/86/57 94/94/57 95/95/57
f 86/86/58 85/85/58 96/96/58 94/94/58
f 94/94/59 96/96/59 97/97/59 98/98/59
f 95/95/60 94/94/60 98/98/60 99/99/60
f 93/93/61 92/92/61 100/100/61 101/101/61
f 92/92/62 91/91/62 102/102/62 100/100/62
f 100/100/63 102/102/63 103/103/63 104/104/63
f 101/101/64 100/100/64 104/104/64 105/105/64
f 99/99/65 98/98/65 106/106/65 107/107/65
f 98/98/66 97/97/66 108/108/66 106/106/66
f 106/106/67 108/108/67 109/109/67 110/110/67
f 107/107/68 106/106/68 110/110/68 111/111/68
f 105/105/69 104/104/69 112/112/69 113/113/69
f 104/104/70 103/103/70 114/114/70 112/112/70
f 112/112/71 114/114/71 115/115/71 116/116/71
f 113/113/72 112/112/72 116/116/72 117/117/72
f 111/111/73 110/110/73 118/118/73 119/119/73
f 110/110/74 109/109/74 120/120/74 118/118/74
f 118/118/75 120/120/75 121/121/75 122/122/75
f 119/119/76 118/118/76 122/122/76 123/123/76
f 117/117/77 116/116/77 124/124/77 125/125/77
f 116/116/78 115/115/78 126/126/78 124/124/78
f 124/124/79 126/126/79 127/127/79 128/128/79
f 125/125/80 124/124/80 128/128/80 129/129/80
f 123/123/81 122/122/81 130/130/81 131/131/81
f 122/122/82 121/121/82 132/132/82 130/130/82
f 130/130/83 132/132/83 133/133/83 134/134/83
f 131/131/84 130/130/84 134/134/84 135/135/84
f 129/129/85 128/128/85 136/136/85 137/137/85
f 128/128/86 127/127/86 138/138/86 136/136/86
f 136/136/87 138/138/87 139/139/87 140/140/87
f 137/137/88 136/136/88 140/140/88 141/141/88
f 135/135/89 134/134/89 142/142/89 143/143/89
f 134/134/90 133/133/90 144/144/90 142/142/90
f 142/142/91 144/144/91 145/145/91 146/146/91
f 143/143/92 142/142/92 146/146/92 147/147/92
f 141/141/93 140/140/93 148/148/93 149/149/93
f 140/140/94 139/139/94 150/150/94 148/148/94
f 148/148/95 150/150/95 151/151/95 152/152/95
f 149/149/96 148/148/96 152/152/96 153/153/96
f 147/147/97 146/146/97 154/154/97 155/155/97
f 146/146/98 145/145/98 156/156/98 154/154/98
f 154/154/99 156/156/99 157/157/99 158/158/99
f 155/155/100 154/154/100 158/158/100 159/159/100
f 51/160/101 50/161/101 160/162/101 161/163/101
f 50/161/102 49/164/102 162/165/102 160/162/102
f 160/162/103 162/165/103 163/166/103 164/167/103
f 161/163/104 160/162/104 164/167/104 165/168/104
f 153/153/105 152/152/105 166/169/105 167/170/105
f 152/152/106 151/151/106 168/171/106 166/169/106
f 166/169/107 168/171/107 169/172/107 170/173/107
f 167/170/108 166/169/108 170/173/108 171/174/108
f 159/159/109 158/158/109 172/175/109 173/176/109
f 158/158/110 157/157/110 174/177/110 172/175/110
f 172/175/111 174/177/111 175/178/111 176/179/111
f 173/176/112 172/175/112 176/179/112 177/180/112
f 165/168/113 164/167/113 178/181/113 179/182/113
f 164/167/114 163/166/114 180/183/114 178/181/114
f 178/181/115 180/183/115 181/184/115 182/185/115
f 179/182/116 178/181/116 182/185/116 183/186/116
f 171/174/117 170/173/117 184/187/117 185/188/117
f 170/173/118 169/172/118 186/189/118 184/187/118
f 184/187/119 186/189/119 5/5/119 2/2/119
f 185/188/120 184/187/120 2/2/120 1/1/120
f 177/180/121 176/179/121 187/190/121 188/191/121
f 176/179/122 175/178/122 189/192/122 187/190/122
f 187/190/123 189/192/123 14/14/123 11/11/123
f 188/191/124 187/190/124 11/11/124 10/10/124
f 183/186/125 182/185/125 190/193/125 191/194/125
f 182/185/126 181/184/126 192/195/126 190/193/126
f 190/193/127 192/195/127 23/23/127 20/20/127
f 191/194/128 190/193/128 20/20/128 19/19/128
f 115/115/129 193/196/129 194/197/129 126/126/129
f 193/196/130 195/198/130 196/199/130 194/197/130
f 194/197/131 196/199/131 197/200/131 198/201/131
f 126/126/132 194/197/132 198/201/132 127/127/132
f 121/121/133 199/202/133 200/203/133 132/132/133
f 199/202/134 201/204/134 202/205/134 200/203/134
f 200/203/135 202/205/135 203/206/135 204/207/135
f 132/132/136 200/203/136 204/207/136 133/133/136
f 127/127/137 198/201/137 205/208/137 138/138/137
f 198/201/138 197/200/138 206/209/138 205/208/138
f 205/208/139 206/209/139 207/210/139 208/211/139
f 138/138/140 205/208/140 208/211/140 139/139/140
f 133/133/141 204/207/141 209/212/141 144/144/141
f 204/207/142 203/206/142 210/213/142 209/212/142
f 209/212/143 210/213/143 211/214/143 212/215/143
f 144/144/144 209/212/144 212/215/144 145/145/144
f 139/139/145 208/211/145 213/216/145 150/150/145
f 208/211/146 207/210/146 214/217/146 213/216/146
f 213/216/147 214/217/147 215/218/147 216/219/147
f 150/150/148 213/216/148 216/219/148 151/151/148
f 145/145/149 212/215/149 217/220/149 156/156/149
f 212/215/150 211/214/150 218/221/150 217/220/150
f 217/220/151 218/221/151 219/222/151 220/223/151
f 156/156/152 217/220/152 220/223/152 157/157/152
f 49/164/153 221/224/153 222/225/153 162/165/153
f 221/224/154 223/226/154 224/227/154 222/225/154
f 222/225/155 224/227/155 225/228/155 226/229/155
f 162/165/156 222/225/156 226/229/156 163/166/156
f 151/151/157 216/219/157 227/230/157 168/171/157
f 216/219/158 215/218/158 228/231/158 227/230/158
f 227/230/159 228/231/159 229/232/159 230/233/159
f 168/171/160 227/230/160 230/233/160 169/172/160
f 157/157/161 220/223/161 231/234/161 174/177/161
f 220/223/162 219/222/162 232/235/162 231/234/162
f 231/234/163 232/235/163 233/236/163 234/237/163
f 174/177/164 231/234/164 234/237/164 175/178/164
f 163/166/165 226/229/165 235/238/165 180/183/165
f 226/229/166 225/228/166 236/239/166 235/238/166
f 235/238/167 236/239/167 237/240/167 238/241/167
f 180/183/168 235/238/168 238/241/168 181/184/168
f 169/172/169 230/233/169 239/242/169 186/189/169
f 230/233/170 229/232/170 240/243/170 239/242/170
f 239/242/171 240/243/171 241/244/171 242/245/171
f 186/189/172 239/242/172 242/245/172 5/5/172
f 175/178/173 234/237/173 243/246/173 189/192/173
f 234/237/174 233/236/174 244/247/174 243/246/174
f 243/246/175 244/247/175 245/248/175 246/249/175
f 189/192/176 243/246/176 246/249/176 14/14/176
f 181/184/177 238/241/177 247/250/177 192/195/177
f 238/241/178 237/240/178 248/251/178 247/250/178
f 247/250/179 248/251/179 249/252/179 250/253/179
f 192/195/180 247/250/180 250/253/180 23/23/180
f 5/5/181 242/245/181 251/254/181 6/6/181
f 242/245/182 241/244/182 252/255/182 251/254/182
f 251/254/183 252/255/183 253/256/183 254/257/183
f 6/6/184 251/254/184 254/257/184 7/7/184
f 14/14/185 246/249/185 255/258/185 15/15/185
f 246/249/186 245/248/186 256/259/186 255/258/186
f 255/258/187 256/259/187 257/260/187 258/261/187
f 15/15/188 255/258/188 258/261/188 16/16/188
f 23/23/189 250/253/189 259/262/189 24/24/189
f 250/253/190 249/252/190 260/263/190 259/262/190
f 259/262/191 260/263/191 261/264/191 262/265/191
f 24/24/192 259/262/192 262/265/192 25/25/192
f 7/7/193 254/257/193 263/266/193 30/30/193
f 254/257/194 253/256/194 264/267/194 263/266/194
f 263/266/195 264/267/195 265/268/195 266/269/195
f 30/30/196 263/266/196 266/269/196 31/31/196
f 16/16/197 258/261/197 267/270/197 36/36/197
f 258/261/198 257/260/198 268/271/198 267/270/198
f 267/270/199 268/271/199 269/272/199 270/273/199
f 36/36/200 267/270/200 270/273/200 37/37/200
f 25/25/201 262/265/201 271/274/201 42/42/201
f 262/265/202 261/264/202 272/275/202 271/274/202
f 271/274/203 272/275/203 273/276/203 274/277/203
f 42/42/204 271/274/204 274/277/204 43/43/204
f 31/31/205 266/269/205 275/278/205 48/48/205
f 266/269/206 265/268/206 276/279/206 275/278/206
f 275/278/207 276/279/207 223/280/207 221/281/207
f 48/48/208 275/278/208 221/281/208 49/49/208
f 37/37/209 270/273/209 277/282/209 54/54/209
f 270/273/210 269/272/210 278/283/210 277/282/210
f 277/282/211 278/283/211 279/284/211 280/285/211
f 54/54/212 277/282/212 280/285/212 55/55/212
f 43/43/213 274/277/213 281/286/213 60/60/213
f 274/277/214 273/276/214 282/287/214 281/286/214
f 281/286/215 282/287/215 283/288/215 284/289/215
f 60/60/216 281/286/216 284/289/216 61/61/216
f 55/55/217 280/285/217 285/290/217 66/66/217
f 280/285/218 279/284/218 286/291/218 285/290/218
f 285/290/219 286/291/219 287/292/219 288/293/219
f 66/66/220 285/290/220 288/293/220 67/67/220
f 61/61/221 284/289/221 289/294/221 72/72/221
f 284/289/222 283/288/222 290/295/222 289/294/222
f 289/294/223 290/295/223 291/296/223 292/297/223
f 72/72/224 289/294/224 292/297/224 73/73/224
f 67/67/225 288/293/225 293/298/225 78/78/225
f 288/293/226 287/292/226 294/299/226 293/298/226
f 293/298/227 294/299/227 295/300/227 296/301/227
f 78/78/228 293/298/228 296/301/228 79/79/228
f 73/73/229 292/297/229 297/302/229 84/84/229
f 292/297/230 291/296/230 298/303/230 297/302/230
f 297/302/231 298/303/231 299/304/231 300/305/231
f 84/84/232 297/302/232 300/305/232 85/85/232
f 79/79/233 296/301/233 301/306/233 90/90/233
f 296/301/234 295/300/234 302/307/234 301/306/234
f 301/306/235 302/307/235 303/308/235 304/309/235
f 90/90/236 301/306/236 304/309/236 91/91/236
f 85/85/237 300/305/237 305/310/237 96/96/237
f 300/305/238 299/304/238 306/311/238 305/310/238
f 305/310/239 306/311/239 307/312/239 308/313/239
f 96/96/240 305/310/240 308/313/240 97/97/240
f 91/91/241 304/309/241 309/314/241 102/102/241
f 304/309/242 303/308/242 310/315/242 309/314/242
f 309/314/243 310/315/243 311/316/243 312/317/243
f 102/102/244 309/314/244 312/317/244 103/103/244
f 97/97/245 308/313/245 313/318/245 108/108/245
f 308/313/246 307/312/246 314/319/246 313/318/246
f 313/318/247 314/319/247 315/320/247 316/321/247
f 108/108/248 313/318/248 316/321/248 109/109/248
f 103/103/249 312/317/249 317/322/249 114/114/249
f 312/317/250 311/316/250 318/323/250 317/322/250
f 317/322/251 318/323/251 195/198/251 193/196/251
f 114/114/252 317/322/252 193/196/252 115/115/252
f 109/109/253 316/321/253 319/324/253 120/120/253
f 316/321/254 315/320/254 320/325/254 319/324/254
f 319/324/255 320/325/255 201/204/255 199/202/255
f 120/120/256 319/324/256 199/202/256 121/121/256
f 223/226/257 321/326/257 322/327/257 224/227/257
f 321/326/258 323/328/258 324/329/258 322/327/258
f 322/327/259 324/329/259 325/330/259 326/331/259
f 224/227/260 322/327/260 326/331/260 225/228/260
f 215/218/261 327/332/261 328/333/261 228/231/261
f 327/332/262 329/334/262 330/335/262 328/333/262
f 328/333/263 330/335/263 331/336/263 332/337/263
f 228/231/264 328/333/264 332/337/264 229/232/264
f 219/222/265 333/338/265 334/339/265 232/235/265
f 333/338/266 335/340/266 336/341/266 334/339/266
f 334/339/267 336/341/267 337/342/267 338/343/267
f 232/235/268 334/339/268 338/343/268 233/236/268
f 225/228/269 326/331/269 339/344/269 236/239/269
f 326/331/270 325/330/270 340/345/270 339/344/270
f 339/344/271 340/345/271 341/346/271 342/347/271
f 236/239/272 339/344/272 342/347/272 237/240/272
f 229/232/273 332/337/273 343/348/273 240/243/273
f 332/337/274 331/336/274 344/349/274 343/348/274
f 343/348/275 344/349/275 345/350/275 346/351/275
f 240/243/276 343/348/276 346/351/276 241/244/276
f 233/236/277 338/343/277 347/352/277 244/247/277
f 338/343/278 337/342/278 348/353/278 347/352/278
f 347/352/279 348/353/279 349/354/279 350/355/279
f 244/247/280 347/352/280 350/355/280 245/248/280
f 237/240/281 342/347/281 351/356/281 248/251/281
f 342/347/282 341/346/282 352/357/282 351/356/282
f 351/356/283 352/357/283 353/358/283 354/359/283
f 248/251/284 351/356/284 354/359/284 249/252/284
f 241/244/285 346/351/285 355/360/285 252/255/285
f 346/351/286 345/350/286 356/361/286 355/360/286
f 355/360/287 356/361/287 357/362/287 358/363/287
f 252/255/288 355/360/288 358/363/288 253/256/288
f 245/248/289 350/355/289 359/364/289 256/259/289
f 350/355/290 349/354/290 360/365/290 359/364/290
f 359/364/291 360/365/291 361/366/291 362/367/291
f 256/259/292 359/364/292 362/367/292 257/260/292
f 249/252/293 354/359/293 363/368/293 260/263/293
f 354/359/294 353/358/294 364/369/294 363/368/294
f 363/368/295 364/369/295 365/370/295 366/371/295
f 260/263/296 363/368/296 366/371/296 261/264/296
f 253/256/297 358/363/297 367/372/297 264/267/297
f 358/363/298 357/362/298 368/373/298 367/372/298
f 367/372/299 368/373/299 369/374/299 370/375/299
f 264/267/300 367/372/300 370/375/300 265/268/300
f 257/260/301 362/367/301 371/376/301 268/271/301
f 362/367/302 361/366/302 372/377/302 371/376/302
f 371/376/303 372/377/303 373/378/303 374/379/303
f 268/271/304 371/376/304 374/379/304 269/272/304
f 261/264/305 366/371/305 375/380/305 272/275/305
f 366/371/306 365/370/306 376/381/306 375/380/306
f 375/380/307 376/381/307 377/382/307 378/383/307
f 272/275/308 375/380/308 378/383/308 273/276/308
f 265/268/309 370/375/309 379/384/309 276/279/309
f 370/375/310 369/374/310 380/385/310 379/384/310
f 379/384/311 380/385/311 323/386/311 321/387/311
f 276/279/312 379/384/312 321/387/312 223/280/312
f 269/272/313 374/379/313 381/388/313 278/283/313
f 374/379/314 373/378/314 382/389/314 381/388/314
f 381/388/315 382/389/315 383/390/315 384/391/315
f 278/283/316 381/388/316 384/391/316 279/284/316
f 273/276/317 378/383/317 385/392/317 282/287/317
f 378/383/318 377/382/318 386/393/318 385/392/318
f 385/392/319 386/393/319 387/394/319 388/395/319
f 282/287/320 385/392/320 388/395/320 283/288/320
f 279/284/321 384/391/321 389/396/321 286/291/321
f 384/391/322 383/390/322 390/397/322 389/396/322
f 389/396/323 390/397/323 391/398/323 392/399/323
f 286/291/324 389/396/324 392/399/324 287/292/324
f 283/288/325 388/395/325 393/400/325 290/295/325
f 388/395/326 387/394/326 394/401/326 393/400/326
f 393/400/327 394/401/327 395/402/327 396/403/327
f 290/295/328 393/400/328 396/403/328 291/296/328
f 287/292/329 392/399/329 397/404/329 294/299/329
f 392/399/330 391/398/330 398/405/330 397/404/330
f 397/404/331 398/405/331 399/406/331 400/407/331
f 294/299/332 397/404/332 400/407/332 295/300/332
f 291/296/333 396/403/333 401/408/333 298/303/333
f 396/403/334 395/402/334 402/409/334 401/408/334
f 401/408/335 402/409/335 403/410/335 404/411/335
f 298/303/336 401/408/336 404/411/336 299/304/336
f 295/300/337 400/407/337 405/412/337 302/307/337
f 400/407/338 399/406/338 406/413/338 405/412/338
f 405/412/339 406/413/339 407/414/339 408/415/339
f 302/307/340 405/412/340 408/415/340 303/308/340
f 299/304/341 404/411/341 409/416/341 306/311/341
f 404/411/342 403/410/342 410/417/342 409/416/342
f 409/416/343 410/417/343 411/418/343 412/419/343
f 306/311/344 409/416/344 412/419/344 307/312/344
f 303/308/345 408/415/345 413/420/345 310/315/345
f 408/415/346 407/414/346 414/421/346 413/420/346
f 413/420/347 414/421/347 415/422/347 416/423/347
f 310/315/348 413/420/348 416/423/348 311/316/348
f 307/312/349 412/419/349 417/424/349 314/319/349
f 412/419/350 411/418/350 418/425/350 417/424/350
f 417/424/351 418/425/351 419/426/351 420/427/351
f 314/319/352 417/424/352 420/427/352 315/320/352
f 311/316/353 416/423/353 421/428/353 318/323/353
f 416/423/354 415/422/354 422/429/354 421/428/354
f 421/428/355 422/429/355 423/430/355 424/431/355
f 318/323/356 421/428/356 424/431/356 195/198/356
f 315/320/357 420/427/357 425/432/357 320/325/357
f 420/427/358 419/426/358 426/433/358 425/432/358
f 425/432/359 426/433/359 427/434/359 428/435/359
f 320/325/360 425/432/360 428/435/360 201/204/360
f 195/198/361 424/431/361 429/436/361 196/199/361
f 424/431/362 423/430/362 430/437/362 429/436/362
f 429/436/363 430/437/363 431/438/363 432/439/363
f 196/199/364 429/436/364 432/439/364 197/200/364
f 201/204/365 428/435/365 433/440/365 202/205/365
f 428/435/366 427/434/366 434/441/366 433/440/366
f 433/440/367 434/441/367 435/442/367 436/443/367
f 202/205/368 433/440/368 436/443/368 203/206/368
f 197/200/369 432/439/369 437/444/369 206/209/369
f 432/439/370 431/438/370 438/445/370 437/444/370
f 437/444/371 438/445/371 439/446/371 440/447/371
f 206/209/372 437/444/372 440/447/372 207/210/372
f 203/206/373 436/443/373 441/448/373 210/213/373
f 436/443/374 435/442/374 442/449/374 441/448/374
f 441/448/375 442/449/375 443/450/375 444/451/375
f 210/213/376 441/448/376 444/451/376 211/214/376
f 207/210/377 440/447/377 445/452/377 214/217/377
f 440/447/378 439/446/378 446/453/378 445/452/378
f 445/452/379 446/453/379 329/334/379 327/332/379
f 214/217/380 445/452/380 327/332/380 215/218/380
f 211/214/381 444/451/381 447/454/381 218/221/381
f 444/451/382 443/450/382 448/455/382 447/454/382
f 447/454/383 448/455/383 335/340/383 333/338/383
f 218/221/384 447/454/384 333/338/384 219/222/384
f 353/358/385 449/456/385 450/457/385 364/369/385
f 449/456/386 451/458/386 452/459/386 450/457/386
f 450/457/387 452/459/387 453/460/387 454/461/387
f 364/369/388 450/457/388 454/461/388 365/370/388
f 357/362/389 455/462/389 456/463/389 368/373/389
f 455/462/390 457/464/390 458/465/390 456/463/390
f 456/463/391 458/465/391 459/466/391 460/467/391
f 368/373/392 456/463/392 460/467/392 369/374/392
f 361/366/393 461/468/393 462/469/393 372/377/393
f 461/468/394 463/470/394 464/471/394 462/469/394
f 462/469/395 464/471/395 465/472/395 466/473/395
f 372/377/396 462/469/396 466/473/396 373/378/396
f 365/370/397 454/461/397 467/474/397 376/381/397
f 454/461/398 453/460/398 468/475/398 467/474/398
f 467/474/399 468/475/399 469/476/399 470/477/399
f 376/381/400 467/474/400 470/477/400 377/382/400
f 369/374/401 460/467/401 471/478/401 380/385/401
f 460/467/402 459/466/402 472/479/402 471/478/402
f 471/478/403 472/479/403 473/480/403 474/481/403
f 380/385/404 471/478/404 474/481/404 323/386/404
f 373/378/405 466/473/405 475/482/405 382/389/405
f 466/473/406 465/472/406 476/483/406 475/482/406
f 475/482/407 476/483/407 477/484/407 478/485/407
f 382/389/408 475/482/408 478/485/408 383/390/408
f 377/382/409 470/477/409 479/486/409 386/393/409
f 470/477/410 469/476/410 480/487/410 479/486/410
f 479/486/411 480/487/411 481/488/411 482/489/411
f 386/393/412 479/486/412 482/489/412 387/394/412
f 383/390/413 478/485/413 483/490/413 390/397/413
f 478/485/414 477/484/414 484/491/414 483/490/414
f 483/490/415 484/491/415 485/492/415 486/493/415
f 390/397/416 483/490/416 486/493/416 391/398/416
f 387/394/417 482/489/417 487/494/417 394/401/417
f 482/489/418 481/488/418 488/495/418 487/494/418
f 487/494/419 488/495/419 489/496/419 490/497/419
f 394/401/420 487/494/420 490/497/420 395/402/420
f 391/398/421 486/493/421 491/498/421 398/405/421
f 486/493/422 485/492/422 492/499/422 491/498/422
f 491/498/423 492/499/423 493/500/423 494/501/423
f 398/405/424 491/498/424 494/501/424 399/406/424
f 395/402/425 490/497/425 495/502/425 402/409/425
f 490/497/426 489/496/426 496/503/426 495/502/426
f 495/502/427 496/503/427 497/504/427 498/505/427
f 402/409/428 495/502/428 498/505/428 403/410/428
f 399/406/429 494/501/429 499/506/429 406/413/429
f 494/501/430 493/500/430 500/507/430 499/506/430
f 499/506/431 500/507/431 501/508/431 502/509/431
f 406/413/432 499/506/432 502/509/432 407/414/432
f 403/410/433 498/505/433 503/510/433 410/417/433
f 498/505/434 497/504/434 504/511/434 503/510/434
f 503/510/435 504/511/435 505/512/435 506/513/435
f 410/417/436 503/510/436 506/513/436 411/418/436
f 407/414/437 502/509/437 507/514/437 414/421/437
f 502/509/438 501/508/438 508/515/438 507/514/438
f 507/514/439 508/515/439 509/516/439 510/517/439
f 414/421/440 507/514/440 510/517/440 415/422/440
f 411/418/441 506/513/441 511/518/441 418/425/441
f 506/513/442 505/512/442 512/519/442 511/518/442
f 511/518/443 512/519/443 513/520/443 514/521/443
f 418/425/444 511/518/444 514/521/444 419/426/444
f 415/422/445 510/517/445 515/522/445 422/429/445
f 510/517/446 509/516/446 516/523/446 515/522/446
f 515/522/447 516/523/447 517/524/447 518/525/447
f 422/429/448 515/522/448 518/525/448 423/430/448
f 419/426/449 514/521/449 519/526/449 426/433/449
f 514/521/450 513/520/450 520/527/450 519/526/450
f 519/526/451 520/527/451 521/528/451 522/529/451
f 426/433/452 519/526/452 522/529/452 427/434/452
f 423/430/453 518/525/453 523/530/453 430/437/453
f 518/525/454 517/524/454 524/531/454 523/530/454
f 523/530/455 524/531/455 525/532/455 526/533/455
f 430/437/456 523/530/456 526/533/456 431/438/456
f 427/434/457 522/529/457 527/534/457 434/441/457
f 522/529/458 521/528/458 528/535/458 527/534/458
f 527/534/459 528/535/459 529/536/459 530/537/459
f 434/441/460 527/534/460 530/537/460 435/442/460
f 431/438/461 526/533/461 531/538/461 438/445/461
f 526/533/462 525/532/462 532/539/462 531/538/462
f 531/538/463 532/539/463 533/540/463 534/541/463
f 438/445/464 531/538/464 534/541/464 439/446/464
f 435/442/465 530/537/465 535/542/465 442/449/465
f 530/537/466 529/536/466 536/543/466 535/542/466
f 535/542/467 536/543/467 537/544/467 538/545/467
f 442/449/468 535/542/468 538/545/468 443/450/468
f 439/446/469 534/541/469 539/546/469 446/453/469
f 534/541/470 533/540/470 540/547/470 539/546/470
f 539/546/471 540/547/471 541/548/471 542/549/471
f 446/453/472 539/546/472 542/549/472 329/334/472
f 443/450/473 538/545/473 543/550/473 448/455/473
f 538/545/474 537/544/474 544/551/474 543/550/474
f 543/550/475 544/551/475 545/552/475 546/553/475
f 448/455/476 543/550/476 546/553/476 335/340/476
f 323/328/477 474/554/477 547/555/477 324/329/477
f 474/554/478 473/556/478 548/557/478 547/555/478
f 547/555/479 548/557/479 549/558/479 550/559/479
f 324/329/480 547/555/480 550/559/480 325/330/480
f 329/334/481 542/549/481 551/560/481 330/335/481
f 542/549/482 541/548/482 552/561/482 551/560/482
f 551/560/483 552/561/483 553/562/483 554/563/483
f 330/335/484 551/560/484 554/563/484 331/336/484
f 335/340/485 546/553/485 555/564/485 336/341/485
f 546/553/486 545/552/486 556/565/486 555/564/486
f 555/564/487 556/565/487 557/566/487 558/567/487
f 336/341/488 555/564/488 558/567/488 337/342/488
f 325/330/489 550/559/489 559/568/489 340/345/489
f 550/559/490 549/558/490 560/569/490 559/568/490
f 559/568/491 560/569/491 561/570/491 562/571/491
f 340/345/492 559/568/492 562/571/492 341/346/492
f 331/336/493 554/563/493 563/572/493 344/349/493
f 554/563/494 553/562/494 564/573/494 563/572/494
f 563/572/495 564/573/495 565/574/495 566/575/495
f 344/349/496 563/572/496 566/575/496 345/350/496
f 337/342/497 558/567/497 567/576/497 348/353/497
f 558/567/498 557/566/498 568/577/498 567/576/498
f 567/576/499 568/577/499 569/578/499 570/579/499
f 348/353/500 567/576/500 570/579/500 349/354/500
f 341/346/501 562/571/501 571/580/501 352/357/501
f 562/571/502 561/570/502 572/581/502 571/580/502
f 571/580/503 572/581/503 451/458/503 449/456/503
f 352/357/504 571/580/504 449/456/504 353/358/504
f 345/350/505 566/575/505 573/582/505 356/361/505
f 566/575/506 565/574/506 574/583/506 573/582/506
f 573/582/507 574/583/507 457/464/507 455/462/507
f 356/361/508 573/582/508 455/462/508 357/362/508
f 349/354/509 570/579/509 575/584/509 360/365/509
f 570/579/510 569/578/510 576/585/510 575/584/510
f 575/584/511 576/585/511 463/470/511 461/468/511
f 360/365/512 575/584/512 461/468/512 361/366/512
f 481/488/513 577/586/513 578/587/513 488/495/513
f 577/586/514 579/588/514 580/589/514 578/587/514
f 578/587/515 580/589/515 581/590/515 582/591/515
f 488/495/516 578/587/516 582/591/516 489/496/516
f 485/492/517 583/592/517 584/593/517 492/499/517
f 583/592/518 585/594/518 586/595/518 584/593/518
f 584/593/519 586/595/519 587/596/519 588/597/519
f 492/499/520 584/593/520 588/597/520 493/500/520
f 489/496/521 582/591/521 589/598/521 496/503/521
f 582/591/522 581/590/522 590/599/522 589/598/522
f 589/598/523 590/599/523 591/600/523 592/601/523
f 496/503/524 589/598/524 592/601/524 497/504/524
f 493/500/525 588/597/525 593/602/525 500/507/525
f 588/597/526 587/596/526 594/603/526 593/602/526
f 593/602/527 594/603/527 595/604/527 596/605/527
f 500/507/528 593/602/528 596/605/528 501/508/528
f 497/504/529 592/601/529 597/606/529 504/511/529
f 592/601/530 591/600/530 598/607/530 597/606/530
f 597/606/531 598/607/531 599/608/531 600/609/531
f 504/511/532 597/606/532 600/609/532 505/512/532
f 501/508/533 596/605/533 601/610/533 508/515/533
f 596/605/534 595/604/534 602/611/534 601/610/534
f 601/610/535 602/611/535 603/612/535 604/613/535
f 508/515/536 601/610/536 604/613/536 509/516/536
f 505/512/537 600/609/537 605/614/537 512/519/537
f 600/609/538 599/608/538 606/615/538 605/614/538
f 605/614/539 606/615/539 607/616/539 608/617/539
f 512/519/540 605/614/540 608/617/540 513/520/540
f 509/516/541 604/613/541 609/618/541 516/523/541
f 604/613/542 603/612/542 610/619/542 609/618/542
f 609/618/543 610/619/543 611/620/543 612/621/543
f 516/523/544 609/618/544 612/621/544 517/524/544
f 513/520/545 608/617/545 613/622/545 520/527/545
f 608/617/546 607/616/546 614/623/546 613/622/546
f 613/622/547 614/623/547 615/624/547 616/625/547
f 520/527/548 613/622/548 616/625/548 521/528/548
f 517/524/549 612/621/549 617/626/549 524/531/549
f 612/621/550 611/620/550 618/627/550 617/626/550
f 617/626/551 618/627/551 619/628/551 620/629/551
f 524/531/552 617/626/552 620/629/552 525/532/552
f 521/528/553 616/625/553 621/630/553 528/535/553
f 616/625/554 615/624/554 622/631/554 621/630/554
f 621/630/555 622/631/555 623/632/555 624/633/555
f 528/535/556 621/630/556 624/633/556 529/536/556
f 525/532/557 620/629/557 625/634/557 532/539/557
f 620/629/558 619/628/558 626/635/558 625/634/558
f 625/634/559 626/635/559 627/636/559 628/637/559
f 532/539/560 625/634/560 628/637/560 533/540/560
f 529/536/561 624/633/561 629/638/561 536/543/561
f 624/633/562 623/632/562 630/639/562 629/638/562
f 629/638/563 630/639/563 631/640/563 632/641/563
f 536/543/564 629/638/564 632/641/564 537/544/564
f 533/540/565 628/637/565 633/642/565 540/547/565
f 628/637/566 627/636/566 634/643/566 633/642/566
f 633/642/567 634/643/567 635/644/567 636/645/567
f 540/547/568 633/642/568 636/645/568 541/548/568
f 537/544/569 632/641/569 637/646/569 544/551/569
f 632/641/570 631/640/570 638/647/570 637/646/570
f 637/646/571 638/647/571 639/648/571 640/649/571
f 544/551/572 637/646/572 640/649/572 545/552/572
f 473/556/573 641/650/573 642/651/573 548/557/573
f 641/650/574 643/652/574 644/653/574 642/651/574
f 642/651/575 644/653/575 645/654/575 646/655/575
f 548/557/576 642/651/576 646/655/576 549/558/576
f 541/548/577 636/645/577 647/656/577 552/561/577
f 636/645/578 635/644/578 648/657/578 647/656/578
f 647/656/579 648/657/579 649/658/579 650/659/579
f 552/561/580 647/656/580 650/659/580 553/562/580
f 545/552/581 640/649/581 651/660/581 556/565/581
f 640/649/582 639/648/582 652/661/582 651/660/582
f 651/660/583 652/661/583 653/662/583 654/663/583
f 556/565/584 651/660/584 654/663/584 557/566/584
f 549/558/585 646/655/585 655/664/585 560/569/585
f 646/655/586 645/654/586 656/665/586 655/664/586
f 655/664/587 656/665/587 657/666/587 658/667/587
f 560/569/588 655/664/588 658/667/588 561/570/588
f 553/562/589 650/659/589 659/668/589 564/573/589
f 650/659/590 649/658/590 660/669/590 659/668/590
f 659/668/591 660/669/591 661/670/591 662/671/591
f 564/573/592 659/668/592 662/671/592 565/574/592
f 557/566/593 654/663/593 663/672/593 568/577/593
f 654/663/594 653/662/594 664/673/594 663/672/594
f 663/672/595 664/673/595 665/674/595 666/675/595
f 568/577/596 663/672/596 666/675/596 569/578/596
f 561/570/597 658/667/597 667/676/597 572/581/597
f 658/667/598 657/666/598 668/677/598 667/676/598
f 667/676/599 668/677/599 669/678/599 670/679/599
f 572/581/600 667/676/600 670/679/600 451/458/600
f 565/574/601 662/671/601 671/680/601 574/583/601
f 662/671/602 661/670/602 672/681/602 671/680/602
f 671/680/603 672/681/603 673/682/603 674/683/603
f 574/583/604 671/680/604 674/683/604 457/464/604
f 569/578/605 666/675/605 675/684/605 576/585/605
f 666/675/606 665/674/606 676/685/606 675/684/606
f 675/684/607 676/685/607 677/686/607 678/687/607
f 576/585/608 675/684/608 678/687/608 463/470/608
f 451/458/609 670/679/609 679/688/609 452/459/609
f 670/679/610 669/678/610 680/689/610 679/688/610
f 679/688/611 680/689/611 681/690/611 682/691/611
f 452/459/612 679/688/612 682/691/612 453/460/612
f 457/464/613 674/683/613 683/692/613 458/465/613
f 674/683/614 673/682/614 684/693/614 683/692/614
f 683/692/615 684/693/615 685/694/615 686/695/615
f 458/465/616 683/692/616 686/695/616 459/466/616
f 463/470/617 678/687/617 687/696/617 464/471/617
f 678/687/618 677/686/618 688/697/618 687/696/618
f 687/696/619 688/697/619 689/698/619 690/699/619
f 464/471/620 687/696/620 690/699/620 465/472/620
f 453/460/621 682/691/621 691/700/621 468/475/621
f 682/691/622 681/690/622 692/701/622 691/700/622
f 691/700/623 692/701/623 693/702/623 694/703/623
f 468/475/624 691/700/624 694/703/624 469/476/624
f 459/466/625 686/695/625 695/704/625 472/479/625
f 686/695/626 685/694/626 696/705/626 695/704/626
f 695/704/627 696/705/627 643/706/627 641/707/627
f 472/479/628 695/704/628 641/707/628 473/480/628
f 465/472/629 690/699/629 697/708/629 476/483/629
f 690/699/630 689/698/630 698/709/630 697/708/630
f 697/708/631 698/709/631 699/710/631 700/711/631
f 476/483/632 697/708/632 700/711/632 477/484/632
f 469/476/633 694/703/633 701/712/633 480/487/633
f 694/703/634 693/702/634 702/713/634 701/712/634
f 701/712/635 702/713/635 579/588/635 577/586/635
f 480/487/636 701/712/636 577/586/636 481/488/636
f 477/484/637 700/711/637 703/714/637 484/491/637
f 700/711/638 699/710/638 704/715/638 703/714/638
f 703/714/639 704/715/639 585/594/639 583/592/639
f 484/491/640 703/714/640 583/592/640 485/492/640
f 599/608/641 705/716/641 706/717/641 606/615/641
f 705/716/642 707/718/642 708/719/642 706/717/642
f 706/717/643 708/719/643 709/720/643 710/721/643
f 606/615/644 706/717/644 710/721/644 607/616/644
f 603/612/645 711/722/645 712/723/645 610/619/645
f 711/722/646 713/724/646 714/725/646 712/723/646
f 712/723/647 714/725/647 715/726/647 716/727/647
f 610/619/648 712/723/648 716/727/648 611/620/648
f 607/616/649 710/721/649 717/728/649 614/623/649
f 710/721/650 709/720/650 718/729/650 717/728/650
f 717/728/651 718/729/651 719/730/651 720/731/651
f 614/623/652 717/728/652 720/731/652 615/624/652
f 611/620/653 716/727/653 721/732/653 618/627/653
f 716/727/654 715/726/654 722/733/654 721/732/654
f 721/732/655 722/733/655 723/734/655 724/735/655
f 618/627/656 721/732/656 724/735/656 619/628/656
f 615/624/657 720/731/657 725/736/657 622/631/657
f 720/731/658 719/730/658 726/737/658 725/736/658
f 725/736/659 726/737/659 727/738/659 728/739/659
f 622/631/660 725/736/660 728/739/660 623/632/660
f 619/628/661 724/735/661 729/740/661 626/635/661
f 724/735/662 723/734/662 730/741/662 729/740/662
f 729/740/663 730/741/663 731/742/663 732/743/663
f 626/635/664 729/740/664 732/743/664 627/636/664
f 623/632/665 728/739/665 733/744/665 630/639/665
f 728/739/666 727/738/666 734/745/666 733/744/666
f 733/744/667 734/745/667 735/746/667 736/747/667
f 630/639/668 733/744/668 736/747/668 631/640/668
f 627/636/669 732/743/669 737/748/669 634/643/669
f 732/743/670 731/742/670 738/749/670 737/748/670
f 737/748/671 738/749/671 739/750/671 740/751/671
f 634/643/672 737/748/672 740/751/672 635/644/672
f 631/640/673 736/747/673 741/752/673 638/647/673
f 736/747/674 735/746/674 742/753/674 741/752/674
f 741/752/675 742/753/675 743/754/675 744/755/675
f 638/647/676 741/752/676 744/755/676 639/648/676
f 643/652/677 745/756/677 746/757/677 644/653/677
f 745/756/678 747/758/678 748/759/678 746/757/678
f 746/757/679 748/759/679 749/760/679 750/761/679
f 644/653/680 746/757/680 750/761/680 645/654/680
f 635/644/681 740/751/681 751/762/681 648/657/681
f 740/751/682 739/750/682 752/763/682 751/762/682
f 751/762/683 752/763/683 753/764/683 754/765/683
f 648/657/684 751/762/684 754/765/684 649/658/684
f 639/648/685 744/755/685 755/766/685 652/661/685
f 744/755/686 743/754/686 756/767/686 755/766/686
f 755/766/687 756/767/687 757/768/687 758/769/687
f 652/661/688 755/766/688 758/769/688 653/662/688
f 645/654/689 750/761/689 759/770/689 656/665/689
f 750/761/690 749/760/690 760/771/690 759/770/690
f 759/770/691 760/771/691 761/772/691 762/773/691
f 656/665/692 759/770/692 762/773/692 657/666/692
f 649/658/693 754/765/693 763/774/693 660/669/693
f 754/765/694 753/764/694 764/775/694 763/774/694
f 763/774/695 764/775/695 765/776/695 766/777/695
f 660/669/696 763/774/696 766/777/696 661/670/696
f 653/662/697 758/769/697 767/778/697 664/673/697
f 758/769/698 757/768/698 768/779/698 767/778/698
f 767/778/699 768/779/699 769/780/699 770/781/699
f 664/673/700 767/778/700 770/781/700 665/674/700
f 657/666/701 762/773/701 771/782/701 668/677/701
f 762/773/702 761/772/702 772/783/702 771/782/702
f 771/782/703 772/783/703 773/784/703 774/785/703
f 668/677/704 771/782/704 774/785/704 669/678/704
f 661/670/705 766/777/705 775/786/705 672/681/705
f 766/777/706 765/776/706 776/787/706 775/786/706
f 775/786/707 776/787/707 777/788/707 778/789/707
f 672/681/708 775/786/708 778/789/708 673/682/708
f 665/674/709 770/781/709 779/790/709 676/685/709
f 770/781/710 769/780/710 780/791/710 779/790/710
f 779/790/711 780/791/711 781/792/711 782/793/711
f 676/685/712 779/790/712 782/793/712 677/686/712
f 669/678/713 774/785/713 783/794/713 680/689/713
f 774/785/714 773/784/714 784/795/714 783/794/714
f 783/794/715 784/795/715 785/796/715 786/797/715
f 680/689/716 783/794/716 786/797/716 681/690/716
f 673/682/717 778/789/717 787/798/717 684/693/717
f 778/789/718 777/788/718 788/799/718 787/798/718
f 787/798/719 788/799/719 789/800/719 790/801/719
f 684/693/720 787/798/720 790/801/720 685/694/720
f 677/686/721 782/793/721 791/802/721 688/697/721
f 782/793/722 781/792/722 792/803/722 791/802/722
f 791/802/723 792/803/723 793/804/723 794/805/723
f 688/697/724 791/802/724 794/805/724 689/698/724
f 681/690/725 786/797/725 795/806/725 692/701/725
f 786/797/726 785/796/726 796/807/726 795/806/726
f 795/806/727 796/807/727 797/808/727 798/809/727
f 692/701/728 795/806/728 798/809/728 693/702/728
f 685/694/729 790/801/729 799/810/729 696/705/729
f 790/801/730 789/800/730 800/811/730 799/810/730
f 799/810/731 800/811/731 747/812/731 745/813/731
f 696/705/732 799/810/732 745/813/732 643/706/732
f 689/698/733 794/805/733 801/814/733 698/709/733
f 794/805/734 793/804/734 802/815/734 801/814/734
f 801/814/735 802/815/735 803/816/735 804/817/735
f 698/709/736 801/814/736 804/817/736 699/710/736
f 693/702/737 798/809/737 805/818/737 702/713/737
f 798/809/738 797/808/738 806/819/738 805/818/738
f 805/818/739 806/819/739 807/820/739 808/821/739
f 702/713/740 805/818/740 808/821/740 579/588/740
f 699/710/741 804/817/741 809/822/741 704/715/741
f 804/817/742 803/816/742 810/823/742 809/822/742
f 809/822/743 810/823/743 811/824/743 812/825/743
f 704/715/744 809/822/744 812/825/744 585/594/744
f 579/588/745 808/821/745 813/826/745 580/589/745
f 808/821/746 807/820/746 814/827/746 813/826/746
f 813/826/747 814/827/747 815/828/747 816/829/747
f 580/589/748 813/826/748 816/829/748 581/590/748
f 585/594/749 812/825/749 817/830/749 586/595/749
f 812/825/750 811/824/750 818/831/750 817/830/750
f 817/830/751 818/831/751 819/832/751 820/833/751
f 586/595/752 817/830/752 820/833/752 587/596/752
f 581/590/753 816/829/753 821/834/753 590/599/753
f 816/829/754 815/828/754 822/835/754 821/834/754
f 821/834/755 822/835/755 823/836/755 824/837/755
f 590/599/756 821/834/756 824/837/756 591/600/756
f 587/596/757 820/833/757 825/838/757 594/603/757
f 820/833/758 819/832/758 826/839/758 825/838/758
f 825/838/759 826/839/759 827/840/759 828/841/759
f 594/603/760 825/838/760 828/841/760 595/604/760
f 591/600/761 824/837/761 829/842/761 598/607/761
f 824/837/762 823/836/762 830/843/762 829/842/762
f 829/842/763 830/843/763 707/718/763 705/716/763
f 598/607/764 829/842/764 705/716/764 599/608/764
f 595/604/765 828/841/765 831/844/765 602/611/765
f 828/841/766 827/840/766 832/845/766 831/844/766
f 831/844/767 832/845/767 713/724/767 711/722/767
f 602/611/768 831/844/768 711/722/768 603/612/768
f 727/738/769 833/846/769 834/847/769 734/745/769
f 833/846/770 835/848/770 836/849/770 834/847/770
f 834/847/771 836/849/771 837/850/771 838/851/771
f 734/745/772 834/847/772 838/851/772 735/746/772
f 731/742/773 839/852/773 840/853/773 738/749/773
f 839/852/774 841/854/774 842/855/774 840/853/774
f 840/853/775 842/855/775 843/856/775 844/857/775
f 738/749/776 840/853/776 844/857/776 739/750/776
f 735/746/777 838/851/777 845/858/777 742/753/777
f 838/851/778 837/850/778 846/859/778 845/858/778
f 845/858/779 846/859/779 847/860/779 848/861/779
f 742/753/780 845/858/780 848/861/780 743/754/780
f 747/758/781 849/862/781 850/863/781 748/759/781
f 849/862/782 851/864/782 852/865/782 850/863/782
f 850/863/783 852/865/783 853/866/783 854/867/783
f 748/759/784 850/863/784 854/867/784 749/760/784
f 739/750/785 844/857/785 855/868/785 752/763/785
f 844/857/786 843/856/786 856/869/786 855/868/786
f 855/868/787 856/869/787 857/870/787 858/871/787
f 752/763/788 855/868/788 858/871/788 753/764/788
f 743/754/789 848/861/789 859/872/789 756/767/789
f 848/861/790 847/860/790 860/873/790 859/872/790
f 859/872/791 860/873/791 861/874/791 862/875/791
f 756/767/792 859/872/792 862/875/792 757/768/792
f 749/760/793 854/867/793 863/876/793 760/771/793
f 854/867/794 853/866/794 864/877/794 863/876/794
f 863/876/795 864/877/795 865/878/795 866/879/795
f 760/771/796 863/876/796 866/879/796 761/772/796
f 753/764/797 858/871/797 867/880/797 764/775/797
f 858/871/798 857/870/798 868/881/798 867/880/798
f 867/880/799 868/881/799 869/882/799 870/883/799
f 764/775/800 867/880/800 870/883/800 765/776/800
f 757/768/801 862/875/801 871/884/801 768/779/801
f 862/875/802 861/874/802 872/885/802 871/884/802
f 871/884/803 872/885/803 873/886/803 874/887/803
f 768/779/804 871/884/804 874/887/804 769/780/804
f 761/772/805 866/879/805 875/888/805 772/783/805
f 866/879/806 865/878/806 876/889/806 875/888/806
f 875/888/807 876/889/807 877/890/807 878/891/807
f 772/783/808 875/888/808 878/891/808 773/784/808
f 765/776/809 870/883/809 879/892/809 776/787/809
f 870/883/810 869/882/810 880/893/810 879/892/810
f 879/892/811 880/893/811 881/894/811 882/895/811
f 776/787/812 879/892/812 882/895/812 777/788/812
f 769/780/813 874/887/813 883/896/813 780/791/813
f 874/887/814 873/886/814 884/897/814 883/896/814
f 883/896/815 884/897/815 885/898/815 886/899/815
f 780/791/816 883/896/816 886/899/816 781/792/816
f 773/784/817 878/891/817 887/900/817 784/795/817
f 878/891/818 877/890/818 888/901/818 887/900/818
f 887/900/819 888/901/819 889/902/819 890/903/819
f 784/795/820 887/900/820 890/903/820 785/796/820
f 777/788/821 882/895/821 891/904/821 788/799/821
f 882/895/822 881/894/822 892/905/822 891/904/822
f 891/904/823 892/905/823 893/906/823 894/907/823
f 788/799/824 891/904/824 894/907/824 789/800/824
f 781/792/825 886/899/825 895/908/825 792/803/825
f 886/899/826 885/898/826 896/909/826 895/908/826
f 895/908/827 896/909/827 897/910/827 898/911/827
f 792/803/828 895/908/828 898/911/828 793/804/828
f 785/796/829 890/903/829 899/912/829 796/807/829
f 890/903/830 889/902/830 900/913/830 899/912/830
f 899/912/831 900/913/831 901/914/831 902/915/831
f 796/807/832 899/912/832 902/915/832 797/808/832
f 789/800/833 894/907/833 903/916/833 800/811/833
f 894/907/834 893/906/834 904/917/834 903/916/834
f 903/916/835 904/917/835 851/918/835 849/919/835
f 800/811/836 903/916/836 849/919/836 747/812/836
f 793/804/837 898/911/837 905/920/837 802/815/837
f 898/911/838 897/910/838 906/921/838 905/920/838
f 905/920/839 906/921/839 907/922/839 908/923/839
f 802/815/840 905/920/840 908/923/840 803/816/840
f 797/808/841 902/915/841 909/924/841 806/819/841
f 902/915/842 901/914/842 910/925/842 909/924/842
f 909/924/843 910/925/843 911/926/843 912/927/843
f 806/819/844 909/924/844 912/927/844 807/820/844
f 803/816/845 908/923/845 913/928/845 810/823/845
f 908/923/846 907/922/846 914/929/846 913/928/846
f 913/928/847 914/929/847 915/930/847 916/931/847
f 810/823/848 913/928/848 916/931/848 811/824/848
f 807/820/849 912/927/849 917/932/849 814/827/849
f 912/927/850 911/926/850 918/933/850 917/932/850
f 917/932/851 918/933/851 919/934/851 920/935/851
f 814/827/852 917/932/852 920/935/852 815/828/852
f 811/824/853 916/931/853 921/936/853 818/831/853
f 916/931/854 915/930/854 922/937/854 921/936/854
f 921/936/855 922/937/855 923/938/855 924/939/855
f 818/831/856 921/936/856 924/939/856 819/832/856
f 815/828/857 920/935/857 925/940/857 822/835/857
f 920/935/858 919/934/858 926/941/858 925/940/858
f 925/940/859 926/941/859 927/942/859 928/943/859
f 822/835/860 925/940/860 928/943/860 823/836/860
f 819/832/861 924/939/861 929/944/861 826/839/861
f 924/939/862 923/938/862 930/945/862 929/944/862
f 929/944/863 930/945/863 931/946/863 932/947/863
f 826/839/864 929/944/864 932/947/864 827/840/864
f 823/836/865 928/943/865 933/948/865 830/843/865
f 928/943/866 927/942/866 934/949/866 933/948/866
f 933/948/867 934/949/867 935/950/867 936/951/867
f 830/843/868 933/948/868 936/951/868 707/718/868
f 827/840/869 932/947/869 937/952/869 832/845/869
f 932/947/870 931/946/870 938/953/870 937/952/870
f 937/952/871 938/953/871 939/954/871 940/955/871
f 832/845/872 937/952/872 940/955/872 713/724/872
f 707/718/873 936/951/873 941/956/873 708/719/873
f 936/951/874 935/950/874 942/957/874 941/956/874
f 941/956/875 942/957/875 943/958/875 944/959/875
f 708/719/876 941/956/876 944/959/876 709/720/876
f 713/724/877 940/955/877 945/960/877 714/725/877
f 940/955/878 939/954/878 946/961/878 945/960/878
f 945/960/879 946/961/879 947/962/879 948/963/879
f 714/725/880 945/960/880 948/963/880 715/726/880
f 709/720/881 944/959/881 949/964/881 718/729/881
f 944/959/882 943/958/882 950/965/882 949/964/882
f 949/964/883 950/965/883 951/966/883 952/967/883
f 718/729/884 949/964/884 952/967/884 719/730/884
f 715/726/885 948/963/885 953/968/885 722/733/885
f 948/963/886 947/962/886 954/969/886 953/968/886
f 953/968/887 954/969/887 955/970/887 956/971/887
f 722/733/888 953/968/888 956/971/888 723/734/888
f 719/730/889 952/967/889 957/972/889 726/737/889
f 952/967/890 951/966/890 958/973/890 957/972/890
f 957/972/891 958/973/891 835/848/891 833/846/891
f 726/737/892 957/972/892 833/846/892 727/738/892
f 723/734/893 956/971/893 959/974/893 730/741/893
f 956/971/894 955/970/894 960/975/894 959/974/894
f 959/974/895 960/975/895 841/854/895 839/852/895
f 730/741/896 959/974/896 839/852/896 731/742/896
f 861/874/897 961/976/897 962/977/897 872/885/897
f 961/976/898 963/978/898 964/979/898 962/977/898
f 962/977/899 964/979/899 965/980/899 966/981/899
f 872/885/900 962/977/900 966/981/900 873/886/900
f 865/878/901 967/982/901 968/983/901 876/889/901
f 967/982/902 969/984/902 970/985/902 968/983/902
f 968/983/903 970/985/903 971/986/903 972/987/903
f 876/889/904 968/983/904 972/987/904 877/890/904
f 869/882/905 973/988/905 974/989/905 880/893/905
f 973/988/906 975/990/906 976/991/906 974/989/906
f 974/989/907 976/991/907 977/992/907 978/993/907
f 880/893/908 974/989/908 978/993/908 881/894/908
f 873/886/909 966/981/909 979/994/909 884/897/909
f 966/981/910 965/980/910 980/995/910 979/994/910
f 979/994/911 980/995/911 981/996/911 982/997/911
f 884/897/912 979/994/912 982/997/912 885/898/912
f 877/890/913 972/987/913 983/998/913 888/901/913
f 972/987/914 971/986/914 984/999/914 983/998/914
f 983/998/915 984/999/915 985/1000/915 986/1001/915
f 888/901/916 983/998/916 986/1001/916 889/902/916
f 881/894/917 978/993/917 987/1002/917 892/905/917
f 978/993/918 977/992/918 988/1003/918 987/1002/918
f 987/1002/919 988/1003/919 989/1004/919 990/1005/919
f 892/905/920 987/1002/920 990/1005/920 893/906/920
f 885/898/921 982/997/921 991/1006/921 896/909/921
f 982/997/922 981/996/922 992/1007/922 991/1006/922
f 991/1006/923 992/1007/923 993/1008/923 994/1009/923
f 896/909/924 991/1006/924 994/1009/924 897/910/924
f 889/902/925 986/1001/925 995/1010/925 900/913/925
f 986/1001/926 985/1000/926 996/1011/926 995/1010/926
f 995/1010/927 996/1011/927 997/1012/927 998/1013/927
f 900/913/928 995/1010/928 998/1013/928 901/914/928
f 893/906/929 990/1005/929 999/1014/929 904/917/929
f 990/1005/930 989/1004/930 1000/1015/930 999/1014/930
f 999/1014/931 1000/1015/931 1001/1016/931 1002/1017/931
f 904/917/932 999/1014/932 1002/1017/932 851/918/932
f 897/910/933 994/1009/933 1003/1018/933 906/921/933
f 994/1009/934 993/1008/934 1004/1019/934 1003/1018/934
f 1003/1018/935 1004/1019/935 1005/1020/935 1006/1021/935
f 906/921/936 1003/1018/936 1006/1021/936 907/922/936
f 901/914/937 998/1013/937 1007/1022/937 910/925/937
f 998/1013/938 997/1012/938 1008/1023/938 1007/1022/938
f 1007/1022/939 1008/1023/939 1009/1024/939 1010/1025/939
f 910/925/940 1007/1022/940 1010/1025/940 911/926/940
f 907/922/941 1006/1021/941 1011/1026/941 914/929/941
f 1006/1021/942 1005/1020/942 1012/1027/942 1011/1026/942
f 1011/1026/943 1012/1027/943 1013/1028/943 1014/1029/943
f 914/929/944 1011/1026/944 1014/1029/944 915/930/944
f 911/926/945 1010/1025/945 1015/1030/945 918/933/945
f 1010/1025/946 1009/1024/946 1016/1031/946 1015/1030/946
f 1015/1030/947 1016/1031/947 1017/1032/947 1018/1033/947
f 918/933/948 1015/1030/948 1018/1033/948 919/934/948
f 915/930/949 1014/1029/949 1019/1034/949 922/937/949
f 1014/1029/950 1013/1028/950 1020/1035/950 1019/1034/950
f 1019/1034/951 1020/1035/951 1021/1036/951 1022/1037/951
f 922/937/952 1019/1034/952 1022/1037/952 923/938/952
f 919/934/953 1018/1033/953 1023/1038/953 926/941/953
f 1018/1033/954 1017/1032/954 1024/1039/954 1023/1038/954
f 1023/1038/955 1024/1039/955 1025/1040/955 1026/1041/955
f 926/941/956 1023/1038/956 1026/1041/956 927/942/956
f 923/938/957 1022/1037/957 1027/1042/957 930/945/957
f 1022/1037/958 1021/1036/958 1028/1043/958 1027/1042/958
f 1027/1042/959 1028/1043/959 1029/1044/959 1030/1045/959
f 930/945/960 1027/1042/960 1030/1045/960 931/946/960
f 927/942/961 1026/1041/961 1031/1046/961 934/949/961
f 1026/1041/962 1025/1040/962 1032/1047/962 1031/1046/962
f 1031/1046/963 1032/1047/963 1033/1048/963 1034/1049/963
f 934/949/964 1031/1046/964 1034/1049/964 935/950/964
f 931/946/965 1030/1045/965 1035/1050/965 938/953/965
f 1030/1045/966 1029/1044/966 1036/1051/966 1035/1050/966
f 1035/1050/967 1036/1051/967 1037/1052/967 1038/1053/967
f 938/953/968 1035/1050/968 1038/1053/968 939/954/968
f 935/950/969 1034/1049/969 1039/1054/969 942/957/969
f 1034/1049/970 1033/1048/970 1040/1055/970 1039/1054/970
f 1039/1054/971 1040/1055/971 1041/1056/971 1042/1057/971
f 942/957/972 1039/1054/972 1042/1057/972 943/958/972
f 939/954/973 1038/1053/973 1043/1058/973 946/961/973
f 1038/1053/974 1037/1052/974 1044/1059/974 1043/1058/974
f 1043/1058/975 1044/1059/975 1045/1060/975 1046/1061/975
f 946/961/976 1043/1058/976 1046/1061/976 947/962/976
f 943/958/977 1042/1057/977 1047/1062/977 950/965/977
f 1042/1057/978 1041/1056/978 1048/1063/978 1047/1062/978
f 1047/1062/979 1048/1063/979 1049/1064/979 1050/1065/979
f 950/965/980 1047/1062/980 1050/1065/980 951/966/980
f 947/962/981 1046/1061/981 1051/1066/981 954/969/981
f 1046/1061/982 1045/1060/982 1052/1067/982 1051/1066/982
f 1051/1066/983 1052/1067/983 1053/1068/983 1054/1069/983
f 954/969/984 1051/1066/984 1054/1069/984 955/970/984
f 951/966/985 1050/1065/985 1055/1070/985 958/973/985
f 1050/1065/986 1049/1064/986 1056/1071/986 1055/1070/986
f 1055/1070/987 1056/1071/987 1057/1072/987 1058/1073/987
f 958/973/988 1055/1070/988 1058/1073/988 835/848/988
f 955/970/989 1054/1069/989 1059/1074/989 960/975/989
f 1054/1069/990 1053/1068/990 1060/1075/990 1059/1074/990
f 1059/1074/991 1060/1075/991 1061/1076/991 1062/1077/991
f 960/975/992 1059/1074/992 1062/1077/992 841/854/992
f 835/848/993 1058/1073/993 1063/1078/993 836/849/993
f 1058/1073/994 1057/1072/994 1064/1079/994 1063/1078/994
f 1063/1078/995 1064/1079/995 1065/1080/995 1066/1081/995
f 836/849/996 1063/1078/996 1066/1081/996 837/850/996
f 841/854/997 1062/1077/997 1067/1082/997 842/855/997
f 1062/1077/998 1061/1076/998 1068/1083/998 1067/1082/998
f 1067/1082/999 1068/1083/999 1069/1084/999 1070/1085/999
f 842/855/1000 1067/1082/1000 1070/1085/1000 843/856/1000
f 837/850/1001 1066/1081/1001 1071/1086/1001 846/859/1001
f 1066/1081/1002 1065/1080/1002 1072/1087/1002 1071/1086/1002
f 1071/1086/1003 1072/1087/1003 1073/1088/1003 1074/1089/1003
f 846/859/1004 1071/1086/1004 1074/1089/1004 847/860/1004
f 851/864/1005 1002/1090/1005 1075/1091/1005 852/865/1005
f 1002/1090/1006 1001/1092/1006 1076/1093/1006 1075/1091/1006
f 1075/1091/1007 1076/1093/1007 1077/1094/1007 1078/1095/1007
f 852/865/1008 1075/1091/1008 1078/1095/1008 853/866/1008
f 843/856/1009 1070/1085/1009 1079/1096/1009 856/869/1009
f 1070/1085/1010 1069/1084/1010 1080/1097/1010 1079/1096/1010
f 1079/1096/1011 1080/1097/1011 1081/1098/1011 1082/1099/1011
f 856/869/1012 1079/1096/1012 1082/1099/1012 857/870/1012
f 847/860/1013 1074/1089/1013 1083/1100/1013 860/873/1013
f 1074/1089/1014 1073/1088/1014 1084/1101/1014 1083/1100/1014
f 1083/1100/1015 1084/1101/1015 963/978/1015 961/976/1015
f 860/873/1016 1083/1100/1016 961/976/1016 861/874/1016
f 853/866/1017 1078/1095/1017 1085/1102/1017 864/877/1017
f 1078/1095/1018 1077/1094/1018 1086/1103/1018 1085/1102/1018
f 1085/1102/1019 1086/1103/1019 969/984/1019 967/982/1019
f 864/877/1020 1085/1102/1020 967/982/1020 865/878/1020
f 857/870/1021 1082/1099/1021 1087/1104/1021 868/881/1021
f 1082/1099/1022 1081/1098/1022 1088/1105/1022 1087/1104/1022
f 1087/1104/1023 1088/1105/1023 975/990/1023 973/988/1023
f 868/881/1024 1087/1104/1024 973/988/1024 869/882/1024
f 993/1008/1025 1089/1106/1025 1090/1107/1025 1004/1019/1025
f 1089/1106/1026 1091/1108/1026 1092/1109/1026 1090/1107/1026
f 1090/1107/1027 1092/1109/1027 1093/1110/1027 1094/1111/1027
f 1004/1019/1028 1090/1107/1028 1094/1111/1028 1005/1020/1028
f 997/1012/1029 1095/1112/1029 1096/1113/1029 1008/1023/1029
f 1095/1112/1030 1097/1114/1030 1098/1115/1030 1096/1113/1030
f 1096/1113/1031 1098/1115/1031 1099/1116/1031 1100/1117/1031
f 1008/1023/1032 1096/1113/1032 1100/1117/1032 1009/1024/1032
f 1005/1020/1033 1094/1111/1033 1101/1118/1033 1012/1027/1033
f 1094/1111/1034 1093/1110/1034 1102/1119/1034 1101/1118/1034
f 1101/1118/1035 1102/1119/1035 1103/1120/1035 1104/1121/1035
f 1012/1027/1036 1101/1118/1036 1104/1121/1036 1013/1028/1036
f 1009/1024/1037 1100/1117/1037 1105/1122/1037 1016/1031/1037
f 1100/1117/1038 1099/1116/1038 1106/1123/1038 1105/1122/1038
f 1105/1122/1039 1106/1123/1039 1107/1124/1039 1108/1125/1039
f 1016/1031/1040 1105/1122/1040 1108/1125/1040 1017/1032/1040
f 1013/1028/1041 1104/1121/1041 1109/1126/1041 1020/1035/1041
f 1104/1121/1042 1103/1120/1042 1110/1127/1042 1109/1126/1042
f 1109/1126/1043 1110/1127/1043 1111/1128/1043 1112/1129/1043
f 1020/1035/1044 1109/1126/1044 1112/1129/1044 1021/1036/1044
f 1017/1032/1045 1108/1125/1045 1113/1130/1045 1024/1039/1045
f 1108/1125/1046 1107/1124/1046 1114/1131/1046 1113/1130/1046
f 1113/1130/1047 1114/1131/1047 1115/1132/1047 1116/1133/1047
f 1024/1039/1048 1113/1130/1048 1116/1133/1048 1025/1040/1048
f 1021/1036/1049 1112/1129/1049 1117/1134/1049 1028/1043/1049
f 1112/1129/1050 1111/1128/1050 1118/1135/1050 1117/1134/1050
f 1117/1134/1051 1118/1135/1051 1119/1136/1051 1120/1137/1051
f 1028/1043/1052 1117/1134/1052 1120/1137/1052 1029/1044/1052
f 1025/1040/1053 1116/1133/1053 1121/1138/1053 1032/1047/1053
f 1116/1133/1054 1115/1132/1054 1122/1139/1054 1121/1138/1054
f 1121/1138/1055 1122/1139/1055 1123/1140/1055 1124/1141/1055
f 1032/1047/1056 1121/1138/1056 1124/1141/1056 1033/1048/1056
f 1029/1044/1057 1120/1137/1057 1125/1142/1057 1036/1051/1057
f 1120/1137/1058 1119/1136/1058 1126/1143/1058 1125/1142/1058
f 1125/1142/1059 1126/1143/1059 1127/1144/1059 1128/1145/1059
f 1036/1051/1060 1125/1142/1060 1128/1145/1060 1037/1052/1060
f 1033/1048/1061 1124/1141/1061 1129/1146/1061 1040/1055/1061
f 1124/1141/1062 1123/1140/1062 1130/1147/1062 1129/1146/1062
f 1129/1146/1063 1130/1147/1063 1131/1148/1063 1132/1149/1063
f 1040/1055/1064 1129/1146/1064 1132/1149/1064 1041/1056/1064
f 1037/1052/1065 1128/1145/1065 1133/1150/1065 1044/1059/1065
f 1128/1145/1066 1127/1144/1066 1134/1151/1066 1133/1150/1066
f 1133/1150/1067 1134/1151/1067 1135/1152/1067 1136/1153/1067
f 1044/1059/1068 1133/1150/1068 1136/1153/1068 1045/1060/1068
f 1041/1056/1069 1132/1149/1069 1137/1154/1069 1048/1063/1069
f 1132/1149/1070 1131/1148/1070 1138/1155/1070 1137/1154/1070
f 1137/1154/1071 1138/1155/1071 1139/1156/1071 1140/1157/1071
f 1048/1063/1072 1137/1154/1072 1140/1157/1072 1049/1064/1072
f 1045/1060/1073 1136/1153/1073 1141/1158/1073 1052/1067/1073
f 1136/1153/1074 1135/1152/1074 1142/1159/1074 1141/1158/1074
f 1141/1158/1075 1142/1159/1075 1143/1160/1075 1144/1161/1075
f 1052/1067/1076 1141/1158/1076 1144/1161/1076 1053/1068/1076
f 1049/1064/1077 1140/1157/1077 1145/1162/1077 1056/1071/1077
f 1140/1157/1078 1139/1156/1078 1146/1163/1078 1145/1162/1078
f 1145/1162/1079 1146/1163/1079 1147/1164/1079 1148/1165/1079
f 1056/1071/1080 1145/1162/1080 1148/1165/1080 1057/1072/1080
f 1053/1068/1081 1144/1161/1081 1149/1166/1081 1060/1075/1081
f 1144/1161/1082 1143/1160/1082 1150/1167/1082 1149/1166/1082
f 1149/1166/1083 1150/1167/1083 1151/1168/1083 1152/1169/1083
f 1060/1075/1084 1149/1166/1084 1152/1169/1084 1061/1076/1084
f 1057/1072/1085 1148/1165/1085 1153/1170/1085 1064/1079/1085
f 1148/1165/1086 1147/1164/1086 1154/1171/1086 1153/1170/1086
f 1153/1170/1087 1154/1171/1087 1155/1172/1087 1156/1173/1087
f 1064/1079/1088 1153/1170/1088 1156/1173/1088 1065/1080/1088
f 1061/1076/1089 1152/1169/1089 1157/1174/1089 1068/1083/1089
f 1152/1169/1090 1151/1168/1090 1158/1175/1090 1157/1174/1090
f 1157/1174/1091 1158/1175/1091 1159/1176/1091 1160/1177/1091
f 1068/1083/1092 1157/1174/1092 1160/1177/1092 1069/1084/1092
f 1065/1080/1093 1156/1173/1093 1161/1178/1093 1072/1087/1093
f 1156/1173/1094 1155/1172/1094 1162/1179/1094 1161/1178/1094
f 1161/1178/1095 1162/1179/1095 1163/1180/1095 1164/1181/1095
f 1072/1087/1096 1161/1178/1096 1164/1181/1096 1073/1088/1096
f 1001/1092/1097 1165/1182/1097 1166/1183/1097 1076/1093/1097
f 1165/1182/1098 1167/1184/1098 1168/1185/1098 1166/1183/1098
f 1166/1183/1099 1168/1185/1099 1169/1186/1099 1170/1187/1099
f 1076/1093/1100 1166/1183/1100 1170/1187/1100 1077/1094/1100
f 1069/1084/1101 1160/1177/1101 1171/1188/1101 1080/1097/1101
f 1160/1177/1102 1159/1176/1102 1172/1189/1102 1171/1188/1102
f 1171/1188/1103 1172/1189/1103 1173/1190/1103 1174/1191/1103
f 1080/1097/1104 1171/1188/1104 1174/1191/1104 1081/1098/1104
f 1073/1088/1105 1164/1181/1105 1175/1192/1105 1084/1101/1105
f 1164/1181/1106 1163/1180/1106 1176/1193/1106 1175/1192/1106
f 1175/1192/1107 1176/1193/1107 1177/1194/1107 1178/1195/1107
f 1084/1101/1108 1175/1192/1108 1178/1195/1108 963/978/1108
f 1077/1094/1109 1170/1187/1109 1179/1196/1109 1086/1103/1109
f 1170/1187/1110 1169/1186/1110 1180/1197/1110 1179/1196/1110
f 1179/1196/1111 1180/1197/1111 1181/1198/1111 1182/1199/1111
f 1086/1103/1112 1179/1196/1112 1182/1199/1112 969/984/1112
f 1081/1098/1113 1174/1191/1113 1183/1200/1113 1088/1105/1113
f 1174/1191/1114 1173/1190/1114 1184/1201/1114 1183/1200/1114
f 1183/1200/1115 1184/1201/1115 1185/1202/1115 1186/1203/1115
f 1088/1105/1116 1183/1200/1116 1186/1203/1116 975/990/1116
f 963/978/1117 1178/1195/1117 1187/1204/1117 964/979/1117
f 1178/1195/1118 1177/1194/1118 1188/1205/1118 1187/1204/1118
f 1187/1204/1119 1188/1205/1119 1189/1206/1119 1190/1207/1119
f 964/979/1120 1187/1204/1120 1190/1207/1120 965/980/1120
f 969/984/1121 1182/1199/1121 1191/1208/1121 970/985/1121
f 1182/1199/1122 1181/1198/1122 1192/1209/1122 1191/1208/1122
f 1191/1208/1123 1192/1209/1123 1193/1210/1123 1194/1211/1123
f 970/985/1124 1191/1208/1124 1194/1211/1124 971/986/1124
f 975/990/1125 1186/1203/1125 1195/1212/1125 976/991/1125
f 1186/1203/1126 1185/1202/1126 1196/1213/1126 1195/1212/1126
f 1195/1212/1127 1196/1213/1127 1197/1214/1127 1198/1215/1127
f 976/991/1128 1195/1212/1128 1198/1215/1128 977/992/1128
f 965/980/1129 1190/1207/1129 1199/1216/1129 980/995/1129
f 1190/1207/1130 1189/1206/1130 1200/1217/1130 1199/1216/1130
f 1199/1216/1131 1200/1217/1131 1201/1218/1131 1202/1219/1131
f 980/995/1132 1199/1216/1132 1202/1219/1132 981/996/1132
f 971/986/1133 1194/1211/1133 1203/1220/1133 984/999/1133
f 1194/1211/1134 1193/1210/1134 1204/1221/1134 1203/1220/1134
f 1203/1220/1135 1204/1221/1135 1205/1222/1135 1206/1223/1135
f 984/999/1136 1203/1220/1136 1206/1223/1136 985/1000/1136
f 977/992/1137 1198/1215/1137 1207/1224/1137 988/1003/1137
f 1198/1215/1138 1197/1214/1138 1208/1225/1138 1207/1224/1138
f 1207/1224/1139 1208/1225/1139 1209/1226/1139 1210/1227/1139
f 988/1003/1140 1207/1224/1140 1210/1227/1140 989/1004/1140
f 981/996/1141 1202/1219/1141 1211/1228/1141 992/1007/1141
f 1202/1219/1142 1201/1218/1142 1212/1229/1142 1211/1228/1142
f 1211/1228/1143 1212/1229/1143 1091/1108/1143 1089/1106/1143
f 992/1007/1144 1211/1228/1144 1089/1106/1144 993/1008/1144
f 985/1000/1145 1206/1223/1145 1213/1230/1145 996/1011/1145
f 1206/1223/1146 1205/1222/1146 1214/1231/1146 1213/1230/1146
f 1213/1230/1147 1214/1231/1147 1097/1114/1147 1095/1112/1147
f 996/1011/1148 1213/1230/1148 1095/1112/1148 997/1012/1148
f 989/1004/1149 1210/1227/1149 1215/1232/1149 1000/1015/1149
f 1210/1227/1150 1209/1226/1150 1216/1233/1150 1215/1232/1150
f 1215/1232/1151 1216/1233/1151 1167/1234/1151 1165/1235/1151
f 1000/1015/1152 1215/1232/1152 1165/1235/1152 1001/1016/1152
f 1111/1128/1153 1217/1236/1153 1218/1237/1153 1118/1135/1153
f 1217/1236/1154 1219/1238/1154 1220/1239/1154 1218/1237/1154
f 1218/1237/1155 1220/1239/1155 1221/1240/1155 1222/1241/1155
f 1118/1135/1156 1218/1237/1156 1222/1241/1156 1119/1136/1156
f 1115/1132/1157 1223/1242/1157 1224/1243/1157 1122/1139/1157
f 1223/1242/1158 1225/1244/1158 1226/1245/1158 1224/1243/1158
f 1224/1243/1159 1226/1245/1159 1227/1246/1159 1228/1247/1159
f 1122/1139/1160 1224/1243/1160 1228/1247/1160 1123/1140/1160
f 1119/1136/1161 1222/1241/1161 1229/1248/1161 1126/1143/1161
f 1222/1241/1162 1221/1240/1162 1230/1249/1162 1229/1248/1162
f 1229/1248/1163 1230/1249/1163 1231/1250/1163 1232/1251/1163
f 1126/1143/1164 1229/1248/1164 1232/1251/1164 1127/1144/1164
f 1123/1140/1165 1228/1247/1165 1233/1252/1165 1130/1147/1165
f 1228/1247/1166 1227/1246/1166 1234/1253/1166 1233/1252/1166
f 1233/1252/1167 1234/1253/1167 1235/1254/1167 1236/1255/1167
f 1130/1147/1168 1233/1252/1168 1236/1255/1168 1131/1148/1168
f 1127/1144/1169 1232/1251/1169 1237/1256/1169 1134/1151/1169
f 1232/1251/1170 1231/1250/1170 1238/1257/1170 1237/1256/1170
f 1237/1256/1171 1238/1257/1171 1239/1258/1171 1240/1259/1171
f 1134/1151/1172 1237/1256/1172 1240/1259/1172 1135/1152/1172
f 1131/1148/1173 1236/1255/1173 1241/1260/1173 1138/1155/1173
f 1236/1255/1174 1235/1254/1174 1242/1261/1174 1241/1260/1174
f 1241/1260/1175 1242/1261/1175 1243/1262/1175 1244/1263/1175
f 1138/1155/1176 1241/1260/1176 1244/1263/1176 1139/1156/1176
f 1135/1152/1177 1240/1259/1177 1245/1264/1177 1142/1159/1177
f 1240/1259/1178 1239/1258/1178 1246/1265/1178 1245/1264/1178
f 1245/1264/1179 1246/1265/1179 1247/1266/1179 1248/1267/1179
f 1142/1159/1180 1245/1264/1180 1248/1267/1180 1143/1160/1180
f 1139/1156/1181 1244/1263/1181 1249/1268/1181 1146/1163/1181
f 1244/1263/1182 1243/1262/1182 1250/1269/1182 1249/1268/1182
f 1249/1268/1183 1250/1269/1183 1251/1270/1183 1252/1271/1183
f 1146/1163/1184 1249/1268/1184 1252/1271/1184 1147/1164/1184
f 1143/1160/1185 1248/1267/1185 1253/1272/1185 1150/1167/1185
f 1248/1267/1186 1247/1266/1186 1254/1273/1186 1253/1272/1186
f 1253/1272/1187 1254/1273/1187 1255/1274/1187 1256/1275/1187
f 1150/1167/1188 1253/1272/1188 1256/1275/1188 1151/1168/1188
f 1147/1164/1189 1252/1271/1189 1257/1276/1189 1154/1171/1189
f 1252/1271/1190 1251/1270/1190 1258/1277/1190 1257/1276/1190
f 1257/1276/1191 1258/1277/1191 1259/1278/1191 1260/1279/1191
f 1154/1171/1192 1257/1276/1192 1260/1279/1192 1155/1172/1192
f 1151/1168/1193 1256/1275/1193 1261/1280/1193 1158/1175/1193
f 1256/1275/1194 1255/1274/1194 1262/1281/1194 1261/1280/1194
f 1261/1280/1195 1262/1281/1195 1263/1282/1195 1264/1283/1195
f 1158/1175/1196 1261/1280/1196 1264/1283/1196 1159/1176/1196
f 1155/1172/1197 1260/1279/1197 1265/1284/1197 1162/1179/1197
f 1260/1279/1198 1259/1278/1198 1266/1285/1198 1265/1284/1198
f 1265/1284/1199 1266/1285/1199 1267/1286/1199 1268/1287/1199
f 1162/1179/1200 1265/1284/1200 1268/1287/1200 1163/1180/1200
f 1167/1184/1201 1269/1288/1201 1270/1289/1201 1168/1185/1201
f 1269/1288/1202 1271/1290/1202 1272/1291/1202 1270/1289/1202
f 1270/1289/1203 1272/1291/1203 1273/1292/1203 1274/1293/1203
f 1168/1185/1204 1270/1289/1204 1274/1293/1204 1169/1186/1204
f 1159/1176/1205 1264/1283/1205 1275/1294/1205 1172/1189/1205
f 1264/1283/1206 1263/1282/1206 1276/1295/1206 1275/1294/1206
f 1275/1294/1207 1276/1295/1207 1277/1296/1207 1278/1297/1207
f 1172/1189/1208 1275/1294/1208 1278/1297/1208 1173/1190/1208
f 1163/1180/1209 1268/1287/1209 1279/1298/1209 1176/1193/1209
f 1268/1287/1210 1267/1286/1210 1280/1299/1210 1279/1298/1210
f 1279/1298/1211 1280/1299/1211 1281/1300/1211 1282/1301/1211
f 1176/1193/1212 1279/1298/1212 1282/1301/1212 1177/1194/1212
f 1169/1186/1213 1274/1293/1213 1283/1302/1213 1180/1197/1213
f 1274/1293/1214 1273/1292/1214 1284/1303/1214 1283/1302/1214
f 1283/1302/1215 1284/1303/1215 1285/1304/1215 1286/1305/1215
f 1180/1197/1216 1283/1302/1216 1286/1305/1216 1181/1198/1216
f 1173/1190/1217 1278/1297/1217 1287/1306/1217 1184/1201/1217
f 1278/1297/1218 1277/1296/1218 1288/1307/1218 1287/1306/1218
f 1287/1306/1219 1288/1307/1219 1289/1308/1219 1290/1309/1219
f 1184/1201/1220 1287/1306/1220 1290/1309/1220 1185/1202/1220
f 1177/1194/1221 1282/1301/1221 1291/1310/1221 1188/1205/1221
f 1282/1301/1222 1281/1300/1222 1292/1311/1222 1291/1310/1222
f 1291/1310/1223 1292/1311/1223 1293/1312/1223 1294/1313/1223
f 1188/1205/1224 1291/1310/1224 1294/1313/1224 1189/1206/1224
f 1181/1198/1225 1286/1305/1225 1295/1314/1225 1192/1209/1225
f 1286/1305/1226 1285/1304/1226 1296/1315/1226 1295/1314/1226
f 1295/1314/1227 1296/1315/1227 1297/1316/1227 1298/1317/1227
f 1192/1209/1228 1295/1314/1228 1298/1317/1228 1193/1210/1228
f 1185/1202/1229 1290/1309/1229 1299/1318/1229 1196/1213/1229
f 1290/1309/1230 1289/1308/1230 1300/1319/1230 1299/1318/1230
f 1299/1318/1231 1300/1319/1231 1301/1320/1231 1302/1321/1231
f 1196/1213/1232 1299/1318/1232 1302/1321/1232 1197/1214/1232
f 1189/1206/1233 1294/1313/1233 1303/1322/1233 1200/1217/1233
f 1294/1313/1234 1293/1312/1234 1304/1323/1234 1303/1322/1234
f 1303/1322/1235 1304/1323/1235 1305/1324/1235 1306/1325/1235
f 1200/1217/1236 1303/1322/1236 1306/1325/1236 1201/1218/1236
f 1193/1210/1237 1298/1317/1237 1307/1326/1237 1204/1221/1237
f 1298/1317/1238 1297/1316/1238 1308/1327/1238 1307/1326/1238
f 1307/1326/1239 1308/1327/1239 1309/1328/1239 1310/1329/1239
f 1204/1221/1240 1307/1326/1240 1310/1329/1240 1205/1222/1240
f 1197/1214/1241 1302/1321/1241 1311/1330/1241 1208/1225/1241
f 1302/1321/1242 1301/1320/1242 1312/1331/1242 1311/1330/1242
f 1311/1330/1243 1312/1331/1243 1313/1332/1243 1314/1333/1243
f 1208/1225/1244 1311/1330/1244 1314/1333/1244 1209/1226/1244
f 1201/1218/1245 1306/1325/1245 1315/1334/1245 1212/1229/1245
f 1306/1325/1246 1305/1324/1246 1316/1335/1246 1315/1334/1246
f 1315/1334/1247 1316/1335/1247 1317/1336/1247 1318/1337/1247
f 1212/1229/1248 1315/1334/1248 1318/1337/1248 1091/1108/1248
f 1205/1222/1249 1310/1329/1249 1319/1338/1249 1214/1231/1249
f 1310/1329/1250 1309/1328/1250 1320/1339/1250 1319/1338/1250
f 1319/1338/1251 1320/1339/1251 1321/1340/1251 1322/1341/1251
f 1214/1231/1252 1319/1338/1252 1322/1341/1252 1097/1114/1252
f 1209/1226/1253 1314/1333/1253 1323/1342/1253 1216/1233/1253
f 1314/1333/1254 1313/1332/1254 1324/1343/1254 1323/1342/1254
f 1323/1342/1255 1324/1343/1255 1271/1344/1255 1269/1345/1255
f 1216/1233/1256 1323/1342/1256 1269/1345/1256 1167/1234/1256
f 1091/1108/1257 1318/1337/1257 1325/1346/1257 1092/1109/1257
f 1318/1337/1258 1317/1336/1258 1326/1347/1258 1325/1346/1258
f 1325/1346/1259 1326/1347/1259 1327/1348/1259 1328/1349/1259
f 1092/1109/1260 1325/1346/1260 1328/1349/1260 1093/1110/1260
f 1097/1114/1261 1322/1341/1261 1329/1350/1261 1098/1115/1261
f 1322/1341/1262 1321/1340/1262 1330/1351/1262 1329/1350/1262
f 1329/1350/1263 1330/1351/1263 1331/1352/1263 1332/1353/1263
f 1098/1115/1264 1329/1350/1264 1332/1353/1264 1099/1116/1264
f 1093/1110/1265 1328/1349/1265 1333/1354/1265 1102/1119/1265
f 1328/1349/1266 1327/1348/1266 1334/1355/1266 1333/1354/1266
f 1333/1354/1267 1334/1355/1267 1335/1356/1267 1336/1357/1267
f 1102/1119/1268 1333/1354/1268 1336/1357/1268 1103/1120/1268
f 1099/1116/1269 1332/1353/1269 1337/1358/1269 1106/1123/1269
f 1332/1353/1270 1331/1352/1270 1338/1359/1270 1337/1358/1270
f 1337/1358/1271 1338/1359/1271 1339/1360/1271 1340/1361/1271
f 1106/1123/1272 1337/1358/1272 1340/1361/1272 1107/1124/1272
f 1103/1120/1273 1336/1357/1273 1341/1362/1273 1110/1127/1273
f 1336/1357/1274 1335/1356/1274 1342/1363/1274 1341/1362/1274
f 1341/1362/1275 1342/1363/1275 1219/1238/1275 1217/1236/1275
f 1110/1127/1276 1341/1362/1276 1217/1236/1276 1111/1128/1276
f 1107/1124/1277 1340/1361/1277 1343/1364/1277 1114/1131/1277
f 1340/1361/1278 1339/1360/1278 1344/1365/1278 1343/1364/1278
f 1343/1364/1279 1344/1365/1279 1225/1244/1279 1223/1242/1279
f 1114/1131/1280 1343/1364/1280 1223/1242/1280 1115/1132/1280
f 1239/1258/1281 1345/1366/1281 1346/1367/1281 1246/1265/1281
f 1345/1366/1282 1347/1368/1282 1348/1369/1282 1346/1367/1282
f 1346/1367/1283 1348/1369/1283 1349/1370/1283 1350/1371/1283
f 1246/1265/1284 1346/1367/1284 1350/1371/1284 1247/1266/1284
f 1243/1262/1285 1351/1372/1285 1352/1373/1285 1250/1269/1285
f 1351/1372/1286 1353/1374/1286 1354/1375/1286 1352/1373/1286
f 1352/1373/1287 1354/1375/1287 1355/1376/1287 1356/1377/1287
f 1250/1269/1288 1352/1373/1288 1356/1377/1288 1251/1270/1288
f 1247/1266/1289 1350/1371/1289 1357/1378/1289 1254/1273/1289
f 1350/1371/1290 1349/1370/1290 1358/1379/1290 1357/1378/1290
f 1357/1378/1291 1358/1379/1291 1359/1380/1291 1360/1381/1291
f 1254/1273/1292 1357/1378/1292 1360/1381/1292 1255/1274/1292
f 1251/1270/1293 1356/1377/1293 1361/1382/1293 1258/1277/1293
f 1356/1377/1294 1355/1376/1294 1362/1383/1294 1361/1382/1294
f 1361/1382/1295 1362/1383/1295 1363/1384/1295 1364/1385/1295
f 1258/1277/1296 1361/1382/1296 1364/1385/1296 1259/1278/1296
f 1255/1274/1297 1360/1381/1297 1365/1386/1297 1262/1281/1297
f 1360/1381/1298 1359/1380/1298 1366/1387/1298 1365/1386/1298
f 1365/1386/1299 1366/1387/1299 1367/1388/1299 1368/1389/1299
f 1262/1281/1300 1365/1386/1300 1368/1389/1300 1263/1282/1300
f 1259/1278/1301 1364/1385/1301 1369/1390/1301 1266/1285/1301
f 1364/1385/1302 1363/1384/1302 1370/1391/1302 1369/1390/1302
f 1369/1390/1303 1370/1391/1303 1371/1392/1303 1372/1393/1303
f 1266/1285/1304 1369/1390/1304 1372/1393/1304 1267/1286/1304
f 1271/1290/1305 1373/1394/1305 1374/1395/1305 1272/1291/1305
f 1373/1394/1306 1375/1396/1306 1376/1397/1306 1374/1395/1306
f 1374/1395/1307 1376/1397/1307 1377/1398/1307 1378/1399/1307
f 1272/1291/1308 1374/1395/1308 1378/1399/1308 1273/1292/1308
f 1263/1282/1309 1368/1389/1309 1379/1400/1309 1276/1295/1309
f 1368/1389/1310 1367/1388/1310 1380/1401/1310 1379/1400/1310
f 1379/1400/1311 1380/1401/1311 1381/1402/1311 1382/1403/1311
f 1276/1295/1312 1379/1400/1312 1382/1403/1312 1277/1296/1312
f 1267/1286/1313 1372/1393/1313 1383/1404/1313 1280/1299/1313
f 1372/1393/1314 1371/1392/1314 1384/1405/1314 1383/1404/1314
f 1383/1404/1315 1384/1405/1315 1385/1406/1315 1386/1407/1315
f 1280/1299/1316 1383/1404/1316 1386/1407/1316 1281/1300/1316
f 1273/1292/1317 1378/1399/1317 1387/1408/1317 1284/1303/1317
f 1378/1399/1318 1377/1398/1318 1388/1409/1318 1387/1408/1318
f 1387/1408/1319 1388/1409/1319 1389/1410/1319 1390/1411/1319
f 1284/1303/1320 1387/1408/1320 1390/1411/1320 1285/1304/1320
f 1277/1296/1321 1382/1403/1321 1391/1412/1321 1288/1307/1321
f 1382/1403/1322 1381/1402/1322 1392/1413/1322 1391/1412/1322
f 1391/1412/1323 1392/1413/1323 1393/1414/1323 1394/1415/1323
f 1288/1307/1324 1391/1412/1324 1394/1415/1324 1289/1308/1324
f 1281/1300/1325 1386/1407/1325 1395/1416/1325 1292/1311/1325
f 1386/1407/1326 1385/1406/1326 1396/1417/1326 1395/1416/1326
f 1395/1416/1327 1396/1417/1327 1397/1418/1327 1398/1419/1327
f 1292/1311/1328 1395/1416/1328 1398/1419/1328 1293/1312/1328
f 1285/1304/1329 1390/1411/1329 1399/1420/1329 1296/1315/1329
f 1390/1411/1330 1389/1410/1330 1400/1421/1330 1399/1420/1330
f 1399/1420/1331 1400/1421/1331 1401/1422/1331 1402/1423/1331
f 1296/1315/1332 1399/1420/1332 1402/1423/1332 1297/1316/1332
f 1289/1308/1333 1394/1415/1333 1403/1424/1333 1300/1319/1333
f 1394/1415/1334 1393/1414/1334 1404/1425/1334 1403/1424/1334
f 1403/1424/1335 1404/1425/1335 1405/1426/1335 1406/1427/1335
f 1300/1319/1336 1403/1424/1336 1406/1427/1336 1301/1320/1336
f 1293/1312/1337 1398/1419/1337 1407/1428/1337 1304/1323/1337
f 1398/1419/1338 1397/1418/1338 1408/1429/1338 1407/1428/1338
f 1407/1428/1339 1408/1429/1339 1409/1430/1339 1410/1431/1339
f 1304/1323/1340 1407/1428/1340 1410/1431/1340 1305/1324/1340
f 1297/1316/1341 1402/1423/1341 1411/1432/1341 1308/1327/1341
f 1402/1423/1342 1401/1422/1342 1412/1433/1342 1411/1432/1342
f 1411/1432/1343 1412/1433/1343 1413/1434/1343 1414/1435/1343
f 1308/1327/1344 1411/1432/1344 1414/1435/1344 1309/1328/1344
f 1301/1320/1345 1406/1427/1345 1415/1436/1345 1312/1331/1345
f 1406/1427/1346 1405/1426/1346 1416/1437/1346 1415/1436/1346
f 1415/1436/1347 1416/1437/1347 1417/1438/1347 1418/1439/1347
f 1312/1331/1348 1415/1436/1348 1418/1439/1348 1313/1332/1348
f 1305/1324/1349 1410/1431/1349 1419/1440/1349 1316/1335/1349
f 1410/1431/1350 1409/1430/1350 1420/1441/1350 1419/1440/1350
f 1419/1440/1351 1420/1441/1351 1421/1442/1351 1422/1443/1351
f 1316/1335/1352 1419/1440/1352 1422/1443/1352 1317/1336/1352
f 1309/1328/1353 1414/1435/1353 1423/1444/1353 1320/1339/1353
f 1414/1435/1354 1413/1434/1354 1424/1445/1354 1423/1444/1354
f 1423/1444/1355 1424/1445/1355 1425/1446/1355 1426/1447/1355
f 1320/1339/1356 1423/1444/1356 1426/1447/1356 1321/1340/1356
f 1313/1332/1357 1418/1439/1357 1427/1448/1357 1324/1343/1357
f 1418/1439/1358 1417/1438/1358 1428/1449/1358 1427/1448/1358
f 1427/1448/1359 1428/1449/1359 1375/1450/1359 1373/1451/1359
f 1324/1343/1360 1427/1448/1360 1373/1451/1360 1271/1344/1360
f 1317/1336/1361 1422/1443/1361 1429/1452/1361 1326/1347/1361
f 1422/1443/1362 1421/1442/1362 1430/1453/1362 1429/1452/1362
f 1429/1452/1363 1430/1453/1363 1431/1454/1363 1432/1455/1363
f 1326/1347/1364 1429/1452/1364 1432/1455/1364 1327/1348/1364
f 1321/1340/1365 1426/1447/1365 1433/1456/1365 1330/1351/1365
f 1426/1447/1366 1425/1446/1366 1434/1457/1366 1433/1456/1366
f 1433/1456/1367 1434/1457/1367 1435/1458/1367 1436/1459/1367
f 1330/1351/1368 1433/1456/1368 1436/1459/1368 1331/1352/1368
f 1327/1348/1369 1432/1455/1369 1437/1460/1369 1334/1355/1369
f 1432/1455/1370 1431/1454/1370 1438/1461/1370 1437/1460/1370
f 1437/1460/1371 1438/1461/1371 1439/1462/1371 1440/1463/1371
f 1334/1355/1372 1437/1460/1372 1440/1463/1372 1335/1356/1372
f 1331/1352/1373 1436/1459/1373 1441/1464/1373 1338/1359/1373
f 1436/1459/1374 1435/1458/1374 1442/1465/1374 1441/1464/1374
f 1441/1464/1375 1442/1465/1375 1443/1466/1375 1444/1467/1375
f 1338/1359/1376 1441/1464/1376 1444/1467/1376 1339/1360/1376
f 1335/1356/1377 1440/1463/1377 1445/1468/1377 1342/1363/1377
f 1440/1463/1378 1439/1462/1378 1446/1469/1378 1445/1468/1378
f 1445/1468/1379 1446/1469/1379 1447/1470/1379 1448/1471/1379
f 1342/1363/1380 1445/1468/1380 1448/1471/1380 1219/1238/1380
f 1339/1360/1381 1444/1467/1381 1449/1472/1381 1344/1365/1381
f 1444/1467/1382 1443/1466/1382 1450/1473/1382 1449/1472/1382
f 1449/1472/1383 1450/1473/1383 1451/1474/1383 1452/1475/1383
f 1344/1365/1384 1449/1472/1384 1452/1475/1384 1225/1244/1384
f 1219/1238/1385 1448/1471/1385 1453/1476/1385 1220/1239/1385
f 1448/1471/1386 1447/1470/1386 1454/1477/1386 1453/1476/1386
f 1453/1476/1387 1454/1477/1387 1455/1478/1387 1456/1479/1387
f 1220/1239/1388 1453/1476/1388 1456/1479/1388 1221/1240/1388
f 1225/1244/1389 1452/1475/1389 1457/1480/1389 1226/1245/1389
f 1452/1475/1390 1451/1474/1390 1458/1481/1390 1457/1480/1390
f 1457/1480/1391 1458/1481/1391 1459/1482/1391 1460/1483/1391
f 1226/1245/1392 1457/1480/1392 1460/1483/1392 1227/1246/1392
f 1221/1240/1393 1456/1479/1393 1461/1484/1393 1230/1249/1393
f 1456/1479/1394 1455/1478/1394 1462/1485/1394 1461/1484/1394
f 1461/1484/1395 1462/1485/1395 1463/1486/1395 1464/1487/1395
f 1230/1249/1396 1461/1484/1396 1464/1487/1396 1231/1250/1396
f 1227/1246/1397 1460/1483/1397 1465/1488/1397 1234/1253/1397
f 1460/1483/1398 1459/1482/1398 1466/1489/1398 1465/1488/1398
f 1465/1488/1399 1466/1489/1399 1467/1490/1399 1468/1491/1399
f 1234/1253/1400 1465/1488/1400 1468/1491/1400 1235/1254/1400
f 1231/1250/1401 1464/1487/1401 1469/1492/1401 1238/1257/1401
f 1464/1487/1402 1463/1486/1402 1470/1493/1402 1469/1492/1402
f 1469/1492/1403 1470/1493/1403 1347/1368/1403 1345/1366/1403
f 1238/1257/1404 1469/1492/1404 1345/1366/1404 1239/1258/1404
f 1235/1254/1405 1468/1491/1405 1471/1494/1405 1242/1261/1405
f 1468/1491/1406 1467/1490/1406 1472/1495/1406 1471/1494/1406
f 1471/1494/1407 1472/1495/1407 1353/1374/1407 1351/1372/1407
f 1242/1261/1408 1471/1494/1408 1351/1372/1408 1243/1262/1408
f 1367/1496/1409 1473/1497/1409 1474/1498/1409 1380/1499/1409
f 1473/1497/1410 1475/1500/1410 1476/1501/1410 1474/1498/1410
f 1474/1498/1411 1476/1501/1411 1477/1502/1411 1478/1503/1411
f 1380/1499/1412 1474/1498/1412 1478/1503/1412 1381/1504/1412
f 1371/1505/1413 1479/1506/1413 1480/1507/1413 1384/1508/1413
f 1479/1506/1414 1481/1509/1414 1482/1510/1414 1480/1507/1414
f 1480/1507/1415 1482/1510/1415 1483/1511/1415 1484/1512/1415
f 1384/1508/1416 1480/1507/1416 1484/1512/1416 1385/1513/1416
f 1377/1514/1417 1485/1515/1417 1486/1516/1417 1388/1517/1417
f 1485/1515/1418 1487/1518/1418 1488/1519/1418 1486/1516/1418
f 1486/1516/1419 1488/1519/1419 1489/1520/1419 1490/1521/1419
f 1388/1517/1420 1486/1516/1420 1490/1521/1420 1389/1522/1420
f 1381/1504/1421 1478/1503/1421 1491/1523/1421 1392/1524/1421
f 1478/1503/1422 1477/1502/1422 1492/1525/1422 1491/1523/1422
f 1491/1523/1423 1492/1525/1423 1493/1526/1423 1494/1527/1423
f 1392/1524/1424 1491/1523/1424 1494/1527/1424 1393/1528/1424
f 1385/1513/1425 1484/1512/1425 1495/1529/1425 1396/1530/1425
f 1484/1512/1426 1483/1511/1426 1496/1531/1426 1495/1529/1426
f 1495/1529/1427 1496/1531/1427 1497/1532/1427 1498/1533/1427
f 1396/1530/1428 1495/1529/1428 1498/1533/1428 1397/1534/1428
f 1389/1522/1429 1490/1521/1429 1499/1535/1429 1400/1536/1429
f 1490/1521/1430 1489/1520/1430 1500/1537/1430 1499/1535/1430
f 1499/1535/1431 1500/1537/1431 1501/1538/1431 1502/1539/1431
f 1400/1536/1432 1499/1535/1432 1502/1539/1432 1401/1540/1432
f 1393/1528/1433 1494/1527/1433 1503/1541/1433 1404/1542/1433
f 1494/1527/1434 1493/1526/1434 1504/1543/1434 1503/1541/1434
f 1503/1541/1435 1504/1543/1435 1505/1544/1435 1506/1545/1435
f 1404/1542/1436 1503/1541/1436 1506/1545/1436 1405/1546/1436
f 1397/1534/1437 1498/1533/1437 1507/1547/1437 1408/1548/1437
f 1498/1533/1438 1497/1532/1438 1508/1549/1438 1507/1547/1438
f 1507/1547/1439 1508/1549/1439 1509/1550/1439 1510/1551/1439
f 1408/1548/1440 1507/1547/1440 1510/1551/1440 1409/1552/1440
f 1401/1540/1441 1502/1539/1441 1511/1553/1441 1412/1554/1441
f 1502/1539/1442 1501/1538/1442 1512/1555/1442 1511/1553/1442
f 1511/1553/1443 1512/1555/1443 1513/1556/1443 1514/1557/1443
f 1412/1554/1444 1511/1553/1444 1514/1557/1444 1413/1558/1444
f 1405/1546/1445 1506/1545/1445 1515/1559/1445 1416/1560/1445
f 1506/1545/1446 1505/1544/1446 1516/1561/1446 1515/1559/1446
f 1515/1559/1447 1516/1561/1447 1517/1562/1447 1518/1563/1447
f 1416/1560/1448 1515/1559/1448 1518/1563/1448 1417/1564/1448
f 1409/1552/1449 1510/1551/1449 1519/1565/1449 1420/1566/1449
f 1510/1551/1450 1509/1550/1450 1520/1567/1450 1519/1565/1450
f 1519/1565/1451 1520/1567/1451 1521/1568/1451 1522/1569/1451
f 1420/1566/1452 1519/1565/1452 1522/1569/1452 1421/1570/1452
f 1413/1558/1453 1514/1557/1453 1523/1571/1453 1424/1572/1453
f 1514/1557/1454 1513/1556/1454 1524/1573/1454 1523/1571/1454
f 1523/1571/1455 1524/1573/1455 1525/1574/1455 1526/1575/1455
f 1424/1572/1456 1523/1571/1456 1526/1575/1456 1425/1576/1456
f 1417/1564/1457 1518/1563/1457 1527/1577/1457 1428/1578/1457
f 1518/1563/1458 1517/1562/1458 1528/1579/1458 1527/1577/1458
f 1527/1577/1459 1528/1579/1459 1529/1580/1459 1530/1581/1459
f 1428/1578/1460 1527/1577/1460 1530/1581/1460 1375/1582/1460
f 1421/1570/1461 1522/1569/1461 1531/1583/1461 1430/1584/1461
f 1522/1569/1462 1521/1568/1462 1532/1585/1462 1531/1583/1462
f 1531/1583/1463 1532/1585/1463 1533/1586/1463 1534/1587/1463
f 1430/1584/1464 1531/1583/1464 1534/1587/1464 1431/1588/1464
f 1425/1576/1465 1526/1575/1465 1535/1589/1465 1434/1590/1465
f 1526/1575/1466 1525/1574/1466 1536/1591/1466 1535/1589/1466
f 1535/1589/1467 1536/1591/1467 1537/1592/1467 1538/1593/1467
f 1434/1590/1468 1535/1589/1468 1538/1593/1468 1435/1594/1468
f 1431/1588/1469 1534/1587/1469 1539/1595/1469 1438/1596/1469
f 1534/1587/1470 1533/1586/1470 1540/1597/1470 1539/1595/1470
f 1539/1595/1471 1540/1597/1471 1541/1598/1471 1542/1599/1471
f 1438/1596/1472 1539/1595/1472 1542/1599/1472 1439/1600/1472
f 1435/1594/1473 1538/1593/1473 1543/1601/1473 1442/1602/1473
f 1538/1593/1474 1537/1592/1474 1544/1603/1474 1543/1601/1474
f 1543/1601/1475 1544/1603/1475 1545/1604/1475 1546/1605/1475
f 1442/1602/1476 1543/1601/1476 1546/1605/1476 1443/1606/1476
f 1439/1600/1477 1542/1599/1477 1547/1607/1477 1446/1608/1477
f 1542/1599/1478 1541/1598/1478 1548/1609/1478 1547/1607/1478
f 1547/1607/1479 1548/1609/1479 1549/1610/1479 1550/1611/1479
f 1446/1608/1480 1547/1607/1480 1550/1611/1480 1447/1612/1480
f 1443/1606/1481 1546/1605/1481 1551/1613/1481 1450/1614/1481
f 1546/1605/1482 1545/1604/1482 1552/1615/1482 1551/1613/1482
f 1551/1613/1483 1552/1615/1483 1553/1616/1483 1554/1617/1483
f 1450/1614/1484 1551/1613/1484 1554/1617/1484 1451/1618/1484
f 1447/1612/1485 1550/1611/1485 1555/1619/1485 1454/1620/1485
f 1550/1611/1486 1549/1610/1486 1556/1621/1486 1555/1619/1486
f 1555/1619/1487 1556/1621/1487 1557/1622/1487 1558/1623/1487
f 1454/1620/1488 1555/1619/1488 1558/1623/1488 1455/1624/1488
f 1451/1618/1489 1554/1617/1489 1559/1625/1489 1458/1626/1489
f 1554/1617/1490 1553/1616/1490 1560/1627/1490 1559/1625/1490
f 1559/1625/1491 1560/1627/1491 1561/1628/1491 1562/1629/1491
f 1458/1626/1492 1559/1625/1492 1562/1629/1492 1459/1630/1492
f 1455/1624/1493 1558/1623/1493 1563/1631/1493 1462/1632/1493
f 1558/1623/1494 1557/1622/1494 1564/1633/1494 1563/1631/1494
f 1563/1631/1495 1564/1633/1495 1565/1634/1495 1566/1635/1495
f 1462/1632/1496 1563/1631/1496 1566/1635/1496 1463/1636/1496
f 1459/1630/1497 1562/1629/1497 1567/1637/1497 1466/1638/1497
f 1562/1629/1498 1561/1628/1498 1568/1639/1498 1567/1637/1498
f 1567/1637/1499 1568/1639/1499 1569/1640/1499 1570/1641/1499
f 1466/1638/1500 1567/1637/1500 1570/1641/1500 1467/1642/1500
f 1463/1636/1501 1566/1635/1501 1571/1643/1501 1470/1644/1501
f 1566/1635/1502 1565/1634/1502 1572/1645/1502 1571/1643/1502
f 1571/1643/1503 1572/1645/1503 1573/1646/1503 1574/1647/1503
f 1470/1644/1504 1571/1643/1504 1574/1647/1504 1347/1648/1504
f 1467/1642/1505 1570/1641/1505 1575/1649/1505 1472/1650/1505
f 1570/1641/1506 1569/1640/1506 1576/1651/1506 1575/1649/1506
f 1575/1649/1507 1576/1651/1507 1577/1652/1507 1578/1653/1507
f 1472/1650/1508 1575/1649/1508 1578/1653/1508 1353/1654/1508
f 1347/1648/1509 1574/1647/1509 1579/1655/1509 1348/1656/1509
f 1574/1647/1510 1573/1646/1510 1580/1657/1510 1579/1655/1510
f 1579/1655/1511 1580/1657/1511 1581/1658/1511 1582/1659/1511
f 1348/1656/1512 1579/1655/1512 1582/1659/1512 1349/1660/1512
f 1353/1654/1513 1578/1653/1513 1583/1661/1513 1354/1662/1513
f 1578/1653/1514 1577/1652/1514 1584/1663/1514 1583/1661/1514
f 1583/1661/1515 1584/1663/1515 1585/1664/1515 1586/1665/1515
f 1354/1662/1516 1583/1661/1516 1586/1665/1516 1355/1666/1516
f 1349/1660/1517 1582/1659/1517 1587/1667/1517 1358/1668/1517
f 1582/1659/1518 1581/1658/1518 1588/1669/1518 1587/1667/1518
f 1587/1667/1519 1588/1669/1519 1589/1670/1519 1590/1671/1519
f 1358/1668/1520 1587/1667/1520 1590/1671/1520 1359/1672/1520
f 1355/1666/1521 1586/1665/1521 1591/1673/1521 1362/1674/1521
f 1586/1665/1522 1585/1664/1522 1592/1675/1522 1591/1673/1522
f 1591/1673/1523 1592/1675/1523 1593/1676/1523 1594/1677/1523
f 1362/1674/1524 1591/1673/1524 1594/1677/1524 1363/1678/1524
f 1359/1672/1525 1590/1671/1525 1595/1679/1525 1366/1680/1525
f 1590/1671/1526 1589/1670/1526 1596/1681/1526 1595/1679/1526
f 1595/1679/1527 1596/1681/1527 1475/1500/1527 1473/1497/1527
f 1366/1680/1528 1595/1679/1528 1473/1497/1528 1367/1496/1528
f 1363/1678/1529 1594/1677/1529 1597/1682/1529 1370/1683/1529
f 1594/1677/1530 1593/1676/1530 1598/1684/1530 1597/1682/1530
f 1597/1682/1531 1598/1684/1531 1481/1509/1531 1479/1506/1531
f 1370/1683/1532 1597/1682/1532 1479/1506/1532 1371/1505/1532
f 1375/1582/1533 1530/1581/1533 1599/1685/1533 1376/1686/1533
f 1530/1581/1534 1529/1580/1534 1600/1687/1534 1599/1685/1534
f 1599/1685/1535 1600/1687/1535 1487/1518/1535 1485/1515/1535
f 1376/1686/1536 1599/1685/1536 1485/1515/1536 1377/1514/1536
f 1521/1568/1537 1520/1567/1537 1601/1688/1537 1532/1585/1537
f 1520/1567/1537 1509/1550/1537 1602/1689/1537 1601/1688/1537
f 1601/1688/1537 1602/1689/1537 1603/1690/1537 1604/1691/1537
f 1532/1585/1537 1601/1688/1537 1604/1691/1537 1533/1586/1537
f 1501/1538/1537 1605/1692/1537 1606/1693/1537 1512/1555/1537
f 1605/1692/1537 1603/1690/1537 1607/1694/1537 1606/1693/1537
f 1606/1693/1537 1607/1694/1537 1525/1574/1537 1524/1573/1537
f 1512/1555/1537 1606/1693/1537 1524/1573/1537 1513/1556/1537
f 1529/1580/1537 1528/1579/1537 1608/1695/1537 1600/1687/1537
f 1528/1579/1537 1517/1562/1537 1609/1696/1537 1608/1695/1537
f 1608/1695/1537 1609/1696/1537 1603/1690/1537 1610/1697/1537
f 1600/1687/1537 1608/1695/1537 1610/1697/1537 1487/1518/1537
f 1537/1592/1537 1536/1591/1537 1611/1698/1537 1544/1603/1537
f 1536/1591/1537 1525/1574/1537 1607/1694/1537 1611/1698/1537
f 1611/1698/1537 1607/1694/1537 1603/1690/1537 1612/1699/1537
f 1544/1603/1537 1611/1698/1537 1612/1699/1537 1545/1604/1537
f 129/1700/1538 1613/1701/1538 1614/1702/1538 125/1703/1538
f 1613/1701/1539 1615/1704/1539 1616/1705/1539 1614/1702/1539
f 1614/1702/1540 1616/1705/1540 1617/1706/1540 1618/1707/1540
f 125/1703/1541 1614/1702/1541 1618/1707/1541 117/1708/1541
f 1541/1598/1537 1540/1597/1537 1619/1709/1537 1548/1609/1537
f 1540/1597/1537 1533/1586/1537 1604/1691/1537 1619/1709/1537
f 1619/1709/1537 1604/1691/1537 1603/1690/1537 1620/1710/1537
f 1548/1609/1537 1619/1709/1537 1620/1710/1537 1549/1610/1537
f 1553/1616/1537 1552/1615/1537 1621/1711/1537 1560/1627/1537
f 1552/1615/1537 1545/1604/1537 1612/1699/1537 1621/1711/1537
f 1621/1711/1537 1612/1699/1537 1603/1690/1537 1622/1712/1537
f 1560/1627/1537 1621/1711/1537 1622/1712/1537 1561/1628/1537
f 111/1713/1542 1623/1714/1542 1624/1715/1542 107/1716/1542
f 1623/1714/1543 1625/1717/1543 1626/1718/1543 1624/1715/1543
f 1624/1715/1544 1626/1718/1544 1627/1719/1544 1628/1720/1544
f 107/1716/1545 1624/1715/1545 1628/1720/1545 99/1721/1545
f 105/1722/1546 1629/1723/1546 1630/1724/1546 101/1725/1546
f 1629/1723/1547 1631/1726/1547 1632/1727/1547 1630/1724/1547
f 1630/1724/1548 1632/1727/1548 1633/1728/1548 1634/1729/1548
f 101/1725/1549 1630/1724/1549 1634/1729/1549 93/1730/1549
f 1557/1622/1537 1556/1621/1537 1635/1731/1537 1564/1633/1537
f 1556/1621/1537 1549/1610/1537 1620/1710/1537 1635/1731/1537
f 1635/1731/1537 1620/1710/1537 1603/1690/1537 1636/1732/1537
f 1564/1633/1537 1635/1731/1537 1636/1732/1537 1565/1634/1537
f 1569/1640/1537 1568/1639/1537 1637/1733/1537 1576/1651/1537
f 1568/1639/1537 1561/1628/1537 1622/1712/1537 1637/1733/1537
f 1637/1733/1537 1622/1712/1537 1603/1690/1537 1638/1734/1537
f 1576/1651/1537 1637/1733/1537 1638/1734/1537 1577/1652/1537
f 99/1721/1550 1628/1720/1550 1639/1735/1550 95/1736/1550
f 1628/1720/1551 1627/1719/1551 1640/1737/1551 1639/1735/1551
f 1639/1735/1552 1640/1737/1552 1641/1738/1552 1642/1739/1552
f 95/1736/1553 1639/1735/1553 1642/1739/1553 87/1740/1553
f 93/1730/1554 1634/1729/1554 1643/1741/1554 89/1742/1554
f 1634/1729/1555 1633/1728/1555 1644/1743/1555 1643/1741/1555
f 1643/1741/1556 1644/1743/1556 1645/1744/1556 1646/1745/1556
f 89/1742/1557 1643/1741/1557 1646/1745/1557 81/1746/1557
f 1573/1646/1537 1572/1645/1537 1647/1747/1537 1580/1657/1537
f 1572/1645/1537 1565/1634/1537 1636/1732/1537 1647/1747/1537
f 1647/1747/1537 1636/1732/1537 1603/1690/1537 1648/1748/1537
f 1580/1657/1537 1647/1747/1537 1648/1748/1537 1581/1658/1537
f 1585/1664/1537 1584/1663/1537 1649/1749/1537 1592/1675/1537
f 1584/1663/1537 1577/1652/1537 1638/1734/1537 1649/1749/1537
f 1649/1749/1537 1638/1734/1537 1603/1690/1537 1650/1750/1537
f 1592/1675/1537 1649/1749/1537 1650/1750/1537 1593/1676/1537
f 87/1740/1558 1642/1739/1558 1651/1751/1558 83/1752/1558
f 1642/1739/1559 1641/1738/1559 1652/1753/1559 1651/1751/1559
f 1651/1751/1560 1652/1753/1560 1653/1754/1560 1654/1755/1560
f 83/1752/1561 1651/1751/1561 1654/1755/1561 75/1756/1561
f 81/1746/1562 1646/1745/1562 1655/1757/1562 77/1758/1562
f 1646/1745/1563 1645/1744/1563 1656/1759/1563 1655/1757/1563
f 1655/1757/1564 1656/1759/1564 1657/1760/1564 1658/1761/1564
f 77/1758/1565 1655/1757/1565 1658/1761/1565 69/1762/1565
f 1589/1670/1537 1588/1669/1537 1659/1763/1537 1596/1681/1537
f 1588/1669/1537 1581/1658/1537 1648/1748/1537 1659/1763/1537
f 1659/1763/1537 1648/1748/1537 1603/1690/1537 1660/1764/1537
f 1596/1681/1537 1659/1763/1537 1660/1764/1537 1475/1500/1537
f 1481/1509/1537 1598/1684/1537 1661/1765/1537 1482/1510/1537
f 1598/1684/1537 1593/1676/1537 1650/1750/1537 1661/1765/1537
f 1661/1765/1537 1650/1750/1537 1603/1690/1537 1662/1766/1537
f 1482/1510/1537 1661/1765/1537 1662/1766/1537 1483/1511/1537
f 75/1756/1566 1654/1755/1566 1663/1767/1566 71/1768/1566
f 1654/1755/1567 1653/1754/1567 1664/1769/1567 1663/1767/1567
f 1663/1767/1568 1664/1769/1568 1665/1770/1568 1666/1771/1568
f 71/1768/1569 1663/1767/1569 1666/1771/1569 63/1772/1569
f 69/1762/1570 1658/1761/1570 1667/1773/1570 65/1774/1570
f 1658/1761/1571 1657/1760/1571 1668/1775/1571 1667/1773/1571
f 1667/1773/1572 1668/1775/1572 1669/1776/1572 1670/1777/1572
f 65/1774/1573 1667/1773/1573 1670/1777/1573 57/1778/1573
f 1477/1502/1537 1476/1501/1537 1671/1779/1537 1492/1525/1537
f 1476/1501/1537 1475/1500/1537 1660/1764/1537 1671/1779/1537
f 1671/1779/1537 1660/1764/1537 1603/1690/1537 1672/1780/1537
f 1492/1525/1537 1671/1779/1537 1672/1780/1537 1493/1526/1537
f 117/1708/1574 1618/1707/1574 1673/1781/1574 113/1782/1574
f 1618/1707/1575 1617/1706/1575 1674/1783/1575 1673/1781/1575
f 1673/1781/1576 1674/1783/1576 1631/1726/1576 1629/1723/1576
f 113/1782/1577 1673/1781/1577 1629/1723/1577 105/1722/1577
f 1489/1520/1537 1488/1519/1537 1675/1784/1537 1500/1537/1537
f 1488/1519/1537 1487/1518/1537 1610/1697/1537 1675/1784/1537
f 1675/1784/1537 1610/1697/1537 1603/1690/1537 1605/1692/1537
f 1500/1537/1537 1675/1784/1537 1605/1692/1537 1501/1538/1537
f 63/1772/1578 1666/1771/1578 1676/1785/1578 59/1786/1578
f 1666/1771/1579 1665/1770/1579 1677/1787/1579 1676/1785/1579
f 1676/1785/1580 1677/1787/1580 1678/1788/1580 1679/1789/1580
f 59/1786/1581 1676/1785/1581 1679/1789/1581 45/1790/1581
f 1497/1532/1537 1496/1531/1537 1680/1791/1537 1508/1549/1537
f 1496/1531/1537 1483/1511/1537 1662/1766/1537 1680/1791/1537
f 1680/1791/1537 1662/1766/1537 1603/1690/1537 1602/1689/1537
f 1508/1549/1537 1680/1791/1537 1602/1689/1537 1509/1550/1537
f 57/1778/1582 1670/1777/1582 1681/1792/1582 53/1793/1582
f 1670/1777/1583 1669/1776/1583 1682/1794/1583 1681/1792/1583
f 1681/1792/1584 1682/1794/1584 1683/1795/1584 1684/1796/1584
f 53/1793/1585 1681/1792/1585 1684/1796/1585 39/1797/1585
f 39/1797/1586 1684/1796/1586 1685/1798/1586 35/1799/1586
f 1684/1796/1587 1683/1795/1587 1686/1800/1587 1685/1798/1587
f 1685/1798/1588 1686/1800/1588 1687/1801/1588 1688/1802/1588
f 35/1799/1589 1685/1798/1589 1688/1802/1589 18/1803/1589
f 51/1804/1590 1689/1805/1590 1690/1806/1590 47/1807/1590
f 1689/1805/1591 1691/1808/1591 1692/1809/1591 1690/1806/1591
f 1690/1806/1592 1692/1809/1592 1693/1810/1592 1694/1811/1592
f 47/1807/1593 1690/1806/1593 1694/1811/1593 33/1812/1593
f 135/1813/1594 1695/1814/1594 1696/1815/1594 131/1816/1594
f 1695/1814/1595 1697/1817/1595 1698/1818/1595 1696/1815/1595
f 1696/1815/1596 1698/1818/1596 1699/1819/1596 1700/1820/1596
f 131/1816/1597 1696/1815/1597 1700/1820/1597 123/1821/1597
f 45/1790/1598 1679/1789/1598 1701/1822/1598 41/1823/1598
f 1679/1789/1599 1678/1788/1599 1702/1824/1599 1701/1822/1599
f 1701/1822/1600 1702/1824/1600 1703/1825/1600 1704/1826/1600
f 41/1823/1601 1701/1822/1601 1704/1826/1601 27/1827/1601
f 123/1821/1602 1700/1820/1602 1705/1828/1602 119/1829/1602
f 1700/1820/1603 1699/1819/1603 1706/1830/1603 1705/1828/1603
f 1705/1828/1604 1706/1830/1604 1625/1717/1604 1623/1714/1604
f 119/1829/1605 1705/1828/1605 1623/1714/1605 111/1713/1605
f 1493/1526/1537 1672/1780/1537 1707/1831/1537 1504/1543/1537
f 1672/1780/1537 1603/1690/1537 1609/1696/1537 1707/1831/1537
f 1707/1831/1537 1609/1696/1537 1517/1562/1537 1516/1561/1537
f 1504/1543/1537 1707/1831/1537 1516/1561/1537 1505/1544/1537
f 141/1832/1606 1708/1833/1606 1709/1834/1606 137/1835/1606
f 1708/1833/1607 1710/1836/1607 1711/1837/1607 1709/1834/1607
f 1709/1834/1608 1711/1837/1608 1615/1704/1608 1613/1701/1608
f 137/1835/1609 1709/1834/1609 1613/1701/1609 129/1700/1609
f 147/1838/1610 1712/1839/1610 1713/1840/1610 143/1841/1610
f 1712/1839/1611 1714/1842/1611 1715/1843/1611 1713/1840/1611
f 1713/1840/1612 1715/1843/1612 1697/1817/1612 1695/1814/1612
f 143/1841/1613 1713/1840/1613 1695/1814/1613 135/1813/1613
f 153/1844/1614 1716/1845/1614 1717/1846/1614 149/1847/1614
f 1716/1845/1615 1718/1848/1615 1719/1849/1615 1717/1846/1615
f 1717/1846/1616 1719/1849/1616 1710/1836/1616 1708/1833/1616
f 149/1847/1617 1717/1846/1617 1708/1833/1617 141/1832/1617
f 159/1850/1618 1720/1851/1618 1721/1852/1618 155/1853/1618
f 1720/1851/1619 1722/1854/1619 1723/1855/1619 1721/1852/1619
f 1721/1852/1620 1723/1855/1620 1714/1842/1620 1712/1839/1620
f 155/1853/1621 1721/1852/1621 1712/1839/1621 147/1838/1621
f 165/1856/1622 1724/1857/1622 1725/1858/1622 161/1859/1622
f 1724/1857/1623 1726/1860/1623 1727/1861/1623 1725/1858/1623
f 1725/1858/1624 1727/1861/1624 1691/1808/1624 1689/1805/1624
f 161/1859/1625 1725/1858/1625 1689/1805/1625 51/1804/1625
f 171/1862/1626 1728/1863/1626 1729/1864/1626 167/1865/1626
f 1728/1863/1627 1730/1866/1627 1731/1867/1627 1729/1864/1627
f 1729/1864/1628 1731/1867/1628 1718/1848/1628 1716/1845/1628
f 167/1865/1629 1729/1864/1629 1716/1845/1629 153/1844/1629
f 177/1868/1630 1732/1869/1630 1733/1870/1630 173/1871/1630
f 1732/1869/1631 1734/1872/1631 1735/1873/1631 1733/1870/1631
f 1733/1870/1632 1735/1873/1632 1722/1854/1632 1720/1851/1632
f 173/1871/1633 1733/1870/1633 1720/1851/1633 159/1850/1633
f 183/1874/1634 1736/1875/1634 1737/1876/1634 179/1877/1634
f 1736/1875/1635 1738/1878/1635 1739/1879/1635 1737/1876/1635
f 1737/1876/1636 1739/1879/1636 1726/1860/1636 1724/1857/1636
f 179/1877/1637 1737/1876/1637 1724/1857/1637 165/1856/1637
f 1/1880/1638 1740/1881/1638 1741/1882/1638 185/1883/1638
f 1740/1881/1639 1742/1884/1639 1743/1885/1639 1741/1882/1639
f 1741/1882/1640 1743/1885/1640 1730/1866/1640 1728/1863/1640
f 185/1883/1641 1741/1882/1641 1728/1863/1641 171/1862/1641
f 10/1886/1642 1744/1887/1642 1745/1888/1642 188/1889/1642
f 1744/1887/1643 1746/1890/1643 1747/1891/1643 1745/1888/1643
f 1745/1888/1644 1747/1891/1644 1734/1872/1644 1732/1869/1644
f 188/1889/1645 1745/1888/1645 1732/1869/1645 177/1868/1645
f 19/1892/1646 1748/1893/1646 1749/1894/1646 191/1895/1646
f 1748/1893/1647 1750/1896/1647 1751/1897/1647 1749/1894/1647
f 1749/1894/1648 1751/1897/1648 1738/1878/1648 1736/1875/1648
f 191/1895/1649 1749/1894/1649 1736/1875/1649 183/1874/1649
f 9/1898/1650 1752/1899/1650 1753/1900/1650 4/1901/1650
f 1752/1899/1651 1754/1902/1651 1755/1903/1651 1753/1900/1651
f 1753/1900/1652 1755/1903/1652 1742/1884/1652 1740/1881/1652
f 4/1901/1653 1753/1900/1653 1740/1881/1653 1/1880/1653
f 18/1803/1654 1688/1802/1654 1756/1904/1654 13/1905/1654
f 1688/1802/1655 1687/1801/1655 1757/1906/1655 1756/1904/1655
f 1756/1904/1656 1757/1906/1656 1746/1890/1656 1744/1887/1656
f 13/1905/1657 1756/1904/1657 1744/1887/1657 10/1886/1657
f 27/1827/1658 1704/1826/1658 1758/1907/1658 22/1908/1658
f 1704/1826/1659 1703/1825/1659 1759/1909/1659 1758/1907/1659
f 1758/1907/1660 1759/1909/1660 1750/1896/1660 1748/1893/1660
f 22/1908/1661 1758/1907/1661 1748/1893/1661 19/1892/1661
f 33/1812/1662 1694/1811/1662 1760/1910/1662 29/1911/1662
f 1694/1811/1663 1693/1810/1663 1761/1912/1663 1760/1910/1663
f 1760/1910/1664 1761/1912/1664 1754/1902/1664 1752/1899/1664
f 29/1911/1665 1760/1910/1665 1752/1899/1665 9/1898/1665
f 1742/1884/1666 1762/1913/1666 1763/1914/1666 1743/1885/1666
f 1762/1913/1667 1764/1915/1667 1765/1916/1667 1763/1914/1667
f 1763/1914/1667 1765/1916/1667 1718/1848/1667 1731/1867/1667
f 1743/1885/1667 1763/1914/1667 1731/1867/1667 1730/1866/1667
f 1657/1760/1667 1656/1759/1667 1766/1917/1667 1668/1775/1667
f 1656/1759/1667 1645/1744/1667 1767/1918/1667 1766/1917/1667
f 1766/1917/1667 1767/1918/1667 1764/1915/1667 1768/1919/1667
f 1668/1775/1667 1766/1917/1667 1768/1919/1667 1669/1776/1667
f 1691/1808/1666 1727/1861/1666 1769/1920/1666 1692/1809/1666
f 1727/1861/1668 1726/1860/1668 1770/1921/1668 1769/1920/1668
f 1769/1920/1667 1770/1921/1667 1764/1915/1667 1771/1922/1667
f 1692/1809/1669 1769/1920/1669 1771/1922/1669 1693/1810/1669
f 1627/1719/1667 1772/1923/1667 1773/1924/1667 1640/1737/1667
f 1772/1923/1667 1764/1915/1667 1774/1925/1667 1773/1924/1667
f 1773/1924/1667 1774/1925/1667 1653/1754/1667 1652/1753/1667
f 1640/1737/1667 1773/1924/1667 1652/1753/1667 1641/1738/1667
f 1710/1836/1667 1719/1849/1667 1775/1926/1667 1711/1837/1667
f 1719/1849/1667 1718/1848/1667 1765/1916/1667 1775/1926/1667
f 1775/1926/1667 1765/1916/1667 1764/1915/1667 1776/1927/1667
f 1711/1837/1667 1775/1926/1667 1776/1927/1667 1615/1704/1667
f 1697/1817/1667 1715/1843/1667 1777/1928/1667 1698/1818/1667
f 1715/1843/1667 1714/1842/1667 1778/1929/1667 1777/1928/1667
f 1777/1928/1667 1778/1929/1667 1764/1915/1667 1779/1930/1667
f 1698/1818/1667 1777/1928/1667 1779/1930/1667 1699/1819/1667
f 1665/1770/1667 1664/1769/1667 1780/1931/1667 1677/1787/1667
f 1664/1769/1667 1653/1754/1667 1774/1925/1667 1780/1931/1667
f 1780/1931/1667 1774/1925/1667 1764/1915/1667 1781/1932/1667
f 1677/1787/1667 1780/1931/1667 1781/1932/1667 1678/1788/1667
f 1683/1795/1667 1682/1794/1667 1782/1933/1667 1686/1800/1667
f 1682/1794/1667 1669/1776/1667 1768/1919/1667 1782/1933/1667
f 1782/1933/1667 1768/1919/1667 1764/1915/1667 1783/1934/1667
f 1686/1800/1667 1782/1933/1667 1783/1934/1667 1687/1801/1667
f 1617/1706/1667 1616/1705/1667 1784/1935/1667 1674/1783/1667
f 1616/1705/1667 1615/1704/1667 1776/1927/1667 1784/1935/1667
f 1784/1935/1667 1776/1927/1667 1764/1915/1667 1785/1936/1667
f 1674/1783/1667 1784/1935/1667 1785/1936/1667 1631/1726/1667
f 1703/1825/1667 1702/1824/1667 1786/1937/1667 1759/1909/1667
f 1702/1824/1667 1678/1788/1667 1781/1932/1667 1786/1937/1667
f 1786/1937/1667 1781/1932/1667 1764/1915/1667 1787/1938/1667
f 1759/1909/1666 1786/1937/1666 1787/1938/1666 1750/1896/1666
f 1754/1902/1670 1761/1912/1670 1788/1939/1670 1755/1903/1670
f 1761/1912/1671 1693/1810/1671 1771/1922/1671 1788/1939/1671
f 1788/1939/1667 1771/1922/1667 1764/1915/1667 1762/1913/1667
f 1755/1903/1672 1788/1939/1672 1762/1913/1672 1742/1884/1672
f 1625/1717/1667 1706/1830/1667 1789/1940/1667 1626/1718/1667
f 1706/1830/1667 1699/1819/1667 1779/1930/1667 1789/1940/1667
f 1789/1940/1667 1779/1930/1667 1764/1915/1667 1772/1923/1667
f 1626/1718/1667 1789/1940/1667 1772/1923/1667 1627/1719/1667
f 1746/1890/1667 1757/1906/1667 1790/1941/1667 1747/1891/1667
f 1757/1906/1667 1687/1801/1667 1783/1934/1667 1790/1941/1667
f 1790/1941/1667 1783/1934/1667 1764/1915/1667 1791/1942/1667
f 1747/1891/1667 1790/1941/1667 1791/1942/1667 1734/1872/1667
f 1633/1728/1667 1632/1727/1667 1792/1943/1667 1644/1743/1667
f 1632/1727/1667 1631/1726/1667 1785/1936/1667 1792/1943/1667
f 1792/1943/1667 1785/1936/1667 1764/1915/1667 1767/1918/1667
f 1644/1743/1667 1792/1943/1667 1767/1918/1667 1645/1744/1667
f 1722/1854/1667 1735/1873/1667 1793/1944/1667 1723/1855/1667
f 1735/1873/1667 1734/1872/1667 1791/1942/1667 1793/1944/1667
f 1793/1944/1667 1791/1942/1667 1764/1915/1667 1778/1929/1667
f 1723/1855/1667 1793/1944/1667 1778/1929/1667 1714/1842/1667
f 1750/1896/1671 1787/1938/1671 1794/1945/1671 1751/1897/1671
f 1787/1938/1667 1764/1915/1667 1770/1921/1667 1794/1945/1667
f 1794/1945/1672 1770/1921/1672 1726/1860/1672 1739/1879/1672
f 1751/1897/1670 1794/1945/1670 1739/1879/1670 1738/1878/1670
f 1795/1946/1673 1796/1947/1673 1797/1948/1673 1798/1949/1673
f 1796/1947/1674 1799/1950/1674 1800/1951/1674 1797/1948/1674
f 1799/1950/1675 1801/1952/1675 1802/1953/1675 1800/1951/1675
f 1801/1952/1676 1803/1954/1676 1804/1955/1676 1802/1953/1676
f 1803/1954/1677 1805/1956/1677 1806/1957/1677 1804/1955/1677
f 1805/1956/1678 1807/1958/1678 1808/1959/1678 1806/1957/1678
f 1798/1949/1679 1797/1948/1679 1809/1960/1679 1810/1961/1679
f 1797/1948/1680 1800/1951/1680 1811/1962/1680 1809/1960/1680
f 1800/1951/1681 1802/1953/1681 1812/1963/1681 1811/1962/1681
f 1802/1953/1682 1804/1955/1682 1813/1964/1682 1812/1963/1682
f 1804/1955/1683 1806/1957/1683 1814/1965/1683 1813/1964/1683
f 1806/1957/1684 1808/1959/1684 1815/1966/1684 1814/1965/1684
f 1810/1961/1685 1809/1960/1685 1816/1967/1685 1817/1968/1685
f 1809/1960/1686 1811/1962/1686 1818/1969/1686 1816/1967/1686
f 1811/1962/1687 1812/1963/1687 1819/1970/1687 1818/1969/1687
f 1812/1963/1688 1813/1964/1688 1820/1971/1688 1819/1970/1688
f 1813/1964/1689 1814/1965/1689 1821/1972/1689 1820/1971/1689
f 1814/1965/1690 1815/1966/1690 1822/1973/1690 1821/1972/1690
f 1817/1974/1691 1816/1975/1691 1823/1976/1691 1824/1977/1691
f 1816/1975/1692 1818/1978/1692 1825/1979/1692 1823/1976/1692
f 1818/1978/1693 1819/1980/1693 1826/1981/1693 1825/1979/1693
f 1819/1980/1694 1820/1982/1694 1827/1983/1694 1826/1981/1694
f 1820/1982/1695 1821/1984/1695 1828/1985/1695 1827/1983/1695
f 1821/1984/1696 1822/1986/1696 1829/1987/1696 1828/1985/1696
f 1824/1977/1697 1823/1976/1697 1830/1988/1697 1831/1989/1697
f 1823/1976/1698 1825/1979/1698 1832/1990/1698 1830/1988/1698
f 1825/1979/1699 1826/1981/1699 1833/1991/1699 1832/1990/1699
f 1826/1981/1700 1827/1983/1700 1834/1992/1700 1833/1991/1700
f 1827/1983/1701 1828/1985/1701 1835/1993/1701 1834/1992/1701
f 1828/1985/1702 1829/1987/1702 1836/1994/1702 1835/1993/1702
f 1831/1989/1703 1830/1988/1703 1837/1995/1703 1838/1996/1703
f 1830/1988/1704 1832/1990/1704 1839/1997/1704 1837/1995/1704
f 1832/1990/1705 1833/1991/1705 1840/1998/1705 1839/1997/1705
f 1833/1991/1706 1834/1992/1706 1841/1999/1706 1840/1998/1706
f 1834/1992/1707 1835/1993/1707 1842/2000/1707 1841/1999/1707
f 1835/1993/1708 1836/1994/1708 1843/2001/1708 1842/2000/1708
f 1844/2002/1709 1845/2003/1709 1795/1946/1709 1846/2004/1709
f 1845/2003/1710 1847/2005/1710 1796/1947/1710 1795/1946/1710
f 1847/2005/1711 1848/2006/1711 1799/1950/1711 1796/1947/1711
f 1848/2006/1712 1849/2007/1712 1801/1952/1712 1799/1950/1712
f 1849/2007/1713 1850/2008/1713 1803/1954/1713 1801/1952/1713
f 1850/2008/1714 1851/2009/1714 1805/1956/1714 1803/1954/1714
f 1851/2009/1715 1852/2010/1715 1807/1958/1715 1805/1956/1715
f 1852/2010/1716 1853/2011/1716 1854/2012/1716 1807/1958/1716
f 1807/1958/1717 1854/2012/1717 1855/2013/1717 1808/1959/1717
f 1808/1959/1718 1855/2013/1718 1856/2014/1718 1815/1966/1718
f 1815/1966/1719 1856/2014/1719 1857/2015/1719 1822/1973/1719
f 1822/1986/1720 1857/2016/1720 1858/2017/1720 1829/1987/1720
f 1829/1987/1721 1858/2017/1721 1859/2018/1721 1836/1994/1721
f 1836/1994/1722 1859/2018/1722 1860/2019/1722 1843/2001/1722
f 1843/2001/1723 1860/2019/1723 1861/2020/1723 1862/2021/1723
f 1842/2000/1724 1843/2001/1724 1862/2021/1724 1863/2022/1724
f 1841/1999/1725 1842/2000/1725 1863/2022/1725 1864/2023/1725
f 1840/1998/1726 1841/1999/1726 1864/2023/1726 1865/2024/1726
f 1839/1997/1727 1840/1998/1727 1865/2024/1727 1866/2025/1727
f 1837/1995/1728 1839/1997/1728 1866/2025/1728 1867/2026/1728
f 1838/1996/1729 1837/1995/1729 1867/2026/1729 1868/2027/1729
f 1869/2028/1730 1838/1996/1730 1868/2027/1730 1870/2029/1730
f 1871/2030/1731 1831/1989/1731 1838/1996/1731 1869/2028/1731
f 1872/2031/1732 1824/1977/1732 1831/1989/1732 1871/2030/1732
f 1873/2032/1733 1817/1974/1733 1824/1977/1733 1872/2031/1733
f 1874/2033/1734 1810/1961/1734 1817/1968/1734 1873/2034/1734
f 1875/2035/1735 1798/1949/1735 1810/1961/1735 1874/2033/1735
f 1846/2004/1736 1795/1946/1736 1798/1949/1736 1875/2035/1736
f 1876/2036/1737 1877/2037/1737 1878/2038/1737 1879/2039/1737
f 1877/2037/1738 1880/2040/1738 1881/2041/1738 1878/2038/1738
f 1880/2040/1739 1882/2042/1739 1883/2043/1739 1881/2041/1739
f 1882/2042/1740 1884/2044/1740 1885/2045/1740 1883/2043/1740
f 1884/2044/1741 1886/2046/1741 1887/2047/1741 1885/2045/1741
f 1886/2046/1742 1888/2048/1742 1889/2049/1742 1887/2047/1742
f 1879/2039/1743 1878/2038/1743 1890/2050/1743 1891/2051/1743
f 1878/2038/1744 1881/2041/1744 1892/2052/1744 1890/2050/1744
f 1881/2041/1745 1883/2043/1745 1893/2053/1745 1892/2052/1745
f 1883/2043/1746 1885/2045/1746 1894/2054/1746 1893/2053/1746
f 1885/2045/1747 1887/2047/1747 1895/2055/1747 1894/2054/1747
f 1887/2047/1748 1889/2049/1748 1896/2056/1748 1895/2055/1748
f 1891/2051/1749 1890/2050/1749 1897/2057/1749 1898/2058/1749
f 1890/2050/1750 1892/2052/1750 1899/2059/1750 1897/2057/1750
f 1892/2052/1751 1893/2053/1751 1900/2060/1751 1899/2059/1751
f 1893/2053/1752 1894/2054/1752 1901/2061/1752 1900/2060/1752
f 1894/2054/1753 1895/2055/1753 1902/2062/1753 1901/2061/1753
f 1895/2055/1754 1896/2056/1754 1903/2063/1754 1902/2062/1754
f 1898/2058/1755 1897/2057/1755 1904/2064/1755 1905/2065/1755
f 1897/2057/1756 1899/2059/1756 1906/2066/1756 1904/2064/1756
f 1899/2059/1757 1900/2060/1757 1907/2067/1757 1906/2066/1757
f 1900/2060/1758 1901/2061/1758 1908/2068/1758 1907/2067/1758
f 1901/2061/1759 1902/2062/1759 1909/2069/1759 1908/2068/1759
f 1902/2062/1760 1903/2063/1760 1910/2070/1760 1909/2069/1760
f 1905/2065/1761 1904/2064/1761 1911/2071/1761 1912/2072/1761
f 1904/2064/1762 1906/2066/1762 1913/2073/1762 1911/2071/1762
f 1906/2066/1763 1907/2067/1763 1914/2074/1763 1913/2073/1763
f 1907/2067/1764 1908/2068/1764 1915/2075/1764 1914/2074/1764
f 1908/2068/1765 1909/2069/1765 1916/2076/1765 1915/2075/1765
f 1909/2069/1766 1910/2070/1766 1917/2077/1766 1916/2076/1766
f 1912/2072/1767 1911/2071/1767 1918/2078/1767 1919/2079/1767
f 1911/2071/1768 1913/2073/1768 1920/2080/1768 1918/2078/1768
f 1913/2073/1769 1914/2074/1769 1921/2081/1769 1920/2080/1769
f 1914/2074/1770 1915/2075/1770 1922/2082/1770 1921/2081/1770
f 1915/2075/1771 1916/2076/1771 1923/2083/1771 1922/2082/1771
f 1916/2076/1772 1917/2077/1772 1924/2084/1772 1923/2083/1772
f 1870/2029/1773 1868/2027/1773 1876/2036/1773 1925/2085/1773
f 1868/2027/1774 1867/2026/1774 1877/2037/1774 1876/2036/1774
f 1867/2026/1775 1866/2025/1775 1880/2040/1775 1877/2037/1775
f 1866/2025/1776 1865/2024/1776 1882/2042/1776 1880/2040/1776
f 1865/2024/1777 1864/2023/1777 1884/2044/1777 1882/2042/1777
f 1864/2023/1778 1863/2022/1778 1886/2046/1778 1884/2044/1778
f 1863/2022/1779 1862/2021/1779 1888/2048/1779 1886/2046/1779
f 1862/2021/1780 1861/2020/1780 1926/2086/1780 1888/2048/1780
f 1888/2048/1781 1926/2086/1781 1927/2087/1781 1889/2049/1781
f 1889/2049/1782 1927/2087/1782 1928/2088/1782 1896/2056/1782
f 1896/2056/1783 1928/2088/1783 1929/2089/1783 1903/2063/1783
f 1903/2063/1784 1929/2089/1784 1930/2090/1784 1910/2070/1784
f 1910/2070/1785 1930/2090/1785 1931/2091/1785 1917/2077/1785
f 1917/2077/1786 1931/2091/1786 1932/2092/1786 1924/2084/1786
f 1924/2084/1787 1932/2092/1787 1933/2093/1787 1934/2094/1787
f 1923/2083/1788 1924/2084/1788 1934/2094/1788 1935/2095/1788
f 1922/2082/1789 1923/2083/1789 1935/2095/1789 1936/2096/1789
f 1921/2081/1790 1922/2082/1790 1936/2096/1790 1937/2097/1790
f 1920/2080/1791 1921/2081/1791 1937/2097/1791 1938/2098/1791
f 1918/2078/1792 1920/2080/1792 1938/2098/1792 1939/2099/1792
f 1919/2079/1793 1918/2078/1793 1939/2099/1793 1940/2100/1793
f 1941/2101/1794 1919/2079/1794 1940/2100/1794 1942/2102/1794
f 1943/2103/1795 1912/2072/1795 1919/2079/1795 1941/2101/1795
f 1944/2104/1796 1905/2065/1796 1912/2072/1796 1943/2103/1796
f 1945/2105/1797 1898/2058/1797 1905/2065/1797 1944/2104/1797
f 1946/2106/1798 1891/2051/1798 1898/2058/1798 1945/2105/1798
f 1947/2107/1799 1879/2039/1799 1891/2051/1799 1946/2106/1799
f 1925/2085/1800 1876/2036/1800 1879/2039/1800 1947/2107/1800
f 1948/2108/1801 1949/2109/1801 1950/2110/1801 1951/2111/1801
f 1949/2109/1802 1952/2112/1802 1953/2113/1802 1950/2110/1802
f 1952/2112/1803 1954/2114/1803 1955/2115/1803 1953/2113/1803
f 1954/2114/1804 1956/2116/1804 1957/2117/1804 1955/2115/1804
f 1956/2116/1805 1958/2118/1805 1959/2119/1805 1957/2117/1805
f 1958/2118/1806 1960/2120/1806 1961/2121/1806 1959/2119/1806
f 1951/2111/1807 1950/2110/1807 1962/2122/1807 1963/2123/1807
f 1950/2110/1808 1953/2113/1808 1964/2124/1808 1962/2122/1808
f 1953/2113/1809 1955/2115/1809 1965/2125/1809 1964/2124/1809
f 1955/2115/1810 1957/2117/1810 1966/2126/1810 1965/2125/1810
f 1957/2117/1811 1959/2119/1811 1967/2127/1811 1966/2126/1811
f 1959/2119/1812 1961/2121/1812 1968/2128/1812 1967/2127/1812
f 1963/2123/1813 1962/2122/1813 1969/2129/1813 1970/2130/1813
f 1962/2122/1814 1964/2124/1814 1971/2131/1814 1969/2129/1814
f 1964/2124/1815 1965/2125/1815 1972/2132/1815 1971/2131/1815
f 1965/2125/1816 1966/2126/1816 1973/2133/1816 1972/2132/1816
f 1966/2126/1817 1967/2127/1817 1974/2134/1817 1973/2133/1817
f 1967/2127/1818 1968/2128/1818 1975/2135/1818 1974/2134/1818
f 1970/2136/1819 1969/2137/1819 1976/2138/1819 1977/2139/1819
f 1969/2137/1820 1971/2140/1820 1978/2141/1820 1976/2138/1820
f 1971/2140/1821 1972/2142/1821 1979/2143/1821 1978/2141/1821
f 1972/2142/1822 1973/2144/1822 1980/2145/1822 1979/2143/1822
f 1973/2144/1823 1974/2146/1823 1981/2147/1823 1980/2145/1823
f 1974/2146/1824 1975/2148/1824 1982/2149/1824 1981/2147/1824
f 1977/2139/1825 1976/2138/1825 1983/2150/1825 1984/2151/1825
f 1976/2138/1826 1978/2141/1826 1985/2152/1826 1983/2150/1826
f 1978/2141/1827 1979/2143/1827 1986/2153/1827 1985/2152/1827
f 1979/2143/1828 1980/2145/1828 1987/2154/1828 1986/2153/1828
f 1980/2145/1829 1981/2147/1829 1988/2155/1829 1987/2154/1829
f 1981/2147/1830 1982/2149/1830 1989/2156/1830 1988/2155/1830
f 1984/2151/1831 1983/2150/1831 1990/2157/1831 1991/2158/1831
f 1983/2150/1832 1985/2152/1832 1992/2159/1832 1990/2157/1832
f 1985/2152/1833 1986/2153/1833 1993/2160/1833 1992/2159/1833
f 1986/2153/1834 1987/2154/1834 1994/2161/1834 1993/2160/1834
f 1987/2154/1835 1988/2155/1835 1995/2162/1835 1994/2161/1835
f 1988/2155/1836 1989/2156/1836 1996/2163/1836 1995/2162/1836
f 1942/2102/1837 1940/2100/1837 1948/2108/1837 1997/2164/1837
f 1940/2100/1838 1939/2099/1838 1949/2109/1838 1948/2108/1838
f 1939/2099/1839 1938/2098/1839 1952/2112/1839 1949/2109/1839
f 1938/2098/1840 1937/2097/1840 1954/2114/1840 1952/2112/1840
f 1937/2097/1841 1936/2096/1841 1956/2116/1841 1954/2114/1841
f 1936/2096/1842 1935/2095/1842 1958/2118/1842 1956/2116/1842
f 1935/2095/1843 1934/2094/1843 1960/2120/1843 1958/2118/1843
f 1934/2094/1844 1933/2093/1844 1998/2165/1844 1960/2120/1844
f 1960/2120/1845 1998/2165/1845 1999/2166/1845 1961/2121/1845
f 1961/2121/1846 1999/2166/1846 2000/2167/1846 1968/2128/1846
f 1968/2128/1847 2000/2167/1847 2001/2168/1847 1975/2135/1847
f 1975/2148/1848 2001/2169/1848 2002/2170/1848 1982/2149/1848
f 1982/2149/1849 2002/2170/1849 2003/2171/1849 1989/2156/1849
f 1989/2156/1850 2003/2171/1850 2004/2172/1850 1996/2163/1850
f 1996/2163/1851 2004/2172/1851 2005/2173/1851 2006/2174/1851
f 1995/2162/1852 1996/2163/1852 2006/2174/1852 2007/2175/1852
f 1994/2161/1853 1995/2162/1853 2007/2175/1853 2008/2176/1853
f 1993/2160/1854 1994/2161/1854 2008/2176/1854 2009/2177/1854
f 1992/2159/1855 1993/2160/1855 2009/2177/1855 2010/2178/1855
f 1990/2157/1856 1992/2159/1856 2010/2178/1856 2011/2179/1856
f 1991/2158/1857 1990/2157/1857 2011/2179/1857 2012/2180/1857
f 2013/2181/1858 1991/2158/1858 2012/2180/1858 2014/2182/1858
f 2015/2183/1859 1984/2151/1859 1991/2158/1859 2013/2181/1859
f 2016/2184/1860 1977/2139/1860 1984/2151/1860 2015/2183/1860
f 2017/2185/1861 1970/2136/1861 1977/2139/1861 2016/2184/1861
f 2018/2186/1862 1963/2123/1862 1970/2130/1862 2017/2187/1862
f 2019/2188/1863 1951/2111/1863 1963/2123/1863 2018/2186/1863
f 1997/2164/1864 1948/2108/1864 1951/2111/1864 2019/2188/1864
f 2020/2189/1865 2021/2190/1865 2022/2191/1865 2023/2192/1865
f 2021/2190/1866 2024/2193/1866 2025/2194/1866 2022/2191/1866
f 2024/2193/1867 2026/2195/1867 2027/2196/1867 2025/2194/1867
f 2026/2195/1868 2028/2197/1868 2029/2198/1868 2027/2196/1868
f 2028/2197/1869 2030/2199/1869 2031/2200/1869 2029/2198/1869
f 2030/2199/1870 2032/2201/1870 2033/2202/1870 2031/2200/1870
f 2023/2192/1871 2022/2191/1871 2034/2203/1871 2035/2204/1871
f 2022/2191/1872 2025/2194/1872 2036/2205/1872 2034/2203/1872
f 2025/2194/1873 2027/2196/1873 2037/2206/1873 2036/2205/1873
f 2027/2196/1874 2029/2198/1874 2038/2207/1874 2037/2206/1874
f 2029/2198/1875 2031/2200/1875 2039/2208/1875 2038/2207/1875
f 2031/2200/1876 2033/2202/1876 2040/2209/1876 2039/2208/1876
f 2035/2204/1877 2034/2203/1877 2041/2210/1877 2042/2211/1877
f 2034/2203/1878 2036/2205/1878 2043/2212/1878 2041/2210/1878
f 2036/2205/1879 2037/2206/1879 2044/2213/1879 2043/2212/1879
f 2037/2206/1880 2038/2207/1880 2045/2214/1880 2044/2213/1880
f 2038/2207/1881 2039/2208/1881 2046/2215/1881 2045/2214/1881
f 2039/2208/1882 2040/2209/1882 2047/2216/1882 2046/2215/1882
f 2042/2211/1883 2041/2210/1883 2048/2217/1883 2049/2218/1883
f 2041/2210/1884 2043/2212/1884 2050/2219/1884 2048/2217/1884
f 2043/2212/1885 2044/2213/1885 2051/2220/1885 2050/2219/1885
f 2044/2213/1886 2045/2214/1886 2052/2221/1886 2051/2220/1886
f 2045/2214/1887 2046/2215/1887 2053/2222/1887 2052/2221/1887
f 2046/2215/1888 2047/2216/1888 2054/2223/1888 2053/2222/1888
f 2049/2218/1889 2048/2217/1889 2055/2224/1889 2056/2225/1889
f 2048/2217/1890 2050/2219/1890 2057/2226/1890 2055/2224/1890
f 2050/2219/1891 2051/2220/1891 2058/2227/1891 2057/2226/1891
f 2051/2220/1892 2052/2221/1892 2059/2228/1892 2058/2227/1892
f 2052/2221/1893 2053/2222/1893 2060/2229/1893 2059/2228/1893
f 2053/2222/1894 2054/2223/1894 2061/2230/1894 2060/2229/1894
f 2056/2225/1895 2055/2224/1895 2062/2231/1895 2063/2232/1895
f 2055/2224/1896 2057/2226/1896 2064/2233/1896 2062/2231/1896
f 2057/2226/1897 2058/2227/1897 2065/2234/1897 2064/2233/1897
f 2058/2227/1898 2059/2228/1898 2066/2235/1898 2065/2234/1898
f 2059/2228/1899 2060/2229/1899 2067/2236/1899 2066/2235/1899
f 2060/2229/1900 2061/2230/1900 2068/2237/1900 2067/2236/1900
f 2014/2182/1901 2012/2180/1901 2020/2189/1901 2069/2238/1901
f 2012/2180/1902 2011/2179/1902 2021/2190/1902 2020/2189/1902
f 2011/2179/1903 2010/2178/1903 2024/2193/1903 2021/2190/1903
f 2010/2178/1904 2009/2177/1904 2026/2195/1904 2024/2193/1904
f 2009/2177/1905 2008/2176/1905 2028/2197/1905 2026/2195/1905
f 2008/2176/1906 2007/2175/1906 2030/2199/1906 2028/2197/1906
f 2007/2175/1907 2006/2174/1907 2032/2201/1907 2030/2199/1907
f 2006/2174/1908 2005/2173/1908 2070/2239/1908 2032/2201/1908
f 2032/2201/1909 2070/2239/1909 2071/2240/1909 2033/2202/1909
f 2033/2202/1910 2071/2240/1910 2072/2241/1910 2040/2209/1910
f 2040/2209/1911 2072/2241/1911 2073/2242/1911 2047/2216/1911
f 2047/2216/1912 2073/2242/1912 2074/2243/1912 2054/2223/1912
f 2054/2223/1913 2074/2243/1913 2075/2244/1913 2061/2230/1913
f 2061/2230/1914 2075/2244/1914 2076/2245/1914 2068/2237/1914
f 2068/2237/1915 2076/2245/1915 1853/2011/1915 1852/2010/1915
f 2067/2236/1916 2068/2237/1916 1852/2010/1916 1851/2009/1916
f 2066/2235/1917 2067/2236/1917 1851/2009/1917 1850/2008/1917
f 2065/2234/1918 2066/2235/1918 1850/2008/1918 1849/2007/1918
f 2064/2233/1919 2065/2234/1919 1849/2007/1919 1848/2006/1919
f 2062/2231/1920 2064/2233/1920 1848/2006/1920 1847/2005/1920
f 2063/2232/1921 2062/2231/1921 1847/2005/1921 1845/2003/1921
f 2077/2246/1922 2063/2232/1922 1845/2003/1922 1844/2002/1922
f 2078/2247/1923 2056/2225/1923 2063/2232/1923 2077/2246/1923
f 2079/2248/1924 2049/2218/1924 2056/2225/1924 2078/2247/1924
f 2080/2249/1925 2042/2211/1925 2049/2218/1925 2079/2248/1925
f 2081/2250/1926 2035/2204/1926 2042/2211/1926 2080/2249/1926
f 2082/2251/1927 2023/2192/1927 2035/2204/1927 2081/2250/1927
f 2069/2238/1928 2020/2189/1928 2023/2192/1928 2082/2251/1928
f 2083/2252/1929 2084/2253/1929 2085/2254/1929 2086/2255/1929
f 2084/2253/1930 2087/2256/1930 2088/2257/1930 2085/2254/1930
f 2087/2256/1931 2089/2258/1931 2090/2259/1931 2088/2257/1931
f 2089/2258/1932 2091/2260/1932 2092/2261/1932 2090/2259/1932
f 2091/2260/1933 2093/2262/1933 2094/2263/1933 2092/2261/1933
f 2093/2262/1934 2095/2264/1934 2096/2265/1934 2094/2263/1934
f 2086/2255/1935 2085/2254/1935 2097/2266/1935 2098/2267/1935
f 2085/2254/1936 2088/2257/1936 2099/2268/1936 2097/2266/1936
f 2088/2257/1937 2090/2259/1937 2100/2269/1937 2099/2268/1937
f 2090/2259/1938 2092/2261/1938 2101/2270/1938 2100/2269/1938
f 2092/2261/1939 2094/2263/1939 2102/2271/1939 2101/2270/1939
f 2094/2263/1940 2096/2265/1940 2103/2272/1940 2102/2271/1940
f 2098/2267/1941 2097/2266/1941 2104/2273/1941 2105/2274/1941
f 2097/2266/1942 2099/2268/1942 2106/2275/1942 2104/2273/1942
f 2099/2268/1943 2100/2269/1943 2107/2276/1943 2106/2275/1943
f 2100/2269/1944 2101/2270/1944 2108/2277/1944 2107/2276/1944
f 2101/2270/1945 2102/2271/1945 2109/2278/1945 2108/2277/1945
f 2102/2271/1946 2103/2272/1946 2110/2279/1946 2109/2278/1946
f 2105/2280/1947 2104/2281/1947 2111/2282/1947 2112/2283/1947
f 2104/2281/1948 2106/2284/1948 2113/2285/1948 2111/2282/1948
f 2106/2284/1949 2107/2286/1949 2114/2287/1949 2113/2285/1949
f 2107/2286/1950 2108/2288/1950 2115/2289/1950 2114/2287/1950
f 2108/2288/1951 2109/2290/1951 2116/2291/1951 2115/2289/1951
f 2109/2290/1952 2110/2292/1952 2117/2293/1952 2116/2291/1952
f 2112/2283/1953 2111/2282/1953 2118/2294/1953 2119/2295/1953
f 2111/2282/1954 2113/2285/1954 2120/2296/1954 2118/2294/1954
f 2113/2285/1955 2114/2287/1955 2121/2297/1955 2120/2296/1955
f 2114/2287/1956 2115/2289/1956 2122/2298/1956 2121/2297/1956
f 2115/2289/1957 2116/2291/1957 2123/2299/1957 2122/2298/1957
f 2116/2291/1958 2117/2293/1958 2124/2300/1958 2123/2299/1958
f 2119/2295/1959 2118/2294/1959 2125/2301/1959 2126/2302/1959
f 2118/2294/1960 2120/2296/1960 2127/2303/1960 2125/2301/1960
f 2120/2296/1961 2121/2297/1961 2128/2304/1961 2127/2303/1961
f 2121/2297/1962 2122/2298/1962 2129/2305/1962 2128/2304/1962
f 2122/2298/1963 2123/2299/1963 2130/2306/1963 2129/2305/1963
f 2123/2299/1964 2124/2300/1964 2131/2307/1964 2130/2306/1964
f 1870/2029/1965 1925/2085/1965 2083/2252/1965 1869/2028/1965
f 1925/2085/1966 1947/2107/1966 2084/2253/1966 2083/2252/1966
f 1947/2107/1967 1946/2106/1967 2087/2256/1967 2084/2253/1967
f 1946/2106/1968 1945/2105/1968 2089/2258/1968 2087/2256/1968
f 1945/2105/1969 1944/2104/1969 2091/2260/1969 2089/2258/1969
f 1944/2104/1970 1943/2103/1970 2093/2262/1970 2091/2260/1970
f 1943/2103/1971 1941/2101/1971 2095/2264/1971 2093/2262/1971
f 1941/2101/1972 1942/2102/1972 1997/2164/1972 2095/2264/1972
f 2095/2264/1973 1997/2164/1973 2019/2188/1973 2096/2265/1973
f 2096/2265/1974 2019/2188/1974 2018/2186/1974 2103/2272/1974
f 2103/2272/1975 2018/2186/1975 2017/2187/1975 2110/2279/1975
f 2110/2292/1976 2017/2185/1976 2016/2184/1976 2117/2293/1976
f 2117/2293/1977 2016/2184/1977 2015/2183/1977 2124/2300/1977
f 2124/2300/1978 2015/2183/1978 2013/2181/1978 2131/2307/1978
f 2131/2307/1979 2013/2181/1979 2014/2182/1979 2069/2238/1979
f 2130/2306/1980 2131/2307/1980 2069/2238/1980 2082/2251/1980
f 2129/2305/1981 2130/2306/1981 2082/2251/1981 2081/2250/1981
f 2128/2304/1982 2129/2305/1982 2081/2250/1982 2080/2249/1982
f 2127/2303/1983 2128/2304/1983 2080/2249/1983 2079/2248/1983
f 2125/2301/1984 2127/2303/1984 2079/2248/1984 2078/2247/1984
f 2126/2302/1985 2125/2301/1985 2078/2247/1985 2077/2246/1985
f 1846/2004/1986 2126/2302/1986 2077/2246/1986 1844/2002/1986
f 1875/2035/1987 2119/2295/1987 2126/2302/1987 1846/2004/1987
f 1874/2033/1988 2112/2283/1988 2119/2295/1988 1875/2035/1988
f 1873/2034/1989 2105/2280/1989 2112/2283/1989 1874/2033/1989
f 1872/2031/1990 2098/2267/1990 2105/2274/1990 1873/2032/1990
f 1871/2030/1991 2086/2255/1991 2098/2267/1991 1872/2031/1991
f 1869/2028/1992 2083/2252/1992 2086/2255/1992 1871/2030/1992
f 2132/2308/1993 2133/2309/1993 2134/2310/1993 2135/2311/1993
f 2133/2309/1994 2136/2312/1994 2137/2313/1994 2134/2310/1994
f 2136/2312/1995 2138/2314/1995 2139/2315/1995 2137/2313/1995
f 2138/2314/1996 2140/2316/1996 2141/2317/1996 2139/2315/1996
f 2140/2316/1997 2142/2318/1997 2143/2319/1997 2141/2317/1997
f 2142/2318/1998 2144/2320/1998 2145/2321/1998 2143/2319/1998
f 2135/2311/1999 2134/2310/1999 2146/2322/1999 2147/2323/1999
f 2134/2310/2000 2137/2313/2000 2148/2324/2000 2146/2322/2000
f 2137/2313/2001 2139/2315/2001 2149/2325/2001 2148/2324/2001
f 2139/2315/2002 2141/2317/2002 2150/2326/2002 2149/2325/2002
f 2141/2317/2003 2143/2319/2003 2151/2327/2003 2150/2326/2003
f 2143/2319/2004 2145/2321/2004 2152/2328/2004 2151/2327/2004
f 2147/2323/2005 2146/2322/2005 2153/2329/2005 2154/2330/2005
f 2146/2322/2006 2148/2324/2006 2155/2331/2006 2153/2329/2006
f 2148/2324/2007 2149/2325/2007 2156/2332/2007 2155/2331/2007
f 2149/2325/2008 2150/2326/2008 2157/2333/2008 2156/2332/2008
f 2150/2326/2009 2151/2327/2009 2158/2334/2009 2157/2333/2009
f 2151/2327/2010 2152/2328/2010 2159/2335/2010 2158/2334/2010
f 2154/2336/2011 2153/2337/2011 2160/2338/2011 2161/2339/2011
f 2153/2337/2012 2155/2340/2012 2162/2341/2012 2160/2338/2012
f 2155/2340/2013 2156/2342/2013 2163/2343/2013 2162/2341/2013
f 2156/2342/2014 2157/2344/2014 2164/2345/2014 2163/2343/2014
f 2157/2344/2015 2158/2346/2015 2165/2347/2015 2164/2345/2015
f 2158/2346/2016 2159/2348/2016 2166/2349/2016 2165/2347/2016
f 2161/2339/2017 2160/2338/2017 2167/2350/2017 2168/2351/2017
f 2160/2338/2018 2162/2341/2018 2169/2352/2018 2167/2350/2018
f 2162/2341/2019 2163/2343/2019 2170/2353/2019 2169/2352/2019
f 2163/2343/2020 2164/2345/2020 2171/2354/2020 2170/2353/2020
f 2164/2345/2021 2165/2347/2021 2172/2355/2021 2171/2354/2021
f 2165/2347/2022 2166/2349/2022 2173/2356/2022 2172/2355/2022
f 2168/2351/2023 2167/2350/2023 2174/2357/2023 2175/2358/2023
f 2167/2350/2024 2169/2352/2024 2176/2359/2024 2174/2357/2024
f 2169/2352/2025 2170/2353/2025 2177/2360/2025 2176/2359/2025
f 2170/2353/2026 2171/2354/2026 2178/2361/2026 2177/2360/2026
f 2171/2354/2027 2172/2355/2027 2179/2362/2027 2178/2361/2027
f 2172/2355/2028 2173/2356/2028 2180/2363/2028 2179/2362/2028
f 1933/2093/2029 1932/2092/2029 2132/2308/2029 1998/2165/2029
f 1932/2092/2030 1931/2091/2030 2133/2309/2030 2132/2308/2030
f 1931/2091/2031 1930/2090/2031 2136/2312/2031 2133/2309/2031
f 1930/2090/2032 1929/2089/2032 2138/2314/2032 2136/2312/2032
f 1929/2089/2033 1928/2088/2033 2140/2316/2033 2138/2314/2033
f 1928/2088/2034 1927/2087/2034 2142/2318/2034 2140/2316/2034
f 1927/2087/2035 1926/2086/2035 2144/2320/2035 2142/2318/2035
f 1926/2086/2036 1861/2020/2036 1860/2019/2036 2144/2320/2036
f 2144/2320/2037 1860/2019/2037 1859/2018/2037 2145/2321/2037
f 2145/2321/2038 1859/2018/2038 1858/2017/2038 2152/2328/2038
f 2152/2328/2039 1858/2017/2039 1857/2016/2039 2159/2335/2039
f 2159/2348/2040 1857/2015/2040 1856/2014/2040 2166/2349/2040
f 2166/2349/2041 1856/2014/2041 1855/2013/2041 2173/2356/2041
f 2173/2356/2042 1855/2013/2042 1854/2012/2042 2180/2363/2042
f 2180/2363/2043 1854/2012/2043 1853/2011/2043 2076/2245/2043
f 2179/2362/2044 2180/2363/2044 2076/2245/2044 2075/2244/2044
f 2178/2361/2045 2179/2362/2045 2075/2244/2045 2074/2243/2045
f 2177/2360/2046 2178/2361/2046 2074/2243/2046 2073/2242/2046
f 2176/2359/2047 2177/2360/2047 2073/2242/2047 2072/2241/2047
f 2174/2357/2048 2176/2359/2048 2072/2241/2048 2071/2240/2048
f 2175/2358/2049 2174/2357/2049 2071/2240/2049 2070/2239/2049
f 2004/2172/2050 2175/2358/2050 2070/2239/2050 2005/2173/2050
f 2003/2171/2051 2168/2351/2051 2175/2358/2051 2004/2172/2051
f 2002/2170/2052 2161/2339/2052 2168/2351/2052 2003/2171/2052
f 2001/2169/2053 2154/2336/2053 2161/2339/2053 2002/2170/2053
f 2000/2167/2054 2147/2323/2054 2154/2330/2054 2001/2168/2054
f 1999/2166/2055 2135/2311/2055 2147/2323/2055 2000/2167/2055
f 1998/2165/2056 2132/2308/2056 2135/2311/2056 1999/2166/2056
