# Blender 5.1.1
# www.blender.org
mtllib head.mtl
o export_head_part
v -0.059151 -0.067187 0.156337
v -0.062442 -0.070004 0.183875
v -0.068274 -0.064369 0.183875
v -0.064676 -0.061849 0.156337
v -0.064554 -0.071825 0.206166
v -0.070583 -0.065999 0.206166
v -0.075932 -0.058940 0.206166
v -0.073448 -0.057525 0.183875
v -0.069578 -0.055346 0.156337
v -0.016219 0.082222 0.156337
v -0.017127 0.086800 0.183875
v -0.008536 0.088074 0.183875
v -0.008079 0.083430 0.156337
v -0.017710 0.089732 0.206166
v -0.008828 0.091049 0.206166
v 0.000139 0.091489 0.206166
v 0.000139 0.088501 0.183875
v 0.000139 0.083835 0.156337
v 0.059429 -0.067187 0.156337
v 0.062720 -0.070004 0.183875
v 0.056284 -0.075286 0.183875
v 0.053332 -0.072167 0.156337
v 0.064832 -0.071825 0.206166
v 0.058179 -0.077299 0.206166
v 0.050968 -0.082534 0.206166
v 0.049308 -0.080320 0.183875
v 0.046723 -0.076889 0.156337
v 0.032226 -0.085217 0.156337
v 0.034008 -0.089252 0.183875
v 0.025830 -0.092900 0.183875
v 0.024479 -0.088624 0.156337
v 0.035151 -0.091857 0.206166
v 0.026697 -0.095656 0.206166
v 0.017988 -0.098704 0.206166
v 0.017405 -0.095838 0.183875
v 0.016497 -0.091377 0.156337
v -0.069578 0.046494 0.156337
v -0.073448 0.049155 0.183875
v -0.068274 0.056136 0.183875
v -0.064676 0.053124 0.156337
v -0.075932 0.050828 0.206166
v -0.070583 0.058040 0.206166
v -0.064554 0.064693 0.206166
v -0.062442 0.062574 0.183875
v -0.059151 0.059235 0.156337
v -0.056006 0.068408 0.183875
v -0.053054 0.064772 0.156337
v -0.057901 0.070722 0.206166
v -0.050690 0.076071 0.206166
v -0.049030 0.073583 0.183875
v -0.046445 0.069683 0.156337
v 0.008814 0.088074 0.183875
v 0.008358 0.083430 0.156337
v 0.009107 0.091049 0.206166
v 0.017988 0.089731 0.206166
v 0.017405 0.086800 0.183875
v 0.016497 0.082222 0.156337
v -0.016219 -0.091377 0.156337
v -0.017127 -0.095838 0.183875
v -0.025552 -0.092900 0.183875
v -0.024201 -0.088624 0.156337
v -0.017710 -0.098704 0.206166
v -0.026419 -0.095656 0.206166
v -0.034872 -0.091857 0.206166
v -0.033729 -0.089252 0.183875
v -0.031948 -0.085217 0.156337
v 0.008814 -0.097888 0.183875
v 0.008358 -0.093308 0.156337
v 0.009107 -0.100829 0.206166
v 0.000139 -0.101636 0.206166
v 0.000139 -0.098669 0.183875
v 0.000139 -0.094045 0.156337
v -0.082098 0.015972 0.156337
v -0.086663 0.017087 0.183875
v -0.084552 0.025596 0.183875
v -0.080098 0.024085 0.156337
v -0.089593 0.017758 0.206166
v -0.087411 0.026521 0.206166
v -0.084386 0.034997 0.206166
v -0.081626 0.033820 0.183875
v -0.077327 0.031915 0.156337
v -0.082098 -0.018951 0.156337
v -0.086663 -0.019397 0.183875
v -0.087937 -0.009897 0.183875
v -0.083305 -0.009850 0.156337
v -0.089593 -0.019719 0.206166
v -0.090910 -0.009972 0.206166
v -0.091351 -0.000478 0.206166
v -0.088363 -0.000647 0.183875
v -0.083709 -0.000986 0.156337
v -0.087937 0.008342 0.183875
v -0.083305 0.007617 0.156337
v -0.090910 0.008760 0.206166
v 0.069856 -0.055346 0.156337
v 0.073726 -0.057525 0.183875
v 0.068552 -0.064369 0.183875
v 0.064954 -0.061849 0.156337
v 0.076210 -0.058940 0.206166
v 0.070861 -0.065999 0.206166
v -0.077913 0.041695 0.183875
v -0.073808 0.039404 0.156337
v -0.080547 0.043123 0.206166
v -0.031948 0.077444 0.156337
v -0.033729 0.081763 0.183875
v -0.025552 0.084689 0.183875
v -0.024201 0.080220 0.156337
v -0.034872 0.084525 0.206166
v -0.026419 0.087550 0.206166
v -0.041581 0.078048 0.183875
v -0.039387 0.073920 0.156337
v -0.042989 0.080686 0.206166
v 0.069485 0.012559 0.096464
v 0.076026 0.014332 0.125582
v 0.077140 0.006517 0.125582
v 0.070503 0.005299 0.096464
v 0.082376 0.015972 0.156337
v 0.083583 0.007617 0.156337
v 0.083987 -0.000986 0.156337
v 0.077513 -0.001550 0.125582
v 0.070844 -0.002215 0.096464
v 0.086941 0.017087 0.183875
v 0.088215 0.008342 0.183875
v 0.089871 0.017758 0.206166
v 0.091188 0.008760 0.206166
v 0.091629 -0.000478 0.206166
v 0.088642 -0.000647 0.183875
v 0.000139 0.070546 0.096464
v 0.000139 0.077322 0.125582
v 0.007723 0.076948 0.125582
v 0.007069 0.070203 0.096464
v 0.015234 0.075829 0.125582
v 0.013933 0.069177 0.096464
v 0.059429 0.059235 0.156337
v 0.062720 0.062574 0.183875
v 0.068552 0.056136 0.183875
v 0.064954 0.053124 0.156337
v 0.064832 0.064693 0.206166
v 0.070861 0.058040 0.206166
v 0.076210 0.050828 0.206166
v 0.073726 0.049155 0.183875
v 0.069856 0.046494 0.156337
v -0.049857 0.049614 0.096464
v -0.054573 0.054535 0.125582
v -0.048946 0.059669 0.125582
v -0.044715 0.054335 0.096464
v -0.042848 0.064220 0.125582
v -0.039142 0.058517 0.096464
v 0.088215 -0.009897 0.183875
v 0.083583 -0.009850 0.156337
v 0.091188 -0.009972 0.206166
v 0.089871 -0.019719 0.206166
v 0.086941 -0.019397 0.183875
v 0.082376 -0.018951 0.156337
v -0.077327 -0.037695 0.156337
v -0.081626 -0.039004 0.183875
v -0.084552 -0.029118 0.183875
v -0.080098 -0.028252 0.156337
v -0.084386 -0.039868 0.206166
v -0.087411 -0.029704 0.206166
v -0.036335 0.068145 0.125582
v -0.033191 0.062122 0.096464
v -0.029471 0.071407 0.125582
v -0.026918 0.065118 0.096464
v 0.025830 0.084689 0.183875
v 0.024479 0.080220 0.156337
v 0.026697 0.087550 0.206166
v 0.035151 0.084525 0.206166
v 0.034008 0.081763 0.183875
v 0.032226 0.077444 0.156337
v -0.046445 -0.076889 0.156337
v -0.049030 -0.080320 0.183875
v -0.056006 -0.075286 0.183875
v -0.053054 -0.072167 0.156337
v -0.050690 -0.082534 0.206166
v -0.057901 -0.077299 0.206166
v 0.069485 -0.017899 0.096464
v 0.076026 -0.018402 0.125582
v 0.074181 -0.027105 0.125582
v 0.067799 -0.025974 0.096464
v 0.080377 -0.028252 0.156337
v 0.077605 -0.037695 0.156337
v 0.071623 -0.035920 0.125582
v 0.065462 -0.034132 0.096464
v 0.039421 0.058517 0.096464
v 0.043126 0.064220 0.125582
v 0.049224 0.059669 0.125582
v 0.044994 0.054335 0.096464
v 0.046723 0.069683 0.156337
v 0.053332 0.064772 0.156337
v 0.054851 0.054535 0.125582
v 0.050135 0.049614 0.096464
v 0.084830 -0.029118 0.183875
v 0.087689 -0.029704 0.206166
v 0.084664 -0.039868 0.206166
v 0.081905 -0.039004 0.183875
v -0.022321 0.073977 0.125582
v -0.020385 0.067477 0.096464
v -0.014956 0.075829 0.125582
v -0.013655 0.069177 0.096464
v -0.069207 -0.017899 0.096464
v -0.075748 -0.018402 0.125582
v -0.076862 -0.009868 0.125582
v -0.070225 -0.009962 0.096464
v -0.077235 -0.001550 0.125582
v -0.070566 -0.002215 0.096464
v -0.077913 -0.048802 0.183875
v -0.073808 -0.047039 0.156337
v -0.080547 -0.049953 0.206166
v 0.068376 -0.044623 0.125582
v 0.062495 -0.042167 0.096464
v 0.074086 -0.047039 0.156337
v 0.064473 -0.052344 0.125582
v 0.058928 -0.049277 0.096464
v -0.076862 0.006517 0.125582
v -0.070225 0.005299 0.096464
v -0.075748 0.014332 0.125582
v -0.069207 0.012559 0.096464
v -0.008536 -0.097888 0.183875
v -0.008079 -0.093308 0.156337
v -0.008828 -0.100829 0.206166
v 0.049308 0.073583 0.183875
v 0.056284 0.068408 0.183875
v 0.050968 0.076071 0.206166
v 0.058179 0.070722 0.206166
v 0.059950 0.048866 0.125582
v 0.054794 0.044398 0.096464
v 0.064473 0.042712 0.125582
v 0.058928 0.038734 0.096464
v 0.041859 0.078048 0.183875
v 0.039665 0.073920 0.156337
v 0.043267 0.080686 0.206166
v -0.073903 0.021893 0.125582
v -0.067521 0.019551 0.096464
v -0.071345 0.029171 0.125582
v -0.065184 0.026262 0.096464
v 0.077605 0.031915 0.156337
v 0.081905 0.033820 0.183875
v 0.084830 0.025596 0.183875
v 0.080377 0.024085 0.156337
v 0.084664 0.034997 0.206166
v 0.087689 0.026521 0.206166
v 0.059950 -0.058371 0.125582
v 0.054794 -0.054808 0.096464
v 0.054851 -0.063290 0.125582
v 0.050135 -0.059294 0.096464
v 0.041859 -0.085016 0.183875
v 0.039665 -0.081271 0.156337
v 0.043267 -0.087434 0.206166
v 0.065462 0.026262 0.096464
v 0.071623 0.029171 0.125582
v 0.074181 0.021893 0.125582
v 0.067799 0.019551 0.096464
v 0.078191 -0.048802 0.183875
v 0.080825 -0.049953 0.206166
v 0.027197 0.065118 0.096464
v 0.029749 0.071407 0.125582
v 0.036613 0.068145 0.125582
v 0.033469 0.062122 0.096464
v 0.078191 0.041695 0.183875
v 0.074086 0.039404 0.156337
v 0.080825 0.043123 0.206166
v -0.058650 0.038734 0.096464
v -0.064195 0.042712 0.125582
v -0.059671 0.048866 0.125582
v -0.054516 0.044398 0.096464
v -0.041581 -0.085016 0.183875
v -0.039387 -0.081271 0.156337
v -0.042989 -0.087434 0.206166
v -0.060251 -0.017388 0.055540
v -0.064078 -0.017576 0.073311
v -0.065020 -0.010122 0.073311
v -0.061137 -0.010305 0.055540
v -0.065336 -0.002834 0.073311
v -0.061434 -0.003371 0.055540
v -0.065184 -0.034132 0.096464
v -0.071345 -0.035920 0.125582
v -0.073903 -0.027105 0.125582
v -0.067521 -0.025974 0.096464
v 0.077140 -0.009868 0.125582
v 0.070503 -0.009962 0.096464
v 0.060529 -0.017388 0.055540
v 0.064356 -0.017576 0.073311
v 0.062794 -0.025146 0.073311
v 0.059060 -0.024571 0.055540
v 0.060630 -0.032777 0.073311
v 0.057025 -0.031800 0.055540
v -0.043399 0.042591 0.055540
v -0.046159 0.045639 0.073311
v -0.041398 0.050033 0.073311
v -0.038922 0.046739 0.055540
v -0.036237 0.053925 0.073311
v -0.034069 0.050414 0.055540
v 0.049224 -0.067848 0.125582
v 0.044994 -0.063415 0.096464
v 0.043126 -0.072137 0.125582
v 0.039421 -0.067261 0.096464
v -0.056747 -0.031800 0.055540
v -0.060352 -0.032777 0.073311
v -0.062516 -0.025146 0.073311
v -0.058782 -0.024571 0.055540
v 0.012151 0.059777 0.055540
v 0.012913 0.063842 0.073311
v 0.019145 0.062261 0.073311
v 0.018013 0.058284 0.055540
v 0.020664 0.067477 0.096464
v 0.025195 0.060067 0.073311
v 0.023702 0.056213 0.055540
v -0.013655 -0.078810 0.096464
v -0.014956 -0.085179 0.125582
v -0.022321 -0.082695 0.125582
v -0.020385 -0.076611 0.096464
v -0.029471 -0.079634 0.125582
v -0.026918 -0.073911 0.096464
v 0.061712 -0.003371 0.055540
v 0.065614 -0.002834 0.073311
v 0.065299 -0.010122 0.073311
v 0.061415 -0.010305 0.055540
v 0.023702 -0.066160 0.055540
v 0.025195 -0.069456 0.073311
v 0.019145 -0.071873 0.073311
v 0.018013 -0.068367 0.055540
v 0.027197 -0.073911 0.096464
v 0.020664 -0.076611 0.096464
v 0.013933 -0.078810 0.096464
v 0.012913 -0.073841 0.073311
v 0.012151 -0.070158 0.055540
v 0.036613 -0.076090 0.125582
v 0.033469 -0.070776 0.096464
v 0.029749 -0.079634 0.125582
v -0.007445 0.076948 0.125582
v -0.006791 0.070203 0.096464
v -0.051057 0.033024 0.055540
v -0.054301 0.035507 0.073311
v -0.050474 0.040782 0.073311
v -0.047457 0.038005 0.055540
v -0.068098 0.036129 0.125582
v -0.062217 0.032672 0.096464
v 0.000139 0.060980 0.055540
v 0.000139 0.065116 0.073311
v 0.006557 0.064796 0.073311
v 0.006174 0.060678 0.055540
v 0.015234 -0.085179 0.125582
v 0.007723 -0.086937 0.125582
v 0.007069 -0.080383 0.096464
v 0.000139 -0.087614 0.125582
v 0.000139 -0.080994 0.096464
v 0.034347 -0.060635 0.055540
v 0.036515 -0.063458 0.073311
v 0.031004 -0.066638 0.073311
v 0.029164 -0.063571 0.055540
v -0.007445 -0.086937 0.125582
v -0.006791 -0.080383 0.096464
v -0.056747 0.022036 0.055540
v -0.060352 0.023882 0.073311
v -0.057604 0.029859 0.073311
v -0.054163 0.027690 0.055540
v 0.068376 0.036129 0.125582
v 0.062495 0.032672 0.096464
v 0.043678 -0.053863 0.055540
v 0.046437 -0.056178 0.073311
v 0.041676 -0.059956 0.073311
v 0.039200 -0.057385 0.055540
v -0.036335 -0.076090 0.125582
v -0.033191 -0.070776 0.096464
v -0.042848 -0.072137 0.125582
v -0.039142 -0.067261 0.096464
v -0.060251 0.009864 0.055540
v -0.064078 0.011062 0.073311
v -0.062516 0.017613 0.073311
v -0.058782 0.016091 0.055540
v -0.048946 -0.067848 0.125582
v -0.044715 -0.063415 0.096464
v -0.054572 -0.063290 0.125582
v -0.049857 -0.059294 0.096464
v 0.051335 -0.045149 0.055540
v 0.054580 -0.046901 0.073311
v 0.050752 -0.052037 0.073311
v 0.047735 -0.049983 0.055540
v 0.022599 -0.082695 0.125582
v -0.065020 0.004238 0.073311
v -0.061137 0.003366 0.055540
v -0.058650 -0.049277 0.096464
v -0.064195 -0.052344 0.125582
v -0.068098 -0.044623 0.125582
v -0.062217 -0.042167 0.096464
v 0.057883 -0.040278 0.073311
v 0.054441 -0.038895 0.055540
v 0.022599 0.073977 0.125582
v -0.059671 -0.058371 0.125582
v -0.054516 -0.054808 0.096464
v -0.011873 -0.070158 0.055540
v -0.012634 -0.073841 0.073311
v -0.018867 -0.071873 0.073311
v -0.017734 -0.068367 0.055540
v -0.024917 -0.069456 0.073311
v -0.023424 -0.066160 0.055540
v -0.043399 -0.053863 0.055540
v -0.046159 -0.056178 0.073311
v -0.050474 -0.052037 0.073311
v -0.047457 -0.049983 0.055540
v -0.054301 -0.046901 0.073311
v -0.051057 -0.045149 0.055540
v -0.057604 -0.040278 0.073311
v -0.054163 -0.038895 0.055540
v 0.057025 0.022036 0.055540
v 0.060630 0.023882 0.073311
v 0.062794 0.017613 0.073311
v 0.059060 0.016091 0.055540
v 0.064356 0.011062 0.073311
v 0.060529 0.009864 0.055540
v -0.050865 0.007098 0.032976
v -0.040599 0.004358 0.029444
v -0.041380 -0.000226 0.029444
v -0.051613 0.001494 0.032976
v -0.028623 0.001295 0.028940
v -0.030344 -0.002478 0.028940
v -0.033503 -0.005162 0.028940
v -0.041908 -0.004821 0.029444
v -0.051864 -0.004303 0.032976
v -0.023424 0.056213 0.055540
v -0.024917 0.060067 0.073311
v -0.018867 0.062261 0.073311
v -0.017734 0.058284 0.055540
v -0.012634 0.063842 0.073311
v -0.011873 0.059777 0.055540
v -0.034069 -0.060635 0.055540
v -0.036237 -0.063458 0.073311
v -0.041398 -0.059956 0.073311
v -0.038922 -0.057385 0.055540
v 0.048184 -0.028525 0.032976
v 0.038985 -0.024267 0.029444
v 0.040036 -0.019381 0.029444
v 0.049903 -0.022407 0.032976
v 0.031220 -0.020552 0.028940
v 0.029219 -0.016440 0.028940
v 0.028901 -0.011989 0.028940
v 0.040878 -0.014414 0.029444
v 0.051143 -0.016299 0.032976
v -0.050865 -0.016299 0.032976
v -0.040599 -0.014414 0.029444
v -0.039758 -0.019381 0.029444
v -0.049624 -0.022407 0.032976
v -0.028623 -0.011989 0.028940
v -0.028941 -0.016440 0.028940
v -0.030942 -0.020552 0.028940
v -0.038707 -0.024267 0.029444
v -0.047905 -0.028525 0.032976
v 0.034347 0.050414 0.055540
v 0.036515 0.053925 0.073311
v 0.041676 0.050033 0.073311
v 0.039200 0.046739 0.055540
v 0.046437 0.045639 0.073311
v 0.043678 0.042591 0.055540
v 0.051335 0.033024 0.055540
v 0.054580 0.035507 0.073311
v 0.057883 0.029859 0.073311
v 0.054441 0.027690 0.055540
v 0.041658 -0.009533 0.029444
v 0.051891 -0.010249 0.032976
v 0.030622 -0.008047 0.028940
v 0.033781 -0.005162 0.028940
v 0.042186 -0.004821 0.029444
v 0.052142 -0.004303 0.032976
v -0.036681 -0.028721 0.029444
v -0.045723 -0.034504 0.032976
v -0.027106 -0.021835 0.028940
v -0.024244 -0.024643 0.028940
v -0.034397 -0.032863 0.029444
v -0.043100 -0.039786 0.032976
v 0.000139 -0.071955 0.055540
v 0.000139 -0.075811 0.073311
v -0.006279 -0.075258 0.073311
v -0.005896 -0.071450 0.055540
v -0.030725 -0.066638 0.073311
v -0.028886 -0.063571 0.055540
v 0.041658 -0.000226 0.029444
v 0.051891 0.001494 0.032976
v 0.030622 -0.002478 0.028940
v 0.028901 0.001295 0.028940
v 0.040878 0.004358 0.029444
v 0.051143 0.007098 0.032976
v -0.032062 -0.036453 0.029444
v -0.040060 -0.043918 0.032976
v -0.023111 -0.028584 0.028940
v -0.023649 -0.032833 0.028940
v -0.029592 -0.039511 0.029444
v -0.036633 -0.047257 0.032976
v -0.030725 0.057280 0.073311
v -0.028886 0.053581 0.055540
v -0.006279 0.064796 0.073311
v -0.005896 0.060678 0.055540
v 0.040036 0.008846 0.029444
v 0.049903 0.012470 0.032976
v 0.029219 0.005487 0.028940
v 0.031220 0.009322 0.028940
v 0.038985 0.013091 0.029444
v 0.048184 0.017589 0.032976
v -0.026377 -0.041750 0.029444
v -0.032851 -0.050264 0.032976
v -0.019720 -0.031988 0.028940
v -0.016153 -0.033001 0.028940
v -0.022937 -0.043922 0.029444
v -0.028752 -0.053009 0.032976
v 0.031004 0.057280 0.073311
v 0.029164 0.053581 0.055540
v -0.041380 -0.009533 0.029444
v -0.051613 -0.010249 0.032976
v -0.030344 -0.008047 0.028940
v 0.065299 0.004238 0.073311
v 0.061415 0.003366 0.055540
v 0.036959 0.016822 0.029444
v 0.046001 0.022433 0.032976
v 0.027384 0.010329 0.028940
v 0.024522 0.012900 0.028940
v 0.034676 0.020482 0.029444
v 0.043378 0.026988 0.032976
v 0.050752 0.040782 0.073311
v 0.047735 0.038005 0.055540
v -0.019464 -0.046128 0.029444
v -0.024375 -0.055458 0.032976
v -0.013741 -0.035984 0.028940
v -0.012735 -0.040014 0.028940
v -0.015952 -0.048137 0.029444
v -0.019762 -0.057587 0.032976
v -0.012036 -0.049187 0.029444
v -0.014956 -0.059369 0.032976
v -0.009311 -0.037803 0.028940
v -0.005582 -0.037359 0.028940
v -0.007964 -0.050088 0.029444
v -0.010006 -0.060784 0.032976
v 0.000139 0.050799 0.032976
v 0.000139 0.040212 0.029444
v -0.003881 0.039654 0.029444
v -0.004958 0.050542 0.032976
v 0.000139 0.031252 0.028940
v -0.002259 0.027865 0.028940
v -0.005582 0.026021 0.028940
v -0.007964 0.038839 0.029444
v -0.010006 0.049775 0.032976
v 0.036911 -0.047257 0.032976
v 0.029871 -0.039511 0.029444
v 0.032340 -0.036453 0.029444
v 0.040338 -0.043918 0.032976
v 0.023928 -0.032833 0.028940
v 0.023389 -0.028584 0.028940
v 0.024522 -0.024643 0.028940
v 0.034676 -0.032863 0.029444
v 0.043378 -0.039786 0.032976
v 0.032340 0.024093 0.029444
v 0.040338 0.031234 0.032976
v 0.023389 0.016736 0.028940
v 0.023928 0.020967 0.028940
v 0.029871 0.027456 0.029444
v 0.036911 0.035141 0.032976
v 0.036959 -0.028721 0.029444
v 0.046001 -0.034504 0.032976
v 0.027384 -0.021835 0.028940
v 0.006557 -0.075258 0.073311
v 0.006174 -0.071450 0.055540
v -0.047905 0.017589 0.032976
v -0.038707 0.013091 0.029444
v -0.039758 0.008846 0.029444
v -0.049624 0.012470 0.032976
v -0.030942 0.009322 0.028940
v -0.028941 0.005487 0.028940
v 0.029030 -0.053009 0.032976
v 0.023216 -0.043922 0.029444
v 0.026655 -0.041750 0.029444
v 0.033129 -0.050264 0.032976
v 0.016431 -0.033001 0.028940
v 0.019998 -0.031988 0.028940
v -0.043100 0.026988 0.032976
v -0.034397 0.020482 0.029444
v -0.036681 0.016822 0.029444
v -0.045723 0.022433 0.032976
v -0.024244 0.012900 0.028940
v -0.027106 0.010329 0.028940
v 0.020040 -0.057587 0.032976
v 0.016230 -0.048137 0.029444
v 0.019742 -0.046128 0.029444
v 0.024653 -0.055458 0.032976
v 0.013013 -0.040014 0.028940
v 0.014020 -0.035984 0.028940
v 0.010284 0.049775 0.032976
v 0.008242 0.038839 0.029444
v 0.004159 0.039654 0.029444
v 0.005236 0.050542 0.032976
v 0.005860 0.026021 0.028940
v 0.002537 0.027865 0.028940
v -0.036633 0.035141 0.032976
v -0.029592 0.027456 0.029444
v -0.032062 0.024093 0.029444
v -0.040060 0.031234 0.032976
v -0.023649 0.020967 0.028940
v -0.023111 0.016736 0.028940
v 0.010284 -0.060784 0.032976
v 0.008242 -0.050088 0.029444
v 0.012314 -0.049187 0.029444
v 0.015235 -0.059369 0.032976
v 0.005860 -0.037359 0.028940
v 0.009589 -0.037803 0.028940
v 0.020040 0.046739 0.032976
v 0.016230 0.036905 0.029444
v 0.012314 0.037978 0.029444
v 0.015235 0.048503 0.032976
v 0.013013 0.028587 0.028940
v 0.009589 0.026401 0.028940
v -0.028752 0.041802 0.032976
v -0.022937 0.032424 0.029444
v -0.026377 0.030009 0.029444
v -0.032851 0.038673 0.032976
v -0.016153 0.021446 0.028940
v -0.019720 0.020302 0.028940
v 0.000139 -0.062159 0.032976
v 0.000139 -0.051614 0.029444
v 0.004159 -0.050997 0.029444
v 0.005236 -0.061778 0.032976
v 0.000139 -0.042634 0.028940
v 0.002537 -0.039210 0.028940
v 0.029030 0.041802 0.032976
v 0.023216 0.032424 0.029444
v 0.019742 0.034797 0.029444
v 0.024653 0.044499 0.032976
v 0.016431 0.021446 0.028940
v 0.014020 0.024488 0.028940
v -0.019762 0.046739 0.032976
v -0.015952 0.036905 0.029444
v -0.019464 0.034797 0.029444
v -0.024375 0.044499 0.032976
v -0.012735 0.028587 0.028940
v -0.013741 0.024488 0.028940
v -0.003881 -0.050997 0.029444
v -0.004958 -0.061778 0.032976
v -0.002259 -0.039210 0.028940
v 0.026655 0.030009 0.029444
v 0.033129 0.038673 0.032976
v 0.019998 0.020302 0.028940
v -0.012036 0.037978 0.029444
v -0.014956 0.048503 0.032976
v -0.009311 0.026401 0.028940
v -0.009798 0.011065 0.028940
v -0.015442 0.011950 0.028940
v 0.000139 -0.005388 0.028940
v -0.014733 0.005783 0.028940
v -0.015442 -0.023422 0.028940
v -0.014733 -0.017012 0.028940
v -0.009798 -0.022366 0.028940
v 0.000139 0.018755 0.028940
v 0.003629 0.013880 0.028940
v -0.003350 0.013880 0.028940
v 0.017682 -0.009487 0.028940
v 0.022174 -0.005404 0.028940
v 0.017682 -0.001396 0.028940
v -0.020218 0.004190 0.028940
v -0.017404 -0.001396 0.028940
v 0.015720 -0.023422 0.028940
v 0.010076 -0.022366 0.028940
v 0.015011 -0.017012 0.028940
v 0.020496 0.004190 0.028940
v 0.015011 0.005783 0.028940
v -0.008293 -0.028368 0.028940
v -0.003350 -0.025067 0.028940
v -0.021896 -0.005404 0.028940
v -0.017404 -0.009487 0.028940
v 0.015720 0.011950 0.028940
v 0.010076 0.011065 0.028940
v -0.008293 0.016994 0.028940
v 0.020496 -0.015321 0.028940
v 0.000139 -0.029997 0.028940
v 0.003629 -0.025067 0.028940
v -0.020218 -0.015321 0.028940
v 0.008571 -0.028368 0.028940
v 0.008571 0.016994 0.028940
v 0.091704 -0.019935 0.222554
v 0.089477 -0.030081 0.222554
v 0.092785 -0.020072 0.235085
v 0.090533 -0.030310 0.235085
v 0.087410 -0.040744 0.235085
v 0.086391 -0.040417 0.222554
v -0.035588 -0.093493 0.222554
v -0.043870 -0.088952 0.222554
v -0.036010 -0.094459 0.235085
v -0.044389 -0.089849 0.235085
v -0.052341 -0.084744 0.235085
v -0.051728 -0.083923 0.222554
v 0.066154 -0.072968 0.222554
v 0.059365 -0.078563 0.222554
v 0.066933 -0.073645 0.235085
v 0.060064 -0.079310 0.235085
v 0.052619 -0.084744 0.235085
v 0.052006 -0.083923 0.222554
v 0.091704 0.018160 0.222554
v 0.093048 0.009003 0.222554
v 0.092785 0.018378 0.235085
v 0.094145 0.009127 0.235085
v 0.094600 -0.000355 0.235085
v 0.093498 -0.000391 0.222554
v 0.086391 0.035721 0.222554
v 0.089477 0.027083 0.222554
v 0.087410 0.036137 0.235085
v 0.090533 0.027399 0.235085
v -0.065875 0.066014 0.222554
v -0.059087 0.072167 0.222554
v -0.066655 0.066793 0.235085
v -0.059786 0.073019 0.235085
v -0.052341 0.078541 0.235085
v -0.051728 0.077625 0.222554
v 0.018352 0.091565 0.222554
v 0.027240 0.089338 0.222554
v 0.018568 0.092646 0.235085
v 0.027560 0.090393 0.235085
v 0.036288 0.087271 0.235085
v 0.035866 0.086252 0.222554
v -0.018074 0.091565 0.222554
v -0.009012 0.092909 0.222554
v -0.018289 0.092646 0.235085
v -0.009120 0.094006 0.235085
v 0.000139 0.094461 0.235085
v 0.000139 0.093359 0.222554
v -0.086113 -0.040417 0.222554
v -0.089199 -0.030081 0.222554
v -0.087132 -0.040744 0.235085
v -0.090254 -0.030310 0.235085
v -0.092507 -0.020072 0.235085
v -0.091426 -0.019935 0.222554
v 0.052006 0.077625 0.222554
v 0.059365 0.072167 0.222554
v 0.052619 0.078541 0.235085
v 0.060064 0.073019 0.235085
v 0.066933 0.066793 0.235085
v 0.066154 0.066014 0.222554
v 0.000139 -0.103493 0.222554
v -0.009012 -0.102669 0.222554
v 0.000139 -0.104589 0.235085
v -0.009120 -0.103754 0.235085
v -0.018289 -0.101558 0.235085
v -0.018074 -0.100499 0.222554
v -0.086113 0.035721 0.222554
v -0.082196 0.044007 0.222554
v -0.087132 0.036137 0.235085
v -0.083168 0.044522 0.235085
v -0.078403 0.052475 0.235085
v -0.077486 0.051866 0.222554
v 0.082474 -0.050679 0.222554
v 0.083446 -0.051110 0.235085
v 0.078681 -0.060358 0.235085
v 0.077764 -0.059830 0.222554
v 0.077764 0.051866 0.222554
v 0.082474 0.044007 0.222554
v 0.078681 0.052475 0.235085
v 0.083446 0.044522 0.235085
v -0.091426 0.018160 0.222554
v -0.089199 0.027083 0.222554
v -0.092507 0.018378 0.235085
v -0.090254 0.027399 0.235085
v 0.072306 0.059225 0.222554
v 0.073158 0.059923 0.235085
v 0.035866 -0.093493 0.222554
v 0.027240 -0.097383 0.222554
v 0.036288 -0.094459 0.235085
v 0.027560 -0.098403 0.235085
v 0.018568 -0.101558 0.235085
v 0.018352 -0.100499 0.222554
v -0.092770 -0.010035 0.222554
v -0.093867 -0.010085 0.235085
v -0.094322 -0.000355 0.235085
v -0.093220 -0.000391 0.222554
v -0.026961 -0.097383 0.222554
v -0.027281 -0.098403 0.235085
v 0.044148 0.082335 0.222554
v 0.044668 0.083307 0.235085
v 0.072306 -0.067024 0.222554
v 0.073158 -0.067631 0.235085
v -0.043870 0.082335 0.222554
v -0.044389 0.083307 0.235085
v -0.036010 0.087271 0.235085
v -0.035588 0.086252 0.222554
v -0.077486 -0.059830 0.222554
v -0.082196 -0.050679 0.222554
v -0.078403 -0.060358 0.235085
v -0.083168 -0.051110 0.235085
v 0.093048 -0.010035 0.222554
v 0.094145 -0.010085 0.235085
v -0.059087 -0.078563 0.222554
v -0.059786 -0.079310 0.235085
v -0.066655 -0.073645 0.235085
v -0.065875 -0.072968 0.222554
v 0.009290 0.092909 0.222554
v 0.009398 0.094006 0.235085
v -0.026961 0.089338 0.222554
v -0.027281 0.090393 0.235085
v -0.072028 -0.067024 0.222554
v -0.072880 -0.067631 0.235085
v 0.009290 -0.102669 0.222554
v 0.009398 -0.103754 0.235085
v -0.072028 0.059225 0.222554
v -0.072880 0.059923 0.235085
v -0.092770 0.009003 0.222554
v -0.093867 0.009127 0.235085
v 0.044148 -0.088952 0.222554
v 0.044668 -0.089849 0.235085
v -0.018395 -0.102076 0.246142
v -0.027438 -0.098903 0.246142
v -0.018352 -0.101867 0.256770
v -0.027375 -0.098701 0.256770
v -0.036133 -0.094742 0.256770
v -0.036216 -0.094933 0.246142
v -0.078851 0.052761 0.246142
v -0.073297 0.060255 0.246142
v -0.078670 0.052591 0.256770
v -0.073129 0.060076 0.256770
v -0.066882 0.066978 0.256770
v -0.067036 0.067167 0.246142
v 0.079129 -0.060618 0.246142
v 0.073575 -0.067929 0.246142
v 0.078948 -0.060531 0.256770
v 0.073407 -0.067819 0.256770
v 0.067161 -0.073846 0.256770
v 0.067315 -0.073977 0.246142
v -0.078851 -0.060618 0.246142
v -0.083644 -0.051324 0.246142
v -0.078670 -0.060531 0.256770
v -0.083452 -0.051261 0.256770
v -0.087429 -0.040871 0.256770
v -0.087630 -0.040909 0.246142
v -0.094861 -0.000361 0.246142
v -0.094404 0.009159 0.246142
v -0.094644 -0.000436 0.256770
v -0.094187 0.009056 0.256770
v -0.092822 0.018325 0.256770
v -0.093036 0.018452 0.246142
v -0.067036 -0.073977 0.246142
v -0.073297 -0.067929 0.246142
v -0.066882 -0.073846 0.256770
v -0.073129 -0.067819 0.256770
v 0.018673 -0.102076 0.246142
v 0.009451 -0.104285 0.246142
v 0.018630 -0.101867 0.256770
v 0.009429 -0.104071 0.256770
v 0.000139 -0.104908 0.256770
v 0.000139 -0.105124 0.246142
v -0.044644 -0.090289 0.246142
v -0.044541 -0.090112 0.256770
v -0.052519 -0.084985 0.256770
v -0.052640 -0.085147 0.246142
v 0.093314 -0.020152 0.246142
v 0.091049 -0.030430 0.246142
v 0.093101 -0.020169 0.256770
v 0.090840 -0.030419 0.256770
v 0.087707 -0.040871 0.256770
v 0.087908 -0.040909 0.246142
v 0.060407 -0.079676 0.246142
v 0.060268 -0.079529 0.256770
v 0.052798 -0.084985 0.256770
v 0.052919 -0.085147 0.246142
v -0.018395 0.093173 0.246142
v -0.009173 0.094540 0.246142
v -0.018352 0.092942 0.256770
v -0.009151 0.094307 0.256770
v 0.000139 0.094764 0.256770
v 0.000139 0.094998 0.246142
v 0.087908 0.036318 0.246142
v 0.091049 0.027525 0.246142
v 0.087707 0.036166 0.256770
v 0.090840 0.027383 0.256770
v 0.093101 0.018325 0.256770
v 0.093314 0.018452 0.246142
v -0.090770 0.027525 0.246142
v -0.090562 0.027383 0.256770
v -0.087429 0.036166 0.256770
v -0.087630 0.036318 0.246142
v -0.060128 0.073430 0.246142
v -0.059990 0.073232 0.256770
v -0.052519 0.078779 0.256770
v -0.052640 0.078986 0.246142
v -0.060128 -0.079676 0.246142
v -0.059990 -0.079529 0.256770
v -0.090770 -0.030430 0.246142
v -0.090562 -0.030419 0.256770
v -0.092822 -0.020169 0.256770
v -0.093036 -0.020152 0.246142
v 0.044922 -0.090289 0.246142
v 0.044819 -0.090112 0.256770
v 0.036411 -0.094742 0.256770
v 0.036494 -0.094933 0.246142
v -0.009173 -0.104285 0.246142
v -0.009151 -0.104071 0.256770
v 0.094682 0.009159 0.246142
v 0.094465 0.009056 0.256770
v 0.094922 -0.000436 0.256770
v 0.095140 -0.000361 0.246142
v 0.083922 -0.051324 0.246142
v 0.083730 -0.051261 0.256770
v 0.018673 0.093173 0.246142
v 0.027716 0.090907 0.246142
v 0.018630 0.092942 0.256770
v 0.027653 0.090680 0.256770
v 0.036411 0.087545 0.256770
v 0.036494 0.087766 0.246142
v 0.067315 0.067167 0.246142
v 0.073575 0.060255 0.246142
v 0.067161 0.066978 0.256770
v 0.073407 0.060076 0.256770
v 0.078948 0.052591 0.256770
v 0.079129 0.052761 0.246142
v 0.052919 0.078986 0.246142
v 0.060407 0.073430 0.246142
v 0.052798 0.078779 0.256770
v 0.060268 0.073232 0.256770
v -0.094404 -0.010128 0.246142
v -0.094187 -0.010173 0.256770
v 0.044922 0.083779 0.246142
v 0.044819 0.083565 0.256770
v -0.083644 0.044756 0.246142
v -0.083452 0.044596 0.256770
v -0.044644 0.083779 0.246142
v -0.044541 0.083565 0.256770
v -0.036133 0.087545 0.256770
v -0.036216 0.087766 0.246142
v 0.094682 -0.010128 0.246142
v 0.094465 -0.010173 0.256770
v 0.083922 0.044756 0.246142
v 0.083730 0.044596 0.256770
v 0.009451 0.094540 0.246142
v 0.009429 0.094307 0.256770
v -0.027438 0.090907 0.246142
v -0.027375 0.090680 0.256770
v 0.027716 -0.098903 0.246142
v 0.027653 -0.098701 0.256770
v 0.091814 -0.020102 0.267535
v 0.089585 -0.030227 0.267535
v 0.088954 -0.019905 0.278438
v 0.086794 -0.029755 0.278438
v 0.083801 -0.039791 0.278438
v 0.086495 -0.040550 0.267535
v 0.066233 -0.073050 0.267535
v 0.059436 -0.078643 0.267535
v 0.064171 -0.071283 0.278438
v 0.057586 -0.076680 0.278438
v 0.050448 -0.081848 0.278438
v 0.052069 -0.084010 0.267535
v -0.018096 0.091603 0.267535
v -0.009023 0.092951 0.267535
v -0.017527 0.088611 0.278438
v -0.008737 0.089920 0.278438
v 0.000139 0.090358 0.278438
v 0.000139 0.093403 0.267535
v 0.086495 0.035525 0.267535
v 0.089585 0.026849 0.267535
v 0.083801 0.034167 0.278438
v 0.086794 0.025742 0.278438
v 0.088954 0.017054 0.278438
v 0.091814 0.017904 0.267535
v -0.091536 0.017904 0.267535
v -0.089307 0.026849 0.267535
v -0.088675 0.017054 0.278438
v -0.086516 0.025742 0.278438
v -0.083522 0.034167 0.278438
v -0.086217 0.035525 0.267535
v -0.065955 0.065960 0.267535
v -0.059158 0.072137 0.267535
v -0.063893 0.063716 0.278438
v -0.057308 0.069713 0.278438
v -0.050170 0.075032 0.278438
v -0.051791 0.077616 0.267535
v -0.051791 -0.084010 0.267535
v -0.059158 -0.078643 0.267535
v -0.050170 -0.081848 0.278438
v -0.057308 -0.076680 0.278438
v -0.063893 -0.071283 0.278438
v -0.065955 -0.073050 0.267535
v -0.086217 -0.040550 0.267535
v -0.089307 -0.030227 0.267535
v -0.083522 -0.039791 0.278438
v -0.086516 -0.029755 0.278438
v -0.088675 -0.019905 0.278438
v -0.091536 -0.020102 0.267535
v 0.044201 -0.089047 0.267535
v 0.042826 -0.086684 0.278438
v 0.034793 -0.091048 0.278438
v 0.035909 -0.093594 0.267535
v 0.000139 -0.103605 0.267535
v -0.009023 -0.102779 0.267535
v 0.000139 -0.100707 0.278438
v -0.008737 -0.099908 0.278438
v -0.017527 -0.097808 0.278438
v -0.018096 -0.100607 0.267535
v 0.093160 0.008753 0.267535
v 0.090257 0.008161 0.278438
v 0.090694 -0.000949 0.278438
v 0.093610 -0.000616 0.267535
v 0.082573 -0.050805 0.267535
v 0.080001 -0.049749 0.278438
v 0.075432 -0.058612 0.278438
v 0.077858 -0.059945 0.267535
v 0.018374 0.091603 0.267535
v 0.027272 0.089369 0.267535
v 0.017805 0.088611 0.278438
v 0.026426 0.086443 0.278438
v 0.034793 0.083437 0.278438
v 0.035909 0.086273 0.267535
v 0.066233 0.065960 0.267535
v 0.072393 0.059142 0.267535
v 0.064171 0.063716 0.278438
v 0.070138 0.057096 0.278438
v 0.075432 0.049919 0.278438
v 0.077858 0.051750 0.267535
v 0.052069 0.077616 0.267535
v 0.059436 0.072137 0.267535
v 0.050448 0.075032 0.278438
v 0.057586 0.069713 0.278438
v -0.092882 -0.010230 0.267535
v -0.089979 -0.010300 0.278438
v -0.090415 -0.000949 0.278438
v -0.093332 -0.000616 0.267535
v 0.044201 0.082342 0.267535
v 0.042826 0.079621 0.278438
v -0.082295 0.043852 0.267535
v -0.079723 0.042251 0.278438
v -0.075154 0.049919 0.278438
v -0.077579 0.051750 0.267535
v -0.043923 0.082342 0.267535
v -0.042548 0.079621 0.278438
v -0.034515 0.083437 0.278438
v -0.035631 0.086273 0.267535
v 0.093160 -0.010230 0.267535
v 0.090257 -0.010300 0.278438
v 0.082573 0.043852 0.267535
v 0.080001 0.042251 0.278438
v 0.009301 0.092951 0.267535
v 0.009015 0.089920 0.278438
v -0.026994 0.089369 0.267535
v -0.026147 0.086443 0.278438
v 0.027272 -0.097488 0.267535
v 0.026426 -0.094797 0.278438
v 0.017805 -0.097808 0.278438
v 0.018374 -0.100607 0.267535
v -0.026994 -0.097488 0.267535
v -0.026147 -0.094797 0.278438
v -0.034515 -0.091048 0.278438
v -0.035631 -0.093594 0.267535
v -0.072115 0.059142 0.267535
v -0.069860 0.057096 0.278438
v 0.072393 -0.067121 0.267535
v 0.070138 -0.065556 0.278438
v -0.077579 -0.059945 0.267535
v -0.082295 -0.050805 0.267535
v -0.075154 -0.058612 0.278438
v -0.079723 -0.049749 0.278438
v -0.092882 0.008753 0.267535
v -0.089979 0.008161 0.278438
v -0.072115 -0.067121 0.267535
v -0.069860 -0.065556 0.278438
v 0.009301 -0.102779 0.267535
v 0.009015 -0.099908 0.278438
v -0.043923 -0.089047 0.267535
v -0.042548 -0.086684 0.278438
v -0.047491 -0.078281 0.289289
v -0.054248 -0.073444 0.289289
v -0.044148 -0.073847 0.299685
v -0.050431 -0.069425 0.299685
v -0.056228 -0.064757 0.299685
v -0.060482 -0.068371 0.289289
v -0.079066 -0.038502 0.289289
v -0.081900 -0.028948 0.289289
v -0.073508 -0.036910 0.299685
v -0.076143 -0.027969 0.299685
v -0.078044 -0.019164 0.299685
v -0.083945 -0.019557 0.289289
v 0.047769 -0.078281 0.289289
v 0.040552 -0.082788 0.289289
v 0.044426 -0.073847 0.299685
v 0.037716 -0.077950 0.299685
v 0.030645 -0.081644 0.299685
v 0.032947 -0.086852 0.289289
v 0.000139 -0.095916 0.289289
v -0.008264 -0.095161 0.289289
v 0.000139 -0.089941 0.299685
v -0.007674 -0.089244 0.299685
v -0.015412 -0.087423 0.299685
v -0.016586 -0.093183 0.289289
v 0.084223 0.015691 0.289289
v 0.085457 0.007221 0.289289
v 0.078322 0.013973 0.299685
v 0.079470 0.006023 0.299685
v 0.079854 -0.002149 0.299685
v 0.085870 -0.001467 0.289289
v 0.079344 -0.038502 0.289289
v 0.075747 -0.047970 0.289289
v 0.073786 -0.036910 0.299685
v 0.070441 -0.045761 0.299685
v 0.066420 -0.053618 0.299685
v 0.071422 -0.056384 0.289289
v 0.016864 0.083633 0.289289
v 0.025025 0.081575 0.289289
v 0.015691 0.077380 0.299685
v 0.023279 0.075460 0.299685
v 0.030645 0.072800 0.299685
v 0.032947 0.078722 0.289289
v 0.060760 0.060003 0.289289
v 0.066410 0.053720 0.289289
v 0.056506 0.055342 0.299685
v 0.061759 0.049482 0.299685
v 0.066420 0.043126 0.299685
v 0.071422 0.046906 0.289289
v 0.047769 0.070745 0.289289
v 0.054526 0.065696 0.289289
v 0.044426 0.065360 0.299685
v 0.050709 0.060652 0.299685
v -0.085179 -0.010392 0.289289
v -0.079192 -0.010549 0.299685
v -0.079576 -0.002149 0.299685
v -0.085592 -0.001467 0.289289
v 0.040552 0.075100 0.289289
v 0.037716 0.069422 0.299685
v -0.079066 0.031952 0.289289
v -0.075469 0.039627 0.289289
v -0.073508 0.029173 0.299685
v -0.070163 0.036335 0.299685
v -0.066141 0.043126 0.299685
v -0.071144 0.046906 0.289289
v -0.047491 0.070745 0.289289
v -0.040274 0.075100 0.289289
v -0.044148 0.065360 0.299685
v -0.037438 0.069422 0.299685
v -0.030366 0.072800 0.299685
v -0.032669 0.078722 0.289289
v 0.085457 -0.010392 0.289289
v 0.079470 -0.010549 0.299685
v 0.078322 -0.019164 0.299685
v 0.084223 -0.019557 0.289289
v 0.075747 0.039627 0.289289
v 0.070441 0.036335 0.299685
v 0.073786 0.029173 0.299685
v 0.079344 0.031952 0.289289
v 0.000139 0.085291 0.289289
v 0.008542 0.084875 0.289289
v 0.000139 0.078926 0.299685
v 0.007952 0.078538 0.299685
v -0.024747 0.081575 0.289289
v -0.023001 0.075460 0.299685
v -0.015412 0.077380 0.299685
v -0.016586 0.083633 0.289289
v 0.025025 -0.090357 0.289289
v 0.023279 -0.084837 0.299685
v 0.015691 -0.087423 0.299685
v 0.016864 -0.093183 0.289289
v -0.024747 -0.090357 0.289289
v -0.023001 -0.084837 0.299685
v -0.030366 -0.081644 0.299685
v -0.032669 -0.086852 0.289289
v -0.066132 0.053720 0.289289
v -0.061481 0.049482 0.299685
v -0.056228 0.055342 0.299685
v -0.060482 0.060003 0.289289
v 0.066410 -0.062964 0.289289
v 0.061759 -0.059747 0.299685
v 0.056506 -0.064757 0.299685
v 0.060760 -0.068371 0.289289
v -0.071144 -0.056384 0.289289
v -0.075469 -0.047970 0.289289
v -0.066141 -0.053618 0.299685
v -0.070163 -0.045761 0.299685
v -0.085179 0.007221 0.289289
v -0.079192 0.006023 0.299685
v -0.078044 0.013973 0.299685
v -0.083945 0.015691 0.289289
v -0.066132 -0.062964 0.289289
v -0.061481 -0.059747 0.299685
v 0.008542 -0.095161 0.289289
v 0.007952 -0.089244 0.299685
v -0.040274 -0.082788 0.289289
v -0.037438 -0.077950 0.299685
v 0.082179 -0.028948 0.289289
v 0.076421 -0.027969 0.299685
v 0.054526 -0.073444 0.289289
v 0.050709 -0.069425 0.299685
v -0.008264 0.084875 0.289289
v -0.007674 0.078538 0.299685
v 0.082179 0.023951 0.289289
v 0.076421 0.021702 0.299685
v -0.081900 0.023951 0.289289
v -0.076143 0.021702 0.299685
v -0.054248 0.065696 0.289289
v -0.050431 0.060652 0.299685
v 0.040860 0.059558 0.309224
v 0.046638 0.055214 0.309224
v 0.037121 0.053424 0.317722
v 0.042368 0.049463 0.317722
v 0.047209 0.044996 0.317722
v 0.051967 0.050315 0.309224
v -0.071749 -0.018833 0.309224
v -0.072804 -0.010811 0.309224
v -0.065148 -0.018563 0.317722
v -0.066106 -0.011168 0.317722
v -0.066427 -0.003914 0.317722
v -0.073157 -0.002967 0.309224
v 0.028188 0.066422 0.309224
v 0.034691 0.063306 0.309224
v 0.025613 0.059680 0.317722
v 0.031518 0.056840 0.317722
v -0.067578 0.026155 0.309224
v -0.064502 0.032771 0.309224
v -0.061360 0.022931 0.317722
v -0.058567 0.028984 0.317722
v -0.055209 0.034710 0.317722
v -0.060805 0.039041 0.309224
v -0.040582 0.059558 0.309224
v -0.034412 0.063306 0.309224
v -0.036843 0.053424 0.317722
v -0.031240 0.056840 0.317722
v -0.025335 0.059680 0.317722
v -0.027910 0.066422 0.309224
v 0.073436 -0.002967 0.309224
v 0.073082 -0.010811 0.309224
v 0.066705 -0.003914 0.317722
v 0.066385 -0.011168 0.317722
v 0.065426 -0.018563 0.317722
v 0.072027 -0.018833 0.309224
v 0.061083 0.039041 0.309224
v 0.064781 0.032771 0.309224
v 0.055487 0.034710 0.317722
v 0.058845 0.028984 0.317722
v 0.061638 0.022931 0.317722
v 0.067856 0.026155 0.309224
v 0.000139 0.072072 0.309224
v 0.007323 0.071714 0.309224
v 0.000139 0.064831 0.317722
v 0.006664 0.064505 0.317722
v 0.013126 0.063531 0.317722
v 0.014439 0.070646 0.309224
v -0.021138 0.068876 0.309224
v -0.019184 0.061918 0.317722
v -0.012847 0.063531 0.317722
v -0.014160 0.070646 0.309224
v 0.028188 -0.076132 0.309224
v 0.021416 -0.078984 0.309224
v 0.025613 -0.070411 0.317722
v 0.019462 -0.072905 0.317722
v 0.013126 -0.074927 0.317722
v 0.014439 -0.081299 0.309224
v -0.014160 -0.081299 0.309224
v -0.021138 -0.078984 0.309224
v -0.012847 -0.074927 0.317722
v -0.019184 -0.072905 0.317722
v -0.025335 -0.070411 0.317722
v -0.027910 -0.076132 0.309224
v -0.056520 0.044907 0.309224
v -0.051317 0.040063 0.317722
v -0.046930 0.044996 0.317722
v -0.051689 0.050315 0.309224
v 0.061083 -0.050706 0.309224
v 0.056798 -0.056347 0.309224
v 0.055487 -0.047678 0.317722
v 0.051595 -0.052787 0.317722
v 0.047209 -0.056911 0.317722
v 0.051967 -0.060927 0.309224
v -0.060805 -0.050706 0.309224
v -0.064502 -0.043451 0.309224
v -0.055209 -0.047678 0.317722
v -0.058567 -0.041076 0.317722
v -0.061360 -0.033614 0.317722
v -0.067578 -0.035269 0.309224
v -0.072804 0.004665 0.309224
v -0.066106 0.003152 0.317722
v -0.065148 0.009997 0.317722
v -0.071749 0.012073 0.309224
v -0.051689 -0.060927 0.309224
v -0.056520 -0.056347 0.309224
v -0.046930 -0.056911 0.317722
v -0.051317 -0.052787 0.317722
v 0.007323 -0.082942 0.309224
v 0.006664 -0.076371 0.317722
v 0.000139 -0.076931 0.317722
v 0.000139 -0.083575 0.309224
v -0.034412 -0.072825 0.309224
v -0.031240 -0.067504 0.317722
v -0.036843 -0.064246 0.317722
v -0.040582 -0.069142 0.309224
v 0.070279 -0.026998 0.309224
v 0.063839 -0.026053 0.317722
v 0.061638 -0.033614 0.317722
v 0.067856 -0.035269 0.309224
v 0.046638 -0.065158 0.309224
v 0.042368 -0.060699 0.317722
v 0.037121 -0.064246 0.317722
v 0.040860 -0.069142 0.309224
v -0.007045 0.071714 0.309224
v -0.006386 0.064505 0.317722
v 0.070279 0.019244 0.309224
v 0.063839 0.016596 0.317722
v 0.065426 0.009997 0.317722
v 0.072027 0.012073 0.309224
v -0.070001 0.019245 0.309224
v -0.063561 0.016596 0.317722
v -0.046359 0.055214 0.309224
v -0.042090 0.049463 0.317722
v -0.046359 -0.065158 0.309224
v -0.042090 -0.060699 0.317722
v -0.070001 -0.026998 0.309224
v -0.063561 -0.026053 0.317722
v 0.034691 -0.072825 0.309224
v 0.031518 -0.067504 0.317722
v -0.007045 -0.082942 0.309224
v -0.006386 -0.076371 0.317722
v 0.073082 0.004665 0.309224
v 0.066385 0.003152 0.317722
v 0.064781 -0.043451 0.309224
v 0.058845 -0.041076 0.317722
v 0.021416 0.068876 0.309224
v 0.019462 0.061918 0.317722
v 0.056798 0.044907 0.309224
v 0.051595 0.040063 0.317722
v -0.022547 0.052334 0.325165
v -0.017069 0.054336 0.325165
v -0.019212 0.043453 0.332010
v -0.014539 0.045182 0.332010
v -0.009726 0.046430 0.332010
v -0.011426 0.055781 0.325165
v 0.022825 -0.064303 0.325165
v 0.017347 -0.066418 0.325165
v 0.019490 -0.057126 0.332010
v 0.014818 -0.058823 0.332010
v 0.010004 -0.060176 0.332010
v 0.011704 -0.068124 0.325165
v -0.011426 -0.068124 0.325165
v -0.017069 -0.066418 0.325165
v -0.009726 -0.060176 0.332010
v -0.014539 -0.058823 0.332010
v -0.019212 -0.057126 0.332010
v -0.022547 -0.064303 0.325165
v -0.049151 0.029963 0.325165
v -0.045686 0.034766 0.325165
v -0.041905 0.024107 0.332010
v -0.038949 0.028270 0.332010
v -0.035616 0.032095 0.332010
v -0.041779 0.039186 0.325165
v 0.049430 -0.044400 0.325165
v 0.045964 -0.048913 0.325165
v 0.042183 -0.040461 0.332010
v 0.039227 -0.044281 0.332010
v 0.035895 -0.047343 0.332010
v 0.042057 -0.052544 0.325165
v -0.049151 -0.044400 0.325165
v -0.052142 -0.038536 0.325165
v -0.041905 -0.040461 0.332010
v -0.044456 -0.035469 0.332010
v -0.046578 -0.029759 0.332010
v -0.054630 -0.031872 0.325165
v -0.059142 -0.005020 0.325165
v -0.058856 0.001413 0.325165
v -0.050427 -0.006438 0.332010
v -0.050183 -0.000812 0.332010
v -0.049455 0.004640 0.332010
v -0.058003 0.007641 0.325165
v -0.041779 -0.052544 0.325165
v -0.045686 -0.048913 0.325165
v -0.035616 -0.047343 0.332010
v -0.038949 -0.044281 0.332010
v 0.005950 -0.069342 0.325165
v 0.005095 -0.061129 0.332010
v 0.000139 -0.061496 0.332010
v 0.000139 -0.069815 0.325165
v -0.027806 -0.061815 0.325165
v -0.023697 -0.055103 0.332010
v -0.027954 -0.052772 0.332010
v -0.032796 -0.058994 0.325165
v 0.058281 -0.018317 0.325165
v 0.056867 -0.025080 0.325165
v 0.049733 -0.018026 0.332010
v 0.048528 -0.023896 0.332010
v 0.046856 -0.029759 0.332010
v 0.054908 -0.031872 0.325165
v 0.037747 -0.055883 0.325165
v 0.032218 -0.050162 0.332010
v 0.028232 -0.052772 0.332010
v 0.033074 -0.058994 0.325165
v -0.005671 0.056653 0.325165
v -0.004817 0.047184 0.332010
v 0.000139 0.047437 0.332010
v 0.000139 0.056944 0.325165
v 0.054908 0.019358 0.325165
v 0.056867 0.013628 0.325165
v 0.046856 0.014882 0.332010
v 0.048527 0.009878 0.332010
v 0.049733 0.004640 0.332010
v 0.058281 0.007641 0.325165
v -0.056589 0.013628 0.325165
v -0.048249 0.009878 0.332010
v -0.046578 0.014882 0.332010
v -0.054630 0.019358 0.325165
v -0.037468 0.043187 0.325165
v -0.031939 0.035554 0.332010
v -0.027954 0.038617 0.332010
v -0.032796 0.046733 0.325165
v -0.037468 -0.055883 0.325165
v -0.031939 -0.050162 0.332010
v -0.056589 -0.025080 0.325165
v -0.048249 -0.023896 0.332010
v -0.049455 -0.018026 0.332010
v -0.058003 -0.018317 0.325165
v 0.028084 -0.061815 0.325165
v 0.023976 -0.055103 0.332010
v -0.005671 -0.069342 0.325165
v -0.004817 -0.061129 0.332010
v 0.059135 0.001413 0.325165
v 0.050461 -0.000812 0.332010
v 0.050705 -0.006438 0.332010
v 0.059420 -0.005020 0.325165
v 0.052420 -0.038536 0.325165
v 0.044734 -0.035469 0.332010
v 0.011704 0.055781 0.325165
v 0.017347 0.054336 0.325165
v 0.010004 0.046430 0.332010
v 0.014818 0.045182 0.332010
v 0.019490 0.043453 0.332010
v 0.022825 0.052334 0.325165
v 0.042057 0.039186 0.325165
v 0.045964 0.034766 0.325165
v 0.035895 0.032095 0.332010
v 0.039227 0.028270 0.332010
v 0.042183 0.024107 0.332010
v 0.049430 0.029963 0.325165
v 0.033074 0.046733 0.325165
v 0.037747 0.043187 0.325165
v 0.028232 0.038617 0.332010
v 0.032218 0.035554 0.332010
v -0.058856 -0.011614 0.325165
v -0.050183 -0.012192 0.332010
v 0.028084 0.049791 0.325165
v 0.023976 0.041258 0.332010
v -0.052142 0.024814 0.325165
v -0.044456 0.019634 0.332010
v -0.027806 0.049791 0.325165
v -0.023697 0.041258 0.332010
v 0.059135 -0.011614 0.325165
v 0.050461 -0.012192 0.332010
v 0.052420 0.024814 0.325165
v 0.044734 0.019634 0.332010
v 0.005950 0.056653 0.325165
v 0.005095 0.047184 0.332010
v 0.007940 -0.050702 0.338459
v 0.004058 -0.051353 0.338459
v 0.005894 -0.041196 0.343218
v 0.003031 -0.041573 0.343218
v 0.000139 -0.041702 0.343218
v 0.000139 -0.051596 0.338459
v -0.015163 -0.048499 0.338459
v -0.018710 -0.046990 0.338459
v -0.011150 -0.039754 0.343218
v -0.013767 -0.038708 0.343218
v -0.016251 -0.037457 0.343218
v -0.022076 -0.045223 0.338459
v 0.039357 -0.017602 0.338459
v 0.038403 -0.022338 0.338459
v 0.029073 -0.016893 0.343218
v 0.028369 -0.020449 0.343218
v 0.027394 -0.023967 0.343218
v 0.037081 -0.027048 0.338459
v 0.028413 -0.041023 0.338459
v 0.025506 -0.043216 0.338459
v 0.020999 -0.034403 0.343218
v 0.018854 -0.036013 0.343218
v 0.016529 -0.037457 0.343218
v 0.022354 -0.045223 0.338459
v -0.007662 0.034977 0.338459
v -0.003780 0.035595 0.338459
v -0.005616 0.023482 0.343218
v -0.002752 0.023968 0.343218
v 0.000139 0.024133 0.343218
v 0.000139 0.035803 0.338459
v 0.037081 0.009219 0.338459
v 0.038403 0.005117 0.338459
v 0.027394 0.003570 0.343218
v 0.028369 0.000405 0.343218
v 0.029073 -0.002892 0.343218
v 0.039357 0.000828 0.338459
v -0.039079 0.000828 0.338459
v -0.038125 0.005117 0.338459
v -0.028795 -0.002892 0.343218
v -0.028091 0.000405 0.343218
v -0.027116 0.003570 0.343218
v -0.036803 0.009219 0.338459
v -0.028135 0.023304 0.338459
v -0.025228 0.026124 0.338459
v -0.020721 0.014463 0.343218
v -0.018576 0.016643 0.343218
v -0.016251 0.018569 0.343218
v -0.022076 0.028619 0.338459
v -0.025228 -0.043216 0.338459
v -0.018576 -0.036013 0.343218
v -0.020721 -0.034403 0.343218
v -0.028135 -0.041023 0.338459
v -0.036803 -0.027048 0.338459
v -0.038125 -0.022338 0.338459
v -0.027116 -0.023967 0.343218
v -0.028091 -0.020449 0.343218
v -0.028795 -0.016893 0.343218
v -0.039079 -0.017602 0.338459
v 0.018988 -0.046990 0.338459
v 0.014045 -0.038708 0.343218
v 0.011428 -0.039754 0.343218
v 0.015441 -0.048499 0.338459
v -0.003780 -0.051353 0.338459
v -0.002752 -0.041573 0.343218
v -0.005616 -0.041196 0.343218
v -0.007662 -0.050702 0.338459
v 0.039932 -0.003625 0.338459
v 0.029497 -0.006300 0.343218
v 0.029640 -0.009789 0.343218
v 0.040125 -0.008207 0.338459
v 0.035403 -0.031613 0.338459
v 0.026156 -0.027362 0.343218
v 0.024668 -0.030322 0.343218
v 0.033386 -0.035586 0.338459
v 0.007940 0.034977 0.338459
v 0.011746 0.033960 0.338459
v 0.005894 0.023482 0.343218
v 0.008703 0.022692 0.343218
v 0.011428 0.021604 0.343218
v 0.015441 0.032553 0.338459
v 0.028413 0.023304 0.338459
v 0.031049 0.020180 0.338459
v 0.020999 0.014463 0.343218
v 0.022943 0.012047 0.343218
v 0.024668 0.009412 0.343218
v 0.033386 0.016775 0.338459
v 0.022354 0.028619 0.338459
v 0.025506 0.026124 0.338459
v 0.016529 0.018569 0.343218
v 0.018854 0.016643 0.343218
v -0.039654 -0.012879 0.338459
v -0.029219 -0.013330 0.343218
v -0.029361 -0.009789 0.343218
v -0.039847 -0.008207 0.338459
v 0.018988 0.030768 0.338459
v 0.014045 0.020226 0.343218
v -0.035125 0.013113 0.338459
v -0.025878 0.006579 0.343218
v -0.024390 0.009412 0.343218
v -0.033108 0.016775 0.338459
v -0.018710 0.030768 0.338459
v -0.013767 0.020226 0.343218
v -0.011150 0.021604 0.343218
v -0.015163 0.032553 0.338459
v 0.039932 -0.012879 0.338459
v 0.029497 -0.013330 0.343218
v 0.035403 0.013113 0.338459
v 0.026156 0.006579 0.343218
v 0.004058 0.035595 0.338459
v 0.003031 0.023968 0.343218
v -0.011468 0.033960 0.338459
v -0.008424 0.022692 0.343218
v 0.011746 -0.049741 0.338459
v 0.008703 -0.040586 0.343218
v -0.011468 -0.049741 0.338459
v -0.008424 -0.040586 0.343218
v -0.030770 0.020180 0.338459
v -0.022665 0.012047 0.343218
v 0.031049 -0.038614 0.338459
v 0.022943 -0.032597 0.343218
v -0.033108 -0.035586 0.338459
v -0.035125 -0.031613 0.338459
v -0.024390 -0.030322 0.343218
v -0.025878 -0.027362 0.343218
v -0.039654 -0.003625 0.338459
v -0.029219 -0.006300 0.343218
v -0.030770 -0.038614 0.338459
v -0.022665 -0.032597 0.343218
v 0.021503 -0.010653 0.345177
v 0.021238 -0.013195 0.345177
v 0.016868 -0.010910 0.345457
v 0.015297 -0.012406 0.345457
v 0.014441 -0.014436 0.345457
v 0.020843 -0.015793 0.345177
v 0.017691 0.003524 0.345177
v 0.018850 0.001425 0.345177
v 0.012264 -0.000957 0.345457
v 0.013687 -0.002437 0.345457
v 0.015594 -0.003037 0.345457
v 0.019876 -0.000705 0.345177
v 0.000139 0.014881 0.345177
v 0.002183 0.014561 0.345177
v 0.000139 0.009500 0.345457
v 0.001331 0.007648 0.345457
v 0.002984 0.006605 0.345457
v 0.004257 0.014077 0.345177
v -0.008036 0.012926 0.345177
v -0.006047 0.013559 0.345177
v -0.006263 0.007899 0.345457
v -0.004560 0.006750 0.345457
v -0.002706 0.006605 0.345457
v -0.003979 0.014077 0.345177
v 0.008315 -0.032528 0.345177
v 0.006325 -0.032909 0.345177
v 0.006541 -0.028123 0.345457
v 0.004838 -0.026912 0.345457
v 0.002984 -0.026546 0.345457
v 0.004257 -0.033196 0.345177
v -0.003979 -0.033196 0.345177
v -0.006047 -0.032909 0.345177
v -0.002706 -0.026546 0.345457
v -0.004560 -0.026912 0.345457
v -0.006263 -0.028123 0.345457
v -0.008036 -0.032528 0.345177
v -0.017413 0.003524 0.345177
v -0.016225 0.005588 0.345177
v -0.011986 -0.000957 0.345457
v -0.011422 0.001182 0.345457
v -0.011690 0.003530 0.345457
v -0.014967 0.007510 0.345177
v 0.017691 -0.025319 0.345177
v 0.016503 -0.027106 0.345177
v 0.012264 -0.020823 0.345457
v 0.011700 -0.022785 0.345457
v 0.011968 -0.024918 0.345457
v 0.015245 -0.028601 0.345177
v -0.017413 -0.025319 0.345177
v -0.018572 -0.023230 0.345177
v -0.011986 -0.020823 0.345457
v -0.013409 -0.019472 0.345457
v -0.015316 -0.018884 0.345457
v -0.019598 -0.020950 0.345177
v -0.021224 -0.010653 0.345177
v -0.020960 -0.008140 0.345177
v -0.016590 -0.010910 0.345457
v -0.015019 -0.009450 0.345457
v -0.014163 -0.007392 0.345457
v -0.020565 -0.005604 0.345177
v -0.014967 -0.028601 0.345177
v -0.016225 -0.027106 0.345177
v -0.011690 -0.024918 0.345457
v -0.011422 -0.022785 0.345457
v 0.002183 -0.033490 0.345177
v 0.001331 -0.027355 0.345457
v 0.000139 -0.028989 0.345457
v 0.000139 -0.033721 0.345177
v -0.009823 -0.031647 0.345177
v -0.006763 -0.026180 0.345457
v -0.007962 -0.024779 0.345457
v -0.011589 -0.030650 0.345177
v 0.020414 -0.018409 0.345177
v 0.014600 -0.016750 0.345457
v 0.015594 -0.018884 0.345457
v 0.019876 -0.020950 0.345177
v 0.013613 -0.029654 0.345177
v 0.010014 -0.024393 0.345457
v 0.008241 -0.024779 0.345457
v 0.011867 -0.030650 0.345177
v -0.001905 0.014561 0.345177
v -0.001053 0.007648 0.345457
v 0.020414 -0.003099 0.345177
v 0.014600 -0.005127 0.345457
v 0.014441 -0.007392 0.345457
v 0.020843 -0.005604 0.345177
v -0.020136 -0.003099 0.345177
v -0.014321 -0.005127 0.345457
v -0.015316 -0.003037 0.345457
v -0.019598 -0.000705 0.345177
v -0.013335 0.008980 0.345177
v -0.009736 0.003217 0.345457
v -0.007962 0.003922 0.345457
v -0.011589 0.010369 0.345177
v -0.013335 -0.029654 0.345177
v -0.009736 -0.024393 0.345457
v -0.020136 -0.018409 0.345177
v -0.014321 -0.016750 0.345457
v -0.014163 -0.014436 0.345457
v -0.020565 -0.015793 0.345177
v 0.010101 -0.031647 0.345177
v 0.007041 -0.026180 0.345457
v -0.001905 -0.033490 0.345177
v -0.001053 -0.027355 0.345457
v 0.021238 -0.008140 0.345177
v 0.015297 -0.009450 0.345457
v 0.018850 -0.023230 0.345177
v 0.013687 -0.019472 0.345457
v 0.006325 0.013559 0.345177
v 0.004838 0.006750 0.345457
v 0.006541 0.007899 0.345457
v 0.008315 0.012926 0.345177
v 0.015245 0.007510 0.345177
v 0.016503 0.005588 0.345177
v 0.011968 0.003530 0.345457
v 0.011700 0.001182 0.345457
v 0.011867 0.010369 0.345177
v 0.013613 0.008980 0.345177
v 0.008241 0.003922 0.345457
v 0.010014 0.003217 0.345457
v -0.020960 -0.013195 0.345177
v -0.015019 -0.012406 0.345457
v 0.010101 0.011724 0.345177
v 0.007041 0.005633 0.345457
v -0.018572 0.001425 0.345177
v -0.013409 -0.002437 0.345457
v -0.009823 0.011724 0.345177
v -0.006763 0.005633 0.345457
v -0.004802 -0.019248 0.345457
v -0.007609 -0.019983 0.345457
v 0.000139 -0.010327 0.345457
v -0.007256 -0.016706 0.345457
v 0.000139 -0.022805 0.345457
v 0.001874 -0.020382 0.345457
v -0.001596 -0.020382 0.345457
v -0.004054 -0.022210 0.345457
v 0.010262 -0.016005 0.345457
v 0.008862 -0.012911 0.345457
v 0.007534 -0.016706 0.345457
v 0.007887 -0.019983 0.345457
v 0.005081 -0.019248 0.345457
v 0.000139 0.002704 0.345457
v -0.001596 0.000036 0.345457
v 0.001874 0.000036 0.345457
v 0.007534 -0.004672 0.345457
v 0.010262 -0.005695 0.345457
v 0.008862 -0.008635 0.345457
v -0.009984 -0.005695 0.345457
v -0.008584 -0.008635 0.345457
v -0.007256 -0.004672 0.345457
v -0.007609 -0.001317 0.345457
v -0.004802 -0.001639 0.345457
v -0.009984 -0.016005 0.345457
v -0.008584 -0.012911 0.345457
v 0.004332 -0.022210 0.345457
v 0.011096 -0.010882 0.345457
v 0.004332 0.001627 0.345457
v 0.005081 -0.001639 0.345457
v 0.007887 -0.001317 0.345457
v -0.004054 0.001627 0.345457
v -0.010818 -0.010882 0.345457
v 0.011455 -0.066763 0.041851
v 0.005825 -0.067936 0.041851
v 0.000139 -0.068394 0.041851
v 0.041155 0.039795 0.041851
v 0.044978 0.035460 0.041851
v 0.048369 0.030750 0.041851
v 0.057030 0.008769 0.041851
v 0.057865 0.002581 0.041851
v 0.058145 -0.003832 0.041851
v 0.022337 0.052675 0.041851
v 0.027483 0.050187 0.041851
v 0.032365 0.047192 0.041851
v -0.011177 0.056045 0.041851
v -0.005546 0.056897 0.041851
v 0.000139 0.057182 0.041851
v -0.032087 0.047192 0.041851
v -0.027204 0.050187 0.041851
v -0.022059 0.052675 0.041851
v -0.022059 -0.063097 0.041851
v -0.027204 -0.060701 0.041851
v -0.032087 -0.057970 0.041851
v -0.005546 -0.067936 0.041851
v -0.011177 -0.066763 0.041851
v 0.051295 0.025704 0.041851
v 0.053729 0.020346 0.041851
v 0.036937 0.043718 0.041851
v -0.036659 -0.054933 0.041851
v -0.040877 -0.051630 0.041851
v -0.016699 0.054633 0.041851
v 0.055647 0.014697 0.041851
v -0.048091 -0.043416 0.041851
v -0.051017 -0.037510 0.041851
v -0.053451 -0.030803 0.041851
v -0.044700 -0.047977 0.041851
v -0.016699 -0.065126 0.041851
v 0.053729 -0.030803 0.041851
v 0.051295 -0.037510 0.041851
v 0.048369 -0.043416 0.041851
v -0.057867 -0.003832 0.041851
v -0.057587 0.002581 0.041851
v -0.056752 0.008769 0.041851
v 0.044978 -0.047977 0.041851
v 0.041155 -0.051630 0.041851
v -0.055369 0.014697 0.041851
v -0.053451 0.020346 0.041851
v 0.036937 -0.054933 0.041851
v 0.032365 -0.057970 0.041851
v -0.051017 0.025704 0.041851
v -0.048091 0.030750 0.041851
v 0.027483 -0.060701 0.041851
v 0.022337 -0.063097 0.041851
v 0.005825 0.056897 0.041851
v 0.011455 0.056045 0.041851
v -0.044700 0.035460 0.041851
v -0.040877 0.039795 0.041851
v 0.016977 -0.065126 0.041851
v 0.057865 -0.010424 0.041851
v 0.057030 -0.017149 0.041851
v 0.016977 0.054633 0.041851
v -0.055369 -0.023959 0.041851
v -0.056752 -0.017149 0.041851
v -0.036659 0.043718 0.041851
v 0.055647 -0.023959 0.041851
v -0.057587 -0.010424 0.041851
v -0.039720 -0.028051 -0.028014
v -0.043207 -0.029580 -0.019648
v -0.047420 -0.020540 -0.020503
v -0.043207 -0.019684 -0.029543
v -0.045408 -0.030821 -0.010104
v -0.049983 -0.021314 -0.010483
v -0.046183 -0.031314 0.000037
v -0.050853 -0.021644 0.000037
v -0.045408 -0.030821 0.010178
v -0.049983 -0.021314 0.010556
v -0.043207 -0.029580 0.019721
v -0.047420 -0.020540 0.020577
v -0.039720 -0.028051 0.028087
v -0.043207 -0.019684 0.029617
v -0.049983 -0.010520 -0.021277
v -0.045408 -0.010141 -0.030784
v -0.052739 -0.010888 -0.010851
v -0.053662 -0.011052 0.000037
v -0.052739 -0.010888 0.010924
v -0.049983 -0.010520 0.021351
v -0.045408 -0.010141 0.030858
v -0.050853 -0.000000 -0.021607
v -0.046183 -0.000000 -0.031277
v -0.053662 -0.000000 -0.011015
v -0.054600 -0.000000 0.000037
v -0.053662 -0.000000 0.011089
v -0.050853 -0.000000 0.021680
v -0.046183 -0.000000 0.031351
v -0.049983 0.010519 -0.021277
v -0.045408 0.010141 -0.030784
v -0.052739 0.010887 -0.010851
v -0.053662 0.011052 0.000037
v -0.052739 0.010887 0.010924
v -0.049983 0.010519 0.021351
v -0.045408 0.010141 0.030858
v -0.047420 0.020540 -0.020503
v -0.043207 0.019684 -0.029543
v -0.049983 0.021314 -0.010483
v -0.050853 0.021643 0.000037
v -0.049983 0.021314 0.010556
v -0.047420 0.020540 0.020577
v -0.043207 0.019684 0.029617
v -0.043207 0.029580 -0.019648
v -0.039720 0.028050 -0.028014
v -0.045408 0.030821 -0.010104
v -0.046183 0.031314 0.000037
v -0.045408 0.030821 0.010178
v -0.043207 0.029580 0.019721
v -0.039720 0.028050 0.028087
v -0.032543 -0.032484 -0.032447
v -0.034825 -0.034766 -0.027175
v -0.034825 -0.027212 -0.034729
v -0.037281 -0.037223 -0.019236
v -0.039016 -0.038957 -0.009929
v -0.039662 -0.039603 0.000037
v -0.039016 -0.038957 0.010003
v -0.037281 -0.037223 0.019310
v -0.034825 -0.034766 0.027249
v -0.032543 -0.032484 0.032521
v -0.034825 -0.027212 0.034802
v -0.037281 -0.019273 0.037259
v -0.039016 -0.009966 0.038994
v -0.039662 -0.000000 0.039639
v -0.039016 0.009966 0.038994
v -0.037281 0.019273 0.037259
v -0.034825 0.027212 0.034802
v -0.032543 0.032484 0.032521
v -0.034825 0.034766 0.027249
v -0.037281 0.037222 0.019310
v -0.039016 0.038957 0.010003
v -0.039662 0.039602 0.000037
v -0.039016 0.038957 -0.009929
v -0.037281 0.037222 -0.019236
v -0.034825 0.034766 -0.027175
v -0.034825 0.027212 -0.034729
v -0.032543 0.032484 -0.032447
v -0.037281 0.019273 -0.037186
v -0.039016 0.009966 -0.038921
v -0.039662 -0.000000 -0.039566
v -0.039016 -0.009966 -0.038921
v -0.037281 -0.019273 -0.037186
v -0.028110 0.039660 -0.028014
v -0.029639 0.043147 -0.019648
v -0.020599 0.047361 -0.020503
v -0.019743 0.043147 -0.029543
v -0.030880 0.045349 -0.010104
v -0.021373 0.049924 -0.010483
v -0.031373 0.046124 0.000037
v -0.021703 0.050794 0.000037
v -0.030880 0.045349 0.010178
v -0.021373 0.049924 0.010556
v -0.029639 0.043147 0.019721
v -0.020599 0.047361 0.020577
v -0.028110 0.039660 0.028087
v -0.019743 0.043147 0.029617
v -0.010578 0.049924 -0.021277
v -0.010200 0.045349 -0.030784
v -0.010946 0.052680 -0.010851
v -0.011111 0.053603 0.000037
v -0.010946 0.052680 0.010924
v -0.010578 0.049924 0.021351
v -0.010200 0.045349 0.030858
v -0.000059 0.050794 -0.021607
v -0.000059 0.046124 -0.031277
v -0.000059 0.053603 -0.011015
v -0.000059 0.054541 0.000037
v -0.000059 0.053603 0.011089
v -0.000059 0.050794 0.021680
v -0.000059 0.046124 0.031351
v 0.010460 0.049924 -0.021277
v 0.010082 0.045349 -0.030784
v 0.010829 0.052680 -0.010851
v 0.010993 0.053603 0.000037
v 0.010829 0.052680 0.010924
v 0.010460 0.049924 0.021351
v 0.010082 0.045349 0.030858
v 0.020481 0.047361 -0.020503
v 0.019625 0.043147 -0.029543
v 0.021255 0.049924 -0.010483
v 0.021585 0.050794 0.000037
v 0.021255 0.049924 0.010556
v 0.020481 0.047361 0.020577
v 0.019625 0.043147 0.029617
v 0.029521 0.043147 -0.019648
v 0.027992 0.039660 -0.028014
v 0.030762 0.045349 -0.010104
v 0.031255 0.046124 0.000037
v 0.030762 0.045349 0.010178
v 0.029521 0.043147 0.019721
v 0.027992 0.039660 0.028087
v -0.027271 0.034766 -0.034729
v -0.027271 0.034766 0.034802
v -0.019332 0.037222 0.037259
v -0.010025 0.038957 0.038994
v -0.000059 0.039602 0.039639
v 0.009907 0.038957 0.038994
v 0.019214 0.037222 0.037259
v 0.027153 0.034766 0.034802
v 0.032425 0.032484 0.032521
v 0.034707 0.034766 0.027249
v 0.037164 0.037222 0.019310
v 0.038898 0.038957 0.010003
v 0.039544 0.039602 0.000037
v 0.038898 0.038957 -0.009929
v 0.037164 0.037222 -0.019236
v 0.034707 0.034766 -0.027175
v 0.027153 0.034766 -0.034729
v 0.032425 0.032484 -0.032447
v 0.019214 0.037222 -0.037186
v 0.009907 0.038957 -0.038921
v -0.000059 0.039602 -0.039566
v -0.010025 0.038957 -0.038921
v -0.019332 0.037222 -0.037186
v 0.039602 0.028050 -0.028014
v 0.043089 0.029580 -0.019648
v 0.047302 0.020540 -0.020503
v 0.043089 0.019684 -0.029543
v 0.045291 0.030821 -0.010104
v 0.049865 0.021314 -0.010483
v 0.046065 0.031314 0.000037
v 0.050735 0.021643 0.000037
v 0.045291 0.030821 0.010178
v 0.049865 0.021314 0.010556
v 0.043089 0.029580 0.019721
v 0.047302 0.020540 0.020577
v 0.039602 0.028050 0.028087
v 0.043089 0.019684 0.029617
v 0.049865 0.010519 -0.021277
v 0.045291 0.010141 -0.030784
v 0.052621 0.010887 -0.010851
v 0.053544 0.011052 0.000037
v 0.052621 0.010887 0.010924
v 0.049865 0.010519 0.021351
v 0.045291 0.010141 0.030858
v 0.050735 -0.000000 -0.021607
v 0.046065 -0.000000 -0.031277
v 0.053544 -0.000000 -0.011015
v 0.054482 -0.000000 0.000037
v 0.053544 -0.000000 0.011089
v 0.050735 -0.000000 0.021680
v 0.046065 -0.000000 0.031351
v 0.049865 -0.010520 -0.021277
v 0.045291 -0.010141 -0.030784
v 0.052621 -0.010888 -0.010851
v 0.053544 -0.011052 0.000037
v 0.052621 -0.010888 0.010924
v 0.049865 -0.010520 0.021351
v 0.045291 -0.010141 0.030858
v 0.047302 -0.020540 -0.020503
v 0.043089 -0.019684 -0.029543
v 0.049865 -0.021314 -0.010483
v 0.050735 -0.021644 0.000037
v 0.049865 -0.021314 0.010556
v 0.047302 -0.020540 0.020577
v 0.043089 -0.019684 0.029617
v 0.043089 -0.029580 -0.019648
v 0.039602 -0.028051 -0.028014
v 0.045291 -0.030821 -0.010104
v 0.046065 -0.031314 0.000037
v 0.045291 -0.030821 0.010178
v 0.043089 -0.029580 0.019721
v 0.039602 -0.028051 0.028087
v 0.034707 0.027212 -0.034729
v 0.034707 0.027212 0.034802
v 0.037164 0.019273 0.037259
v 0.038898 0.009966 0.038994
v 0.039544 -0.000000 0.039639
v 0.038898 -0.009966 0.038994
v 0.037164 -0.019273 0.037259
v 0.034707 -0.027212 0.034802
v 0.032425 -0.032484 0.032521
v 0.034707 -0.034766 0.027249
v 0.037164 -0.037223 0.019310
v 0.038898 -0.038957 0.010003
v 0.039544 -0.039603 0.000037
v 0.038898 -0.038957 -0.009929
v 0.037164 -0.037223 -0.019236
v 0.034707 -0.034766 -0.027175
v 0.034707 -0.027212 -0.034729
v 0.032425 -0.032484 -0.032447
v 0.037164 -0.019273 -0.037186
v 0.038898 -0.009966 -0.038921
v 0.039544 -0.000000 -0.039566
v 0.038898 0.009966 -0.038921
v 0.037164 0.019273 -0.037186
v 0.027992 -0.039661 -0.028014
v 0.029521 -0.043148 -0.019648
v 0.020481 -0.047361 -0.020503
v 0.019625 -0.043148 -0.029543
v 0.030762 -0.045350 -0.010104
v 0.021255 -0.049925 -0.010483
v 0.031255 -0.046124 0.000037
v 0.021585 -0.050794 0.000037
v 0.030762 -0.045350 0.010178
v 0.021255 -0.049925 0.010556
v 0.029521 -0.043148 0.019721
v 0.020481 -0.047361 0.020577
v 0.027992 -0.039661 0.028087
v 0.019625 -0.043148 0.029617
v 0.010460 -0.049925 -0.021277
v 0.010082 -0.045350 -0.030784
v 0.010829 -0.052680 -0.010851
v 0.010993 -0.053603 0.000037
v 0.010829 -0.052680 0.010924
v 0.010460 -0.049925 0.021351
v 0.010082 -0.045350 0.030858
v -0.000059 -0.050794 -0.021607
v -0.000059 -0.046124 -0.031277
v -0.000059 -0.053603 -0.011015
v -0.000059 -0.054541 0.000037
v -0.000059 -0.053603 0.011089
v -0.000059 -0.050794 0.021680
v -0.000059 -0.046124 0.031351
v -0.010578 -0.049925 -0.021277
v -0.010200 -0.045350 -0.030784
v -0.010946 -0.052680 -0.010851
v -0.011111 -0.053603 0.000037
v -0.010946 -0.052681 0.010924
v -0.010578 -0.049925 0.021351
v -0.010200 -0.045350 0.030858
v -0.020599 -0.047361 -0.020503
v -0.019743 -0.043148 -0.029543
v -0.021373 -0.049925 -0.010483
v -0.021703 -0.050794 0.000037
v -0.021373 -0.049925 0.010556
v -0.020599 -0.047361 0.020577
v -0.019743 -0.043148 0.029617
v -0.029639 -0.043148 -0.019648
v -0.028110 -0.039661 -0.028014
v -0.030880 -0.045350 -0.010104
v -0.031373 -0.046124 0.000037
v -0.030880 -0.045350 0.010178
v -0.029639 -0.043148 0.019721
v -0.028110 -0.039661 0.028087
v 0.027153 -0.034766 -0.034729
v 0.027153 -0.034766 0.034802
v 0.019214 -0.037223 0.037259
v 0.009907 -0.038957 0.038994
v -0.000059 -0.039603 0.039639
v -0.010025 -0.038957 0.038994
v -0.019332 -0.037223 0.037259
v -0.027271 -0.034766 0.034802
v -0.027271 -0.034766 -0.034729
v -0.019332 -0.037223 -0.037186
v -0.010025 -0.038957 -0.038921
v -0.000059 -0.039603 -0.039566
v 0.009907 -0.038957 -0.038921
v 0.019214 -0.037223 -0.037186
v -0.028110 0.028050 -0.039624
v -0.019743 0.029580 -0.043111
v -0.020599 0.020540 -0.047325
v -0.029639 0.019684 -0.043111
v -0.010200 0.030821 -0.045313
v -0.010578 0.021314 -0.049888
v -0.000059 0.031314 -0.046087
v -0.000059 0.021643 -0.050757
v 0.010082 0.030821 -0.045313
v 0.010460 0.021314 -0.049888
v 0.019625 0.029580 -0.043111
v 0.020481 0.020540 -0.047325
v 0.027992 0.028050 -0.039624
v 0.029521 0.019684 -0.043111
v -0.021373 0.010519 -0.049888
v -0.030880 0.010141 -0.045313
v -0.010946 0.010887 -0.052644
v -0.000059 0.011052 -0.053566
v 0.010829 0.010887 -0.052644
v 0.021255 0.010519 -0.049888
v 0.030762 0.010141 -0.045313
v -0.021703 -0.000000 -0.050757
v -0.031373 -0.000000 -0.046088
v -0.011111 -0.000000 -0.053566
v -0.000059 -0.000000 -0.054505
v 0.010993 -0.000000 -0.053566
v 0.021585 -0.000000 -0.050757
v 0.031255 -0.000000 -0.046087
v -0.021373 -0.010520 -0.049888
v -0.030880 -0.010141 -0.045313
v -0.010946 -0.010888 -0.052644
v -0.000059 -0.011052 -0.053566
v 0.010829 -0.010888 -0.052644
v 0.021255 -0.010520 -0.049888
v 0.030762 -0.010141 -0.045313
v -0.020599 -0.020540 -0.047325
v -0.029639 -0.019684 -0.043111
v -0.010578 -0.021314 -0.049888
v -0.000059 -0.021644 -0.050757
v 0.010460 -0.021314 -0.049888
v 0.020481 -0.020540 -0.047325
v 0.029521 -0.019684 -0.043111
v -0.019743 -0.029580 -0.043111
v -0.028110 -0.028051 -0.039624
v -0.010200 -0.030821 -0.045313
v -0.000059 -0.031314 -0.046088
v 0.010082 -0.030821 -0.045313
v 0.019625 -0.029580 -0.043111
v 0.027992 -0.028051 -0.039624
v 0.027992 0.028050 0.039697
v 0.019625 0.029580 0.043184
v 0.020481 0.020540 0.047398
v 0.029521 0.019684 0.043184
v 0.010082 0.030821 0.045386
v 0.010460 0.021314 0.049961
v -0.000059 0.031314 0.046161
v -0.000059 0.021643 0.050831
v -0.010200 0.030821 0.045386
v -0.010578 0.021314 0.049961
v -0.019743 0.029580 0.043184
v -0.020599 0.020540 0.047398
v -0.028110 0.028050 0.039697
v -0.029639 0.019684 0.043184
v 0.021255 0.010519 0.049961
v 0.030762 0.010141 0.045386
v 0.010829 0.010887 0.052717
v -0.000059 0.011052 0.053640
v -0.010946 0.010887 0.052717
v -0.021373 0.010519 0.049961
v -0.030880 0.010141 0.045386
v 0.021585 -0.000000 0.050831
v 0.031255 -0.000000 0.046161
v 0.010993 -0.000000 0.053640
v -0.000059 -0.000000 0.054578
v -0.011111 -0.000000 0.053640
v -0.021703 -0.000000 0.050831
v -0.031373 -0.000000 0.046161
v 0.021255 -0.010520 0.049961
v 0.030762 -0.010141 0.045386
v 0.010829 -0.010888 0.052717
v -0.000059 -0.011052 0.053640
v -0.010946 -0.010888 0.052717
v -0.021373 -0.010520 0.049961
v -0.030880 -0.010141 0.045386
v 0.020481 -0.020540 0.047398
v 0.029521 -0.019684 0.043184
v 0.010460 -0.021314 0.049961
v -0.000059 -0.021644 0.050831
v -0.010578 -0.021314 0.049961
v -0.020599 -0.020540 0.047398
v -0.029639 -0.019684 0.043184
v 0.019625 -0.029580 0.043184
v 0.027992 -0.028051 0.039697
v 0.010082 -0.030821 0.045386
v -0.000059 -0.031314 0.046161
v -0.010200 -0.030821 0.045386
v -0.019743 -0.029580 0.043184
v -0.028110 -0.028051 0.039697
vn -0.6864 -0.7105 -0.1547
vn -0.6895 -0.7136 -0.1236
vn -0.7910 -0.5987 -0.1259
vn -0.7881 -0.5950 -0.1576
vn -0.1447 0.9753 -0.1669
vn -0.1454 0.9804 -0.1327
vn -0.0487 0.9900 -0.1327
vn -0.0484 0.9848 -0.1669
vn 0.6260 -0.7646 -0.1534
vn 0.6301 -0.7667 -0.1226
vn 0.5819 -0.8040 -0.1226
vn 0.5764 -0.8026 -0.1534
vn 0.3999 -0.9027 -0.1590
vn 0.4053 -0.9053 -0.1271
vn 0.3270 -0.9362 -0.1287
vn 0.3234 -0.9324 -0.1612
vn -0.7923 0.5866 -0.1678
vn -0.7962 0.5903 -0.1329
vn -0.7345 0.6655 -0.1329
vn -0.7309 0.6615 -0.1677
vn -0.6624 0.7301 -0.1675
vn -0.6656 0.7344 -0.1329
vn -0.5905 0.7960 -0.1328
vn -0.5877 0.7916 -0.1674
vn 0.0484 0.9848 -0.1669
vn 0.0487 0.9900 -0.1327
vn 0.1454 0.9804 -0.1327
vn 0.1447 0.9753 -0.1669
vn -0.3234 -0.9324 -0.1612
vn -0.3270 -0.9362 -0.1287
vn -0.4053 -0.9053 -0.1271
vn -0.3999 -0.9027 -0.1590
vn 0.2284 -0.9598 -0.1632
vn 0.2305 -0.9643 -0.1301
vn 0.0889 -0.9873 -0.1314
vn 0.0883 -0.9824 -0.1649
vn -0.9570 0.2366 -0.1680
vn -0.9618 0.2390 -0.1334
vn -0.9336 0.3326 -0.1333
vn -0.9290 0.3297 -0.1681
vn -0.9777 -0.1304 -0.1644
vn -0.9825 -0.1323 -0.1313
vn -0.9902 -0.0458 -0.1323
vn -0.9851 -0.0452 -0.1658
vn -0.9849 0.0465 -0.1669
vn -0.9900 0.0471 -0.1330
vn -0.9807 0.1432 -0.1333
vn -0.9756 0.1416 -0.1676
vn 0.7881 -0.5950 -0.1576
vn 0.7910 -0.5987 -0.1259
vn 0.6895 -0.7136 -0.1236
vn 0.6864 -0.7105 -0.1547
vn -0.8919 0.4198 -0.1681
vn -0.8963 0.4231 -0.1332
vn -0.8503 0.5092 -0.1330
vn -0.8462 0.5057 -0.1680
vn -0.3323 0.9283 -0.1670
vn -0.3339 0.9332 -0.1328
vn -0.2409 0.9614 -0.1328
vn -0.2398 0.9564 -0.1669
vn -0.5072 0.8455 -0.1672
vn -0.5096 0.8501 -0.1328
vn -0.4238 0.8960 -0.1328
vn -0.4219 0.8911 -0.1671
vn 0.9647 0.1364 -0.2253
vn 0.9683 0.1390 -0.2076
vn 0.9774 0.0456 -0.2065
vn 0.9736 0.0446 -0.2239
vn 0.9756 0.1416 -0.1676
vn 0.9807 0.1432 -0.1333
vn 0.9900 0.0471 -0.1330
vn 0.9849 0.0465 -0.1669
vn 0.0481 0.9728 -0.2264
vn 0.0482 0.9772 -0.2069
vn 0.1439 0.9677 -0.2070
vn 0.1437 0.9634 -0.2264
vn 0.7309 0.6615 -0.1677
vn 0.7345 0.6655 -0.1329
vn 0.7962 0.5903 -0.1329
vn 0.7923 0.5866 -0.1678
vn -0.6574 0.7184 -0.2275
vn -0.6584 0.7233 -0.2083
vn -0.5842 0.7845 -0.2080
vn -0.5834 0.7797 -0.2273
vn 0.9851 -0.0452 -0.1658
vn 0.9902 -0.0458 -0.1323
vn 0.9825 -0.1323 -0.1313
vn 0.9777 -0.1304 -0.1644
vn -0.9466 -0.2790 -0.1615
vn -0.9507 -0.2821 -0.1290
vn -0.9688 -0.2110 -0.1301
vn -0.9644 -0.2084 -0.1629
vn -0.5036 0.8336 -0.2270
vn -0.5042 0.8383 -0.2077
vn -0.4194 0.8838 -0.2074
vn -0.4189 0.8792 -0.2268
vn 0.2398 0.9564 -0.1669
vn 0.2409 0.9614 -0.1328
vn 0.3339 0.9332 -0.1328
vn 0.3323 0.9283 -0.1670
vn -0.5764 -0.8026 -0.1534
vn -0.5819 -0.8040 -0.1226
vn -0.6302 -0.7667 -0.1226
vn -0.6260 -0.7646 -0.1534
vn 0.9551 -0.2010 -0.2176
vn 0.9580 -0.2046 -0.2010
vn 0.9407 -0.2746 -0.1993
vn 0.9382 -0.2706 -0.2156
vn 0.5834 0.7797 -0.2273
vn 0.5842 0.7845 -0.2080
vn 0.6584 0.7233 -0.2083
vn 0.6574 0.7184 -0.2275
vn 0.9644 -0.2084 -0.1629
vn 0.9688 -0.2110 -0.1301
vn 0.9507 -0.2821 -0.1290
vn 0.9466 -0.2790 -0.1615
vn -0.3300 0.9164 -0.2267
vn -0.3304 0.9208 -0.2072
vn -0.2383 0.9488 -0.2071
vn -0.2381 0.9445 -0.2265
vn -0.9675 -0.1252 -0.2198
vn -0.9708 -0.1278 -0.2030
vn -0.9778 -0.0442 -0.2049
vn -0.9741 -0.0433 -0.2220
vn -0.8792 -0.4489 -0.1594
vn -0.8826 -0.4525 -0.1274
vn -0.9271 -0.3522 -0.1281
vn -0.9234 -0.3488 -0.1604
vn 0.9157 -0.3399 -0.2141
vn 0.9179 -0.3441 -0.1979
vn 0.8743 -0.4437 -0.1968
vn 0.8726 -0.4395 -0.2129
vn -0.9736 0.0446 -0.2239
vn -0.9774 0.0456 -0.2065
vn -0.9683 0.1390 -0.2076
vn -0.9647 0.1364 -0.2253
vn -0.0883 -0.9824 -0.1649
vn -0.0889 -0.9873 -0.1314
vn -0.2305 -0.9643 -0.1301
vn -0.2284 -0.9598 -0.1632
vn 0.5877 0.7916 -0.1674
vn 0.5905 0.7960 -0.1328
vn 0.6656 0.7344 -0.1329
vn 0.6624 0.7301 -0.1675
vn 0.7250 0.6500 -0.2277
vn 0.7263 0.6550 -0.2085
vn 0.7871 0.5804 -0.2088
vn 0.7855 0.5754 -0.2278
vn 0.4219 0.8911 -0.1671
vn 0.4238 0.8960 -0.1328
vn 0.5096 0.8501 -0.1328
vn 0.5072 0.8455 -0.1672
vn -0.9466 0.2297 -0.2263
vn -0.9499 0.2330 -0.2083
vn -0.9223 0.3253 -0.2087
vn -0.9192 0.3216 -0.2270
vn 0.9290 0.3297 -0.1681
vn 0.9336 0.3326 -0.1333
vn 0.9618 0.2390 -0.1334
vn 0.9570 0.2366 -0.1680
vn 0.7825 -0.5860 -0.2105
vn 0.7839 -0.5896 -0.1945
vn 0.6818 -0.7062 -0.1909
vn 0.6790 -0.7045 -0.2065
vn 0.5241 -0.8375 -0.1546
vn 0.5310 -0.8383 -0.1236
vn 0.4730 -0.8721 -0.1253
vn 0.4660 -0.8708 -0.1566
vn 0.9192 0.3216 -0.2270
vn 0.9223 0.3253 -0.2087
vn 0.9499 0.2330 -0.2083
vn 0.9466 0.2297 -0.2263
vn 0.9234 -0.3488 -0.1604
vn 0.9271 -0.3522 -0.1281
vn 0.8826 -0.4525 -0.1274
vn 0.8792 -0.4489 -0.1594
vn 0.4189 0.8792 -0.2268
vn 0.4194 0.8838 -0.2074
vn 0.5042 0.8383 -0.2077
vn 0.5036 0.8336 -0.2270
vn 0.8462 0.5057 -0.1680
vn 0.8503 0.5092 -0.1330
vn 0.8963 0.4231 -0.1332
vn 0.8919 0.4198 -0.1681
vn -0.7855 0.5754 -0.2278
vn -0.7871 0.5804 -0.2088
vn -0.7263 0.6550 -0.2085
vn -0.7250 0.6500 -0.2277
vn -0.4660 -0.8708 -0.1566
vn -0.4730 -0.8721 -0.1253
vn -0.5310 -0.8383 -0.1236
vn -0.5241 -0.8375 -0.1546
vn -0.9700 -0.1220 -0.2104
vn -0.9684 -0.1233 -0.2166
vn -0.9748 -0.0426 -0.2189
vn -0.9762 -0.0420 -0.2130
vn -0.9382 -0.2706 -0.2156
vn -0.9407 -0.2746 -0.1993
vn -0.9580 -0.2046 -0.2010
vn -0.9551 -0.2010 -0.2176
vn 0.9741 -0.0433 -0.2220
vn 0.9778 -0.0442 -0.2049
vn 0.9708 -0.1278 -0.2030
vn 0.9675 -0.1252 -0.2198
vn 0.9581 -0.1968 -0.2081
vn 0.9564 -0.1985 -0.2142
vn 0.9398 -0.2679 -0.2123
vn 0.9417 -0.2661 -0.2061
vn -0.6615 0.7154 -0.2251
vn -0.6594 0.7164 -0.2280
vn -0.5853 0.7781 -0.2281
vn -0.5874 0.7773 -0.2256
vn 0.6142 -0.7621 -0.2047
vn 0.6197 -0.7617 -0.1892
vn 0.5680 -0.8010 -0.1893
vn 0.5597 -0.8030 -0.2046
vn -0.9417 -0.2661 -0.2061
vn -0.9398 -0.2679 -0.2122
vn -0.9564 -0.1985 -0.2142
vn -0.9581 -0.1968 -0.2081
vn 0.2400 0.9440 -0.2264
vn 0.2389 0.9439 -0.2282
vn 0.3312 0.9156 -0.2282
vn 0.3326 0.9155 -0.2263
vn -0.3079 -0.9267 -0.2153
vn -0.3165 -0.9275 -0.1990
vn -0.3905 -0.8995 -0.1960
vn -0.3793 -0.9007 -0.2118
vn 0.9762 -0.0420 -0.2130
vn 0.9748 -0.0426 -0.2189
vn 0.9684 -0.1233 -0.2166
vn 0.9700 -0.1220 -0.2104
vn 0.3590 -0.9115 -0.2010
vn 0.3685 -0.9061 -0.2079
vn 0.2991 -0.9305 -0.2115
vn 0.2906 -0.9347 -0.2045
vn 0.5029 -0.8394 -0.2060
vn 0.5138 -0.8365 -0.1906
vn 0.4552 -0.8692 -0.1930
vn 0.4432 -0.8718 -0.2086
vn -0.1437 0.9634 -0.2264
vn -0.1439 0.9677 -0.2070
vn -0.0482 0.9772 -0.2069
vn -0.0481 0.9728 -0.2264
vn -0.7894 0.5717 -0.2237
vn -0.7874 0.5730 -0.2274
vn -0.7270 0.6477 -0.2277
vn -0.7291 0.6465 -0.2245
vn -0.8830 0.4105 -0.2275
vn -0.8856 0.4147 -0.2089
vn -0.8405 0.4999 -0.2089
vn -0.8384 0.4952 -0.2277
vn 0.0485 0.9728 -0.2264
vn 0.0483 0.9724 -0.2281
vn 0.1442 0.9629 -0.2281
vn 0.1449 0.9632 -0.2264
vn 0.2203 -0.9507 -0.2184
vn 0.2247 -0.9533 -0.2017
vn 0.0873 -0.9751 -0.2038
vn 0.0862 -0.9715 -0.2207
vn 0.4868 -0.8512 -0.1959
vn 0.4939 -0.8456 -0.2023
vn 0.4326 -0.8780 -0.2047
vn 0.4240 -0.8838 -0.1980
vn -0.0862 -0.9715 -0.2207
vn -0.0873 -0.9751 -0.2038
vn -0.2247 -0.9533 -0.2017
vn -0.2203 -0.9507 -0.2184
vn -0.8864 0.4063 -0.2217
vn -0.8845 0.4081 -0.2262
vn -0.8400 0.4928 -0.2268
vn -0.8420 0.4914 -0.2227
vn 0.8384 0.4952 -0.2277
vn 0.8405 0.4999 -0.2089
vn 0.8856 0.4147 -0.2089
vn 0.8830 0.4105 -0.2275
vn 0.6080 -0.7695 -0.1953
vn 0.6108 -0.7658 -0.2013
vn 0.5534 -0.8083 -0.2011
vn 0.5483 -0.8132 -0.1950
vn -0.4432 -0.8718 -0.2086
vn -0.4552 -0.8692 -0.1930
vn -0.5138 -0.8365 -0.1906
vn -0.5029 -0.8394 -0.2060
vn -0.9494 0.2251 -0.2192
vn -0.9477 0.2273 -0.2242
vn -0.9205 0.3192 -0.2253
vn -0.9224 0.3172 -0.2205
vn -0.5597 -0.8030 -0.2046
vn -0.5680 -0.8010 -0.1893
vn -0.6197 -0.7617 -0.1892
vn -0.6142 -0.7621 -0.2047
vn 0.7856 -0.5852 -0.2011
vn 0.7840 -0.5852 -0.2071
vn 0.6785 -0.7059 -0.2032
vn 0.6782 -0.7079 -0.1972
vn 0.3793 -0.9007 -0.2118
vn 0.3905 -0.8995 -0.1960
vn 0.3165 -0.9275 -0.1990
vn 0.3079 -0.9267 -0.2153
vn -0.9756 0.0433 -0.2154
vn -0.9743 0.0438 -0.2211
vn -0.9655 0.1344 -0.2229
vn -0.9670 0.1327 -0.2175
vn -0.8726 -0.4395 -0.2129
vn -0.8743 -0.4437 -0.1968
vn -0.9179 -0.3441 -0.1979
vn -0.9157 -0.3399 -0.2141
vn 0.9194 -0.3358 -0.2046
vn 0.9174 -0.3375 -0.2107
vn 0.8745 -0.4375 -0.2095
vn 0.8765 -0.4363 -0.2034
vn 0.2381 0.9445 -0.2265
vn 0.2383 0.9488 -0.2071
vn 0.3304 0.9208 -0.2072
vn 0.3300 0.9164 -0.2267
vn -0.6790 -0.7045 -0.2065
vn -0.6818 -0.7062 -0.1909
vn -0.7839 -0.5896 -0.1945
vn -0.7825 -0.5860 -0.2105
vn -0.2906 -0.9347 -0.2045
vn -0.2991 -0.9305 -0.2115
vn -0.3685 -0.9061 -0.2079
vn -0.3590 -0.9115 -0.2010
vn -0.6782 -0.7079 -0.1972
vn -0.6785 -0.7059 -0.2032
vn -0.7840 -0.5852 -0.2071
vn -0.7856 -0.5852 -0.2011
vn -0.8765 -0.4363 -0.2034
vn -0.8745 -0.4375 -0.2095
vn -0.9174 -0.3375 -0.2107
vn -0.9194 -0.3358 -0.2046
vn 0.9224 0.3172 -0.2205
vn 0.9205 0.3192 -0.2253
vn 0.9477 0.2273 -0.2242
vn 0.9494 0.2251 -0.2192
vn -0.3162 0.0475 -0.9475
vn -0.0410 0.0123 -0.9991
vn -0.0485 0.0246 -0.9985
vn -0.3277 0.0245 -0.9445
vn -0.3326 0.9155 -0.2263
vn -0.3312 0.9156 -0.2282
vn -0.2389 0.9439 -0.2282
vn -0.2400 0.9440 -0.2264
vn -0.5483 -0.8132 -0.1951
vn -0.5534 -0.8083 -0.2011
vn -0.6108 -0.7658 -0.2013
vn -0.6080 -0.7695 -0.1953
vn 0.3192 -0.0803 -0.9443
vn 0.0563 0.0059 -0.9984
vn 0.0437 -0.0024 -0.9990
vn 0.3175 -0.0597 -0.9464
vn -0.3175 -0.0597 -0.9464
vn -0.0437 -0.0024 -0.9990
vn -0.0563 0.0059 -0.9984
vn -0.3192 -0.0803 -0.9443
vn 0.5874 0.7773 -0.2256
vn 0.5853 0.7781 -0.2281
vn 0.6594 0.7164 -0.2280
vn 0.6615 0.7154 -0.2251
vn 0.8420 0.4914 -0.2227
vn 0.8400 0.4928 -0.2268
vn 0.8845 0.4081 -0.2262
vn 0.8864 0.4063 -0.2217
vn 0.3204 -0.0448 -0.9462
vn 0.0418 -0.0118 -0.9991
vn 0.0504 -0.0244 -0.9984
vn 0.3299 -0.0241 -0.9437
vn -0.2999 -0.1210 -0.9463
vn -0.0358 -0.0365 -0.9987
vn -0.0326 -0.0241 -0.9992
vn -0.2756 -0.1435 -0.9505
vn -0.0828 -0.9740 -0.2109
vn -0.0848 -0.9724 -0.2174
vn -0.2155 -0.9526 -0.2148
vn -0.2098 -0.9553 -0.2081
vn -0.4240 -0.8838 -0.1980
vn -0.4326 -0.8780 -0.2047
vn -0.4939 -0.8456 -0.2023
vn -0.4869 -0.8512 -0.1959
vn 0.3277 0.0245 -0.9445
vn 0.0485 0.0246 -0.9985
vn 0.0410 0.0123 -0.9991
vn 0.3162 0.0475 -0.9475
vn -0.2516 -0.1752 -0.9518
vn -0.0380 -0.0175 -0.9991
vn -0.0538 -0.0142 -0.9985
vn -0.2308 -0.2127 -0.9495
vn -0.5072 0.8317 -0.2259
vn -0.5053 0.8322 -0.2282
vn -0.4204 0.8782 -0.2282
vn -0.4221 0.8779 -0.2261
vn -0.1449 0.9632 -0.2264
vn -0.1442 0.9629 -0.2281
vn -0.0483 0.9724 -0.2281
vn -0.0485 0.9728 -0.2264
vn 0.3118 0.0658 -0.9479
vn 0.0435 0.0026 -0.9991
vn 0.0568 -0.0067 -0.9984
vn 0.3112 0.0921 -0.9459
vn -0.1903 -0.2538 -0.9483
vn -0.0104 -0.0533 -0.9985
vn -0.0171 -0.0376 -0.9991
vn -0.1708 -0.2619 -0.9499
vn 0.4221 0.8779 -0.2261
vn 0.4204 0.8782 -0.2282
vn 0.5053 0.8322 -0.2282
vn 0.5072 0.8317 -0.2259
vn -0.3299 -0.0241 -0.9437
vn -0.0504 -0.0244 -0.9984
vn -0.0418 -0.0118 -0.9991
vn -0.3204 -0.0448 -0.9462
vn 0.9670 0.1327 -0.2175
vn 0.9655 0.1344 -0.2229
vn 0.9743 0.0438 -0.2211
vn 0.9756 0.0433 -0.2154
vn 0.2883 0.1415 -0.9470
vn 0.0335 0.0415 -0.9986
vn 0.0322 0.0266 -0.9991
vn 0.2686 0.1604 -0.9498
vn 0.7291 0.6465 -0.2245
vn 0.7270 0.6477 -0.2277
vn 0.7874 0.5730 -0.2274
vn 0.7894 0.5717 -0.2237
vn -0.1605 -0.2706 -0.9492
vn -0.0277 -0.0314 -0.9991
vn -0.0446 -0.0333 -0.9985
vn -0.1466 -0.2879 -0.9464
vn -0.0995 -0.3065 -0.9467
vn 0.0086 -0.0543 -0.9985
vn -0.0024 -0.0413 -0.9991
vn -0.0777 -0.3029 -0.9498
vn -0.0278 0.3111 -0.9500
vn -0.0285 0.0463 -0.9985
vn -0.0139 0.0387 -0.9992
vn -0.0521 0.3008 -0.9523
vn 0.2308 -0.2127 -0.9495
vn 0.0538 -0.0142 -0.9985
vn 0.0380 -0.0175 -0.9991
vn 0.2516 -0.1752 -0.9518
vn 0.2577 0.1763 -0.9500
vn 0.0387 0.0180 -0.9991
vn 0.0547 0.0139 -0.9984
vn 0.2474 0.2007 -0.9479
vn 0.2756 -0.1435 -0.9505
vn 0.0326 -0.0241 -0.9992
vn 0.0358 -0.0365 -0.9987
vn 0.2999 -0.1210 -0.9463
vn 0.2098 -0.9553 -0.2081
vn 0.2155 -0.9526 -0.2148
vn 0.0848 -0.9724 -0.2174
vn 0.0828 -0.9740 -0.2109
vn -0.3112 0.0921 -0.9459
vn -0.0568 -0.0067 -0.9984
vn -0.0435 0.0026 -0.9991
vn -0.3118 0.0658 -0.9479
vn 0.1708 -0.2619 -0.9499
vn 0.0171 -0.0376 -0.9991
vn 0.0104 -0.0533 -0.9985
vn 0.1903 -0.2538 -0.9483
vn -0.2685 0.1604 -0.9498
vn -0.0322 0.0266 -0.9991
vn -0.0335 0.0415 -0.9986
vn -0.2883 0.1415 -0.9470
vn 0.1466 -0.2879 -0.9464
vn 0.0446 -0.0333 -0.9985
vn 0.0277 -0.0314 -0.9991
vn 0.1605 -0.2706 -0.9492
vn 0.0521 0.3008 -0.9523
vn 0.0139 0.0387 -0.9992
vn 0.0285 0.0463 -0.9985
vn 0.0278 0.3111 -0.9500
vn -0.2474 0.2007 -0.9479
vn -0.0547 0.0139 -0.9984
vn -0.0387 0.0180 -0.9991
vn -0.2577 0.1763 -0.9500
vn 0.0777 -0.3029 -0.9498
vn 0.0024 -0.0413 -0.9991
vn -0.0086 -0.0543 -0.9985
vn 0.0995 -0.3065 -0.9467
vn 0.0968 0.2975 -0.9498
vn -0.0080 0.0530 -0.9986
vn 0.0025 0.0408 -0.9992
vn 0.0703 0.2972 -0.9522
vn -0.1825 0.2482 -0.9514
vn -0.0186 0.0366 -0.9992
vn -0.0136 0.0516 -0.9986
vn -0.2074 0.2385 -0.9487
vn 0.0342 -0.3127 -0.9492
vn 0.0291 -0.0462 -0.9985
vn 0.0144 -0.0388 -0.9991
vn 0.0632 -0.3035 -0.9507
vn 0.1669 0.2584 -0.9515
vn 0.0283 0.0307 -0.9991
vn 0.0448 0.0326 -0.9985
vn 0.1483 0.2771 -0.9493
vn -0.1483 0.2771 -0.9493
vn -0.0448 0.0326 -0.9985
vn -0.0283 0.0307 -0.9991
vn -0.1669 0.2584 -0.9515
vn -0.0632 -0.3035 -0.9507
vn -0.0144 -0.0388 -0.9991
vn -0.0291 -0.0462 -0.9985
vn -0.0342 -0.3127 -0.9492
vn 0.2074 0.2385 -0.9487
vn 0.0136 0.0516 -0.9986
vn 0.0186 0.0366 -0.9992
vn 0.1825 0.2482 -0.9514
vn -0.0703 0.2972 -0.9522
vn -0.0025 0.0408 -0.9992
vn 0.0080 0.0530 -0.9986
vn -0.0968 0.2975 -0.9498
vn -0.0000 -0.0000 -1.0000
vn 0.9708 -0.2126 -0.1111
vn 0.9731 -0.2138 -0.0861
vn 0.9546 -0.2854 -0.0853
vn 0.9525 -0.2839 -0.1102
vn -0.4769 -0.8724 -0.1072
vn -0.4797 -0.8735 -0.0830
vn -0.5378 -0.8391 -0.0818
vn -0.5349 -0.8383 -0.1057
vn 0.6322 -0.7677 -0.1047
vn 0.6340 -0.7690 -0.0811
vn 0.5872 -0.8054 -0.0811
vn 0.5849 -0.8043 -0.1048
vn 0.9830 0.1441 -0.1136
vn 0.9856 0.1448 -0.0877
vn 0.9950 0.0477 -0.0876
vn 0.9924 0.0474 -0.1134
vn 0.9357 0.3341 -0.1135
vn 0.9381 0.3352 -0.0874
vn 0.9665 0.2413 -0.0875
vn 0.9640 0.2403 -0.1136
vn -0.6672 0.7362 -0.1132
vn -0.6690 0.7381 -0.0875
vn -0.5935 0.8001 -0.0875
vn -0.5919 0.7980 -0.1132
vn 0.2415 0.9638 -0.1132
vn 0.2421 0.9663 -0.0875
vn 0.3356 0.9379 -0.0875
vn 0.3347 0.9355 -0.1132
vn -0.1457 0.9828 -0.1132
vn -0.1461 0.9854 -0.0875
vn -0.0489 0.9950 -0.0875
vn -0.0488 0.9924 -0.1132
vn -0.9525 -0.2839 -0.1102
vn -0.9546 -0.2854 -0.0853
vn -0.9731 -0.2138 -0.0861
vn -0.9708 -0.2126 -0.1111
vn 0.5919 0.7980 -0.1132
vn 0.5935 0.8001 -0.0875
vn 0.6690 0.7381 -0.0875
vn 0.6672 0.7362 -0.1132
vn -0.0892 -0.9897 -0.1121
vn -0.0894 -0.9922 -0.0867
vn -0.2320 -0.9689 -0.0859
vn -0.2313 -0.9665 -0.1110
vn -0.8983 0.4246 -0.1133
vn -0.9006 0.4258 -0.0874
vn -0.8545 0.5120 -0.0874
vn -0.8523 0.5107 -0.1132
vn 0.9288 -0.3541 -0.1094
vn 0.9308 -0.3556 -0.0847
vn 0.8859 -0.4562 -0.0842
vn 0.8841 -0.4545 -0.1088
vn 0.8523 0.5107 -0.1132
vn 0.8545 0.5120 -0.0874
vn 0.9006 0.4258 -0.0874
vn 0.8983 0.4246 -0.1133
vn -0.9640 0.2403 -0.1136
vn -0.9665 0.2413 -0.0875
vn -0.9381 0.3352 -0.0874
vn -0.9357 0.3341 -0.1135
vn 0.7362 0.6672 -0.1132
vn 0.7382 0.6689 -0.0875
vn 0.8002 0.5934 -0.0874
vn 0.7980 0.5919 -0.1132
vn 0.4081 -0.9065 -0.1087
vn 0.4100 -0.9082 -0.0842
vn 0.3298 -0.9402 -0.0851
vn 0.3286 -0.9380 -0.1099
vn -0.9847 -0.1334 -0.1121
vn -0.9871 -0.1342 -0.0868
vn -0.9951 -0.0465 -0.0874
vn -0.9925 -0.0462 -0.1129
vn -0.3286 -0.9380 -0.1099
vn -0.3298 -0.9402 -0.0851
vn -0.4100 -0.9082 -0.0842
vn -0.4081 -0.9065 -0.1087
vn 0.4248 0.8982 -0.1132
vn 0.4260 0.9005 -0.0875
vn 0.5121 0.8545 -0.0875
vn 0.5108 0.8522 -0.1132
vn 0.7922 -0.6007 -0.1076
vn 0.7938 -0.6025 -0.0833
vn 0.6925 -0.7168 -0.0818
vn 0.6910 -0.7151 -0.1056
vn -0.5108 0.8522 -0.1132
vn -0.5121 0.8545 -0.0875
vn -0.4260 0.9005 -0.0875
vn -0.4248 0.8982 -0.1132
vn -0.8841 -0.4545 -0.1088
vn -0.8859 -0.4562 -0.0842
vn -0.9308 -0.3556 -0.0847
vn -0.9288 -0.3541 -0.1094
vn 0.9925 -0.0462 -0.1129
vn 0.9951 -0.0465 -0.0874
vn 0.9871 -0.1342 -0.0868
vn 0.9847 -0.1334 -0.1121
vn -0.5849 -0.8043 -0.1048
vn -0.5872 -0.8054 -0.0811
vn -0.6340 -0.7690 -0.0811
vn -0.6322 -0.7677 -0.1047
vn 0.0488 0.9924 -0.1132
vn 0.0489 0.9950 -0.0875
vn 0.1461 0.9854 -0.0875
vn 0.1458 0.9828 -0.1132
vn -0.3347 0.9355 -0.1132
vn -0.3356 0.9379 -0.0875
vn -0.2421 0.9663 -0.0875
vn -0.2415 0.9638 -0.1132
vn -0.6910 -0.7151 -0.1056
vn -0.6925 -0.7168 -0.0818
vn -0.7938 -0.6025 -0.0833
vn -0.7922 -0.6007 -0.1076
vn 0.2313 -0.9665 -0.1110
vn 0.2320 -0.9689 -0.0859
vn 0.0894 -0.9922 -0.0867
vn 0.0892 -0.9897 -0.1121
vn -0.7980 0.5919 -0.1132
vn -0.8001 0.5934 -0.0874
vn -0.7382 0.6689 -0.0875
vn -0.7362 0.6672 -0.1132
vn -0.9924 0.0474 -0.1134
vn -0.9950 0.0477 -0.0876
vn -0.9856 0.1448 -0.0877
vn -0.9830 0.1441 -0.1136
vn 0.5349 -0.8383 -0.1057
vn 0.5378 -0.8391 -0.0818
vn 0.4797 -0.8735 -0.0830
vn 0.4769 -0.8724 -0.1072
vn -0.3307 -0.9425 -0.0473
vn -0.3310 -0.9434 0.0199
vn -0.4119 -0.9110 0.0197
vn -0.4115 -0.9102 -0.0468
vn -0.8024 0.5948 -0.0480
vn -0.8033 0.5951 0.0230
vn -0.7411 0.6710 0.0229
vn -0.7402 0.6706 -0.0481
vn 0.7955 -0.6042 -0.0464
vn 0.7960 -0.6050 0.0187
vn 0.6944 -0.7193 0.0187
vn 0.6941 -0.7185 -0.0455
vn -0.8879 -0.4577 -0.0469
vn -0.8886 -0.4583 0.0188
vn -0.9338 -0.3574 0.0190
vn -0.9329 -0.3569 -0.0472
vn -0.9977 0.0479 -0.0486
vn -0.9986 0.0480 0.0208
vn -0.9891 0.1456 0.0216
vn -0.9882 0.1453 -0.0483
vn -0.6941 -0.7185 -0.0455
vn -0.6944 -0.7193 0.0187
vn -0.7960 -0.6050 0.0187
vn -0.7955 -0.6042 -0.0464
vn 0.2327 -0.9714 -0.0477
vn 0.2329 -0.9723 0.0201
vn 0.0898 -0.9958 0.0203
vn 0.0897 -0.9948 -0.0482
vn -0.4818 -0.8751 -0.0462
vn -0.4824 -0.8757 0.0194
vn -0.5407 -0.8410 0.0191
vn -0.5400 -0.8404 -0.0455
vn 0.9755 -0.2148 -0.0480
vn 0.9764 -0.2153 0.0193
vn 0.9577 -0.2871 0.0191
vn 0.9569 -0.2866 -0.0476
vn 0.6357 -0.7706 -0.0451
vn 0.6362 -0.7713 0.0188
vn 0.5897 -0.8074 0.0189
vn 0.5891 -0.8068 -0.0451
vn -0.1465 0.9880 -0.0484
vn -0.1467 0.9889 0.0220
vn -0.0491 0.9986 0.0220
vn -0.0491 0.9976 -0.0484
vn 0.9406 0.3360 -0.0478
vn 0.9416 0.3361 0.0228
vn 0.9700 0.2421 0.0223
vn 0.9691 0.2420 -0.0480
vn -0.9691 0.2420 -0.0480
vn -0.9700 0.2421 0.0223
vn -0.9416 0.3361 0.0228
vn -0.9406 0.3360 -0.0478
vn -0.6708 0.7400 -0.0482
vn -0.6717 0.7405 0.0227
vn -0.5958 0.8028 0.0226
vn -0.5951 0.8022 -0.0483
vn -0.5891 -0.8068 -0.0451
vn -0.5897 -0.8074 0.0189
vn -0.6362 -0.7713 0.0188
vn -0.6357 -0.7706 -0.0451
vn -0.9569 -0.2866 -0.0476
vn -0.9577 -0.2871 0.0191
vn -0.9764 -0.2153 0.0193
vn -0.9755 -0.2148 -0.0480
vn 0.5400 -0.8404 -0.0455
vn 0.5407 -0.8410 0.0191
vn 0.4824 -0.8757 0.0194
vn 0.4818 -0.8751 -0.0462
vn -0.0897 -0.9948 -0.0482
vn -0.0898 -0.9958 0.0203
vn -0.2329 -0.9723 0.0201
vn -0.2327 -0.9714 -0.0477
vn 0.9882 0.1453 -0.0483
vn 0.9891 0.1456 0.0216
vn 0.9986 0.0480 0.0208
vn 0.9977 0.0479 -0.0486
vn 0.9329 -0.3569 -0.0472
vn 0.9338 -0.3574 0.0190
vn 0.8886 -0.4583 0.0188
vn 0.8879 -0.4577 -0.0469
vn 0.2427 0.9689 -0.0484
vn 0.2430 0.9698 0.0221
vn 0.3369 0.9413 0.0222
vn 0.3365 0.9404 -0.0484
vn 0.7402 0.6706 -0.0481
vn 0.7411 0.6710 0.0229
vn 0.8033 0.5951 0.0230
vn 0.8024 0.5948 -0.0480
vn 0.5951 0.8022 -0.0483
vn 0.5958 0.8028 0.0226
vn 0.6717 0.7405 0.0227
vn 0.6708 0.7400 -0.0482
vn -0.9897 -0.1349 -0.0484
vn -0.9906 -0.1352 0.0197
vn -0.9987 -0.0468 0.0202
vn -0.9977 -0.0467 -0.0486
vn 0.4271 0.9029 -0.0484
vn 0.4276 0.9037 0.0223
vn 0.5141 0.8574 0.0224
vn 0.5135 0.8567 -0.0484
vn -0.9031 0.4268 -0.0478
vn -0.9040 0.4268 0.0230
vn -0.8579 0.5133 0.0230
vn -0.8569 0.5132 -0.0479
vn -0.5135 0.8567 -0.0484
vn -0.5141 0.8574 0.0224
vn -0.4276 0.9037 0.0223
vn -0.4271 0.9029 -0.0484
vn 0.9977 -0.0467 -0.0486
vn 0.9987 -0.0468 0.0202
vn 0.9906 -0.1352 0.0197
vn 0.9897 -0.1349 -0.0484
vn 0.8569 0.5132 -0.0479
vn 0.8579 0.5133 0.0230
vn 0.9040 0.4268 0.0230
vn 0.9031 0.4268 -0.0478
vn 0.0491 0.9976 -0.0484
vn 0.0491 0.9986 0.0220
vn 0.1467 0.9889 0.0220
vn 0.1465 0.9880 -0.0484
vn -0.3365 0.9404 -0.0484
vn -0.3369 0.9413 0.0222
vn -0.2430 0.9698 0.0221
vn -0.2427 0.9689 -0.0484
vn 0.4115 -0.9102 -0.0468
vn 0.4119 -0.9110 0.0197
vn 0.3310 -0.9434 0.0199
vn 0.3307 -0.9425 -0.0473
vn 0.9699 -0.2137 0.1171
vn 0.9453 -0.2077 0.2514
vn 0.9279 -0.2773 0.2491
vn 0.9515 -0.2850 0.1158
vn 0.6319 -0.7670 0.1116
vn 0.6163 -0.7504 0.2389
vn 0.5706 -0.7856 0.2394
vn 0.5856 -0.8029 0.1118
vn -0.1457 0.9813 0.1254
vn -0.1417 0.9527 0.2687
vn -0.0474 0.9621 0.2687
vn -0.0488 0.9909 0.1254
vn 0.9345 0.3331 0.1253
vn 0.9085 0.3232 0.2651
vn 0.9361 0.2330 0.2635
vn 0.9628 0.2401 0.1243
vn -0.9628 0.2401 0.1243
vn -0.9361 0.2330 0.2635
vn -0.9085 0.3232 0.2651
vn -0.9345 0.3331 0.1252
vn -0.6669 0.7344 0.1266
vn -0.6482 0.7125 0.2688
vn -0.5751 0.7726 0.2690
vn -0.5916 0.7962 0.1264
vn -0.5856 -0.8029 0.1118
vn -0.5706 -0.7856 0.2394
vn -0.6163 -0.7504 0.2389
vn -0.6319 -0.7670 0.1116
vn -0.9515 -0.2850 0.1158
vn -0.9279 -0.2773 0.2491
vn -0.9453 -0.2077 0.2514
vn -0.9699 -0.2137 0.1171
vn 0.5364 -0.8364 0.1128
vn 0.5215 -0.8183 0.2414
vn 0.4646 -0.8511 0.2446
vn 0.4784 -0.8706 0.1144
vn -0.0891 -0.9888 0.1197
vn -0.0867 -0.9628 0.2558
vn -0.2250 -0.9408 0.2535
vn -0.2312 -0.9657 0.1185
vn 0.9818 0.1444 0.1230
vn 0.9549 0.1402 0.2616
vn 0.9647 0.0463 0.2594
vn 0.9914 0.0477 0.1216
vn 0.9278 -0.3550 0.1149
vn 0.9051 -0.3458 0.2474
vn 0.8615 -0.4442 0.2461
vn 0.8829 -0.4555 0.1142
vn 0.2414 0.9623 0.1256
vn 0.2347 0.9342 0.2688
vn 0.3253 0.9066 0.2689
vn 0.3346 0.9339 0.1257
vn 0.7358 0.6653 0.1266
vn 0.7151 0.6454 0.2686
vn 0.7750 0.5723 0.2681
vn 0.7975 0.5899 0.1266
vn 0.5916 0.7962 0.1264
vn 0.5751 0.7726 0.2690
vn 0.6482 0.7125 0.2688
vn 0.6669 0.7344 0.1266
vn -0.9838 -0.1342 0.1185
vn -0.9584 -0.1304 0.2540
vn -0.9654 -0.0451 0.2568
vn -0.9917 -0.0465 0.1200
vn 0.4247 0.8965 0.1259
vn 0.4129 0.8702 0.2689
vn 0.4964 0.8254 0.2690
vn 0.5106 0.8505 0.1262
vn -0.8973 0.4230 0.1259
vn -0.8721 0.4104 0.2663
vn -0.8276 0.4936 0.2673
vn -0.8515 0.5088 0.1263
vn -0.5106 0.8505 0.1262
vn -0.4964 0.8254 0.2690
vn -0.4129 0.8702 0.2689
vn -0.4247 0.8965 0.1259
vn 0.9917 -0.0465 0.1200
vn 0.9654 -0.0451 0.2568
vn 0.9584 -0.1304 0.2540
vn 0.9838 -0.1342 0.1185
vn 0.8515 0.5088 0.1263
vn 0.8276 0.4936 0.2673
vn 0.8721 0.4104 0.2663
vn 0.8973 0.4230 0.1259
vn 0.0488 0.9909 0.1254
vn 0.0474 0.9621 0.2687
vn 0.1417 0.9527 0.2687
vn 0.1457 0.9813 0.1254
vn -0.3346 0.9339 0.1257
vn -0.3253 0.9066 0.2689
vn -0.2347 0.9342 0.2688
vn -0.2414 0.9623 0.1256
vn 0.4087 -0.9052 0.1160
vn 0.3972 -0.8836 0.2479
vn 0.3197 -0.9137 0.2508
vn 0.3287 -0.9371 0.1173
vn -0.3287 -0.9371 0.1173
vn -0.3197 -0.9137 0.2508
vn -0.3972 -0.8836 0.2479
vn -0.4087 -0.9052 0.1160
vn -0.7975 0.5899 0.1266
vn -0.7750 0.5723 0.2681
vn -0.7151 0.6454 0.2686
vn -0.7358 0.6653 0.1266
vn 0.7907 -0.6017 0.1132
vn 0.7714 -0.5878 0.2437
vn 0.6727 -0.6999 0.2401
vn 0.6896 -0.7155 0.1119
vn -0.8829 -0.4555 0.1142
vn -0.8615 -0.4442 0.2461
vn -0.9051 -0.3458 0.2474
vn -0.9278 -0.3550 0.1149
vn -0.9914 0.0477 0.1216
vn -0.9647 0.0463 0.2594
vn -0.9549 0.1402 0.2616
vn -0.9818 0.1444 0.1230
vn -0.6896 -0.7155 0.1119
vn -0.6727 -0.6999 0.2401
vn -0.7714 -0.5878 0.2437
vn -0.7907 -0.6017 0.1132
vn 0.2312 -0.9657 0.1185
vn 0.2250 -0.9408 0.2535
vn 0.0867 -0.9628 0.2558
vn 0.0891 -0.9888 0.1197
vn -0.4784 -0.8706 0.1144
vn -0.4646 -0.8511 0.2446
vn -0.5215 -0.8183 0.2414
vn -0.5364 -0.8364 0.1128
vn -0.5409 -0.7511 0.3785
vn -0.5114 -0.7202 0.4689
vn -0.5561 -0.6868 0.4680
vn -0.5857 -0.7171 0.3778
vn -0.8811 -0.2621 0.3936
vn -0.8378 -0.2477 0.4866
vn -0.8520 -0.1848 0.4899
vn -0.8968 -0.1960 0.3966
vn 0.4925 -0.7823 0.3814
vn 0.4635 -0.7498 0.4722
vn 0.4108 -0.7770 0.4770
vn 0.4377 -0.8121 0.3859
vn -0.0820 -0.9117 0.4025
vn -0.0774 -0.8645 0.4967
vn -0.2003 -0.8469 0.4926
vn -0.2126 -0.8919 0.3990
vn 0.9024 0.1319 0.4103
vn 0.8538 0.1238 0.5056
vn 0.8637 0.0409 0.5024
vn 0.9122 0.0435 0.4074
vn 0.8600 -0.3275 0.3914
vn 0.8182 -0.3101 0.4842
vn 0.7795 -0.3998 0.4822
vn 0.8189 -0.4215 0.3896
vn 0.2213 0.8789 0.4226
vn 0.2089 0.8273 0.5215
vn 0.2895 0.8028 0.5212
vn 0.3068 0.8529 0.4224
vn 0.6744 0.6072 0.4202
vn 0.6368 0.5717 0.5174
vn 0.6903 0.5070 0.5161
vn 0.7310 0.5385 0.4192
vn 0.5423 0.7268 0.4215
vn 0.5119 0.6842 0.5194
vn 0.5770 0.6310 0.5185
vn 0.6112 0.6702 0.4209
vn -0.9081 -0.1228 0.4003
vn -0.8617 -0.1154 0.4940
vn -0.8660 -0.0399 0.4984
vn -0.9138 -0.0425 0.4040
vn 0.3894 0.8186 0.4222
vn 0.3675 0.7706 0.5208
vn 0.4418 0.7309 0.5202
vn 0.4680 0.7765 0.4219
vn -0.8230 0.3863 0.4164
vn -0.7777 0.3639 0.5126
vn -0.7375 0.4375 0.5145
vn -0.7807 0.4645 0.4179
vn -0.4680 0.7765 0.4219
vn -0.4418 0.7309 0.5202
vn -0.3675 0.7706 0.5208
vn -0.3894 0.8186 0.4222
vn 0.9138 -0.0425 0.4040
vn 0.8660 -0.0399 0.4984
vn 0.8617 -0.1154 0.4940
vn 0.9081 -0.1228 0.4003
vn 0.7807 0.4645 0.4179
vn 0.7375 0.4375 0.5145
vn 0.7777 0.3639 0.5126
vn 0.8230 0.3863 0.4164
vn 0.0447 0.9052 0.4227
vn 0.0422 0.8520 0.5218
vn 0.1261 0.8438 0.5217
vn 0.1336 0.8964 0.4227
vn -0.3068 0.8529 0.4224
vn -0.2895 0.8028 0.5212
vn -0.2089 0.8273 0.5215
vn -0.2213 0.8789 0.4226
vn 0.3745 -0.8409 0.3906
vn 0.3515 -0.8023 0.4824
vn 0.2837 -0.8256 0.4877
vn 0.3018 -0.8677 0.3950
vn -0.3018 -0.8677 0.3950
vn -0.2837 -0.8256 0.4877
vn -0.3515 -0.8023 0.4824
vn -0.3745 -0.8409 0.3906
vn -0.7310 0.5385 0.4192
vn -0.6903 0.5070 0.5161
vn -0.6368 0.5717 0.5174
vn -0.6744 0.6072 0.4202
vn 0.7338 -0.5592 0.3859
vn 0.6991 -0.5321 0.4777
vn 0.6095 -0.6380 0.4706
vn 0.6400 -0.6678 0.3799
vn -0.8189 -0.4215 0.3897
vn -0.7795 -0.3998 0.4822
vn -0.8182 -0.3101 0.4842
vn -0.8600 -0.3275 0.3914
vn -0.9122 0.0435 0.4074
vn -0.8637 0.0409 0.5024
vn -0.8538 0.1238 0.5056
vn -0.9024 0.1319 0.4103
vn -0.6400 -0.6678 0.3799
vn -0.6095 -0.6379 0.4706
vn -0.6991 -0.5321 0.4777
vn -0.7338 -0.5592 0.3859
vn 0.2126 -0.8919 0.3990
vn 0.2003 -0.8469 0.4926
vn 0.0774 -0.8645 0.4967
vn 0.0820 -0.9117 0.4025
vn -0.4377 -0.8121 0.3859
vn -0.4108 -0.7770 0.4770
vn -0.4635 -0.7498 0.4722
vn -0.4925 -0.7823 0.3814
vn 0.8968 -0.1960 0.3966
vn 0.8520 -0.1848 0.4899
vn 0.8378 -0.2477 0.4866
vn 0.8811 -0.2621 0.3936
vn 0.5857 -0.7171 0.3778
vn 0.5561 -0.6868 0.4680
vn 0.5114 -0.7202 0.4689
vn 0.5409 -0.7511 0.3785
vn -0.1336 0.8964 0.4227
vn -0.1261 0.8438 0.5217
vn -0.0422 0.8520 0.5218
vn -0.0447 0.9052 0.4227
vn 0.8576 0.3043 0.4146
vn 0.8107 0.2866 0.5105
vn 0.8361 0.2063 0.5082
vn 0.8841 0.2193 0.4126
vn -0.8841 0.2193 0.4126
vn -0.8361 0.2063 0.5082
vn -0.8107 0.2866 0.5105
vn -0.8576 0.3043 0.4146
vn -0.6112 0.6702 0.4209
vn -0.5770 0.6310 0.5185
vn -0.5119 0.6842 0.5194
vn -0.5423 0.7268 0.4215
vn 0.4891 0.6516 0.5797
vn 0.4603 0.6110 0.6441
vn 0.5190 0.5635 0.6427
vn 0.5514 0.6010 0.5785
vn -0.8276 -0.1096 0.5505
vn -0.7837 -0.1023 0.6127
vn -0.7855 -0.0351 0.6179
vn -0.8307 -0.0377 0.5554
vn 0.3511 0.7339 0.5815
vn 0.3303 0.6879 0.6463
vn 0.3971 0.6526 0.6453
vn 0.4221 0.6961 0.5807
vn -0.7438 0.3466 0.5715
vn -0.7009 0.3247 0.6351
vn -0.6642 0.3907 0.6373
vn -0.7052 0.4168 0.5736
vn -0.4221 0.6961 0.5807
vn -0.3971 0.6526 0.6453
vn -0.3303 0.6879 0.6463
vn -0.3511 0.7339 0.5815
vn 0.8307 -0.0377 0.5554
vn 0.7855 -0.0351 0.6179
vn 0.7837 -0.1023 0.6127
vn 0.8276 -0.1096 0.5505
vn 0.7052 0.4168 0.5736
vn 0.6642 0.3907 0.6373
vn 0.7009 0.3247 0.6351
vn 0.7438 0.3466 0.5715
vn 0.0403 0.8114 0.5830
vn 0.0379 0.7606 0.6482
vn 0.1133 0.7532 0.6480
vn 0.1205 0.8036 0.5829
vn -0.2766 0.7646 0.5821
vn -0.2602 0.7167 0.6470
vn -0.1877 0.7385 0.6476
vn -0.1996 0.7879 0.5826
vn 0.3316 -0.7756 0.5371
vn 0.3068 -0.7416 0.5966
vn 0.2471 -0.7584 0.6031
vn 0.2677 -0.7957 0.5433
vn -0.2677 -0.7957 0.5433
vn -0.2471 -0.7584 0.6031
vn -0.3068 -0.7416 0.5966
vn -0.3316 -0.7756 0.5371
vn -0.6599 0.4830 0.5755
vn -0.6214 0.4529 0.6393
vn -0.5729 0.5106 0.6411
vn -0.6086 0.5446 0.5771
vn 0.6736 -0.5120 0.5330
vn 0.6397 -0.4865 0.5951
vn 0.5555 -0.5882 0.5878
vn 0.5863 -0.6165 0.5256
vn -0.7508 -0.3835 0.5378
vn -0.7133 -0.3632 0.5994
vn -0.7480 -0.2806 0.6014
vn -0.7876 -0.2969 0.5400
vn -0.8276 0.0386 0.5599
vn -0.7816 0.0358 0.6227
vn -0.7716 0.1090 0.6267
vn -0.8177 0.1173 0.5636
vn -0.5863 -0.6165 0.5256
vn -0.5555 -0.5882 0.5878
vn -0.6397 -0.4865 0.5951
vn -0.6736 -0.5120 0.5330
vn 0.1898 -0.8140 0.5489
vn 0.1758 -0.7732 0.6093
vn 0.0685 -0.7863 0.6141
vn 0.0737 -0.8297 0.5533
vn -0.3884 -0.7529 0.5314
vn -0.3613 -0.7214 0.5908
vn -0.4113 -0.6976 0.5867
vn -0.4397 -0.7275 0.5267
vn 0.8191 -0.1761 0.5460
vn 0.7767 -0.1655 0.6078
vn 0.7650 -0.2234 0.6040
vn 0.8060 -0.2368 0.5424
vn 0.5324 -0.6657 0.5228
vn 0.5023 -0.6371 0.5846
vn 0.4577 -0.6700 0.5845
vn 0.4872 -0.6989 0.5237
vn -0.1205 0.8036 0.5829
vn -0.1133 0.7532 0.6480
vn -0.0379 0.7606 0.6482
vn -0.0403 0.8114 0.5830
vn 0.7757 0.2728 0.5691
vn 0.7311 0.2552 0.6327
vn 0.7548 0.1828 0.6300
vn 0.8004 0.1960 0.5665
vn -0.8004 0.1960 0.5665
vn -0.7548 0.1828 0.6300
vn -0.7311 0.2552 0.6327
vn -0.7757 0.2728 0.5691
vn -0.5514 0.6010 0.5785
vn -0.5190 0.5635 0.6427
vn -0.4602 0.6110 0.6441
vn -0.4891 0.6516 0.5797
vn -0.4872 -0.6989 0.5237
vn -0.4577 -0.6700 0.5845
vn -0.5023 -0.6371 0.5846
vn -0.5324 -0.6657 0.5228
vn -0.8060 -0.2368 0.5424
vn -0.7650 -0.2234 0.6040
vn -0.7767 -0.1655 0.6078
vn -0.8191 -0.1761 0.5460
vn 0.4397 -0.7275 0.5267
vn 0.4113 -0.6976 0.5867
vn 0.3613 -0.7214 0.5908
vn 0.3884 -0.7529 0.5314
vn -0.0737 -0.8297 0.5533
vn -0.0685 -0.7863 0.6141
vn -0.1758 -0.7732 0.6093
vn -0.1898 -0.8140 0.5489
vn 0.8177 0.1173 0.5636
vn 0.7716 0.1090 0.6267
vn 0.7816 0.0358 0.6227
vn 0.8276 0.0386 0.5599
vn 0.7876 -0.2969 0.5400
vn 0.7480 -0.2806 0.6014
vn 0.7133 -0.3632 0.5994
vn 0.7508 -0.3835 0.5378
vn 0.1996 0.7879 0.5826
vn 0.1877 0.7385 0.6476
vn 0.2602 0.7167 0.6470
vn 0.2766 0.7646 0.5821
vn 0.6086 0.5446 0.5771
vn 0.5729 0.5106 0.6411
vn 0.6214 0.4529 0.6393
vn 0.6599 0.4830 0.5755
vn -0.2356 0.6463 0.7258
vn -0.2021 0.5496 0.8106
vn -0.1459 0.5666 0.8110
vn -0.1700 0.6660 0.7263
vn 0.2728 -0.6883 0.6722
vn 0.2295 -0.6110 0.7576
vn 0.1818 -0.6216 0.7619
vn 0.2184 -0.7016 0.6783
vn -0.2184 -0.7016 0.6783
vn -0.1818 -0.6216 0.7619
vn -0.2295 -0.6110 0.7576
vn -0.2728 -0.6883 0.6722
vn -0.5636 0.4083 0.7181
vn -0.4826 0.3457 0.8048
vn -0.4446 0.3903 0.8062
vn -0.5194 0.4605 0.7199
vn 0.5859 -0.4480 0.6753
vn 0.5093 -0.3925 0.7659
vn 0.4417 -0.4778 0.7593
vn 0.5079 -0.5432 0.6686
vn -0.6543 -0.3332 0.6789
vn -0.5690 -0.2905 0.7693
vn -0.5972 -0.2224 0.7706
vn -0.6864 -0.2566 0.6804
vn -0.7120 0.0320 0.7014
vn -0.6149 0.0270 0.7882
vn -0.6049 0.0819 0.7921
vn -0.7019 0.0973 0.7056
vn -0.5079 -0.5432 0.6686
vn -0.4417 -0.4778 0.7594
vn -0.5093 -0.3925 0.7659
vn -0.5859 -0.4480 0.6753
vn 0.1552 -0.7125 0.6843
vn 0.1281 -0.6292 0.7666
vn 0.0496 -0.6355 0.7705
vn 0.0605 -0.7222 0.6891
vn -0.3242 -0.6708 0.6671
vn -0.2758 -0.5957 0.7544
vn -0.3204 -0.5751 0.7527
vn -0.3723 -0.6486 0.6639
vn 0.7113 -0.1498 0.6868
vn 0.6178 -0.1281 0.7758
vn 0.6102 -0.1751 0.7727
vn 0.7016 -0.2034 0.6829
vn 0.4589 -0.5893 0.6649
vn 0.4000 -0.5189 0.7555
vn 0.3626 -0.5487 0.7533
vn 0.4171 -0.6214 0.6632
vn -0.1026 0.6792 0.7267
vn -0.0882 0.5781 0.8112
vn -0.0295 0.5840 0.8112
vn -0.0344 0.6859 0.7269
vn 0.6640 0.2290 0.7118
vn 0.5702 0.1929 0.7986
vn 0.5899 0.1377 0.7956
vn 0.6860 0.1636 0.7090
vn -0.6860 0.1636 0.7090
vn -0.5900 0.1377 0.7956
vn -0.5702 0.1929 0.7986
vn -0.6640 0.2290 0.7118
vn -0.4703 0.5083 0.7215
vn -0.4026 0.4311 0.8075
vn -0.3571 0.4677 0.8085
vn -0.4170 0.5510 0.7228
vn -0.4171 -0.6214 0.6632
vn -0.3626 -0.5487 0.7533
vn -0.4000 -0.5189 0.7555
vn -0.4589 -0.5893 0.6649
vn -0.7016 -0.2034 0.6829
vn -0.6102 -0.1751 0.7727
vn -0.6178 -0.1281 0.7758
vn -0.7113 -0.1498 0.6868
vn 0.3723 -0.6486 0.6639
vn 0.3204 -0.5751 0.7527
vn 0.2758 -0.5957 0.7543
vn 0.3242 -0.6708 0.6671
vn -0.0605 -0.7222 0.6891
vn -0.0496 -0.6355 0.7705
vn -0.1281 -0.6292 0.7666
vn -0.1552 -0.7125 0.6843
vn 0.7019 0.0973 0.7056
vn 0.6049 0.0819 0.7921
vn 0.6149 0.0270 0.7882
vn 0.7120 0.0320 0.7014
vn 0.6864 -0.2566 0.6804
vn 0.5972 -0.2224 0.7706
vn 0.5690 -0.2905 0.7693
vn 0.6543 -0.3332 0.6789
vn 0.1700 0.6660 0.7263
vn 0.1459 0.5666 0.8110
vn 0.2021 0.5496 0.8106
vn 0.2356 0.6463 0.7258
vn 0.5194 0.4605 0.7199
vn 0.4446 0.3903 0.8062
vn 0.4826 0.3457 0.8048
vn 0.5636 0.4083 0.7181
vn 0.4170 0.5510 0.7228
vn 0.3571 0.4677 0.8085
vn 0.4026 0.4311 0.8075
vn 0.4703 0.5083 0.7215
vn -0.7164 -0.0921 0.6916
vn -0.6212 -0.0783 0.7797
vn -0.6203 -0.0266 0.7839
vn -0.7168 -0.0314 0.6966
vn 0.2991 0.6204 0.7250
vn 0.2564 0.5273 0.8101
vn 0.3081 0.4999 0.8094
vn 0.3597 0.5885 0.7240
vn -0.6362 0.2919 0.7141
vn -0.5456 0.2464 0.8010
vn -0.5164 0.2974 0.8030
vn -0.6027 0.3518 0.7162
vn -0.3597 0.5885 0.7240
vn -0.3081 0.4999 0.8094
vn -0.2564 0.5273 0.8101
vn -0.2991 0.6204 0.7250
vn 0.7168 -0.0314 0.6966
vn 0.6203 -0.0266 0.7839
vn 0.6212 -0.0783 0.7797
vn 0.7164 -0.0921 0.6916
vn 0.6027 0.3518 0.7162
vn 0.5164 0.2974 0.8030
vn 0.5456 0.2464 0.8010
vn 0.6362 0.2919 0.7141
vn 0.0344 0.6859 0.7269
vn 0.0295 0.5840 0.8112
vn 0.0882 0.5781 0.8112
vn 0.1026 0.6792 0.7267
vn 0.0991 -0.5428 0.8340
vn 0.0660 -0.4331 0.8989
vn 0.0237 -0.4344 0.9004
vn 0.0375 -0.5465 0.8366
vn -0.2264 -0.5149 0.8268
vn -0.1704 -0.4110 0.8956
vn -0.2037 -0.3947 0.8959
vn -0.2665 -0.4958 0.8265
vn 0.5221 -0.1063 0.8462
vn 0.4141 -0.0828 0.9065
vn 0.4084 -0.1140 0.9057
vn 0.5158 -0.1460 0.8441
vn 0.3383 -0.4445 0.8294
vn 0.2638 -0.3504 0.8987
vn 0.2357 -0.3739 0.8970
vn 0.3050 -0.4714 0.8275
vn -0.0748 0.4794 0.8744
vn -0.0610 0.3730 0.9258
vn -0.0207 0.3773 0.9258
vn -0.0252 0.4845 0.8744
vn 0.4779 0.1571 0.8643
vn 0.3797 0.1200 0.9173
vn 0.3932 0.0859 0.9154
vn 0.4951 0.1122 0.8615
vn -0.4951 0.1122 0.8615
vn -0.3932 0.0859 0.9154
vn -0.3797 0.1200 0.9173
vn -0.4779 0.1571 0.8643
vn -0.3378 0.3542 0.8720
vn -0.2698 0.2726 0.9235
vn -0.2399 0.2972 0.9242
vn -0.2999 0.3851 0.8728
vn -0.3050 -0.4714 0.8275
vn -0.2356 -0.3739 0.8970
vn -0.2638 -0.3504 0.8987
vn -0.3383 -0.4445 0.8294
vn -0.5158 -0.1460 0.8441
vn -0.4084 -0.1140 0.9057
vn -0.4141 -0.0828 0.9065
vn -0.5221 -0.1063 0.8462
vn 0.2665 -0.4958 0.8265
vn 0.2037 -0.3947 0.8959
vn 0.1704 -0.4110 0.8956
vn 0.2264 -0.5149 0.8268
vn -0.0375 -0.5465 0.8366
vn -0.0237 -0.4344 0.9004
vn -0.0660 -0.4331 0.8989
vn -0.0991 -0.5428 0.8340
vn 0.5085 0.0669 0.8585
vn 0.4038 0.0514 0.9134
vn 0.4112 0.0171 0.9114
vn 0.5178 0.0221 0.8552
vn 0.5048 -0.1867 0.8428
vn 0.3986 -0.1460 0.9054
vn 0.3785 -0.1913 0.9056
vn 0.4809 -0.2450 0.8418
vn 0.1233 0.4694 0.8743
vn 0.0997 0.3648 0.9257
vn 0.1371 0.3530 0.9255
vn 0.1704 0.4548 0.8741
vn 0.3726 0.3200 0.8711
vn 0.2972 0.2457 0.9227
vn 0.3220 0.2166 0.9217
vn 0.4041 0.2827 0.8699
vn 0.2999 0.3851 0.8728
vn 0.2399 0.2972 0.9242
vn 0.2698 0.2726 0.9235
vn 0.3378 0.3542 0.8720
vn -0.5246 -0.0648 0.8489
vn -0.4164 -0.0503 0.9078
vn -0.4154 -0.0169 0.9095
vn -0.5231 -0.0219 0.8520
vn 0.2159 0.4357 0.8738
vn 0.1732 0.3376 0.9252
vn 0.2075 0.3189 0.9248
vn 0.2591 0.4124 0.8734
vn -0.4569 0.2008 0.8665
vn -0.3632 0.1534 0.9190
vn -0.3440 0.1857 0.9204
vn -0.4324 0.2428 0.8684
vn -0.2591 0.4124 0.8734
vn -0.2076 0.3189 0.9248
vn -0.1732 0.3376 0.9252
vn -0.2159 0.4357 0.8738
vn 0.5231 -0.0219 0.8520
vn 0.4154 -0.0169 0.9095
vn 0.4164 -0.0503 0.9078
vn 0.5246 -0.0648 0.8489
vn 0.4324 0.2428 0.8684
vn 0.3440 0.1857 0.9204
vn 0.3632 0.1534 0.9190
vn 0.4569 0.2008 0.8665
vn 0.0252 0.4845 0.8744
vn 0.0207 0.3773 0.9258
vn 0.0610 0.3730 0.9258
vn 0.0748 0.4794 0.8744
vn -0.1704 0.4548 0.8741
vn -0.1371 0.3530 0.9255
vn -0.0997 0.3648 0.9257
vn -0.1233 0.4694 0.8743
vn 0.1857 -0.5286 0.8283
vn 0.1365 -0.4226 0.8960
vn 0.1021 -0.4298 0.8972
vn 0.1443 -0.5375 0.8308
vn -0.1443 -0.5375 0.8308
vn -0.1021 -0.4298 0.8972
vn -0.1365 -0.4226 0.8960
vn -0.1857 -0.5286 0.8283
vn -0.4041 0.2827 0.8699
vn -0.3220 0.2166 0.9216
vn -0.2972 0.2457 0.9227
vn -0.3726 0.3199 0.8711
vn 0.4306 -0.3329 0.8389
vn 0.3381 -0.2591 0.9047
vn 0.2933 -0.3187 0.9013
vn 0.3739 -0.4078 0.8330
vn -0.4809 -0.2450 0.8418
vn -0.3785 -0.1913 0.9056
vn -0.3986 -0.1460 0.9054
vn -0.5048 -0.1867 0.8428
vn -0.5178 0.0221 0.8552
vn -0.4112 0.0171 0.9114
vn -0.4038 0.0514 0.9134
vn -0.5085 0.0669 0.8585
vn -0.3739 -0.4078 0.8330
vn -0.2933 -0.3187 0.9013
vn -0.3382 -0.2590 0.9047
vn -0.4306 -0.3329 0.8389
vn 0.2330 -0.0156 0.9724
vn 0.0517 -0.0235 0.9984
vn 0.0433 -0.0117 0.9990
vn 0.2289 -0.0304 0.9730
vn 0.1893 0.1016 0.9766
vn 0.0337 0.0243 0.9991
vn 0.0347 0.0373 0.9987
vn 0.2014 0.0887 0.9755
vn 0.0201 0.2045 0.9786
vn 0.0292 0.0435 0.9986
vn 0.0150 0.0367 0.9992
vn 0.0390 0.1988 0.9793
vn -0.0706 0.1935 0.9786
vn 0.0069 0.0491 0.9988
vn -0.0037 0.0385 0.9993
vn -0.0524 0.1956 0.9793
vn 0.0600 -0.2330 0.9706
vn -0.0130 -0.0578 0.9982
vn -0.0009 -0.0444 0.9990
vn 0.0426 -0.2319 0.9718
vn -0.0426 -0.2319 0.9718
vn 0.0009 -0.0444 0.9990
vn 0.0130 -0.0578 0.9982
vn -0.0600 -0.2330 0.9706
vn -0.1816 0.1126 0.9769
vn -0.0402 0.0167 0.9991
vn -0.0557 0.0129 0.9984
vn -0.1732 0.1278 0.9766
vn 0.1823 -0.1307 0.9745
vn 0.0390 -0.0182 0.9991
vn 0.0544 -0.0149 0.9984
vn 0.1647 -0.1598 0.9733
vn -0.2001 -0.1049 0.9741
vn -0.0333 -0.0250 0.9991
vn -0.0363 -0.0371 0.9987
vn -0.2156 -0.0860 0.9727
vn -0.2299 0.0156 0.9731
vn -0.0495 0.0228 0.9985
vn -0.0424 0.0115 0.9990
vn -0.2230 0.0307 0.9743
vn -0.1647 -0.1598 0.9733
vn -0.0545 -0.0149 0.9984
vn -0.0390 -0.0182 0.9991
vn -0.1823 -0.1307 0.9745
vn 0.0315 -0.2319 0.9722
vn 0.0123 -0.0417 0.9991
vn 0.0284 -0.0492 0.9984
vn 0.0173 -0.2360 0.9716
vn -0.0958 -0.2189 0.9710
vn -0.0435 -0.0353 0.9984
vn -0.0270 -0.0334 0.9991
vn -0.1094 -0.2067 0.9723
vn 0.2274 -0.0417 0.9729
vn 0.0452 -0.0025 0.9990
vn 0.0574 0.0056 0.9983
vn 0.2275 -0.0568 0.9721
vn 0.1348 -0.1913 0.9722
vn 0.0083 -0.0561 0.9984
vn 0.0157 -0.0400 0.9991
vn 0.1195 -0.1995 0.9726
vn -0.0390 0.1988 0.9793
vn -0.0150 0.0367 0.9992
vn -0.0292 0.0435 0.9986
vn -0.0201 0.2045 0.9786
vn 0.2170 0.0591 0.9744
vn 0.0579 -0.0059 0.9983
vn 0.0450 0.0026 0.9990
vn 0.2194 0.0428 0.9747
vn -0.2194 0.0428 0.9747
vn -0.0450 0.0026 0.9990
vn -0.0579 -0.0059 0.9983
vn -0.2170 0.0591 0.9744
vn -0.1466 0.1517 0.9775
vn -0.0151 0.0468 0.9988
vn -0.0202 0.0339 0.9992
vn -0.1304 0.1602 0.9784
vn -0.1195 -0.1995 0.9726
vn -0.0157 -0.0400 0.9991
vn -0.0083 -0.0561 0.9984
vn -0.1348 -0.1913 0.9722
vn -0.2275 -0.0568 0.9721
vn -0.0574 0.0056 0.9983
vn -0.0452 -0.0025 0.9990
vn -0.2274 -0.0417 0.9729
vn 0.1094 -0.2067 0.9723
vn 0.0270 -0.0334 0.9991
vn 0.0435 -0.0353 0.9984
vn 0.0958 -0.2189 0.9710
vn -0.0173 -0.2360 0.9716
vn -0.0284 -0.0492 0.9984
vn -0.0123 -0.0417 0.9991
vn -0.0315 -0.2319 0.9722
vn 0.2230 0.0307 0.9743
vn 0.0424 0.0115 0.9990
vn 0.0495 0.0228 0.9985
vn 0.2299 0.0156 0.9731
vn 0.2156 -0.0860 0.9727
vn 0.0363 -0.0371 0.9987
vn 0.0333 -0.0250 0.9991
vn 0.2001 -0.1049 0.9741
vn 0.0524 0.1956 0.9793
vn 0.0037 0.0385 0.9993
vn -0.0069 0.0491 0.9988
vn 0.0706 0.1935 0.9786
vn 0.1732 0.1278 0.9766
vn 0.0558 0.0129 0.9984
vn 0.0401 0.0167 0.9991
vn 0.1816 0.1126 0.9769
vn 0.1304 0.1602 0.9784
vn 0.0202 0.0339 0.9992
vn 0.0151 0.0468 0.9988
vn 0.1466 0.1517 0.9775
vn -0.2289 -0.0304 0.9730
vn -0.0433 -0.0117 0.9990
vn -0.0517 -0.0235 0.9984
vn -0.2330 -0.0156 0.9724
vn 0.1053 0.1797 0.9781
vn 0.0460 0.0303 0.9985
vn 0.0297 0.0288 0.9991
vn 0.1192 0.1681 0.9785
vn -0.2014 0.0887 0.9755
vn -0.0347 0.0373 0.9987
vn -0.0337 0.0243 0.9991
vn -0.1893 0.1016 0.9766
vn -0.1192 0.1681 0.9785
vn -0.0297 0.0288 0.9991
vn -0.0460 0.0303 0.9985
vn -0.1053 0.1797 0.9781
vn -0.0000 -0.0000 1.0000
vn 0.1637 -0.8067 -0.5678
vn 0.2013 -0.9479 -0.2469
vn 0.0793 -0.9649 -0.2504
vn 0.0636 -0.8173 -0.5727
vn 0.6133 0.5395 -0.5769
vn 0.7229 0.6385 -0.2640
vn 0.7825 0.5645 -0.2629
vn 0.6644 0.4771 -0.5752
vn 0.8184 0.1099 -0.5640
vn 0.9580 0.1300 -0.2556
vn 0.9665 0.0424 -0.2532
vn 0.8270 0.0359 -0.5611
vn 0.3547 0.7320 -0.5817
vn 0.4189 0.8680 -0.2664
vn 0.5033 0.8222 -0.2660
vn 0.4262 0.6935 -0.5808
vn -0.1218 0.8031 -0.5833
vn -0.1439 0.9529 -0.2670
vn -0.0482 0.9625 -0.2670
vn -0.0408 0.8111 -0.5835
vn -0.4262 0.6935 -0.5808
vn -0.5033 0.8222 -0.2660
vn -0.4189 0.8680 -0.2664
vn -0.3547 0.7320 -0.5817
vn -0.3492 -0.7533 -0.5572
vn -0.4132 -0.8794 -0.2366
vn -0.4769 -0.8469 -0.2350
vn -0.4054 -0.7246 -0.5573
vn -0.0636 -0.8173 -0.5727
vn -0.0793 -0.9649 -0.2504
vn -0.2013 -0.9479 -0.2469
vn -0.1637 -0.8067 -0.5678
vn 0.7093 0.4100 -0.5734
vn 0.8345 0.4849 -0.2617
vn 0.8786 0.4003 -0.2605
vn 0.7477 0.3383 -0.5715
vn 0.4937 0.6482 -0.5797
vn 0.5827 0.7681 -0.2655
vn 0.6560 0.7068 -0.2648
vn 0.5562 0.5968 -0.5784
vn -0.4598 -0.6898 -0.5593
vn -0.5393 -0.8087 -0.2348
vn -0.6001 -0.7644 -0.2357
vn -0.5120 -0.6489 -0.5628
vn -0.2795 0.7633 -0.5824
vn -0.3302 0.9054 -0.2667
vn -0.2383 0.9338 -0.2669
vn -0.2017 0.7871 -0.5830
vn 0.7789 0.2631 -0.5693
vn 0.9142 0.3117 -0.2591
vn 0.9407 0.2207 -0.2576
vn 0.8025 0.1863 -0.5668
vn -0.7390 -0.3666 -0.5652
vn -0.8689 -0.4311 -0.2431
vn -0.9116 -0.3314 -0.2433
vn -0.7786 -0.2833 -0.5599
vn -0.5715 -0.5926 -0.5676
vn -0.6711 -0.7021 -0.2381
vn -0.7785 -0.5792 -0.2418
vn -0.6605 -0.4886 -0.5701
vn -0.2313 -0.7936 -0.5627
vn -0.2797 -0.9289 -0.2428
vn -0.3476 -0.9066 -0.2392
vn -0.2911 -0.7764 -0.5591
vn 0.7786 -0.2833 -0.5598
vn 0.9116 -0.3314 -0.2433
vn 0.8689 -0.4311 -0.2431
vn 0.7390 -0.3666 -0.5652
vn -0.8270 0.0359 -0.5611
vn -0.9665 0.0424 -0.2532
vn -0.9580 0.1300 -0.2556
vn -0.8184 0.1099 -0.5640
vn 0.6605 -0.4886 -0.5701
vn 0.7785 -0.5792 -0.2418
vn 0.6711 -0.7021 -0.2381
vn 0.5715 -0.5926 -0.5676
vn -0.8025 0.1863 -0.5668
vn -0.9407 0.2207 -0.2576
vn -0.9142 0.3117 -0.2591
vn -0.7789 0.2631 -0.5693
vn 0.5120 -0.6489 -0.5628
vn 0.6001 -0.7644 -0.2357
vn 0.5393 -0.8087 -0.2348
vn 0.4598 -0.6898 -0.5593
vn -0.7477 0.3383 -0.5715
vn -0.8786 0.4003 -0.2605
vn -0.8345 0.4849 -0.2617
vn -0.7093 0.4100 -0.5734
vn 0.4054 -0.7246 -0.5573
vn 0.4769 -0.8469 -0.2351
vn 0.4132 -0.8794 -0.2366
vn 0.3492 -0.7533 -0.5572
vn 0.0408 0.8111 -0.5835
vn 0.0482 0.9625 -0.2670
vn 0.1439 0.9529 -0.2670
vn 0.1218 0.8031 -0.5833
vn -0.6644 0.4771 -0.5752
vn -0.7825 0.5645 -0.2629
vn -0.7229 0.6385 -0.2640
vn -0.6133 0.5395 -0.5769
vn 0.2911 -0.7764 -0.5591
vn 0.3476 -0.9066 -0.2392
vn 0.2797 -0.9289 -0.2428
vn 0.2313 -0.7936 -0.5627
vn 0.8287 -0.0350 -0.5586
vn 0.9672 -0.0412 -0.2506
vn 0.9613 -0.1198 -0.2480
vn 0.8244 -0.1022 -0.5568
vn 0.2017 0.7871 -0.5830
vn 0.2383 0.9338 -0.2669
vn 0.3302 0.9054 -0.2667
vn 0.2795 0.7633 -0.5824
vn -0.7996 -0.2243 -0.5570
vn -0.9336 -0.2622 -0.2442
vn -0.9498 -0.1936 -0.2458
vn -0.8145 -0.1654 -0.5561
vn -0.5562 0.5968 -0.5784
vn -0.6560 0.7068 -0.2648
vn -0.5827 0.7681 -0.2655
vn -0.4937 0.6482 -0.5797
vn 0.8145 -0.1654 -0.5561
vn 0.9498 -0.1936 -0.2458
vn 0.9336 -0.2622 -0.2442
vn 0.7996 -0.2243 -0.5570
vn -0.8244 -0.1022 -0.5568
vn -0.9613 -0.1198 -0.2480
vn -0.9672 -0.0412 -0.2506
vn -0.8287 -0.0350 -0.5586
vn -0.8096 -0.4151 -0.4151
vn -0.8671 -0.4278 -0.2552
vn -0.8966 -0.4340 -0.0886
vn -0.8966 -0.4340 0.0886
vn -0.8671 -0.4278 0.2552
vn -0.8096 -0.4150 0.4151
vn -0.8671 -0.2552 -0.4278
vn -0.9318 -0.2567 -0.2567
vn -0.9627 -0.2564 -0.0865
vn -0.9627 -0.2564 0.0865
vn -0.9318 -0.2567 0.2567
vn -0.8671 -0.2553 0.4278
vn -0.8966 -0.0886 -0.4340
vn -0.9627 -0.0865 -0.2564
vn -0.9928 -0.0848 -0.0848
vn -0.9928 -0.0848 0.0848
vn -0.9627 -0.0865 0.2564
vn -0.8966 -0.0886 0.4340
vn -0.8966 0.0886 -0.4340
vn -0.9627 0.0865 -0.2564
vn -0.9928 0.0848 -0.0848
vn -0.9928 0.0848 0.0848
vn -0.9627 0.0865 0.2564
vn -0.8966 0.0886 0.4340
vn -0.8671 0.2552 -0.4278
vn -0.9318 0.2567 -0.2567
vn -0.9627 0.2564 -0.0865
vn -0.9627 0.2564 0.0865
vn -0.9318 0.2567 0.2567
vn -0.8671 0.2553 0.4278
vn -0.8096 0.4151 -0.4151
vn -0.8671 0.4278 -0.2552
vn -0.8966 0.4340 -0.0886
vn -0.8966 0.4340 0.0886
vn -0.8671 0.4278 0.2552
vn -0.8096 0.4150 0.4151
vn -0.6579 -0.5325 -0.5325
vn -0.7146 -0.5734 -0.4007
vn -0.7580 -0.6011 -0.2532
vn -0.7825 -0.6161 -0.0901
vn -0.7825 -0.6161 0.0901
vn -0.7580 -0.6011 0.2532
vn -0.7146 -0.5734 0.4007
vn -0.6579 -0.5325 0.5325
vn -0.7146 -0.4007 0.5734
vn -0.7580 -0.2532 0.6011
vn -0.7825 -0.0901 0.6162
vn -0.7825 0.0901 0.6162
vn -0.7580 0.2532 0.6011
vn -0.7146 0.4007 0.5734
vn -0.6579 0.5325 0.5325
vn -0.7146 0.5734 0.4007
vn -0.7580 0.6011 0.2532
vn -0.7825 0.6161 0.0901
vn -0.7825 0.6161 -0.0901
vn -0.7580 0.6011 -0.2532
vn -0.7146 0.5734 -0.4007
vn -0.6579 0.5325 -0.5325
vn -0.7146 0.4007 -0.5734
vn -0.7580 0.2532 -0.6011
vn -0.7825 0.0901 -0.6162
vn -0.7825 -0.0901 -0.6162
vn -0.7580 -0.2532 -0.6011
vn -0.7146 -0.4007 -0.5734
vn -0.4151 0.8096 -0.4151
vn -0.4278 0.8671 -0.2552
vn -0.4340 0.8966 -0.0886
vn -0.4340 0.8966 0.0886
vn -0.4278 0.8671 0.2552
vn -0.4150 0.8096 0.4151
vn -0.2552 0.8671 -0.4278
vn -0.2567 0.9318 -0.2567
vn -0.2564 0.9627 -0.0865
vn -0.2564 0.9627 0.0865
vn -0.2567 0.9318 0.2567
vn -0.2553 0.8671 0.4278
vn -0.0886 0.8966 -0.4340
vn -0.0865 0.9627 -0.2564
vn -0.0848 0.9928 -0.0848
vn -0.0848 0.9928 0.0848
vn -0.0865 0.9627 0.2564
vn -0.0886 0.8966 0.4340
vn 0.0886 0.8966 -0.4340
vn 0.0865 0.9627 -0.2564
vn 0.0848 0.9928 -0.0848
vn 0.0848 0.9928 0.0848
vn 0.0865 0.9627 0.2564
vn 0.0886 0.8966 0.4340
vn 0.2552 0.8671 -0.4278
vn 0.2567 0.9318 -0.2567
vn 0.2564 0.9627 -0.0865
vn 0.2564 0.9627 0.0865
vn 0.2567 0.9318 0.2567
vn 0.2553 0.8671 0.4278
vn 0.4150 0.8096 -0.4151
vn 0.4278 0.8671 -0.2552
vn 0.4340 0.8966 -0.0886
vn 0.4340 0.8966 0.0886
vn 0.4278 0.8671 0.2552
vn 0.4150 0.8096 0.4151
vn -0.5325 0.6579 -0.5325
vn -0.5734 0.7146 -0.4007
vn -0.6011 0.7580 -0.2532
vn -0.6161 0.7825 -0.0901
vn -0.6161 0.7825 0.0901
vn -0.6011 0.7580 0.2532
vn -0.5734 0.7146 0.4007
vn -0.5325 0.6579 0.5325
vn -0.4007 0.7146 0.5734
vn -0.2532 0.7580 0.6011
vn -0.0901 0.7825 0.6162
vn 0.0901 0.7825 0.6162
vn 0.2532 0.7580 0.6011
vn 0.4007 0.7146 0.5734
vn 0.5325 0.6579 0.5325
vn 0.5734 0.7146 0.4007
vn 0.6011 0.7580 0.2532
vn 0.6161 0.7825 0.0901
vn 0.6161 0.7825 -0.0901
vn 0.6011 0.7580 -0.2532
vn 0.5734 0.7146 -0.4007
vn 0.5325 0.6579 -0.5325
vn 0.4007 0.7146 -0.5734
vn 0.2532 0.7580 -0.6011
vn 0.0901 0.7825 -0.6162
vn -0.0901 0.7825 -0.6162
vn -0.2532 0.7580 -0.6011
vn -0.4007 0.7146 -0.5734
vn 0.8096 0.4151 -0.4151
vn 0.8671 0.4278 -0.2552
vn 0.8966 0.4340 -0.0886
vn 0.8966 0.4340 0.0886
vn 0.8671 0.4278 0.2552
vn 0.8096 0.4150 0.4151
vn 0.8671 0.2552 -0.4278
vn 0.9318 0.2567 -0.2567
vn 0.9627 0.2564 -0.0865
vn 0.9627 0.2564 0.0865
vn 0.9318 0.2567 0.2567
vn 0.8671 0.2553 0.4278
vn 0.8966 0.0886 -0.4340
vn 0.9627 0.0865 -0.2564
vn 0.9928 0.0848 -0.0848
vn 0.9928 0.0848 0.0848
vn 0.9627 0.0865 0.2564
vn 0.8966 0.0886 0.4340
vn 0.8966 -0.0886 -0.4340
vn 0.9627 -0.0865 -0.2564
vn 0.9928 -0.0848 -0.0848
vn 0.9928 -0.0848 0.0848
vn 0.9627 -0.0865 0.2564
vn 0.8966 -0.0886 0.4340
vn 0.8671 -0.2552 -0.4278
vn 0.9318 -0.2567 -0.2567
vn 0.9627 -0.2564 -0.0865
vn 0.9627 -0.2564 0.0865
vn 0.9318 -0.2567 0.2567
vn 0.8671 -0.2553 0.4278
vn 0.8096 -0.4151 -0.4151
vn 0.8671 -0.4278 -0.2552
vn 0.8966 -0.4340 -0.0886
vn 0.8966 -0.4340 0.0886
vn 0.8671 -0.4278 0.2552
vn 0.8096 -0.4150 0.4151
vn 0.6579 0.5325 -0.5325
vn 0.7146 0.5734 -0.4007
vn 0.7580 0.6011 -0.2532
vn 0.7825 0.6161 -0.0901
vn 0.7825 0.6161 0.0901
vn 0.7580 0.6011 0.2532
vn 0.7146 0.5734 0.4007
vn 0.6579 0.5325 0.5325
vn 0.7146 0.4007 0.5734
vn 0.7580 0.2532 0.6011
vn 0.7825 0.0901 0.6162
vn 0.7825 -0.0901 0.6162
vn 0.7580 -0.2532 0.6011
vn 0.7146 -0.4007 0.5734
vn 0.6579 -0.5325 0.5325
vn 0.7146 -0.5734 0.4007
vn 0.7580 -0.6011 0.2532
vn 0.7825 -0.6161 0.0901
vn 0.7825 -0.6161 -0.0901
vn 0.7580 -0.6011 -0.2532
vn 0.7146 -0.5734 -0.4007
vn 0.6579 -0.5325 -0.5325
vn 0.7146 -0.4007 -0.5734
vn 0.7580 -0.2532 -0.6011
vn 0.7825 -0.0901 -0.6162
vn 0.7825 0.0901 -0.6162
vn 0.7580 0.2532 -0.6011
vn 0.7146 0.4007 -0.5734
vn 0.4151 -0.8096 -0.4151
vn 0.4278 -0.8671 -0.2552
vn 0.4340 -0.8966 -0.0886
vn 0.4340 -0.8966 0.0886
vn 0.4278 -0.8671 0.2552
vn 0.4150 -0.8096 0.4151
vn 0.2552 -0.8671 -0.4278
vn 0.2567 -0.9318 -0.2567
vn 0.2564 -0.9627 -0.0865
vn 0.2564 -0.9627 0.0865
vn 0.2567 -0.9318 0.2567
vn 0.2553 -0.8671 0.4278
vn 0.0886 -0.8966 -0.4340
vn 0.0865 -0.9627 -0.2564
vn 0.0848 -0.9928 -0.0848
vn 0.0848 -0.9928 0.0848
vn 0.0865 -0.9627 0.2564
vn 0.0886 -0.8966 0.4340
vn -0.0886 -0.8966 -0.4340
vn -0.0865 -0.9627 -0.2564
vn -0.0848 -0.9928 -0.0848
vn -0.0848 -0.9928 0.0848
vn -0.0865 -0.9627 0.2564
vn -0.0886 -0.8966 0.4340
vn -0.2552 -0.8671 -0.4278
vn -0.2567 -0.9318 -0.2567
vn -0.2564 -0.9627 -0.0865
vn -0.2564 -0.9627 0.0865
vn -0.2567 -0.9318 0.2567
vn -0.2553 -0.8671 0.4278
vn -0.4151 -0.8096 -0.4151
vn -0.4278 -0.8671 -0.2552
vn -0.4340 -0.8966 -0.0886
vn -0.4340 -0.8966 0.0886
vn -0.4278 -0.8671 0.2552
vn -0.4150 -0.8096 0.4151
vn 0.5325 -0.6579 -0.5325
vn 0.5734 -0.7146 -0.4007
vn 0.6011 -0.7580 -0.2532
vn 0.6161 -0.7825 -0.0901
vn 0.6161 -0.7825 0.0901
vn 0.6011 -0.7580 0.2532
vn 0.5734 -0.7146 0.4007
vn 0.5325 -0.6579 0.5325
vn 0.4007 -0.7146 0.5734
vn 0.2532 -0.7580 0.6011
vn 0.0901 -0.7825 0.6162
vn -0.0901 -0.7825 0.6162
vn -0.2532 -0.7580 0.6011
vn -0.4007 -0.7146 0.5734
vn -0.5325 -0.6579 0.5325
vn -0.5734 -0.7146 0.4007
vn -0.6011 -0.7580 0.2532
vn -0.6161 -0.7825 0.0901
vn -0.6161 -0.7825 -0.0901
vn -0.6011 -0.7580 -0.2532
vn -0.5734 -0.7146 -0.4007
vn -0.5325 -0.6579 -0.5325
vn -0.4007 -0.7146 -0.5734
vn -0.2532 -0.7580 -0.6011
vn -0.0901 -0.7825 -0.6162
vn 0.0901 -0.7825 -0.6162
vn 0.2532 -0.7580 -0.6011
vn 0.4007 -0.7146 -0.5734
vn -0.4151 0.4151 -0.8096
vn -0.2552 0.4278 -0.8671
vn -0.0886 0.4340 -0.8966
vn 0.0886 0.4340 -0.8966
vn 0.2552 0.4278 -0.8671
vn 0.4151 0.4151 -0.8096
vn -0.4278 0.2552 -0.8671
vn -0.2567 0.2567 -0.9318
vn -0.0865 0.2564 -0.9627
vn 0.0865 0.2564 -0.9627
vn 0.2567 0.2567 -0.9318
vn 0.4278 0.2552 -0.8671
vn -0.4339 0.0886 -0.8966
vn -0.2564 0.0865 -0.9627
vn -0.0848 0.0848 -0.9928
vn 0.0848 0.0848 -0.9928
vn 0.2564 0.0865 -0.9627
vn 0.4340 0.0886 -0.8966
vn -0.4339 -0.0886 -0.8966
vn -0.2564 -0.0865 -0.9627
vn -0.0848 -0.0848 -0.9928
vn 0.0848 -0.0848 -0.9928
vn 0.2564 -0.0865 -0.9627
vn 0.4340 -0.0886 -0.8966
vn -0.4278 -0.2552 -0.8671
vn -0.2567 -0.2567 -0.9318
vn -0.0865 -0.2564 -0.9627
vn 0.0865 -0.2564 -0.9627
vn 0.2567 -0.2567 -0.9318
vn 0.4278 -0.2552 -0.8671
vn -0.4151 -0.4151 -0.8096
vn -0.2552 -0.4278 -0.8671
vn -0.0886 -0.4339 -0.8966
vn 0.0886 -0.4339 -0.8966
vn 0.2552 -0.4278 -0.8671
vn 0.4151 -0.4151 -0.8096
vn -0.5325 0.5325 -0.6579
vn -0.4007 0.5734 -0.7146
vn -0.2532 0.6011 -0.7580
vn -0.0901 0.6161 -0.7825
vn 0.0901 0.6162 -0.7825
vn 0.2532 0.6011 -0.7580
vn 0.4007 0.5734 -0.7146
vn 0.5325 0.5325 -0.6579
vn 0.5734 0.4007 -0.7146
vn 0.6011 0.2532 -0.7580
vn 0.6161 0.0901 -0.7825
vn 0.6162 -0.0901 -0.7825
vn 0.6011 -0.2532 -0.7580
vn 0.5734 -0.4007 -0.7146
vn 0.5325 -0.5325 -0.6579
vn 0.4007 -0.5734 -0.7146
vn 0.2532 -0.6011 -0.7580
vn 0.0901 -0.6162 -0.7825
vn -0.0901 -0.6162 -0.7825
vn -0.2532 -0.6011 -0.7580
vn -0.4007 -0.5734 -0.7146
vn -0.5325 -0.5325 -0.6579
vn -0.5734 -0.4007 -0.7146
vn -0.6011 -0.2532 -0.7580
vn -0.6162 -0.0901 -0.7825
vn -0.6162 0.0901 -0.7824
vn -0.6011 0.2532 -0.7580
vn -0.5734 0.4007 -0.7146
vn 0.4151 0.4151 0.8096
vn 0.2553 0.4279 0.8671
vn 0.0886 0.4340 0.8966
vn -0.0886 0.4340 0.8966
vn -0.2553 0.4279 0.8671
vn -0.4151 0.4151 0.8096
vn 0.4279 0.2553 0.8671
vn 0.2567 0.2567 0.9318
vn 0.0865 0.2564 0.9627
vn -0.0865 0.2564 0.9627
vn -0.2567 0.2567 0.9318
vn -0.4279 0.2553 0.8671
vn 0.4340 0.0886 0.8966
vn 0.2564 0.0865 0.9627
vn 0.0849 0.0849 0.9928
vn -0.0849 0.0849 0.9928
vn -0.2564 0.0865 0.9627
vn -0.4340 0.0886 0.8966
vn 0.4340 -0.0886 0.8966
vn 0.2564 -0.0865 0.9627
vn 0.0849 -0.0849 0.9928
vn -0.0849 -0.0849 0.9928
vn -0.2564 -0.0865 0.9627
vn -0.4340 -0.0886 0.8966
vn 0.4279 -0.2553 0.8671
vn 0.2567 -0.2567 0.9318
vn 0.0865 -0.2564 0.9627
vn -0.0865 -0.2564 0.9627
vn -0.2567 -0.2567 0.9318
vn -0.4279 -0.2553 0.8671
vn 0.4151 -0.4151 0.8096
vn 0.2553 -0.4279 0.8671
vn 0.0886 -0.4340 0.8966
vn -0.0886 -0.4340 0.8966
vn -0.2553 -0.4279 0.8671
vn -0.4151 -0.4151 0.8096
vn 0.5325 0.5325 0.6579
vn 0.4007 0.5734 0.7146
vn 0.2532 0.6011 0.7580
vn 0.0901 0.6161 0.7825
vn -0.0901 0.6161 0.7825
vn -0.2532 0.6011 0.7580
vn -0.4007 0.5734 0.7146
vn -0.5325 0.5325 0.6579
vn -0.5734 0.4007 0.7146
vn -0.6011 0.2532 0.7580
vn -0.6161 0.0901 0.7825
vn -0.6161 -0.0901 0.7825
vn -0.6011 -0.2532 0.7580
vn -0.5734 -0.4007 0.7146
vn -0.5325 -0.5325 0.6579
vn -0.4007 -0.5734 0.7146
vn -0.2532 -0.6011 0.7580
vn -0.0901 -0.6161 0.7825
vn 0.0901 -0.6161 0.7825
vn 0.2532 -0.6011 0.7580
vn 0.4007 -0.5734 0.7146
vn 0.5325 -0.5325 0.6579
vn 0.5734 -0.4007 0.7146
vn 0.6011 -0.2532 0.7580
vn 0.6161 -0.0901 0.7825
vn 0.6161 0.0901 0.7825
vn 0.6011 0.2532 0.7580
vn 0.5734 0.4007 0.7146
vt 0.370209 0.121861
vt 0.357145 0.122496
vt 0.356825 0.118829
vt 0.369980 0.118120
vt 0.347302 0.123248
vt 0.346909 0.119671
vt 0.346475 0.115860
vt 0.356484 0.114917
vt 0.369758 0.114123
vt 0.363721 0.013245
vt 0.343275 0.013881
vt 0.342782 0.007397
vt 0.363887 0.007134
vt 0.326824 0.016063
vt 0.325655 0.009402
vt 0.324554 0.002370
vt 0.342404 0.000663
vt 0.364188 0.000852
vt 0.370209 0.184928
vt 0.357145 0.184293
vt 0.357435 0.180554
vt 0.370416 0.181117
vt 0.347302 0.183540
vt 0.347657 0.179889
vt 0.347965 0.176136
vt 0.357680 0.176713
vt 0.370585 0.177207
vt 0.370792 0.169217
vt 0.358017 0.168866
vt 0.358107 0.164933
vt 0.370830 0.165203
vt 0.348411 0.168467
vt 0.348547 0.164631
vt 0.348627 0.160830
vt 0.358150 0.161032
vt 0.370828 0.161214
vt 0.365315 0.056727
vt 0.349007 0.058511
vt 0.348243 0.053507
vt 0.364951 0.051743
vt 0.336510 0.060840
vt 0.335396 0.055891
vt 0.334235 0.050816
vt 0.347474 0.048368
vt 0.364614 0.046649
vt 0.346706 0.043079
vt 0.364312 0.041433
vt 0.333040 0.045574
vt 0.331818 0.040113
vt 0.345949 0.037623
vt 0.364056 0.036087
vt 0.364188 0.305937
vt 0.342404 0.306126
vt 0.342782 0.299392
vt 0.363886 0.299655
vt 0.324554 0.304419
vt 0.325654 0.297387
vt 0.326824 0.290726
vt 0.343275 0.292907
vt 0.363721 0.293544
vt 0.370828 0.145575
vt 0.358149 0.145757
vt 0.358107 0.141855
vt 0.370829 0.141586
vt 0.348627 0.145959
vt 0.348547 0.142158
vt 0.348411 0.138321
vt 0.358017 0.137922
vt 0.370792 0.137571
vt 0.358155 0.157183
vt 0.370803 0.157274
vt 0.348659 0.157082
vt 0.348665 0.153394
vt 0.358150 0.153394
vt 0.370786 0.153394
vt 0.366927 0.075788
vt 0.351918 0.077447
vt 0.351217 0.072845
vt 0.366511 0.071125
vt 0.340524 0.079414
vt 0.339588 0.074916
vt 0.338608 0.070334
vt 0.350497 0.068166
vt 0.366100 0.066405
vt 0.368578 0.094582
vt 0.354523 0.095834
vt 0.353905 0.091149
vt 0.368180 0.089777
vt 0.343898 0.097302
vt 0.343105 0.092753
vt 0.342278 0.088282
vt 0.353261 0.086548
vt 0.367766 0.085064
vt 0.352599 0.081998
vt 0.367346 0.080417
vt 0.341419 0.083853
vt 0.369758 0.192665
vt 0.356484 0.191871
vt 0.356825 0.187960
vt 0.369980 0.188669
vt 0.346475 0.190929
vt 0.346909 0.187117
vt 0.349759 0.063393
vt 0.365700 0.061610
vt 0.337582 0.065648
vt 0.363723 0.024974
vt 0.344511 0.026165
vt 0.343859 0.020135
vt 0.363673 0.019190
vt 0.329311 0.028586
vt 0.328059 0.022487
vt 0.345213 0.031992
vt 0.363855 0.030604
vt 0.330570 0.034486
vt 0.403327 0.231533
vt 0.384988 0.231802
vt 0.385135 0.227154
vt 0.403253 0.226927
vt 0.366927 0.231001
vt 0.367346 0.226371
vt 0.367766 0.221725
vt 0.385298 0.222462
vt 0.403201 0.222250
vt 0.351918 0.229341
vt 0.352598 0.224791
vt 0.340524 0.227374
vt 0.341418 0.222936
vt 0.342277 0.218507
vt 0.353261 0.220241
vt 0.410559 0.298858
vt 0.388160 0.303254
vt 0.387347 0.297553
vt 0.409448 0.293703
vt 0.386668 0.291952
vt 0.408458 0.288605
vt 0.364613 0.260140
vt 0.347474 0.258421
vt 0.348243 0.253282
vt 0.364950 0.255045
vt 0.334234 0.255973
vt 0.335395 0.250898
vt 0.336510 0.245949
vt 0.349006 0.248277
vt 0.365315 0.250062
vt 0.404635 0.047554
vt 0.384738 0.046357
vt 0.384860 0.041338
vt 0.405057 0.042798
vt 0.385049 0.036230
vt 0.405555 0.037989
vt 0.353905 0.215639
vt 0.368180 0.217011
vt 0.343105 0.214036
vt 0.343898 0.209487
vt 0.354523 0.210954
vt 0.368578 0.212207
vt 0.369271 0.104494
vt 0.355636 0.105508
vt 0.355105 0.100622
vt 0.368947 0.099489
vt 0.345342 0.106702
vt 0.344648 0.101952
vt 0.385313 0.031030
vt 0.406137 0.033125
vt 0.385664 0.025732
vt 0.406810 0.028204
vt 0.343858 0.286654
vt 0.363673 0.287599
vt 0.328059 0.284302
vt 0.329310 0.278203
vt 0.344510 0.280623
vt 0.363722 0.281815
vt 0.370585 0.129581
vt 0.357680 0.130075
vt 0.357435 0.126235
vt 0.370416 0.125671
vt 0.347965 0.130652
vt 0.347657 0.126899
vt 0.403112 0.212601
vt 0.385624 0.212815
vt 0.385761 0.207839
vt 0.403049 0.207623
vt 0.368947 0.207300
vt 0.369271 0.202295
vt 0.385859 0.202767
vt 0.402955 0.202552
vt 0.405555 0.268800
vt 0.385048 0.270559
vt 0.384860 0.265451
vt 0.405056 0.263991
vt 0.364055 0.270702
vt 0.364312 0.265356
vt 0.384738 0.260432
vt 0.404634 0.259235
vt 0.355105 0.206167
vt 0.344648 0.204836
vt 0.345342 0.200086
vt 0.355636 0.201281
vt 0.386112 0.020335
vt 0.407581 0.023223
vt 0.386669 0.014837
vt 0.408458 0.018184
vt 0.403112 0.094188
vt 0.385624 0.093974
vt 0.385465 0.089101
vt 0.403158 0.089312
vt 0.385298 0.084327
vt 0.403201 0.084539
vt 0.356098 0.110401
vt 0.369537 0.109503
vt 0.345960 0.111463
vt 0.385913 0.197693
vt 0.402829 0.197480
vt 0.369537 0.197285
vt 0.385955 0.193017
vt 0.402720 0.192810
vt 0.385136 0.079635
vt 0.403253 0.079862
vt 0.384988 0.074987
vt 0.403327 0.075256
vt 0.358155 0.149606
vt 0.370802 0.149514
vt 0.348659 0.149707
vt 0.345948 0.269165
vt 0.346706 0.263710
vt 0.331817 0.266676
vt 0.333039 0.261215
vt 0.384674 0.255497
vt 0.404282 0.254528
vt 0.384662 0.250639
vt 0.403991 0.249867
vt 0.345212 0.274797
vt 0.363855 0.276185
vt 0.330570 0.272303
vt 0.384861 0.070339
vt 0.403431 0.070689
vt 0.384761 0.065663
vt 0.403572 0.066127
vt 0.366100 0.240384
vt 0.350497 0.238623
vt 0.351217 0.233944
vt 0.366511 0.235664
vt 0.338607 0.236455
vt 0.339588 0.231873
vt 0.386044 0.188978
vt 0.402695 0.188785
vt 0.386170 0.185206
vt 0.402728 0.185035
vt 0.357875 0.172805
vt 0.370710 0.173229
vt 0.348217 0.172315
vt 0.403572 0.240662
vt 0.384761 0.241125
vt 0.384861 0.236450
vt 0.403430 0.236100
vt 0.356098 0.196387
vt 0.345959 0.195326
vt 0.406810 0.278585
vt 0.385664 0.281057
vt 0.385313 0.275759
vt 0.406137 0.273664
vt 0.349759 0.243396
vt 0.365700 0.245178
vt 0.337581 0.241141
vt 0.403992 0.056922
vt 0.384662 0.056150
vt 0.384675 0.051292
vt 0.404282 0.052261
vt 0.357875 0.133984
vt 0.370710 0.133559
vt 0.348217 0.134474
vt 0.429836 0.095783
vt 0.417920 0.094906
vt 0.418105 0.090067
vt 0.430107 0.090987
vt 0.418287 0.085333
vt 0.430370 0.086297
vt 0.402955 0.104237
vt 0.385860 0.104021
vt 0.385761 0.098949
vt 0.403049 0.099166
vt 0.385465 0.217688
vt 0.403158 0.217477
vt 0.429836 0.211006
vt 0.417920 0.211883
vt 0.417720 0.206944
vt 0.429545 0.206113
vt 0.417493 0.201917
vt 0.429224 0.201139
vt 0.433613 0.051365
vt 0.420914 0.049435
vt 0.421505 0.044926
vt 0.434288 0.047067
vt 0.422177 0.040389
vt 0.435046 0.042760
vt 0.386284 0.181371
vt 0.402762 0.181231
vt 0.386369 0.177441
vt 0.402779 0.177338
vt 0.429224 0.105650
vt 0.417493 0.104872
vt 0.417720 0.099845
vt 0.429545 0.100676
vt 0.439055 0.281413
vt 0.425794 0.284878
vt 0.424738 0.280205
vt 0.437891 0.277035
vt 0.407581 0.283566
vt 0.423787 0.275569
vt 0.436840 0.272682
vt 0.402639 0.145460
vt 0.386403 0.145463
vt 0.386444 0.141429
vt 0.402703 0.141438
vt 0.386457 0.137380
vt 0.402748 0.137413
vt 0.430370 0.220492
vt 0.418287 0.221456
vt 0.418105 0.216722
vt 0.430107 0.215802
vt 0.428086 0.168955
vt 0.416733 0.169194
vt 0.416666 0.165226
vt 0.428001 0.165052
vt 0.402748 0.169376
vt 0.402703 0.165350
vt 0.402639 0.161328
vt 0.416588 0.161254
vt 0.427907 0.161141
vt 0.386420 0.173443
vt 0.402775 0.173379
vt 0.386457 0.169409
vt 0.387347 0.009236
vt 0.409448 0.013086
vt 0.388160 0.003535
vt 0.410559 0.007931
vt 0.432485 0.059943
vt 0.419946 0.058382
vt 0.420397 0.053920
vt 0.433014 0.055656
vt 0.384693 0.060938
vt 0.403757 0.061542
vt 0.441739 0.290260
vt 0.428234 0.294337
vt 0.426959 0.289589
vt 0.440337 0.285821
vt 0.386403 0.161325
vt 0.386349 0.157332
vt 0.402569 0.157336
vt 0.386322 0.153394
vt 0.402537 0.153394
vt 0.428218 0.176656
vt 0.416831 0.177028
vt 0.416789 0.173134
vt 0.428157 0.172830
vt 0.386349 0.149457
vt 0.402569 0.149453
vt 0.431608 0.068528
vt 0.419223 0.067258
vt 0.419558 0.062825
vt 0.432019 0.064230
vt 0.384693 0.245851
vt 0.403757 0.245247
vt 0.428322 0.184086
vt 0.416884 0.184598
vt 0.416861 0.180856
vt 0.428271 0.180413
vt 0.386420 0.133346
vt 0.402775 0.133410
vt 0.386370 0.129348
vt 0.402779 0.129450
vt 0.430929 0.077239
vt 0.418691 0.076164
vt 0.418937 0.071694
vt 0.431248 0.072854
vt 0.386284 0.125418
vt 0.402762 0.125557
vt 0.386170 0.121583
vt 0.402728 0.121754
vt 0.428551 0.191621
vt 0.417026 0.192272
vt 0.416918 0.188295
vt 0.428392 0.187715
vt 0.386444 0.165360
vt 0.418479 0.080703
vt 0.430640 0.081716
vt 0.402720 0.113978
vt 0.385955 0.113772
vt 0.385913 0.109095
vt 0.402829 0.109308
vt 0.417241 0.196893
vt 0.428860 0.196175
vt 0.386112 0.286453
vt 0.386044 0.117811
vt 0.402695 0.118004
vt 0.427907 0.145647
vt 0.416588 0.145535
vt 0.416666 0.141563
vt 0.428001 0.141736
vt 0.416733 0.137595
vt 0.428086 0.137833
vt 0.428322 0.122703
vt 0.416884 0.122190
vt 0.416918 0.118494
vt 0.428392 0.119073
vt 0.417026 0.114516
vt 0.428551 0.115167
vt 0.417241 0.109895
vt 0.428861 0.110614
vt 0.431608 0.238261
vt 0.419223 0.239530
vt 0.418937 0.235095
vt 0.431248 0.233935
vt 0.418691 0.230625
vt 0.430929 0.229549
vt 0.949302 0.558209
vt 0.942955 0.556836
vt 0.943284 0.554172
vt 0.949597 0.554926
vt 0.935966 0.555383
vt 0.936858 0.553164
vt 0.938606 0.551533
vt 0.943464 0.551507
vt 0.949597 0.551541
vt 0.436840 0.034107
vt 0.423787 0.031220
vt 0.424739 0.026584
vt 0.437891 0.029754
vt 0.425795 0.021911
vt 0.439055 0.025376
vt 0.428218 0.130133
vt 0.416831 0.129761
vt 0.416861 0.125933
vt 0.428271 0.126375
vt 0.890569 0.540125
vt 0.896338 0.542462
vt 0.895856 0.545306
vt 0.889718 0.543742
vt 0.900915 0.544399
vt 0.902176 0.546716
vt 0.902478 0.549273
vt 0.895501 0.548196
vt 0.889155 0.547340
vt 0.948699 0.544564
vt 0.942460 0.546007
vt 0.941838 0.543162
vt 0.947804 0.541034
vt 0.935613 0.547728
vt 0.935677 0.545154
vt 0.936717 0.542730
vt 0.941093 0.540375
vt 0.946620 0.537513
vt 0.435045 0.264029
vt 0.422176 0.266400
vt 0.421505 0.261863
vt 0.434288 0.259722
vt 0.420914 0.257353
vt 0.433613 0.255424
vt 0.432485 0.246846
vt 0.419946 0.248407
vt 0.419557 0.243964
vt 0.432019 0.242559
vt 0.895184 0.551034
vt 0.888886 0.550891
vt 0.901593 0.551591
vt 0.899852 0.553340
vt 0.895013 0.553766
vt 0.888910 0.554370
vt 0.939804 0.537864
vt 0.945163 0.534095
vt 0.934472 0.542095
vt 0.932748 0.540556
vt 0.938374 0.535541
vt 0.943472 0.531099
vt 0.427771 0.153394
vt 0.416474 0.153394
vt 0.416510 0.149488
vt 0.427815 0.149542
vt 0.416789 0.133655
vt 0.428157 0.133959
vt 0.895440 0.556402
vt 0.889224 0.557740
vt 0.901745 0.554801
vt 0.902839 0.556928
vt 0.896016 0.559024
vt 0.889824 0.560982
vt 0.936928 0.533541
vt 0.941583 0.528781
vt 0.931988 0.538317
vt 0.932181 0.535856
vt 0.935422 0.531850
vt 0.939497 0.526928
vt 0.422935 0.035821
vt 0.435894 0.038441
vt 0.426959 0.017200
vt 0.440337 0.020968
vt 0.428234 0.012452
vt 0.441739 0.016529
vt 0.896629 0.561586
vt 0.890702 0.564076
vt 0.902771 0.559351
vt 0.901725 0.561614
vt 0.897357 0.563999
vt 0.891855 0.567010
vt 0.933513 0.530646
vt 0.937215 0.525274
vt 0.929943 0.536449
vt 0.927862 0.535961
vt 0.931475 0.529487
vt 0.934757 0.523785
vt 0.422935 0.270968
vt 0.435893 0.268348
vt 0.943039 0.548803
vt 0.949297 0.548075
vt 0.936710 0.549954
vt 0.418479 0.226086
vt 0.430640 0.225073
vt 0.898623 0.566094
vt 0.893267 0.569766
vt 0.903961 0.562089
vt 0.905679 0.563491
vt 0.900039 0.568139
vt 0.894925 0.572340
vt 0.420397 0.252869
vt 0.433014 0.251133
vt 0.929414 0.528311
vt 0.932143 0.522478
vt 0.926393 0.534310
vt 0.925704 0.532018
vt 0.927337 0.527253
vt 0.929397 0.521364
vt 0.925055 0.526752
vt 0.926548 0.520459
vt 0.923793 0.533382
vt 0.921658 0.533738
vt 0.922687 0.526341
vt 0.923627 0.519777
vt 0.920746 0.584980
vt 0.920446 0.578541
vt 0.922742 0.578116
vt 0.923704 0.584693
vt 0.920206 0.573387
vt 0.921495 0.571376
vt 0.923357 0.570227
vt 0.925069 0.577540
vt 0.926617 0.584113
vt 0.896676 0.528924
vt 0.901191 0.533446
vt 0.899849 0.535269
vt 0.894772 0.530963
vt 0.904791 0.537133
vt 0.905212 0.539565
vt 0.904664 0.541865
vt 0.898596 0.537396
vt 0.893107 0.533447
vt 0.901486 0.570151
vt 0.896816 0.574724
vt 0.906436 0.565667
vt 0.906244 0.568116
vt 0.903002 0.572013
vt 0.898925 0.576901
vt 0.897388 0.539841
vt 0.891701 0.536587
vt 0.903090 0.543558
vt 0.416510 0.157301
vt 0.427815 0.157247
vt 0.947841 0.564400
vt 0.942082 0.561914
vt 0.942583 0.559444
vt 0.948715 0.561371
vt 0.937511 0.559946
vt 0.936259 0.557790
vt 0.901103 0.525354
vt 0.904902 0.530726
vt 0.902980 0.532070
vt 0.898794 0.527065
vt 0.909101 0.536836
vt 0.907075 0.537515
vt 0.945280 0.569992
vt 0.939797 0.566285
vt 0.941016 0.564117
vt 0.946691 0.567275
vt 0.933749 0.562182
vt 0.935329 0.560627
vt 0.906215 0.522445
vt 0.908814 0.528117
vt 0.906844 0.529363
vt 0.903584 0.523809
vt 0.910883 0.532709
vt 0.910410 0.535055
vt 0.914820 0.584663
vt 0.915750 0.577975
vt 0.918121 0.578331
vt 0.917775 0.584970
vt 0.916775 0.570534
vt 0.918736 0.571505
vt 0.941722 0.574905
vt 0.937207 0.570419
vt 0.938544 0.568423
vt 0.943619 0.572542
vt 0.933617 0.566840
vt 0.933198 0.564420
vt 0.911812 0.520328
vt 0.913359 0.526776
vt 0.911039 0.527406
vt 0.908967 0.521278
vt 0.915071 0.534045
vt 0.912913 0.533889
vt 0.909063 0.583168
vt 0.911106 0.577074
vt 0.913386 0.577586
vt 0.911908 0.584062
vt 0.912730 0.572201
vt 0.914640 0.570853
vt 0.937310 0.578981
vt 0.933512 0.573456
vt 0.935427 0.571974
vt 0.939612 0.577057
vt 0.929317 0.567314
vt 0.931339 0.566562
vt 0.917683 0.519265
vt 0.917982 0.525688
vt 0.915686 0.526146
vt 0.914724 0.519620
vt 0.918223 0.530856
vt 0.916934 0.532891
vt 0.903696 0.580548
vt 0.906964 0.574693
vt 0.909028 0.575962
vt 0.906316 0.581993
vt 0.910569 0.568188
vt 0.912039 0.569872
vt 0.932210 0.582089
vt 0.929609 0.576212
vt 0.931575 0.574910
vt 0.934836 0.580663
vt 0.927539 0.571511
vt 0.928010 0.569128
vt 0.920311 0.525931
vt 0.920662 0.519344
vt 0.919696 0.532762
vt 0.904919 0.573397
vt 0.901225 0.578846
vt 0.908486 0.567627
vt 0.927387 0.576934
vt 0.929461 0.583243
vt 0.925511 0.570346
vt 0.925384 0.561508
vt 0.928657 0.561867
vt 0.919223 0.552301
vt 0.928085 0.558335
vt 0.927711 0.541497
vt 0.927476 0.545208
vt 0.924490 0.542257
vt 0.919871 0.566199
vt 0.917732 0.563488
vt 0.921748 0.563300
vt 0.909009 0.550412
vt 0.906532 0.552886
vt 0.909228 0.555072
vt 0.931201 0.557273
vt 0.929432 0.554130
vt 0.909766 0.542334
vt 0.913045 0.542790
vt 0.910346 0.546006
vt 0.907759 0.558366
vt 0.910960 0.559134
vt 0.923461 0.538842
vt 0.920704 0.540875
vt 0.931912 0.551702
vt 0.929216 0.549470
vt 0.910720 0.562703
vt 0.913944 0.562041
vt 0.924676 0.564961
vt 0.907232 0.547127
vt 0.918562 0.538130
vt 0.916685 0.541063
vt 0.930681 0.546034
vt 0.913751 0.539294
vt 0.914971 0.565413
vt 0.336482 0.208175
vt 0.337350 0.203644
vt 0.331034 0.207048
vt 0.331988 0.202617
vt 0.332882 0.198084
vt 0.338161 0.199013
vt 0.341720 0.138679
vt 0.341486 0.134912
vt 0.336802 0.138989
vt 0.336537 0.135288
vt 0.336208 0.131610
vt 0.341191 0.131167
vt 0.340438 0.182869
vt 0.340839 0.179297
vt 0.335395 0.182292
vt 0.335824 0.178788
vt 0.336208 0.175179
vt 0.341191 0.175622
vt 0.332568 0.225600
vt 0.333614 0.221273
vt 0.326730 0.224060
vt 0.327887 0.219839
vt 0.328987 0.215632
vt 0.334611 0.216959
vt 0.330293 0.234459
vt 0.331465 0.229993
vt 0.324197 0.232709
vt 0.325500 0.228337
vt 0.324922 0.053236
vt 0.323399 0.048062
vt 0.318085 0.055423
vt 0.316312 0.050375
vt 0.314436 0.045135
vt 0.321809 0.042728
vt 0.314872 0.287989
vt 0.316670 0.281574
vt 0.305913 0.285178
vt 0.308177 0.278858
vt 0.310371 0.272822
vt 0.318435 0.275472
vt 0.314873 0.018799
vt 0.313071 0.012035
vt 0.305914 0.021611
vt 0.303558 0.014847
vt 0.301202 0.007713
vt 0.311294 0.004879
vt 0.338161 0.107775
vt 0.337351 0.103145
vt 0.332883 0.108704
vt 0.331988 0.104171
vt 0.331034 0.099741
vt 0.336482 0.098613
vt 0.321808 0.264061
vt 0.323399 0.258726
vt 0.314435 0.261654
vt 0.316311 0.256414
vt 0.318084 0.251366
vt 0.324922 0.253553
vt 0.342068 0.153394
vt 0.342055 0.149799
vt 0.337235 0.153394
vt 0.337215 0.149882
vt 0.337141 0.146305
vt 0.342001 0.146143
vt 0.330293 0.072330
vt 0.329056 0.067755
vt 0.324198 0.074080
vt 0.322808 0.069608
vt 0.321329 0.065020
vt 0.327748 0.063061
vt 0.338890 0.194373
vt 0.333702 0.193552
vt 0.334378 0.189356
vt 0.339498 0.190084
vt 0.327748 0.243728
vt 0.329055 0.239033
vt 0.321328 0.241768
vt 0.322808 0.237181
vt 0.332569 0.081189
vt 0.331466 0.076795
vt 0.326731 0.082728
vt 0.325501 0.078452
vt 0.326370 0.248553
vt 0.319755 0.246489
vt 0.341720 0.168109
vt 0.341891 0.164358
vt 0.336802 0.167799
vt 0.337004 0.164120
vt 0.337141 0.160483
vt 0.342001 0.160645
vt 0.335567 0.094183
vt 0.330032 0.095412
vt 0.328987 0.091157
vt 0.334612 0.089830
vt 0.341891 0.142431
vt 0.337004 0.142669
vt 0.320151 0.269645
vt 0.312451 0.267130
vt 0.339997 0.186364
vt 0.334922 0.185717
vt 0.320152 0.037144
vt 0.312451 0.039658
vt 0.310371 0.033966
vt 0.318435 0.031317
vt 0.339498 0.116705
vt 0.338890 0.112416
vt 0.334378 0.117432
vt 0.333702 0.113236
vt 0.335567 0.212605
vt 0.330032 0.211377
vt 0.340839 0.127492
vt 0.335824 0.128001
vt 0.335395 0.124496
vt 0.340438 0.123920
vt 0.311293 0.301910
vt 0.313071 0.294754
vt 0.301201 0.299076
vt 0.303557 0.291942
vt 0.316671 0.025214
vt 0.308178 0.027930
vt 0.339997 0.120425
vt 0.334922 0.121071
vt 0.342055 0.156989
vt 0.337215 0.156907
vt 0.326370 0.058235
vt 0.319756 0.060300
vt 0.333614 0.085516
vt 0.327888 0.086949
vt 0.341486 0.171877
vt 0.336537 0.171500
vt 0.332990 0.146463
vt 0.332824 0.142899
vt 0.329095 0.146619
vt 0.328894 0.143132
vt 0.328625 0.139595
vt 0.332591 0.139288
vt 0.315871 0.066937
vt 0.314131 0.062339
vt 0.310794 0.068958
vt 0.308905 0.064501
vt 0.306873 0.059910
vt 0.312272 0.057596
vt 0.330006 0.188655
vt 0.330587 0.185095
vt 0.325918 0.187908
vt 0.326527 0.184432
vt 0.327028 0.181148
vt 0.331079 0.181737
vt 0.330006 0.118134
vt 0.329262 0.114040
vt 0.325918 0.118881
vt 0.325116 0.114883
vt 0.324151 0.110542
vt 0.328380 0.109592
vt 0.324179 0.092449
vt 0.323006 0.088334
vt 0.319694 0.093784
vt 0.318450 0.089774
vt 0.317129 0.085758
vt 0.321763 0.084212
vt 0.331079 0.125051
vt 0.330587 0.121693
vt 0.327029 0.125640
vt 0.326527 0.122357
vt 0.332990 0.160325
vt 0.333087 0.156825
vt 0.329095 0.160169
vt 0.329225 0.156747
vt 0.329275 0.153394
vt 0.333113 0.153394
vt 0.332298 0.135649
vt 0.328293 0.136033
vt 0.327913 0.132489
vt 0.331937 0.132037
vt 0.326377 0.205962
vt 0.327405 0.201627
vt 0.322015 0.204818
vt 0.323108 0.200580
vt 0.324151 0.196247
vt 0.328379 0.197196
vt 0.331529 0.178297
vt 0.327489 0.177777
vt 0.327913 0.174300
vt 0.331937 0.174751
vt 0.298199 0.024631
vt 0.295332 0.017996
vt 0.291004 0.028088
vt 0.287609 0.021669
vt 0.283961 0.014740
vt 0.292344 0.010878
vt 0.319016 0.231021
vt 0.320436 0.226757
vt 0.314189 0.229252
vt 0.315711 0.225103
vt 0.317128 0.221031
vt 0.321762 0.222576
vt 0.320436 0.080032
vt 0.315712 0.081685
vt 0.314189 0.077536
vt 0.319016 0.075768
vt 0.310284 0.052688
vt 0.304688 0.055165
vt 0.302339 0.050243
vt 0.308161 0.047590
vt 0.331529 0.128492
vt 0.327489 0.129011
vt 0.327405 0.105161
vt 0.323108 0.106208
vt 0.322016 0.101970
vt 0.326377 0.100826
vt 0.332298 0.171139
vt 0.328293 0.170756
vt 0.328625 0.167194
vt 0.332591 0.167501
vt 0.333087 0.149963
vt 0.329225 0.150041
vt 0.323005 0.218454
vt 0.318450 0.217014
vt 0.319694 0.213004
vt 0.324178 0.214340
vt 0.329262 0.192748
vt 0.325116 0.191906
vt 0.298199 0.282158
vt 0.300916 0.275949
vt 0.291003 0.278701
vt 0.294158 0.272702
vt 0.297088 0.267044
vt 0.303483 0.270079
vt 0.312271 0.249193
vt 0.314131 0.244449
vt 0.306872 0.246878
vt 0.308904 0.242288
vt 0.310794 0.237831
vt 0.315870 0.239852
vt 0.308161 0.259198
vt 0.310283 0.254101
vt 0.302338 0.256545
vt 0.304688 0.251623
vt 0.325302 0.096596
vt 0.320879 0.097836
vt 0.305895 0.264516
vt 0.299810 0.261675
vt 0.317497 0.071408
vt 0.312553 0.073298
vt 0.305896 0.042272
vt 0.299810 0.045114
vt 0.297089 0.039745
vt 0.303484 0.036709
vt 0.325302 0.210193
vt 0.320879 0.208953
vt 0.317496 0.235381
vt 0.312553 0.233491
vt 0.292343 0.295911
vt 0.295332 0.288792
vt 0.283960 0.292049
vt 0.287608 0.285119
vt 0.300917 0.030839
vt 0.294158 0.034087
vt 0.332823 0.163889
vt 0.328894 0.163656
vt 0.317652 0.203536
vt 0.318807 0.199402
vt 0.313167 0.202055
vt 0.314383 0.198040
vt 0.315568 0.193941
vt 0.319921 0.195176
vt 0.322967 0.180483
vt 0.323432 0.177193
vt 0.318782 0.179705
vt 0.319247 0.176512
vt 0.319694 0.173217
vt 0.323869 0.173797
vt 0.283930 0.032215
vt 0.280005 0.026148
vt 0.276898 0.037209
vt 0.272483 0.031658
vt 0.267542 0.025729
vt 0.275683 0.019603
vt 0.309390 0.227281
vt 0.311008 0.223263
vt 0.304484 0.225020
vt 0.306194 0.221155
vt 0.307775 0.217346
vt 0.312510 0.219313
vt 0.312510 0.087476
vt 0.311009 0.083525
vt 0.307775 0.089442
vt 0.306194 0.085633
vt 0.304485 0.081768
vt 0.309390 0.079507
vt 0.301534 0.062521
vt 0.299163 0.057974
vt 0.296124 0.065547
vt 0.293577 0.061241
vt 0.290808 0.056802
vt 0.296597 0.053268
vt 0.323870 0.132992
vt 0.323432 0.129596
vt 0.319694 0.133571
vt 0.319247 0.130277
vt 0.318783 0.127084
vt 0.322967 0.126305
vt 0.319921 0.111612
vt 0.318807 0.107387
vt 0.315568 0.112847
vt 0.314384 0.108749
vt 0.313167 0.104734
vt 0.317653 0.103252
vt 0.324271 0.170336
vt 0.320114 0.169862
vt 0.320505 0.166489
vt 0.324635 0.166859
vt 0.325415 0.153394
vt 0.325347 0.150123
vt 0.321407 0.153394
vt 0.321323 0.150209
vt 0.321122 0.146962
vt 0.325181 0.146786
vt 0.313905 0.215412
vt 0.309240 0.213576
vt 0.310613 0.209799
vt 0.315214 0.211513
vt 0.320964 0.190953
vt 0.316691 0.189851
vt 0.317625 0.186087
vt 0.321831 0.187065
vt 0.283929 0.274574
vt 0.287512 0.268891
vt 0.276897 0.269579
vt 0.280880 0.264338
vt 0.284494 0.259351
vt 0.290797 0.263522
vt 0.301534 0.244267
vt 0.303728 0.239857
vt 0.296123 0.241242
vt 0.298470 0.237050
vt 0.300635 0.232957
vt 0.305760 0.235566
vt 0.296596 0.253521
vt 0.299162 0.248815
vt 0.290807 0.249986
vt 0.293576 0.245548
vt 0.316458 0.099222
vt 0.311915 0.100819
vt 0.310613 0.096989
vt 0.315214 0.095275
vt 0.293815 0.258412
vt 0.287791 0.254579
vt 0.307644 0.075410
vt 0.302636 0.077838
vt 0.300636 0.073831
vt 0.305761 0.071222
vt 0.293816 0.048376
vt 0.287791 0.052210
vt 0.284495 0.047437
vt 0.290797 0.043267
vt 0.316458 0.207567
vt 0.311915 0.205969
vt 0.307644 0.231379
vt 0.302636 0.228951
vt 0.275683 0.287185
vt 0.280004 0.280640
vt 0.267541 0.281059
vt 0.272482 0.275131
vt 0.287513 0.037897
vt 0.280880 0.042451
vt 0.324941 0.163407
vt 0.320844 0.163136
vt 0.321122 0.159826
vt 0.325181 0.160003
vt 0.324941 0.143382
vt 0.320844 0.143653
vt 0.320505 0.140299
vt 0.324635 0.139929
vt 0.303729 0.066931
vt 0.298470 0.069739
vt 0.322464 0.183684
vt 0.318283 0.182810
vt 0.321831 0.119723
vt 0.320964 0.115836
vt 0.317625 0.120701
vt 0.316692 0.116937
vt 0.313905 0.091376
vt 0.309241 0.093212
vt 0.322464 0.123105
vt 0.318283 0.123979
vt 0.325347 0.156665
vt 0.321323 0.156579
vt 0.324271 0.136452
vt 0.320114 0.136927
vt 0.315292 0.134253
vt 0.314842 0.131088
vt 0.310765 0.135025
vt 0.310317 0.132007
vt 0.309855 0.129072
vt 0.314379 0.128014
vt 0.310990 0.114297
vt 0.309736 0.110352
vt 0.306307 0.115949
vt 0.304989 0.112179
vt 0.303649 0.108475
vt 0.308457 0.106481
vt 0.315292 0.172535
vt 0.315723 0.169312
vt 0.310765 0.171763
vt 0.311196 0.168688
vt 0.311603 0.165588
vt 0.316128 0.166068
vt 0.317121 0.153394
vt 0.317027 0.150301
vt 0.312645 0.153394
vt 0.312544 0.150407
vt 0.312298 0.147374
vt 0.316797 0.147154
vt 0.302809 0.215043
vt 0.304344 0.211422
vt 0.297750 0.212427
vt 0.299350 0.208973
vt 0.300849 0.205487
vt 0.305781 0.207783
vt 0.310990 0.192491
vt 0.312192 0.188558
vt 0.306307 0.190840
vt 0.307576 0.187083
vt 0.308633 0.183617
vt 0.313192 0.184933
vt 0.269912 0.263491
vt 0.274226 0.258828
vt 0.263380 0.256441
vt 0.267905 0.252459
vt 0.271991 0.248551
vt 0.278123 0.254336
vt 0.290537 0.237659
vt 0.293021 0.233733
vt 0.284977 0.233560
vt 0.287568 0.229947
vt 0.289950 0.226376
vt 0.295308 0.229882
vt 0.284885 0.245774
vt 0.287833 0.241668
vt 0.279072 0.240938
vt 0.282154 0.237222
vt 0.307145 0.102702
vt 0.302276 0.104850
vt 0.300850 0.101301
vt 0.305781 0.099005
vt 0.281661 0.249991
vt 0.275697 0.244712
vt 0.299359 0.084423
vt 0.297415 0.080693
vt 0.294164 0.087441
vt 0.292144 0.083944
vt 0.289951 0.080412
vt 0.295308 0.076907
vt 0.284885 0.061014
vt 0.281661 0.056798
vt 0.279072 0.065851
vt 0.275698 0.062077
vt 0.271991 0.058238
vt 0.278124 0.052453
vt 0.307144 0.204087
vt 0.302275 0.201939
vt 0.303649 0.198314
vt 0.308457 0.200308
vt 0.297415 0.226095
vt 0.292143 0.222845
vt 0.294164 0.219348
vt 0.299358 0.222365
vt 0.259702 0.273436
vt 0.265104 0.268352
vt 0.252712 0.264618
vt 0.258345 0.260497
vt 0.274227 0.047961
vt 0.267905 0.054329
vt 0.263381 0.050347
vt 0.269912 0.043297
vt 0.316490 0.162833
vt 0.311975 0.162489
vt 0.312298 0.159414
vt 0.316797 0.159634
vt 0.316490 0.143955
vt 0.311975 0.144300
vt 0.311602 0.141201
vt 0.316128 0.140721
vt 0.293022 0.073055
vt 0.287569 0.076842
vt 0.284978 0.073228
vt 0.290538 0.069130
vt 0.313878 0.181770
vt 0.309348 0.180585
vt 0.309855 0.177716
vt 0.314379 0.178774
vt 0.313192 0.121855
vt 0.312192 0.118231
vt 0.308634 0.123172
vt 0.307576 0.119705
vt 0.304344 0.095366
vt 0.299350 0.097815
vt 0.297750 0.094362
vt 0.302809 0.091746
vt 0.313878 0.125019
vt 0.309348 0.126204
vt 0.317027 0.156487
vt 0.312544 0.156381
vt 0.315723 0.137476
vt 0.311196 0.138100
vt 0.309736 0.196437
vt 0.304989 0.194609
vt 0.314842 0.175701
vt 0.310317 0.174781
vt 0.265104 0.038436
vt 0.258346 0.046291
vt 0.252712 0.042171
vt 0.259702 0.033353
vt 0.301152 0.218684
vt 0.296028 0.215879
vt 0.301152 0.088104
vt 0.296028 0.090909
vt 0.287834 0.065120
vt 0.282155 0.069566
vt 0.273730 0.235726
vt 0.276880 0.232431
vt 0.268953 0.230259
vt 0.272097 0.227396
vt 0.274988 0.224496
vt 0.279767 0.229144
vt 0.298980 0.110642
vt 0.297551 0.107182
vt 0.294502 0.112961
vt 0.293025 0.109678
vt 0.291493 0.106451
vt 0.296068 0.103790
vt 0.266510 0.242324
vt 0.270286 0.239025
vt 0.261785 0.235832
vt 0.265526 0.233076
vt 0.289175 0.090689
vt 0.287104 0.087443
vt 0.284458 0.094130
vt 0.282366 0.091142
vt 0.280102 0.088171
vt 0.284858 0.084187
vt 0.273730 0.071063
vt 0.270286 0.067763
vt 0.268953 0.076529
vt 0.265527 0.073712
vt 0.261785 0.070957
vt 0.266510 0.064464
vt 0.296067 0.202998
vt 0.297550 0.199606
vt 0.291492 0.200337
vt 0.293024 0.197110
vt 0.294501 0.193827
vt 0.298980 0.196147
vt 0.284858 0.222601
vt 0.287104 0.219345
vt 0.280102 0.218617
vt 0.282365 0.215647
vt 0.284457 0.212658
vt 0.289175 0.216099
vt 0.247059 0.255269
vt 0.252700 0.252111
vt 0.242819 0.245748
vt 0.248262 0.243504
vt 0.253200 0.241075
vt 0.257775 0.248883
vt 0.262358 0.061175
vt 0.257691 0.068282
vt 0.253201 0.065713
vt 0.257776 0.057906
vt 0.307129 0.165064
vt 0.307501 0.162109
vt 0.302765 0.164502
vt 0.303117 0.161698
vt 0.303432 0.158903
vt 0.307827 0.159169
vt 0.307827 0.147620
vt 0.307501 0.144680
vt 0.303432 0.147885
vt 0.303117 0.145090
vt 0.302765 0.142287
vt 0.307129 0.141724
vt 0.282419 0.080921
vt 0.277649 0.085221
vt 0.274988 0.082292
vt 0.279768 0.077644
vt 0.304168 0.182193
vt 0.304904 0.179310
vt 0.299846 0.180677
vt 0.300593 0.177961
vt 0.301100 0.175388
vt 0.305415 0.176583
vt 0.304168 0.124596
vt 0.303066 0.121305
vt 0.299846 0.126111
vt 0.298713 0.123016
vt 0.297350 0.119664
vt 0.301743 0.117742
vt 0.294511 0.100462
vt 0.289891 0.103289
vt 0.288199 0.100189
vt 0.292859 0.097183
vt 0.305415 0.130205
vt 0.304905 0.127479
vt 0.301100 0.131400
vt 0.300594 0.128827
vt 0.308080 0.156262
vt 0.303683 0.156132
vt 0.303789 0.153394
vt 0.308186 0.153394
vt 0.306738 0.138775
vt 0.302381 0.139494
vt 0.301973 0.136734
vt 0.306312 0.135854
vt 0.300372 0.192624
vt 0.295937 0.190496
vt 0.297349 0.187125
vt 0.301743 0.189047
vt 0.305872 0.173799
vt 0.301547 0.172759
vt 0.301973 0.170054
vt 0.306312 0.170935
vt 0.252700 0.054678
vt 0.248263 0.063284
vt 0.242819 0.061040
vt 0.247059 0.051519
vt 0.291087 0.212857
vt 0.286394 0.209647
vt 0.288198 0.206599
vt 0.292859 0.209605
vt 0.291087 0.093931
vt 0.286395 0.097141
vt 0.276880 0.074357
vt 0.272098 0.079393
vt 0.305872 0.132990
vt 0.301547 0.134029
vt 0.300372 0.114164
vt 0.295937 0.116292
vt 0.306738 0.168013
vt 0.302380 0.167294
vt 0.308080 0.150527
vt 0.303683 0.150656
vt 0.294511 0.206326
vt 0.289890 0.203499
vt 0.303066 0.185483
vt 0.298713 0.183772
vt 0.262357 0.245614
vt 0.257691 0.238506
vt 0.282419 0.225867
vt 0.277649 0.221568
vt 0.257724 0.077779
vt 0.253813 0.075700
vt 0.253991 0.085721
vt 0.250424 0.084239
vt 0.246601 0.082983
vt 0.249563 0.073797
vt 0.298400 0.163881
vt 0.298714 0.161245
vt 0.293494 0.163103
vt 0.293788 0.160675
vt 0.294027 0.158239
vt 0.299006 0.158610
vt 0.299006 0.148178
vt 0.298714 0.145543
vt 0.294027 0.148550
vt 0.293788 0.146114
vt 0.293494 0.143686
vt 0.298400 0.142908
vt 0.275579 0.092465
vt 0.273157 0.089839
vt 0.270824 0.097710
vt 0.268490 0.095442
vt 0.265987 0.093264
vt 0.270540 0.087269
vt 0.295554 0.179031
vt 0.296301 0.176500
vt 0.290757 0.177011
vt 0.291498 0.174698
vt 0.291983 0.172489
vt 0.296797 0.174093
vt 0.295554 0.127758
vt 0.294408 0.124884
vt 0.290757 0.129777
vt 0.289607 0.127167
vt 0.288208 0.124338
vt 0.293019 0.121769
vt 0.287018 0.109368
vt 0.285383 0.106390
vt 0.282127 0.112973
vt 0.280480 0.110238
vt 0.278761 0.107574
vt 0.283666 0.103481
vt 0.296797 0.132696
vt 0.296301 0.130289
vt 0.291984 0.134300
vt 0.291498 0.132090
vt 0.299243 0.155990
vt 0.294231 0.155809
vt 0.294316 0.153394
vt 0.299343 0.153394
vt 0.298037 0.140287
vt 0.293170 0.141278
vt 0.292809 0.138901
vt 0.297648 0.137699
vt 0.290102 0.191291
vt 0.291574 0.188167
vt 0.285250 0.188184
vt 0.286746 0.185322
vt 0.288208 0.182450
vt 0.293018 0.185019
vt 0.297234 0.171627
vt 0.292410 0.170220
vt 0.292809 0.167887
vt 0.297648 0.169089
vt 0.244937 0.072115
vt 0.242510 0.082000
vt 0.238145 0.081347
vt 0.239900 0.070713
vt 0.279907 0.208920
vt 0.281848 0.206144
vt 0.275041 0.204300
vt 0.276954 0.201797
vt 0.278761 0.199215
vt 0.283666 0.203307
vt 0.281848 0.100644
vt 0.276955 0.104991
vt 0.275041 0.102488
vt 0.279908 0.097868
vt 0.267710 0.084764
vt 0.263299 0.091186
vt 0.260414 0.089221
vt 0.264646 0.082335
vt 0.297234 0.135162
vt 0.292410 0.136568
vt 0.291574 0.118621
vt 0.286746 0.121466
vt 0.285250 0.118604
vt 0.290102 0.115498
vt 0.298037 0.166501
vt 0.293170 0.165510
vt 0.299243 0.150798
vt 0.294231 0.150979
vt 0.285382 0.200398
vt 0.280480 0.196551
vt 0.282127 0.193815
vt 0.287018 0.197420
vt 0.294408 0.181904
vt 0.289607 0.179621
vt 0.249562 0.232991
vt 0.253813 0.231088
vt 0.246600 0.223805
vt 0.250423 0.222549
vt 0.253990 0.221067
vt 0.257723 0.229009
vt 0.270540 0.219519
vt 0.273157 0.216949
vt 0.265986 0.213524
vt 0.268490 0.211346
vt 0.270824 0.209078
vt 0.275579 0.214323
vt 0.264645 0.224453
vt 0.267709 0.222024
vt 0.260413 0.217567
vt 0.263299 0.215603
vt 0.288586 0.112408
vt 0.283714 0.115767
vt 0.261325 0.226788
vt 0.257315 0.219396
vt 0.277824 0.095142
vt 0.273003 0.100060
vt 0.261325 0.080000
vt 0.257316 0.087392
vt 0.288586 0.194380
vt 0.283713 0.191021
vt 0.277823 0.211646
vt 0.273002 0.206728
vt 0.239900 0.236075
vt 0.244937 0.234673
vt 0.238145 0.225441
vt 0.242510 0.224788
vt 0.287957 0.157725
vt 0.288093 0.155557
vt 0.281400 0.157129
vt 0.281492 0.155263
vt 0.281515 0.153394
vt 0.288151 0.153394
vt 0.287509 0.144746
vt 0.287230 0.142618
vt 0.281071 0.145965
vt 0.280834 0.144148
vt 0.280545 0.142357
vt 0.286906 0.140520
vt 0.279462 0.184087
vt 0.280942 0.181581
vt 0.273461 0.179544
vt 0.274873 0.177437
vt 0.276252 0.175332
vt 0.282383 0.179073
vt 0.286126 0.170331
vt 0.286535 0.168327
vt 0.279807 0.167896
vt 0.280201 0.166186
vt 0.280545 0.164431
vt 0.286906 0.166269
vt 0.244469 0.093816
vt 0.241162 0.093398
vt 0.243552 0.104352
vt 0.241075 0.104236
vt 0.238557 0.104378
vt 0.237722 0.093293
vt 0.269531 0.198160
vt 0.271356 0.196000
vt 0.264241 0.191367
vt 0.265897 0.189565
vt 0.267499 0.187678
vt 0.273097 0.193752
vt 0.273097 0.113036
vt 0.271356 0.110789
vt 0.267499 0.119110
vt 0.265897 0.117223
vt 0.264242 0.115421
vt 0.269531 0.108628
vt 0.261156 0.100975
vt 0.258745 0.099354
vt 0.256922 0.109240
vt 0.254896 0.108006
vt 0.252786 0.106921
vt 0.256191 0.097877
vt 0.286535 0.138461
vt 0.280202 0.140602
vt 0.279807 0.138892
vt 0.286126 0.136458
vt 0.282383 0.127715
vt 0.280942 0.125207
vt 0.276252 0.131456
vt 0.274873 0.129352
vt 0.273461 0.127244
vt 0.279462 0.122701
vt 0.287229 0.164171
vt 0.280834 0.162641
vt 0.281071 0.160823
vt 0.287509 0.162042
vt 0.288093 0.151232
vt 0.281492 0.151525
vt 0.281400 0.149659
vt 0.287957 0.149063
vt 0.274769 0.191423
vt 0.269053 0.185717
vt 0.270563 0.183698
vt 0.276382 0.189025
vt 0.283775 0.176608
vt 0.277535 0.173249
vt 0.278599 0.171316
vt 0.284920 0.174324
vt 0.244468 0.212972
vt 0.247628 0.212285
vt 0.243551 0.202436
vt 0.245971 0.202091
vt 0.248321 0.201536
vt 0.250636 0.211360
vt 0.261156 0.205813
vt 0.263431 0.204064
vt 0.256922 0.197548
vt 0.258864 0.196180
vt 0.260729 0.194686
vt 0.265579 0.202200
vt 0.256191 0.208912
vt 0.258745 0.207434
vt 0.252786 0.199867
vt 0.254896 0.198782
vt 0.277944 0.120214
vt 0.272031 0.125151
vt 0.270563 0.123090
vt 0.276382 0.117763
vt 0.253489 0.210227
vt 0.250593 0.200790
vt 0.267610 0.106559
vt 0.262521 0.113711
vt 0.260730 0.112103
vt 0.265580 0.104588
vt 0.253490 0.096561
vt 0.250594 0.105998
vt 0.248321 0.105252
vt 0.250636 0.095428
vt 0.277943 0.186574
vt 0.272031 0.181637
vt 0.267609 0.200229
vt 0.262520 0.193077
vt 0.237721 0.213495
vt 0.241161 0.213390
vt 0.238557 0.202410
vt 0.241075 0.202553
vt 0.247629 0.094504
vt 0.245971 0.104697
vt 0.287751 0.159890
vt 0.281259 0.158986
vt 0.287751 0.146898
vt 0.281259 0.147803
vt 0.263432 0.102724
vt 0.258865 0.110609
vt 0.285651 0.172285
vt 0.279331 0.169575
vt 0.284921 0.132464
vt 0.283775 0.130181
vt 0.278599 0.135472
vt 0.277535 0.133539
vt 0.274769 0.115366
vt 0.269053 0.121071
vt 0.285651 0.134503
vt 0.279331 0.137213
vt 0.265737 0.179188
vt 0.266941 0.177429
vt 0.618125 0.715783
vt 0.620798 0.715526
vt 0.621824 0.716244
vt 0.618497 0.717212
vt 0.622489 0.717329
vt 0.618948 0.718661
vt 0.268193 0.175654
vt 0.256991 0.188131
vt 0.258575 0.186858
vt 0.619071 0.707355
vt 0.622562 0.709443
vt 0.621878 0.710412
vt 0.618591 0.708654
vt 0.620841 0.710920
vt 0.618190 0.709960
vt 0.260116 0.185583
vt 0.239762 0.194214
vt 0.241570 0.194206
vt 0.628109 0.699344
vt 0.628577 0.702419
vt 0.628057 0.703580
vt 0.626969 0.699704
vt 0.627204 0.704319
vt 0.625827 0.700161
vt 0.243420 0.194076
vt 0.247050 0.113078
vt 0.245263 0.112853
vt 0.632948 0.699750
vt 0.632371 0.702777
vt 0.631499 0.703581
vt 0.631757 0.699561
vt 0.630453 0.703825
vt 0.630531 0.699445
vt 0.243420 0.112712
vt 0.275326 0.159733
vt 0.275362 0.158168
vt 0.627558 0.727129
vt 0.628189 0.724457
vt 0.629056 0.723618
vt 0.628728 0.727174
vt 0.630083 0.723248
vt 0.629934 0.727158
vt 0.275401 0.156562
vt 0.275401 0.150226
vt 0.275362 0.148620
vt 0.634638 0.726443
vt 0.633332 0.722754
vt 0.634422 0.722802
vt 0.635793 0.726100
vt 0.635500 0.723345
vt 0.636897 0.725709
vt 0.275326 0.147055
vt 0.256992 0.118657
vt 0.255441 0.117363
vt 0.639121 0.704305
vt 0.636408 0.707337
vt 0.635901 0.706164
vt 0.638263 0.703229
vt 0.635849 0.704800
vt 0.637377 0.702241
vt 0.253918 0.116148
vt 0.272628 0.168718
vt 0.273392 0.167198
vt 0.621577 0.723827
vt 0.624288 0.720787
vt 0.624779 0.721858
vt 0.622410 0.724744
vt 0.624812 0.723098
vt 0.623259 0.725489
vt 0.274033 0.165803
vt 0.272628 0.138071
vt 0.271731 0.136373
vt 0.641626 0.720777
vt 0.638134 0.718680
vt 0.638829 0.717785
vt 0.642106 0.719484
vt 0.639867 0.717283
vt 0.642495 0.718093
vt 0.270752 0.134593
vt 0.265737 0.127600
vt 0.264302 0.126037
vt 0.642529 0.712070
vt 0.639901 0.712620
vt 0.638878 0.711923
vt 0.642160 0.710657
vt 0.638211 0.710822
vt 0.641714 0.709244
vt 0.262847 0.124432
vt 0.274033 0.140985
vt 0.273392 0.139590
vt 0.640514 0.722864
vt 0.638320 0.721043
vt 0.637983 0.719849
vt 0.641102 0.721900
vt 0.275523 0.154962
vt 0.631097 0.723567
vt 0.631144 0.727146
vt 0.631920 0.724396
vt 0.632331 0.727101
vt 0.275631 0.153394
vt 0.274977 0.145553
vt 0.635617 0.722193
vt 0.637841 0.725050
vt 0.636180 0.721289
vt 0.638762 0.724328
vt 0.274614 0.144017
vt 0.269472 0.173896
vt 0.622600 0.718664
vt 0.619421 0.720117
vt 0.622218 0.719968
vt 0.619949 0.721522
vt 0.270752 0.172195
vt 0.274322 0.164313
vt 0.625882 0.722630
vt 0.624283 0.725948
vt 0.626928 0.722696
vt 0.625367 0.726366
vt 0.274614 0.162771
vt 0.241570 0.112582
vt 0.629418 0.703373
vt 0.629304 0.699349
vt 0.239763 0.112574
vt 0.261459 0.183999
vt 0.621590 0.712027
vt 0.618091 0.711374
vt 0.621877 0.713306
vt 0.618063 0.712842
vt 0.262846 0.182356
vt 0.261460 0.122789
vt 0.638104 0.709515
vt 0.641252 0.707851
vt 0.638491 0.708235
vt 0.640736 0.706530
vt 0.260117 0.121206
vt 0.252238 0.115332
vt 0.634761 0.705148
vt 0.636317 0.701543
vt 0.633687 0.704900
vt 0.635199 0.700902
vt 0.250499 0.114557
vt 0.274322 0.142475
vt 0.637159 0.720914
vt 0.639673 0.723607
vt 0.269472 0.132892
vt 0.639114 0.716152
vt 0.642581 0.716594
vt 0.638823 0.714844
vt 0.642599 0.715063
vt 0.268193 0.131134
vt 0.274976 0.161235
vt 0.627735 0.723392
vt 0.626461 0.726781
vt 0.275523 0.151826
vt 0.632459 0.723360
vt 0.633479 0.726791
vt 0.264302 0.180751
vt 0.621567 0.714556
vt 0.618058 0.714324
vt 0.271731 0.170416
vt 0.623358 0.720139
vt 0.620734 0.722735
vt 0.245263 0.193935
vt 0.626132 0.704397
vt 0.624691 0.700636
vt 0.625060 0.703889
vt 0.623609 0.701171
vt 0.247050 0.193710
vt 0.253917 0.190640
vt 0.255441 0.189425
vt 0.620121 0.704866
vt 0.622341 0.706855
vt 0.622697 0.708173
vt 0.619569 0.706073
vt 0.250499 0.192231
vt 0.252238 0.191456
vt 0.621803 0.702940
vt 0.624435 0.706307
vt 0.623484 0.706864
vt 0.620926 0.703884
vt 0.266942 0.129359
vt 0.639135 0.713611
vt 0.642599 0.713545
vt 0.248764 0.193017
vt 0.624971 0.705226
vt 0.622693 0.702013
vt 0.258575 0.119930
vt 0.637350 0.708058
vt 0.639965 0.705402
vt 0.248764 0.113771
vt 0.632854 0.704027
vt 0.634073 0.700281
vt 0.633895 0.718405
vt 0.635562 0.718581
vt 0.630299 0.713740
vt 0.635076 0.716740
vt 0.631383 0.720865
vt 0.630181 0.719632
vt 0.632163 0.719331
vt 0.633725 0.720161
vt 0.625012 0.717862
vt 0.625542 0.715973
vt 0.626630 0.718025
vt 0.626714 0.719926
vt 0.628252 0.719263
vt 0.629167 0.706299
vt 0.630390 0.707672
vt 0.628408 0.707973
vt 0.625585 0.711153
vt 0.624116 0.711975
vt 0.625171 0.713532
vt 0.635677 0.710216
vt 0.635133 0.712016
vt 0.634030 0.709868
vt 0.633940 0.707922
vt 0.632366 0.708350
vt 0.636573 0.716103
vt 0.635505 0.714458
vt 0.628937 0.720890
vt 0.624090 0.715009
vt 0.626866 0.707278
vt 0.626722 0.709208
vt 0.625092 0.709268
vt 0.631655 0.706550
vt 0.636604 0.713105
vt 0.444703 0.161011
vt 0.437125 0.161018
vt 0.437003 0.157185
vt 0.444632 0.157204
vt 0.436933 0.153394
vt 0.444618 0.153394
vt 0.451668 0.252047
vt 0.443630 0.253670
vt 0.443001 0.249541
vt 0.451028 0.248039
vt 0.442440 0.245400
vt 0.450454 0.244008
vt 0.448685 0.227435
vt 0.440759 0.228504
vt 0.440436 0.224083
vt 0.448328 0.223088
vt 0.440128 0.219547
vt 0.447978 0.218642
vt 0.455019 0.267849
vt 0.446982 0.270107
vt 0.446002 0.266007
vt 0.454046 0.263936
vt 0.445123 0.261902
vt 0.453169 0.259996
vt 0.457302 0.031205
vt 0.449293 0.028481
vt 0.450655 0.024364
vt 0.458644 0.027395
vt 0.452192 0.020214
vt 0.460151 0.023638
vt 0.453169 0.046793
vt 0.445123 0.044887
vt 0.446002 0.040782
vt 0.454046 0.042853
vt 0.446982 0.036682
vt 0.455019 0.038940
vt 0.444823 0.138246
vt 0.437339 0.138074
vt 0.437417 0.134260
vt 0.444939 0.134529
vt 0.437487 0.130493
vt 0.445054 0.130834
vt 0.437003 0.149604
vt 0.444632 0.149584
vt 0.437125 0.145771
vt 0.444703 0.145778
vt 0.441942 0.241244
vt 0.449938 0.239950
vt 0.441501 0.237058
vt 0.449477 0.235848
vt 0.444335 0.257790
vt 0.452379 0.256033
vt 0.437546 0.126792
vt 0.445165 0.127175
vt 0.437593 0.123180
vt 0.445274 0.123567
vt 0.448075 0.032584
vt 0.456100 0.035056
vt 0.441110 0.232821
vt 0.449063 0.231683
vt 0.445636 0.116078
vt 0.437877 0.115788
vt 0.438282 0.111327
vt 0.446056 0.111616
vt 0.438732 0.106432
vt 0.446512 0.106802
vt 0.437652 0.119621
vt 0.445413 0.119963
vt 0.437238 0.141917
vt 0.444767 0.141992
vt 0.446512 0.199987
vt 0.438732 0.200357
vt 0.438282 0.195462
vt 0.446056 0.195173
vt 0.437877 0.191001
vt 0.445636 0.190711
vt 0.447978 0.088147
vt 0.440128 0.087241
vt 0.440436 0.082706
vt 0.448328 0.083701
vt 0.440759 0.078285
vt 0.448685 0.079354
vt 0.437652 0.187168
vt 0.445413 0.186826
vt 0.437593 0.183609
vt 0.445274 0.183222
vt 0.441110 0.073968
vt 0.449063 0.075106
vt 0.441501 0.069731
vt 0.449477 0.070941
vt 0.437546 0.179997
vt 0.445165 0.179613
vt 0.437487 0.176296
vt 0.445054 0.175955
vt 0.441942 0.065545
vt 0.449939 0.066839
vt 0.442440 0.061389
vt 0.450454 0.062781
vt 0.437417 0.172529
vt 0.444940 0.172260
vt 0.437339 0.168714
vt 0.444823 0.168543
vt 0.460151 0.283151
vt 0.452192 0.286575
vt 0.450655 0.282425
vt 0.458644 0.279394
vt 0.449292 0.278308
vt 0.457301 0.275584
vt 0.443001 0.057248
vt 0.451028 0.058750
vt 0.443630 0.053119
vt 0.451668 0.054742
vt 0.437238 0.164872
vt 0.444767 0.164797
vt 0.439822 0.214900
vt 0.447619 0.214105
vt 0.439509 0.210147
vt 0.447238 0.209493
vt 0.448074 0.274206
vt 0.456099 0.271733
vt 0.439144 0.101496
vt 0.446903 0.101997
vt 0.439509 0.096641
vt 0.447238 0.097296
vt 0.444335 0.048999
vt 0.452379 0.050756
vt 0.439143 0.205293
vt 0.446903 0.204792
vt 0.439822 0.091889
vt 0.447619 0.092684
vt 0.160352 0.881409
vt 0.161790 0.876729
vt 0.167136 0.878469
vt 0.164878 0.883982
vt 0.162561 0.871600
vt 0.168391 0.872448
vt 0.162724 0.866302
vt 0.168696 0.866211
vt 0.162398 0.861012
vt 0.168200 0.859985
vt 0.161470 0.855910
vt 0.166760 0.854007
vt 0.159889 0.851276
vt 0.164334 0.848565
vt 0.173337 0.880890
vt 0.170185 0.887387
vt 0.175242 0.873685
vt 0.175788 0.866102
vt 0.175009 0.858539
vt 0.172884 0.851395
vt 0.169534 0.844999
vt 0.180675 0.884025
vt 0.176429 0.891606
vt 0.183507 0.875385
vt 0.184585 0.865967
vt 0.183219 0.856586
vt 0.180123 0.848037
vt 0.175645 0.840590
vt 0.242292 0.931479
vt 0.238965 0.923452
vt 0.246621 0.921201
vt 0.248988 0.928022
vt 0.237167 0.914539
vt 0.245576 0.913822
vt 0.237203 0.905059
vt 0.245924 0.906227
vt 0.239663 0.895904
vt 0.247586 0.898807
vt 0.243742 0.887777
vt 0.250536 0.891963
vt 0.249063 0.880908
vt 0.254614 0.886005
vt 0.253063 0.919524
vt 0.254658 0.925265
vt 0.252524 0.913398
vt 0.252954 0.907168
vt 0.254178 0.901044
vt 0.256310 0.895275
vt 0.259358 0.890157
vt 0.258577 0.918424
vt 0.259455 0.923241
vt 0.258414 0.913241
vt 0.258874 0.907960
vt 0.259819 0.902745
vt 0.261340 0.897787
vt 0.263455 0.893371
vt 0.155626 0.882978
vt 0.156304 0.879929
vt 0.157963 0.885244
vt 0.156991 0.875722
vt 0.157412 0.871117
vt 0.157478 0.866383
vt 0.157267 0.861653
vt 0.156704 0.857063
vt 0.155889 0.852880
vt 0.155117 0.849853
vt 0.157383 0.847516
vt 0.160817 0.843975
vt 0.165079 0.839581
vt 0.170125 0.834378
vt 0.255275 0.875387
vt 0.259675 0.881147
vt 0.263390 0.886011
vt 0.266385 0.889931
vt 0.268360 0.892518
vt 0.267239 0.895433
vt 0.265938 0.899492
vt 0.264839 0.903984
vt 0.264074 0.908657
vt 0.263583 0.913366
vt 0.263461 0.917989
vt 0.263649 0.922247
vt 0.261377 0.927330
vt 0.263964 0.925354
vt 0.257457 0.930324
vt 0.252593 0.934040
vt 0.246833 0.938439
vt 0.165898 0.892939
vt 0.171102 0.897985
vt 0.161504 0.888678
vt 0.267696 0.922503
vt 0.268009 0.918246
vt 0.272444 0.918877
vt 0.271886 0.923322
vt 0.268324 0.913797
vt 0.272904 0.914397
vt 0.268804 0.909290
vt 0.273420 0.909908
vt 0.269527 0.904815
vt 0.274103 0.905441
vt 0.270392 0.900441
vt 0.274837 0.900998
vt 0.271211 0.896251
vt 0.275469 0.896563
vt 0.276886 0.919611
vt 0.276261 0.924188
vt 0.277437 0.915063
vt 0.277999 0.910521
vt 0.278651 0.905991
vt 0.279317 0.901458
vt 0.279917 0.896879
vt 0.281354 0.920294
vt 0.280736 0.924910
vt 0.281967 0.915716
vt 0.282580 0.911135
vt 0.283194 0.906553
vt 0.283807 0.901974
vt 0.284425 0.897359
vt 0.285843 0.920811
vt 0.285243 0.925390
vt 0.286509 0.916278
vt 0.287162 0.911748
vt 0.287724 0.907206
vt 0.288274 0.902657
vt 0.288899 0.898081
vt 0.290323 0.921271
vt 0.289691 0.925706
vt 0.291057 0.916828
vt 0.291740 0.912361
vt 0.292256 0.907871
vt 0.292717 0.903392
vt 0.293274 0.898947
vt 0.294768 0.921828
vt 0.293949 0.926018
vt 0.295633 0.917454
vt 0.296356 0.912979
vt 0.296836 0.908472
vt 0.297152 0.904023
vt 0.297464 0.899766
vt 0.266879 0.926476
vt 0.271468 0.892203
vt 0.275726 0.892016
vt 0.280349 0.892138
vt 0.285058 0.892628
vt 0.289730 0.893394
vt 0.294222 0.894492
vt 0.298281 0.895793
vt 0.301196 0.896915
vt 0.301512 0.900022
vt 0.301699 0.904280
vt 0.301577 0.908903
vt 0.301086 0.913612
vt 0.300321 0.918284
vt 0.299223 0.922777
vt 0.297922 0.926835
vt 0.293692 0.930066
vt 0.296800 0.929751
vt 0.289434 0.930253
vt 0.284812 0.930131
vt 0.280103 0.929640
vt 0.275430 0.928875
vt 0.270938 0.927777
vt 0.301706 0.928898
vt 0.303820 0.924482
vt 0.308850 0.926994
vt 0.305802 0.932112
vt 0.305341 0.919524
vt 0.310982 0.921225
vt 0.306286 0.914308
vt 0.312206 0.915101
vt 0.306746 0.909028
vt 0.312636 0.908871
vt 0.306583 0.903845
vt 0.312097 0.902745
vt 0.305705 0.899028
vt 0.310502 0.897005
vt 0.314624 0.930306
vt 0.310546 0.936264
vt 0.317574 0.923462
vt 0.319236 0.916042
vt 0.319585 0.908447
vt 0.318539 0.901068
vt 0.316172 0.894247
vt 0.321419 0.934491
vt 0.316097 0.941361
vt 0.325498 0.926365
vt 0.327957 0.917210
vt 0.327993 0.907730
vt 0.326195 0.898817
vt 0.322868 0.890790
vt 0.101973 0.892750
vt 0.097496 0.885303
vt 0.104735 0.881944
vt 0.108085 0.888341
vt 0.094400 0.876754
vt 0.102609 0.874801
vt 0.093033 0.867373
vt 0.101831 0.867238
vt 0.094111 0.857954
vt 0.102376 0.859654
vt 0.096943 0.849314
vt 0.104282 0.852449
vt 0.101190 0.841733
vt 0.107434 0.845953
vt 0.110858 0.879333
vt 0.113284 0.884775
vt 0.109419 0.873354
vt 0.108922 0.867129
vt 0.109227 0.860891
vt 0.110482 0.854871
vt 0.112740 0.849358
vt 0.116149 0.877430
vt 0.117730 0.882064
vt 0.115220 0.872328
vt 0.114895 0.867037
vt 0.115058 0.861739
vt 0.115829 0.856611
vt 0.117267 0.851931
vt 0.298776 0.932338
vt 0.303783 0.894939
vt 0.307703 0.891945
vt 0.312568 0.888229
vt 0.318328 0.883829
vt 0.106517 0.835355
vt 0.111720 0.840401
vt 0.116114 0.844662
vt 0.119655 0.848095
vt 0.121992 0.850362
vt 0.121314 0.853411
vt 0.120628 0.857617
vt 0.120206 0.862222
vt 0.120140 0.866957
vt 0.120352 0.871687
vt 0.120914 0.876277
vt 0.121729 0.880460
vt 0.120235 0.885824
vt 0.122501 0.883487
vt 0.116801 0.889365
vt 0.112540 0.893759
vt 0.107494 0.898962
vt 0.305486 0.941122
vt 0.309885 0.946882
vt 0.301770 0.936257
vt 0.125771 0.880115
vt 0.125450 0.875858
vt 0.129929 0.875827
vt 0.130036 0.880305
vt 0.125104 0.871412
vt 0.129722 0.871328
vt 0.124912 0.866884
vt 0.129569 0.866812
vt 0.124965 0.862351
vt 0.129583 0.862293
vt 0.125174 0.857896
vt 0.129652 0.857790
vt 0.125364 0.853631
vt 0.129621 0.853310
vt 0.134432 0.875896
vt 0.134490 0.880514
vt 0.134304 0.871316
vt 0.134187 0.866741
vt 0.134163 0.862164
vt 0.134151 0.857583
vt 0.134067 0.852965
vt 0.138951 0.875910
vt 0.139023 0.880567
vt 0.138880 0.871292
vt 0.138809 0.866670
vt 0.138738 0.862048
vt 0.138667 0.857429
vt 0.138596 0.852773
vt 0.143468 0.875757
vt 0.143552 0.880375
vt 0.143456 0.871175
vt 0.143431 0.866599
vt 0.143315 0.862023
vt 0.143186 0.857444
vt 0.143128 0.852825
vt 0.147966 0.875550
vt 0.147997 0.880029
vt 0.148035 0.871047
vt 0.148050 0.866528
vt 0.147896 0.862011
vt 0.147689 0.857513
vt 0.147583 0.853034
vt 0.152445 0.875443
vt 0.152255 0.879708
vt 0.152653 0.870989
vt 0.152706 0.866456
vt 0.152514 0.861927
vt 0.152169 0.857482
vt 0.151848 0.853225
vt 0.125550 0.884165
vt 0.125019 0.849590
vt 0.129202 0.848775
vt 0.133793 0.848212
vt 0.138523 0.848001
vt 0.143257 0.848067
vt 0.147862 0.848488
vt 0.152068 0.849175
vt 0.152599 0.883750
vt 0.148416 0.884565
vt 0.143826 0.885127
vt 0.139096 0.885339
vt 0.134362 0.885273
vt 0.129757 0.884851
vt 0.264817 0.930260
vt 0.269233 0.932374
vt 0.266721 0.937405
vt 0.261602 0.934356
vt 0.274191 0.933896
vt 0.272490 0.939536
vt 0.279406 0.934840
vt 0.278613 0.940760
vt 0.284687 0.935301
vt 0.284844 0.941190
vt 0.289870 0.935137
vt 0.290970 0.940651
vt 0.294687 0.934259
vt 0.296710 0.939057
vt 0.263409 0.943179
vt 0.257450 0.939101
vt 0.270253 0.946129
vt 0.277672 0.947790
vt 0.285268 0.948139
vt 0.292647 0.947093
vt 0.299468 0.944726
vt 0.259223 0.949973
vt 0.252353 0.944652
vt 0.267349 0.954052
vt 0.276505 0.956511
vt 0.285985 0.956547
vt 0.294898 0.954749
vt 0.302925 0.951423
vt 0.164890 0.903506
vt 0.157443 0.907983
vt 0.154084 0.900744
vt 0.160480 0.897394
vt 0.148894 0.911079
vt 0.146941 0.902870
vt 0.139513 0.912446
vt 0.139377 0.903648
vt 0.130094 0.911368
vt 0.131794 0.903102
vt 0.121454 0.908536
vt 0.124589 0.901197
vt 0.113873 0.904290
vt 0.118092 0.898046
vt 0.151473 0.894621
vt 0.156914 0.892195
vt 0.145494 0.896060
vt 0.139268 0.896557
vt 0.133031 0.896252
vt 0.127010 0.894997
vt 0.121497 0.892739
vt 0.149569 0.889330
vt 0.154203 0.887750
vt 0.144467 0.890259
vt 0.139177 0.890585
vt 0.133879 0.890421
vt 0.128750 0.889650
vt 0.124070 0.888212
vt 0.300343 0.892009
vt 0.295927 0.889895
vt 0.298439 0.884864
vt 0.303558 0.887913
vt 0.290970 0.888373
vt 0.292671 0.882733
vt 0.285754 0.887428
vt 0.286547 0.881509
vt 0.280474 0.886968
vt 0.280317 0.881079
vt 0.275290 0.887132
vt 0.274190 0.881618
vt 0.270474 0.888010
vt 0.268450 0.883212
vt 0.301752 0.879090
vt 0.307710 0.883168
vt 0.294908 0.876140
vt 0.287488 0.874479
vt 0.279893 0.874130
vt 0.272514 0.875175
vt 0.265692 0.877543
vt 0.305937 0.872296
vt 0.312807 0.877617
vt 0.297811 0.868217
vt 0.288656 0.865758
vt 0.279176 0.865722
vt 0.270263 0.867519
vt 0.262235 0.870846
vt 0.112729 0.829834
vt 0.120176 0.825356
vt 0.123535 0.832595
vt 0.117138 0.835945
vt 0.128725 0.822260
vt 0.130678 0.830470
vt 0.138106 0.820894
vt 0.138241 0.829691
vt 0.147525 0.821972
vt 0.145825 0.830237
vt 0.156165 0.824804
vt 0.153030 0.832142
vt 0.163746 0.829051
vt 0.159526 0.835294
vt 0.126146 0.838719
vt 0.120704 0.841145
vt 0.132125 0.837279
vt 0.138350 0.836783
vt 0.144588 0.837088
vt 0.150608 0.838343
vt 0.156121 0.840601
vt 0.128049 0.844010
vt 0.123415 0.845590
vt 0.133151 0.843081
vt 0.138442 0.842755
vt 0.143740 0.842918
vt 0.148868 0.843690
vt 0.153548 0.845127
s 0
usemtl lay_figure_material
f 1/1/1 2/2/1 3/3/1 4/4/1
f 2/2/2 5/5/2 6/6/2 3/3/2
f 3/3/3 6/6/3 7/7/3 8/8/3
f 4/4/4 3/3/4 8/8/4 9/9/4
f 10/10/5 11/11/5 12/12/5 13/13/5
f 11/11/6 14/14/6 15/15/6 12/12/6
f 12/12/7 15/15/7 16/16/7 17/17/7
f 13/13/8 12/12/8 17/17/8 18/18/8
f 19/19/9 20/20/9 21/21/9 22/22/9
f 20/20/10 23/23/10 24/24/10 21/21/10
f 21/21/11 24/24/11 25/25/11 26/26/11
f 22/22/12 21/21/12 26/26/12 27/27/12
f 28/28/13 29/29/13 30/30/13 31/31/13
f 29/29/14 32/32/14 33/33/14 30/30/14
f 30/30/15 33/33/15 34/34/15 35/35/15
f 31/31/16 30/30/16 35/35/16 36/36/16
f 37/37/17 38/38/17 39/39/17 40/40/17
f 38/38/18 41/41/18 42/42/18 39/39/18
f 39/39/19 42/42/19 43/43/19 44/44/19
f 40/40/20 39/39/20 44/44/20 45/45/20
f 45/45/21 44/44/21 46/46/21 47/47/21
f 44/44/22 43/43/22 48/48/22 46/46/22
f 46/46/23 48/48/23 49/49/23 50/50/23
f 47/47/24 46/46/24 50/50/24 51/51/24
f 18/52/25 17/53/25 52/54/25 53/55/25
f 17/53/26 16/56/26 54/57/26 52/54/26
f 52/54/27 54/57/27 55/58/27 56/59/27
f 53/55/28 52/54/28 56/59/28 57/60/28
f 58/61/29 59/62/29 60/63/29 61/64/29
f 59/62/30 62/65/30 63/66/30 60/63/30
f 60/63/31 63/66/31 64/67/31 65/68/31
f 61/64/32 60/63/32 65/68/32 66/69/32
f 36/36/33 35/35/33 67/70/33 68/71/33
f 35/35/34 34/34/34 69/72/34 67/70/34
f 67/70/35 69/72/35 70/73/35 71/74/35
f 68/71/36 67/70/36 71/74/36 72/75/36
f 73/76/37 74/77/37 75/78/37 76/79/37
f 74/77/38 77/80/38 78/81/38 75/78/38
f 75/78/39 78/81/39 79/82/39 80/83/39
f 76/79/40 75/78/40 80/83/40 81/84/40
f 82/85/41 83/86/41 84/87/41 85/88/41
f 83/86/42 86/89/42 87/90/42 84/87/42
f 84/87/43 87/90/43 88/91/43 89/92/43
f 85/88/44 84/87/44 89/92/44 90/93/44
f 90/93/45 89/92/45 91/94/45 92/95/45
f 89/92/46 88/91/46 93/96/46 91/94/46
f 91/94/47 93/96/47 77/80/47 74/77/47
f 92/95/48 91/94/48 74/77/48 73/76/48
f 94/97/49 95/98/49 96/99/49 97/100/49
f 95/98/50 98/101/50 99/102/50 96/99/50
f 96/99/51 99/102/51 23/23/51 20/20/51
f 97/100/52 96/99/52 20/20/52 19/19/52
f 81/84/53 80/83/53 100/103/53 101/104/53
f 80/83/54 79/82/54 102/105/54 100/103/54
f 100/103/55 102/105/55 41/41/55 38/38/55
f 101/104/56 100/103/56 38/38/56 37/37/56
f 103/106/57 104/107/57 105/108/57 106/109/57
f 104/107/58 107/110/58 108/111/58 105/108/58
f 105/108/59 108/111/59 14/14/59 11/11/59
f 106/109/60 105/108/60 11/11/60 10/10/60
f 51/51/61 50/50/61 109/112/61 110/113/61
f 50/50/62 49/49/62 111/114/62 109/112/62
f 109/112/63 111/114/63 107/110/63 104/107/63
f 110/113/64 109/112/64 104/107/64 103/106/64
f 112/115/65 113/116/65 114/117/65 115/118/65
f 113/116/66 116/119/66 117/120/66 114/117/66
f 114/117/67 117/120/67 118/121/67 119/122/67
f 115/118/68 114/117/68 119/122/68 120/123/68
f 116/119/69 121/124/69 122/125/69 117/120/69
f 121/124/70 123/126/70 124/127/70 122/125/70
f 122/125/71 124/127/71 125/128/71 126/129/71
f 117/120/72 122/125/72 126/129/72 118/121/72
f 127/130/73 128/131/73 129/132/73 130/133/73
f 128/131/74 18/52/74 53/55/74 129/132/74
f 129/132/75 53/55/75 57/60/75 131/134/75
f 130/133/76 129/132/76 131/134/76 132/135/76
f 133/136/77 134/137/77 135/138/77 136/139/77
f 134/137/78 137/140/78 138/141/78 135/138/78
f 135/138/79 138/141/79 139/142/79 140/143/79
f 136/139/80 135/138/80 140/143/80 141/144/80
f 142/145/81 143/146/81 144/147/81 145/148/81
f 143/146/82 45/45/82 47/47/82 144/147/82
f 144/147/83 47/47/83 51/51/83 146/149/83
f 145/148/84 144/147/84 146/149/84 147/150/84
f 118/121/85 126/129/85 148/151/85 149/152/85
f 126/129/86 125/128/86 150/153/86 148/151/86
f 148/151/87 150/153/87 151/154/87 152/155/87
f 149/152/88 148/151/88 152/155/88 153/156/88
f 154/157/89 155/158/89 156/159/89 157/160/89
f 155/158/90 158/161/90 159/162/90 156/159/90
f 156/159/91 159/162/91 86/89/91 83/86/91
f 157/160/92 156/159/92 83/86/92 82/85/92
f 147/150/93 146/149/93 160/163/93 161/164/93
f 146/149/94 51/51/94 110/113/94 160/163/94
f 160/163/95 110/113/95 103/106/95 162/165/95
f 161/164/96 160/163/96 162/165/96 163/166/96
f 57/60/97 56/59/97 164/167/97 165/168/97
f 56/59/98 55/58/98 166/169/98 164/167/98
f 164/167/99 166/169/99 167/170/99 168/171/99
f 165/168/100 164/167/100 168/171/100 169/172/100
f 170/173/101 171/174/101 172/175/101 173/176/101
f 171/174/102 174/177/102 175/178/102 172/175/102
f 172/175/103 175/178/103 5/5/103 2/2/103
f 173/176/104 172/175/104 2/2/104 1/1/104
f 176/179/105 177/180/105 178/181/105 179/182/105
f 177/180/106 153/156/106 180/183/106 178/181/106
f 178/181/107 180/183/107 181/184/107 182/185/107
f 179/182/108 178/181/108 182/185/108 183/186/108
f 184/187/109 185/188/109 186/189/109 187/190/109
f 185/188/110 188/191/110 189/192/110 186/189/110
f 186/189/111 189/192/111 133/136/111 190/193/111
f 187/190/112 186/189/112 190/193/112 191/194/112
f 153/156/113 152/155/113 192/195/113 180/183/113
f 152/155/114 151/154/114 193/196/114 192/195/114
f 192/195/115 193/196/115 194/197/115 195/198/115
f 180/183/116 192/195/116 195/198/116 181/184/116
f 163/166/117 162/165/117 196/199/117 197/200/117
f 162/165/118 103/106/118 106/109/118 196/199/118
f 196/199/119 106/109/119 10/10/119 198/201/119
f 197/200/120 196/199/120 198/201/120 199/202/120
f 200/203/121 201/204/121 202/205/121 203/206/121
f 201/204/122 82/85/122 85/88/122 202/205/122
f 202/205/123 85/88/123 90/93/123 204/207/123
f 203/206/124 202/205/124 204/207/124 205/208/124
f 9/9/125 8/8/125 206/209/125 207/210/125
f 8/8/126 7/7/126 208/211/126 206/209/126
f 206/209/127 208/211/127 158/161/127 155/158/127
f 207/210/128 206/209/128 155/158/128 154/157/128
f 183/186/129 182/185/129 209/212/129 210/213/129
f 182/185/130 181/184/130 211/214/130 209/212/130
f 209/212/131 211/214/131 94/97/131 212/215/131
f 210/213/132 209/212/132 212/215/132 213/216/132
f 205/208/133 204/207/133 214/217/133 215/218/133
f 204/207/134 90/93/134 92/95/134 214/217/134
f 214/217/135 92/95/135 73/76/135 216/219/135
f 215/218/136 214/217/136 216/219/136 217/220/136
f 72/75/137 71/74/137 218/221/137 219/222/137
f 71/74/138 70/73/138 220/223/138 218/221/138
f 218/221/139 220/223/139 62/65/139 59/62/139
f 219/222/140 218/221/140 59/62/140 58/61/140
f 188/191/141 221/224/141 222/225/141 189/192/141
f 221/224/142 223/226/142 224/227/142 222/225/142
f 222/225/143 224/227/143 137/140/143 134/137/143
f 189/192/144 222/225/144 134/137/144 133/136/144
f 191/194/145 190/193/145 225/228/145 226/229/145
f 190/193/146 133/136/146 136/139/146 225/228/146
f 225/228/147 136/139/147 141/144/147 227/230/147
f 226/229/148 225/228/148 227/230/148 228/231/148
f 169/172/149 168/171/149 229/232/149 230/233/149
f 168/171/150 167/170/150 231/234/150 229/232/150
f 229/232/151 231/234/151 223/226/151 221/224/151
f 230/233/152 229/232/152 221/224/152 188/191/152
f 217/220/153 216/219/153 232/235/153 233/236/153
f 216/219/154 73/76/154 76/79/154 232/235/154
f 232/235/155 76/79/155 81/84/155 234/237/155
f 233/236/156 232/235/156 234/237/156 235/238/156
f 236/239/157 237/240/157 238/241/157 239/242/157
f 237/240/158 240/243/158 241/244/158 238/241/158
f 238/241/159 241/244/159 123/126/159 121/124/159
f 239/242/160 238/241/160 121/124/160 116/119/160
f 213/216/161 212/215/161 242/245/161 243/246/161
f 212/215/162 94/97/162 97/100/162 242/245/162
f 242/245/163 97/100/163 19/19/163 244/247/163
f 243/246/164 242/245/164 244/247/164 245/248/164
f 27/27/165 26/26/165 246/249/165 247/250/165
f 26/26/166 25/25/166 248/251/166 246/249/166
f 246/249/167 248/251/167 32/32/167 29/29/167
f 247/250/168 246/249/168 29/29/168 28/28/168
f 249/252/169 250/253/169 251/254/169 252/255/169
f 250/253/170 236/239/170 239/242/170 251/254/170
f 251/254/171 239/242/171 116/119/171 113/116/171
f 252/255/172 251/254/172 113/116/172 112/115/172
f 181/184/173 195/198/173 253/256/173 211/214/173
f 195/198/174 194/197/174 254/257/174 253/256/174
f 253/256/175 254/257/175 98/101/175 95/98/175
f 211/214/176 253/256/176 95/98/176 94/97/176
f 255/258/177 256/259/177 257/260/177 258/261/177
f 256/259/178 169/172/178 230/233/178 257/260/178
f 257/260/179 230/233/179 188/191/179 185/188/179
f 258/261/180 257/260/180 185/188/180 184/187/180
f 141/144/181 140/143/181 259/262/181 260/263/181
f 140/143/182 139/142/182 261/264/182 259/262/182
f 259/262/183 261/264/183 240/243/183 237/240/183
f 260/263/184 259/262/184 237/240/184 236/239/184
f 262/265/185 263/266/185 264/267/185 265/268/185
f 263/266/186 37/37/186 40/40/186 264/267/186
f 264/267/187 40/40/187 45/45/187 143/146/187
f 265/268/188 264/267/188 143/146/188 142/145/188
f 66/69/189 65/68/189 266/269/189 267/270/189
f 65/68/190 64/67/190 268/271/190 266/269/190
f 266/269/191 268/271/191 174/177/191 171/174/191
f 267/270/192 266/269/192 171/174/192 170/173/192
f 269/272/193 270/273/193 271/274/193 272/275/193
f 270/273/194 200/203/194 203/206/194 271/274/194
f 271/274/195 203/206/195 205/208/195 273/276/195
f 272/275/196 271/274/196 273/276/196 274/277/196
f 275/278/197 276/279/197 277/280/197 278/281/197
f 276/279/198 154/157/198 157/160/198 277/280/198
f 277/280/199 157/160/199 82/85/199 201/204/199
f 278/281/200 277/280/200 201/204/200 200/203/200
f 120/123/201 119/122/201 279/282/201 280/283/201
f 119/122/202 118/121/202 149/152/202 279/282/202
f 279/282/203 149/152/203 153/156/203 177/180/203
f 280/283/204 279/282/204 177/180/204 176/179/204
f 281/284/205 282/285/205 283/286/205 284/287/205
f 282/285/206 176/179/206 179/182/206 283/286/206
f 283/286/207 179/182/207 183/186/207 285/288/207
f 284/287/208 283/286/208 285/288/208 286/289/208
f 287/290/209 288/291/209 289/292/209 290/293/209
f 288/291/210 142/145/210 145/148/210 289/292/210
f 289/292/211 145/148/211 147/150/211 291/294/211
f 290/293/212 289/292/212 291/294/212 292/295/212
f 245/248/213 244/247/213 293/296/213 294/297/213
f 244/247/214 19/19/214 22/22/214 293/296/214
f 293/296/215 22/22/215 27/27/215 295/298/215
f 294/297/216 293/296/216 295/298/216 296/299/216
f 297/300/217 298/301/217 299/302/217 300/303/217
f 298/301/218 275/278/218 278/281/218 299/302/218
f 299/302/219 278/281/219 200/203/219 270/273/219
f 300/303/220 299/302/220 270/273/220 269/272/220
f 301/304/221 302/305/221 303/306/221 304/307/221
f 302/305/222 132/135/222 305/308/222 303/306/222
f 303/306/223 305/308/223 255/258/223 306/309/223
f 304/307/224 303/306/224 306/309/224 307/310/224
f 308/311/225 309/312/225 310/313/225 311/314/225
f 309/312/226 58/61/226 61/64/226 310/313/226
f 310/313/227 61/64/227 66/69/227 312/315/227
f 311/314/228 310/313/228 312/315/228 313/316/228
f 314/317/229 315/318/229 316/319/229 317/320/229
f 315/318/230 120/123/230 280/283/230 316/319/230
f 316/319/231 280/283/231 176/179/231 282/285/231
f 317/320/232 316/319/232 282/285/232 281/284/232
f 318/321/233 319/322/233 320/323/233 321/324/233
f 319/322/234 322/325/234 323/326/234 320/323/234
f 320/323/235 323/326/235 324/327/235 325/328/235
f 321/324/236 320/323/236 325/328/236 326/329/236
f 296/299/237 295/298/237 327/330/237 328/331/237
f 295/298/238 27/27/238 247/250/238 327/330/238
f 327/330/239 247/250/239 28/28/239 329/332/239
f 328/331/240 327/330/240 329/332/240 322/325/240
f 199/202/241 198/201/241 330/333/241 331/334/241
f 198/201/242 10/10/242 13/13/242 330/333/242
f 330/333/243 13/13/243 18/18/243 128/335/243
f 331/334/244 330/333/244 128/335/244 127/336/244
f 332/337/245 333/338/245 334/339/245 335/340/245
f 333/338/246 262/265/246 265/268/246 334/339/246
f 334/339/247 265/268/247 142/145/247 288/291/247
f 335/340/248 334/339/248 288/291/248 287/290/248
f 235/238/249 234/237/249 336/341/249 337/342/249
f 234/237/250 81/84/250 101/104/250 336/341/250
f 336/341/251 101/104/251 37/37/251 263/266/251
f 337/342/252 336/341/252 263/266/252 262/265/252
f 338/343/253 339/344/253 340/345/253 341/346/253
f 339/344/254 127/130/254 130/133/254 340/345/254
f 340/345/255 130/133/255 132/135/255 302/305/255
f 341/346/256 340/345/256 302/305/256 301/304/256
f 324/327/257 342/347/257 343/348/257 344/349/257
f 342/347/258 36/36/258 68/71/258 343/348/258
f 343/348/259 68/71/259 72/75/259 345/350/259
f 344/349/260 343/348/260 345/350/260 346/351/260
f 347/352/261 348/353/261 349/354/261 350/355/261
f 348/353/262 296/299/262 328/331/262 349/354/262
f 349/354/263 328/331/263 322/325/263 319/322/263
f 350/355/264 349/354/264 319/322/264 318/321/264
f 346/351/265 345/350/265 351/356/265 352/357/265
f 345/350/266 72/75/266 219/222/266 351/356/266
f 351/356/267 219/222/267 58/61/267 309/312/267
f 352/357/268 351/356/268 309/312/268 308/311/268
f 353/358/269 354/359/269 355/360/269 356/361/269
f 354/359/270 235/238/270 337/342/270 355/360/270
f 355/360/271 337/342/271 262/265/271 333/338/271
f 356/361/272 355/360/272 333/338/272 332/337/272
f 228/231/273 227/230/273 357/362/273 358/363/273
f 227/230/274 141/144/274 260/263/274 357/362/274
f 357/362/275 260/263/275 236/239/275 250/253/275
f 358/363/276 357/362/276 250/253/276 249/252/276
f 359/364/277 360/365/277 361/366/277 362/367/277
f 360/365/278 245/248/278 294/297/278 361/366/278
f 361/366/279 294/297/279 296/299/279 348/353/279
f 362/367/280 361/366/280 348/353/280 347/352/280
f 313/316/281 312/315/281 363/368/281 364/369/281
f 312/315/282 66/69/282 267/270/282 363/368/282
f 363/368/283 267/270/283 170/173/283 365/370/283
f 364/369/284 363/368/284 365/370/284 366/371/284
f 367/372/285 368/373/285 369/374/285 370/375/285
f 368/373/286 217/220/286 233/236/286 369/374/286
f 369/374/287 233/236/287 235/238/287 354/359/287
f 370/375/288 369/374/288 354/359/288 353/358/288
f 366/371/289 365/370/289 371/376/289 372/377/289
f 365/370/290 170/173/290 173/176/290 371/376/290
f 371/376/291 173/176/291 1/1/291 373/378/291
f 372/377/292 371/376/292 373/378/292 374/379/292
f 375/380/293 376/381/293 377/382/293 378/383/293
f 376/381/294 213/216/294 243/246/294 377/382/294
f 377/382/295 243/246/295 245/248/295 360/365/295
f 378/383/296 377/382/296 360/365/296 359/364/296
f 322/325/297 329/332/297 379/384/297 323/326/297
f 329/332/298 28/28/298 31/31/298 379/384/298
f 379/384/299 31/31/299 36/36/299 342/347/299
f 323/326/300 379/384/300 342/347/300 324/327/300
f 274/277/301 273/276/301 380/385/301 381/386/301
f 273/276/302 205/208/302 215/218/302 380/385/302
f 380/385/303 215/218/303 217/220/303 368/373/303
f 381/386/304 380/385/304 368/373/304 367/372/304
f 382/387/305 383/388/305 384/389/305 385/390/305
f 383/388/306 9/9/306 207/210/306 384/389/306
f 384/389/307 207/210/307 154/157/307 276/279/307
f 385/390/308 384/389/308 276/279/308 275/278/308
f 286/289/309 285/288/309 386/391/309 387/392/309
f 285/288/310 183/186/310 210/213/310 386/391/310
f 386/391/311 210/213/311 213/216/311 376/381/311
f 387/392/312 386/391/312 376/381/312 375/380/312
f 132/135/313 131/134/313 388/393/313 305/308/313
f 131/134/314 57/60/314 165/168/314 388/393/314
f 388/393/315 165/168/315 169/172/315 256/259/315
f 305/308/316 388/393/316 256/259/316 255/258/316
f 374/379/317 373/378/317 389/394/317 390/395/317
f 373/378/318 1/1/318 4/4/318 389/394/318
f 389/394/319 4/4/319 9/9/319 383/388/319
f 390/395/320 389/394/320 383/388/320 382/387/320
f 391/396/321 392/397/321 393/398/321 394/399/321
f 392/397/322 308/311/322 311/314/322 393/398/322
f 393/398/323 311/314/323 313/316/323 395/400/323
f 394/399/324 393/398/324 395/400/324 396/401/324
f 397/402/325 398/403/325 399/404/325 400/405/325
f 398/403/326 374/379/326 390/395/326 399/404/326
f 399/404/327 390/395/327 382/387/327 401/406/327
f 400/405/328 399/404/328 401/406/328 402/407/328
f 402/407/329 401/406/329 403/408/329 404/409/329
f 401/406/330 382/387/330 385/390/330 403/408/330
f 403/408/331 385/390/331 275/278/331 298/301/331
f 404/409/332 403/408/332 298/301/332 297/300/332
f 405/410/333 406/411/333 407/412/333 408/413/333
f 406/411/334 249/252/334 252/255/334 407/412/334
f 407/412/335 252/255/335 112/115/335 409/414/335
f 408/413/336 407/412/336 409/414/336 410/415/336
f 411/416/337 412/417/337 413/418/337 414/419/337
f 412/417/338 415/420/338 416/421/338 413/418/338
f 413/418/339 416/421/339 417/422/339 418/423/339
f 414/419/340 413/418/340 418/423/340 419/424/340
f 420/425/341 421/426/341 422/427/341 423/428/341
f 421/426/342 163/166/342 197/200/342 422/427/342
f 422/427/343 197/200/343 199/202/343 424/429/343
f 423/428/344 422/427/344 424/429/344 425/430/344
f 426/431/345 427/432/345 428/433/345 429/434/345
f 427/432/346 366/371/346 372/377/346 428/433/346
f 428/433/347 372/377/347 374/379/347 398/403/347
f 429/434/348 428/433/348 398/403/348 397/402/348
f 430/435/349 431/436/349 432/437/349 433/438/349
f 431/436/350 434/439/350 435/440/350 432/437/350
f 432/437/351 435/440/351 436/441/351 437/442/351
f 433/438/352 432/437/352 437/442/352 438/443/352
f 439/444/353 440/445/353 441/446/353 442/447/353
f 440/445/354 443/448/354 444/449/354 441/446/354
f 441/446/355 444/449/355 445/450/355 446/451/355
f 442/447/356 441/446/356 446/451/356 447/452/356
f 448/453/357 449/454/357 450/455/357 451/456/357
f 449/454/358 184/187/358 187/190/358 450/455/358
f 450/455/359 187/190/359 191/194/359 452/457/359
f 451/456/360 450/455/360 452/457/360 453/458/360
f 454/459/361 455/460/361 456/461/361 457/462/361
f 455/460/362 228/231/362 358/363/362 456/461/362
f 456/461/363 358/363/363 249/252/363 406/411/363
f 457/462/364 456/461/364 406/411/364 405/410/364
f 438/443/365 437/442/365 458/463/365 459/464/365
f 437/442/366 436/441/366 460/465/366 458/463/366
f 458/463/367 460/465/367 461/466/367 462/467/367
f 459/464/368 458/463/368 462/467/368 463/468/368
f 447/452/369 446/451/369 464/469/369 465/470/369
f 446/451/370 445/450/370 466/471/370 464/469/370
f 464/469/371 466/471/371 467/472/371 468/473/371
f 465/470/372 464/469/372 468/473/372 469/474/372
f 470/475/373 471/476/373 472/477/373 473/478/373
f 471/476/374 346/351/374 352/357/374 472/477/374
f 472/477/375 352/357/375 308/311/375 392/397/375
f 473/478/376 472/477/376 392/397/376 391/396/376
f 396/401/377 395/400/377 474/479/377 475/480/377
f 395/400/378 313/316/378 364/369/378 474/479/378
f 474/479/379 364/369/379 366/371/379 427/432/379
f 475/480/380 474/479/380 427/432/380 426/431/380
f 463/468/381 462/467/381 476/481/381 477/482/381
f 462/467/382 461/466/382 478/483/382 476/481/382
f 476/481/383 478/483/383 479/484/383 480/485/383
f 477/482/384 476/481/384 480/485/384 481/486/384
f 469/474/385 468/473/385 482/487/385 483/488/385
f 468/473/386 467/472/386 484/489/386 482/487/386
f 482/487/387 484/489/387 485/490/387 486/491/387
f 483/488/388 482/487/388 486/491/388 487/492/388
f 292/295/389 291/294/389 488/493/389 489/494/389
f 291/294/390 147/150/390 161/164/390 488/493/390
f 488/493/391 161/164/391 163/166/391 421/426/391
f 489/494/392 488/493/392 421/426/392 420/425/392
f 425/430/393 424/429/393 490/495/393 491/496/393
f 424/429/394 199/202/394 331/334/394 490/495/394
f 490/495/395 331/334/395 127/336/395 339/497/395
f 491/496/396 490/495/396 339/497/396 338/498/396
f 481/486/397 480/485/397 492/499/397 493/500/397
f 480/485/398 479/484/398 494/501/398 492/499/398
f 492/499/399 494/501/399 495/502/399 496/503/399
f 493/500/400 492/499/400 496/503/400 497/504/400
f 487/492/401 486/491/401 498/505/401 499/506/401
f 486/491/402 485/490/402 500/507/402 498/505/402
f 498/505/403 500/507/403 501/508/403 502/509/403
f 499/506/404 498/505/404 502/509/404 503/510/404
f 307/310/405 306/309/405 504/511/405 505/512/405
f 306/309/406 255/258/406 258/261/406 504/511/406
f 504/511/407 258/261/407 184/187/407 449/454/407
f 505/512/408 504/511/408 449/454/408 448/453/408
f 419/424/409 418/423/409 506/513/409 507/514/409
f 418/423/410 417/422/410 508/515/410 506/513/410
f 506/513/411 508/515/411 443/448/411 440/445/411
f 507/514/412 506/513/412 440/445/412 439/444/412
f 410/415/413 409/414/413 509/516/413 510/517/413
f 409/414/414 112/115/414 115/118/414 509/516/414
f 509/516/415 115/118/415 120/123/415 315/318/415
f 510/517/416 509/516/416 315/318/416 314/317/416
f 497/504/417 496/503/417 511/518/417 512/519/417
f 496/503/418 495/502/418 513/520/418 511/518/418
f 511/518/419 513/520/419 514/521/419 515/522/419
f 512/519/420 511/518/420 515/522/420 516/523/420
f 453/458/421 452/457/421 517/524/421 518/525/421
f 452/457/422 191/194/422 226/229/422 517/524/422
f 517/524/423 226/229/423 228/231/423 455/460/423
f 518/525/424 517/524/424 455/460/424 454/459/424
f 503/510/425 502/509/425 519/526/425 520/527/425
f 502/509/426 501/508/426 521/528/426 519/526/426
f 519/526/427 521/528/427 522/529/427 523/530/427
f 520/527/428 519/526/428 523/530/428 524/531/428
f 524/531/429 523/530/429 525/532/429 526/533/429
f 523/530/430 522/529/430 527/534/430 525/532/430
f 525/532/431 527/534/431 528/535/431 529/536/431
f 526/533/432 525/532/432 529/536/432 530/537/432
f 531/538/433 532/539/433 533/540/433 534/541/433
f 532/539/434 535/542/434 536/543/434 533/540/434
f 533/540/435 536/543/435 537/544/435 538/545/435
f 534/541/436 533/540/436 538/545/436 539/546/436
f 540/547/437 541/548/437 542/549/437 543/550/437
f 541/548/438 544/551/438 545/552/438 542/549/438
f 542/549/439 545/552/439 546/553/439 547/554/439
f 543/550/440 542/549/440 547/554/440 548/555/440
f 516/523/441 515/522/441 549/556/441 550/557/441
f 515/522/442 514/521/442 551/558/442 549/556/442
f 549/556/443 551/558/443 552/559/443 553/560/443
f 550/557/444 549/556/444 553/560/444 554/561/444
f 548/555/445 547/554/445 555/562/445 556/563/445
f 547/554/446 546/553/446 557/564/446 555/562/446
f 555/562/447 557/564/447 434/439/447 431/436/447
f 556/563/448 555/562/448 431/436/448 430/435/448
f 326/329/449 325/328/449 558/565/449 559/566/449
f 325/328/450 324/327/450 344/349/450 558/565/450
f 558/565/451 344/349/451 346/351/451 471/476/451
f 559/566/452 558/565/452 471/476/452 470/475/452
f 560/567/453 561/568/453 562/569/453 563/570/453
f 561/568/454 564/571/454 565/572/454 562/569/454
f 562/569/455 565/572/455 415/420/455 412/417/455
f 563/570/456 562/569/456 412/417/456 411/416/456
f 566/573/457 567/574/457 568/575/457 569/576/457
f 567/574/458 570/577/458 571/578/458 568/575/458
f 568/575/459 571/578/459 544/551/459 541/548/459
f 569/576/460 568/575/460 541/548/460 540/547/460
f 572/579/461 573/580/461 574/581/461 575/582/461
f 573/580/462 576/583/462 577/584/462 574/581/462
f 574/581/463 577/584/463 564/571/463 561/568/463
f 575/582/464 574/581/464 561/568/464 560/567/464
f 578/585/465 579/586/465 580/587/465 581/588/465
f 579/586/466 582/589/466 583/590/466 580/587/466
f 580/587/467 583/590/467 570/577/467 567/574/467
f 581/588/468 580/587/468 567/574/468 566/573/468
f 584/591/469 585/592/469 586/593/469 587/594/469
f 585/592/470 588/595/470 589/596/470 586/593/470
f 586/593/471 589/596/471 535/542/471 532/539/471
f 587/594/472 586/593/472 532/539/472 531/538/472
f 590/597/473 591/598/473 592/599/473 593/600/473
f 591/598/474 594/601/474 595/602/474 592/599/474
f 592/599/475 595/602/475 576/583/475 573/580/475
f 593/600/476 592/599/476 573/580/476 572/579/476
f 596/603/477 597/604/477 598/605/477 599/606/477
f 597/604/478 600/607/478 601/608/478 598/605/478
f 598/605/479 601/608/479 582/589/479 579/586/479
f 599/606/480 598/605/480 579/586/480 578/585/480
f 602/609/481 603/610/481 604/611/481 605/612/481
f 603/610/482 606/613/482 607/614/482 604/611/482
f 604/611/483 607/614/483 588/595/483 585/592/483
f 605/612/484 604/611/484 585/592/484 584/591/484
f 608/615/485 609/616/485 610/617/485 611/618/485
f 609/616/486 612/619/486 613/620/486 610/617/486
f 610/617/487 613/620/487 594/601/487 591/598/487
f 611/618/488 610/617/488 591/598/488 590/597/488
f 614/621/489 615/622/489 616/623/489 617/624/489
f 615/622/490 618/625/490 619/626/490 616/623/490
f 616/623/491 619/626/491 600/607/491 597/604/491
f 617/624/492 616/623/492 597/604/492 596/603/492
f 620/627/493 621/628/493 622/629/493 623/630/493
f 621/628/494 624/631/494 625/632/494 622/629/494
f 622/629/495 625/632/495 606/613/495 603/610/495
f 623/630/496 622/629/496 603/610/496 602/609/496
f 626/633/497 627/634/497 628/635/497 629/636/497
f 627/634/498 630/637/498 631/638/498 628/635/498
f 628/635/499 631/638/499 612/619/499 609/616/499
f 629/636/500 628/635/500 609/616/500 608/615/500
f 530/537/501 529/536/501 632/639/501 633/640/501
f 529/536/502 528/535/502 634/641/502 632/639/502
f 632/639/503 634/641/503 618/625/503 615/622/503
f 633/640/504 632/639/504 615/622/504 614/621/504
f 554/561/505 553/560/505 635/642/505 636/643/505
f 553/560/506 552/559/506 637/644/506 635/642/506
f 635/642/507 637/644/507 624/631/507 621/628/507
f 636/643/508 635/642/508 621/628/508 620/627/508
f 539/546/509 538/545/509 638/645/509 639/646/509
f 538/545/510 537/544/510 640/647/510 638/645/510
f 638/645/511 640/647/511 630/637/511 627/634/511
f 639/646/512 638/645/512 627/634/512 626/633/512
f 612/619/513 641/648/513 642/649/513 613/620/513
f 641/648/513 643/650/513 644/651/513 642/649/513
f 642/649/513 644/651/513 576/583/513 595/602/513
f 613/620/513 642/649/513 595/602/513 594/601/513
f 485/490/513 484/489/513 645/652/513 500/507/513
f 484/489/513 467/472/513 646/653/513 645/652/513
f 645/652/513 646/653/513 643/650/513 647/654/513
f 500/507/513 645/652/513 647/654/513 501/508/513
f 535/542/513 589/596/513 648/655/513 536/543/513
f 589/596/513 588/595/513 649/656/513 648/655/513
f 648/655/513 649/656/513 643/650/513 650/657/513
f 536/543/513 648/655/513 650/657/513 537/544/513
f 436/441/513 651/658/513 652/659/513 460/465/513
f 651/658/513 643/650/513 653/660/513 652/659/513
f 652/659/513 653/660/513 479/484/513 478/483/513
f 460/465/513 652/659/513 478/483/513 461/466/513
f 564/571/513 577/584/513 654/661/513 565/572/513
f 577/584/513 576/583/513 644/651/513 654/661/513
f 654/661/513 644/651/513 643/650/513 655/662/513
f 565/572/513 654/661/513 655/662/513 415/420/513
f 544/551/513 571/578/513 656/663/513 545/552/513
f 571/578/513 570/577/513 657/664/513 656/663/513
f 656/663/513 657/664/513 643/650/513 658/665/513
f 545/552/513 656/663/513 658/665/513 546/553/513
f 495/502/513 494/501/513 659/666/513 513/520/513
f 494/501/513 479/484/513 653/660/513 659/666/513
f 659/666/513 653/660/513 643/650/513 660/667/513
f 513/520/513 659/666/513 660/667/513 514/521/513
f 522/529/513 521/528/513 661/668/513 527/534/513
f 521/528/513 501/508/513 647/654/513 661/668/513
f 661/668/513 647/654/513 643/650/513 662/669/513
f 527/534/513 661/668/513 662/669/513 528/535/513
f 417/422/513 416/421/513 663/670/513 508/515/513
f 416/421/513 415/420/513 655/662/513 663/670/513
f 663/670/513 655/662/513 643/650/513 664/671/513
f 508/515/513 663/670/513 664/671/513 443/448/513
f 552/559/513 551/558/513 665/672/513 637/644/513
f 551/558/513 514/521/513 660/667/513 665/672/513
f 665/672/513 660/667/513 643/650/513 666/673/513
f 637/644/513 665/672/513 666/673/513 624/631/513
f 630/637/513 640/647/513 667/674/513 631/638/513
f 640/647/513 537/544/513 650/657/513 667/674/513
f 667/674/513 650/657/513 643/650/513 641/648/513
f 631/638/513 667/674/513 641/648/513 612/619/513
f 434/439/513 557/564/513 668/675/513 435/440/513
f 557/564/513 546/553/513 658/665/513 668/675/513
f 668/675/513 658/665/513 643/650/513 651/658/513
f 435/440/513 668/675/513 651/658/513 436/441/513
f 618/625/513 634/641/513 669/676/513 619/626/513
f 634/641/513 528/535/513 662/669/513 669/676/513
f 669/676/513 662/669/513 643/650/513 670/677/513
f 619/626/513 669/676/513 670/677/513 600/607/513
f 445/450/513 444/449/513 671/678/513 466/471/513
f 444/449/513 443/448/513 664/671/513 671/678/513
f 671/678/513 664/671/513 643/650/513 646/653/513
f 466/471/513 671/678/513 646/653/513 467/472/513
f 582/589/513 601/608/513 672/679/513 583/590/513
f 601/608/513 600/607/513 670/677/513 672/679/513
f 672/679/513 670/677/513 643/650/513 657/664/513
f 583/590/513 672/679/513 657/664/513 570/577/513
f 624/631/513 666/673/513 673/680/513 625/632/513
f 666/673/513 643/650/513 649/656/513 673/680/513
f 673/680/513 649/656/513 588/595/513 607/614/513
f 625/632/513 673/680/513 607/614/513 606/613/513
f 151/154/514 674/681/514 675/682/514 193/196/514
f 674/681/515 676/683/515 677/684/515 675/682/515
f 675/682/516 677/684/516 678/685/516 679/686/516
f 193/196/517 675/682/517 679/686/517 194/197/517
f 64/67/518 680/687/518 681/688/518 268/271/518
f 680/687/519 682/689/519 683/690/519 681/688/519
f 681/688/520 683/690/520 684/691/520 685/692/520
f 268/271/521 681/688/521 685/692/521 174/177/521
f 23/23/522 686/693/522 687/694/522 24/24/522
f 686/693/523 688/695/523 689/696/523 687/694/523
f 687/694/524 689/696/524 690/697/524 691/698/524
f 24/24/525 687/694/525 691/698/525 25/25/525
f 123/126/526 692/699/526 693/700/526 124/127/526
f 692/699/527 694/701/527 695/702/527 693/700/527
f 693/700/528 695/702/528 696/703/528 697/704/528
f 124/127/529 693/700/529 697/704/529 125/128/529
f 240/243/530 698/705/530 699/706/530 241/244/530
f 698/705/531 700/707/531 701/708/531 699/706/531
f 699/706/532 701/708/532 694/701/532 692/699/532
f 241/244/533 699/706/533 692/699/533 123/126/533
f 43/43/534 702/709/534 703/710/534 48/48/534
f 702/709/535 704/711/535 705/712/535 703/710/535
f 703/710/536 705/712/536 706/713/536 707/714/536
f 48/48/537 703/710/537 707/714/537 49/49/537
f 55/58/538 708/715/538 709/716/538 166/169/538
f 708/715/539 710/717/539 711/718/539 709/716/539
f 709/716/540 711/718/540 712/719/540 713/720/540
f 166/169/541 709/716/541 713/720/541 167/170/541
f 14/14/542 714/721/542 715/722/542 15/15/542
f 714/721/543 716/723/543 717/724/543 715/722/543
f 715/722/544 717/724/544 718/725/544 719/726/544
f 15/15/545 715/722/545 719/726/545 16/16/545
f 158/161/546 720/727/546 721/728/546 159/162/546
f 720/727/547 722/729/547 723/730/547 721/728/547
f 721/728/548 723/730/548 724/731/548 725/732/548
f 159/162/549 721/728/549 725/732/549 86/89/549
f 223/226/550 726/733/550 727/734/550 224/227/550
f 726/733/551 728/735/551 729/736/551 727/734/551
f 727/734/552 729/736/552 730/737/552 731/738/552
f 224/227/553 727/734/553 731/738/553 137/140/553
f 70/73/554 732/739/554 733/740/554 220/223/554
f 732/739/555 734/741/555 735/742/555 733/740/555
f 733/740/556 735/742/556 736/743/556 737/744/556
f 220/223/557 733/740/557 737/744/557 62/65/557
f 79/82/558 738/745/558 739/746/558 102/105/558
f 738/745/559 740/747/559 741/748/559 739/746/559
f 739/746/560 741/748/560 742/749/560 743/750/560
f 102/105/561 739/746/561 743/750/561 41/41/561
f 194/197/562 679/686/562 744/751/562 254/257/562
f 679/686/563 678/685/563 745/752/563 744/751/563
f 744/751/564 745/752/564 746/753/564 747/754/564
f 254/257/565 744/751/565 747/754/565 98/101/565
f 139/142/566 748/755/566 749/756/566 261/264/566
f 748/755/567 750/757/567 751/758/567 749/756/567
f 749/756/568 751/758/568 700/707/568 698/705/568
f 261/264/569 749/756/569 698/705/569 240/243/569
f 77/80/570 752/759/570 753/760/570 78/81/570
f 752/759/571 754/761/571 755/762/571 753/760/571
f 753/760/572 755/762/572 740/747/572 738/745/572
f 78/81/573 753/760/573 738/745/573 79/82/573
f 137/140/574 731/738/574 756/763/574 138/141/574
f 731/738/575 730/737/575 757/764/575 756/763/575
f 756/763/576 757/764/576 750/757/576 748/755/576
f 138/141/577 756/763/577 748/755/577 139/142/577
f 32/32/578 758/765/578 759/766/578 33/33/578
f 758/765/579 760/767/579 761/768/579 759/766/579
f 759/766/580 761/768/580 762/769/580 763/770/580
f 33/33/581 759/766/581 763/770/581 34/34/581
f 86/89/582 725/732/582 764/771/582 87/90/582
f 725/732/583 724/731/583 765/772/583 764/771/583
f 764/771/584 765/772/584 766/773/584 767/774/584
f 87/90/585 764/771/585 767/774/585 88/91/585
f 62/65/586 737/744/586 768/775/586 63/66/586
f 737/744/587 736/743/587 769/776/587 768/775/587
f 768/775/588 769/776/588 682/689/588 680/687/588
f 63/66/589 768/775/589 680/687/589 64/67/589
f 167/170/590 713/720/590 770/777/590 231/234/590
f 713/720/591 712/719/591 771/778/591 770/777/591
f 770/777/592 771/778/592 728/735/592 726/733/592
f 231/234/593 770/777/593 726/733/593 223/226/593
f 98/101/594 747/754/594 772/779/594 99/102/594
f 747/754/595 746/753/595 773/780/595 772/779/595
f 772/779/596 773/780/596 688/695/596 686/693/596
f 99/102/597 772/779/597 686/693/597 23/23/597
f 49/49/598 707/714/598 774/781/598 111/114/598
f 707/714/599 706/713/599 775/782/599 774/781/599
f 774/781/600 775/782/600 776/783/600 777/784/600
f 111/114/601 774/781/601 777/784/601 107/110/601
f 7/7/602 778/785/602 779/786/602 208/211/602
f 778/785/603 780/787/603 781/788/603 779/786/603
f 779/786/604 781/788/604 722/729/604 720/727/604
f 208/211/605 779/786/605 720/727/605 158/161/605
f 125/128/606 697/704/606 782/789/606 150/153/606
f 697/704/607 696/703/607 783/790/607 782/789/607
f 782/789/608 783/790/608 676/683/608 674/681/608
f 150/153/609 782/789/609 674/681/609 151/154/609
f 174/177/610 685/692/610 784/791/610 175/178/610
f 685/692/611 684/691/611 785/792/611 784/791/611
f 784/791/612 785/792/612 786/793/612 787/794/612
f 175/178/613 784/791/613 787/794/613 5/5/613
f 16/56/614 719/795/614 788/796/614 54/57/614
f 719/795/615 718/797/615 789/798/615 788/796/615
f 788/796/616 789/798/616 710/717/616 708/715/616
f 54/57/617 788/796/617 708/715/617 55/58/617
f 107/110/618 777/784/618 790/799/618 108/111/618
f 777/784/619 776/783/619 791/800/619 790/799/619
f 790/799/620 791/800/620 716/723/620 714/721/620
f 108/111/621 790/799/621 714/721/621 14/14/621
f 5/5/622 787/794/622 792/801/622 6/6/622
f 787/794/623 786/793/623 793/802/623 792/801/623
f 792/801/624 793/802/624 780/787/624 778/785/624
f 6/6/625 792/801/625 778/785/625 7/7/625
f 34/34/626 763/770/626 794/803/626 69/72/626
f 763/770/627 762/769/627 795/804/627 794/803/627
f 794/803/628 795/804/628 734/741/628 732/739/628
f 69/72/629 794/803/629 732/739/629 70/73/629
f 41/41/630 743/750/630 796/805/630 42/42/630
f 743/750/631 742/749/631 797/806/631 796/805/631
f 796/805/632 797/806/632 704/711/632 702/709/632
f 42/42/633 796/805/633 702/709/633 43/43/633
f 88/91/634 767/774/634 798/807/634 93/96/634
f 767/774/635 766/773/635 799/808/635 798/807/635
f 798/807/636 799/808/636 754/761/636 752/759/636
f 93/96/637 798/807/637 752/759/637 77/80/637
f 25/25/638 691/698/638 800/809/638 248/251/638
f 691/698/639 690/697/639 801/810/639 800/809/639
f 800/809/640 801/810/640 760/767/640 758/765/640
f 248/251/641 800/809/641 758/765/641 32/32/641
f 736/743/642 802/811/642 803/812/642 769/776/642
f 802/811/643 804/813/643 805/814/643 803/812/643
f 803/812/644 805/814/644 806/815/644 807/816/644
f 769/776/645 803/812/645 807/816/645 682/689/645
f 742/749/646 808/817/646 809/818/646 797/806/646
f 808/817/647 810/819/647 811/820/647 809/818/647
f 809/818/648 811/820/648 812/821/648 813/822/648
f 797/806/649 809/818/649 813/822/649 704/711/649
f 746/753/650 814/823/650 815/824/650 773/780/650
f 814/823/651 816/825/651 817/826/651 815/824/651
f 815/824/652 817/826/652 818/827/652 819/828/652
f 773/780/653 815/824/653 819/828/653 688/695/653
f 780/787/654 820/829/654 821/830/654 781/788/654
f 820/829/655 822/831/655 823/832/655 821/830/655
f 821/830/656 823/832/656 824/833/656 825/834/656
f 781/788/657 821/830/657 825/834/657 722/729/657
f 766/773/658 826/835/658 827/836/658 799/808/658
f 826/835/659 828/837/659 829/838/659 827/836/659
f 827/836/660 829/838/660 830/839/660 831/840/660
f 799/808/661 827/836/661 831/840/661 754/761/661
f 786/793/662 832/841/662 833/842/662 793/802/662
f 832/841/663 834/843/663 835/844/663 833/842/663
f 833/842/664 835/844/664 822/831/664 820/829/664
f 793/802/665 833/842/665 820/829/665 780/787/665
f 762/769/666 836/845/666 837/846/666 795/804/666
f 836/845/667 838/847/667 839/848/667 837/846/667
f 837/846/668 839/848/668 840/849/668 841/850/668
f 795/804/669 837/846/669 841/850/669 734/741/669
f 682/689/670 807/816/670 842/851/670 683/690/670
f 807/816/671 806/815/671 843/852/671 842/851/671
f 842/851/672 843/852/672 844/853/672 845/854/672
f 683/690/673 842/851/673 845/854/673 684/691/673
f 676/683/674 846/855/674 847/856/674 677/684/674
f 846/855/675 848/857/675 849/858/675 847/856/675
f 847/856/676 849/858/676 850/859/676 851/860/676
f 677/684/677 847/856/677 851/860/677 678/685/677
f 688/695/678 819/828/678 852/861/678 689/696/678
f 819/828/679 818/827/679 853/862/679 852/861/679
f 852/861/680 853/862/680 854/863/680 855/864/680
f 689/696/681 852/861/681 855/864/681 690/697/681
f 716/723/682 856/865/682 857/866/682 717/724/682
f 856/865/683 858/867/683 859/868/683 857/866/683
f 857/866/684 859/868/684 860/869/684 861/870/684
f 717/724/685 857/866/685 861/870/685 718/725/685
f 700/707/686 862/871/686 863/872/686 701/708/686
f 862/871/687 864/873/687 865/874/687 863/872/687
f 863/872/688 865/874/688 866/875/688 867/876/688
f 701/708/689 863/872/689 867/876/689 694/701/689
f 754/761/690 831/840/690 868/877/690 755/762/690
f 831/840/691 830/839/691 869/878/691 868/877/691
f 868/877/692 869/878/692 870/879/692 871/880/692
f 755/762/693 868/877/693 871/880/693 740/747/693
f 704/711/694 813/822/694 872/881/694 705/712/694
f 813/822/695 812/821/695 873/882/695 872/881/695
f 872/881/696 873/882/696 874/883/696 875/884/696
f 705/712/697 872/881/697 875/884/697 706/713/697
f 684/691/698 845/854/698 876/885/698 785/792/698
f 845/854/699 844/853/699 877/886/699 876/885/699
f 876/885/700 877/886/700 834/843/700 832/841/700
f 785/792/701 876/885/701 832/841/701 786/793/701
f 722/729/702 825/834/702 878/887/702 723/730/702
f 825/834/703 824/833/703 879/888/703 878/887/703
f 878/887/704 879/888/704 880/889/704 881/890/704
f 723/730/705 878/887/705 881/890/705 724/731/705
f 690/697/706 855/864/706 882/891/706 801/810/706
f 855/864/707 854/863/707 883/892/707 882/891/707
f 882/891/708 883/892/708 884/893/708 885/894/708
f 801/810/709 882/891/709 885/894/709 760/767/709
f 734/741/710 841/850/710 886/895/710 735/742/710
f 841/850/711 840/849/711 887/896/711 886/895/711
f 886/895/712 887/896/712 804/813/712 802/811/712
f 735/742/713 886/895/713 802/811/713 736/743/713
f 694/701/714 867/876/714 888/897/714 695/702/714
f 867/876/715 866/875/715 889/898/715 888/897/715
f 888/897/716 889/898/716 890/899/716 891/900/716
f 695/702/717 888/897/717 891/900/717 696/703/717
f 678/685/718 851/860/718 892/901/718 745/752/718
f 851/860/719 850/859/719 893/902/719 892/901/719
f 892/901/720 893/902/720 816/825/720 814/823/720
f 745/752/721 892/901/721 814/823/721 746/753/721
f 710/717/722 894/903/722 895/904/722 711/718/722
f 894/903/723 896/905/723 897/906/723 895/904/723
f 895/904/724 897/906/724 898/907/724 899/908/724
f 711/718/725 895/904/725 899/908/725 712/719/725
f 730/737/726 900/909/726 901/910/726 757/764/726
f 900/909/727 902/911/727 903/912/727 901/910/727
f 901/910/728 903/912/728 904/913/728 905/914/728
f 757/764/729 901/910/729 905/914/729 750/757/729
f 728/735/730 906/915/730 907/916/730 729/736/730
f 906/915/731 908/917/731 909/918/731 907/916/731
f 907/916/732 909/918/732 902/911/732 900/909/732
f 729/736/733 907/916/733 900/909/733 730/737/733
f 724/731/734 881/890/734 910/919/734 765/772/734
f 881/890/735 880/889/735 911/920/735 910/919/735
f 910/919/736 911/920/736 828/837/736 826/835/736
f 765/772/737 910/919/737 826/835/737 766/773/737
f 712/719/738 899/908/738 912/921/738 771/778/738
f 899/908/739 898/907/739 913/922/739 912/921/739
f 912/921/740 913/922/740 908/917/740 906/915/740
f 771/778/741 912/921/741 906/915/741 728/735/741
f 740/747/742 871/880/742 914/923/742 741/748/742
f 871/880/743 870/879/743 915/924/743 914/923/743
f 914/923/744 915/924/744 810/819/744 808/817/744
f 741/748/745 914/923/745 808/817/745 742/749/745
f 706/713/746 875/884/746 916/925/746 775/782/746
f 875/884/747 874/883/747 917/926/747 916/925/747
f 916/925/748 917/926/748 918/927/748 919/928/748
f 775/782/749 916/925/749 919/928/749 776/783/749
f 696/703/750 891/900/750 920/929/750 783/790/750
f 891/900/751 890/899/751 921/930/751 920/929/751
f 920/929/752 921/930/752 848/857/752 846/855/752
f 783/790/753 920/929/753 846/855/753 676/683/753
f 750/757/754 905/914/754 922/931/754 751/758/754
f 905/914/755 904/913/755 923/932/755 922/931/755
f 922/931/756 923/932/756 864/873/756 862/871/756
f 751/758/757 922/931/757 862/871/757 700/707/757
f 718/797/758 861/933/758 924/934/758 789/798/758
f 861/933/759 860/935/759 925/936/759 924/934/759
f 924/934/760 925/936/760 896/905/760 894/903/760
f 789/798/761 924/934/761 894/903/761 710/717/761
f 776/783/762 919/928/762 926/937/762 791/800/762
f 919/928/763 918/927/763 927/938/763 926/937/763
f 926/937/764 927/938/764 858/867/764 856/865/764
f 791/800/765 926/937/765 856/865/765 716/723/765
f 760/767/766 885/894/766 928/939/766 761/768/766
f 885/894/767 884/893/767 929/940/767 928/939/767
f 928/939/768 929/940/768 838/847/768 836/845/768
f 761/768/769 928/939/769 836/845/769 762/769/769
f 848/857/770 930/941/770 931/942/770 849/858/770
f 930/941/771 932/943/771 933/944/771 931/942/771
f 931/942/772 933/944/772 934/945/772 935/946/772
f 849/858/773 931/942/773 935/946/773 850/859/773
f 818/827/774 936/947/774 937/948/774 853/862/774
f 936/947/775 938/949/775 939/950/775 937/948/775
f 937/948/776 939/950/776 940/951/776 941/952/776
f 853/862/777 937/948/777 941/952/777 854/863/777
f 858/867/778 942/953/778 943/954/778 859/868/778
f 942/953/779 944/955/779 945/956/779 943/954/779
f 943/954/780 945/956/780 946/957/780 947/958/780
f 859/868/781 943/954/781 947/958/781 860/869/781
f 864/873/782 948/959/782 949/960/782 865/874/782
f 948/959/783 950/961/783 951/962/783 949/960/783
f 949/960/784 951/962/784 952/963/784 953/964/784
f 865/874/785 949/960/785 953/964/785 866/875/785
f 830/839/786 954/965/786 955/966/786 869/878/786
f 954/965/787 956/967/787 957/968/787 955/966/787
f 955/966/788 957/968/788 958/969/788 959/970/788
f 869/878/789 955/966/789 959/970/789 870/879/789
f 812/821/790 960/971/790 961/972/790 873/882/790
f 960/971/791 962/973/791 963/974/791 961/972/791
f 961/972/792 963/974/792 964/975/792 965/976/792
f 873/882/793 961/972/793 965/976/793 874/883/793
f 844/853/794 966/977/794 967/978/794 877/886/794
f 966/977/795 968/979/795 969/980/795 967/978/795
f 967/978/796 969/980/796 970/981/796 971/982/796
f 877/886/797 967/978/797 971/982/797 834/843/797
f 824/833/798 972/983/798 973/984/798 879/888/798
f 972/983/799 974/985/799 975/986/799 973/984/799
f 973/984/800 975/986/800 976/987/800 977/988/800
f 879/888/801 973/984/801 977/988/801 880/889/801
f 854/863/802 941/952/802 978/989/802 883/892/802
f 941/952/803 940/951/803 979/990/803 978/989/803
f 978/989/804 979/990/804 980/991/804 981/992/804
f 883/892/805 978/989/805 981/992/805 884/893/805
f 840/849/806 982/993/806 983/994/806 887/896/806
f 982/993/807 984/995/807 985/996/807 983/994/807
f 983/994/808 985/996/808 986/997/808 987/998/808
f 887/896/809 983/994/809 987/998/809 804/813/809
f 866/875/810 953/964/810 988/999/810 889/898/810
f 953/964/811 952/963/811 989/1000/811 988/999/811
f 988/999/812 989/1000/812 990/1001/812 991/1002/812
f 889/898/813 988/999/813 991/1002/813 890/899/813
f 850/859/814 935/946/814 992/1003/814 893/902/814
f 935/946/815 934/945/815 993/1004/815 992/1003/815
f 992/1003/816 993/1004/816 994/1005/816 995/1006/816
f 893/902/817 992/1003/817 995/1006/817 816/825/817
f 896/905/818 996/1007/818 997/1008/818 897/906/818
f 996/1007/819 998/1009/819 999/1010/819 997/1008/819
f 997/1008/820 999/1010/820 1000/1011/820 1001/1012/820
f 897/906/821 997/1008/821 1001/1012/821 898/907/821
f 902/911/822 1002/1013/822 1003/1014/822 903/912/822
f 1002/1013/823 1004/1015/823 1005/1016/823 1003/1014/823
f 1003/1014/824 1005/1016/824 1006/1017/824 1007/1018/824
f 903/912/825 1003/1014/825 1007/1018/825 904/913/825
f 908/917/826 1008/1019/826 1009/1020/826 909/918/826
f 1008/1019/827 1010/1021/827 1011/1022/827 1009/1020/827
f 1009/1020/828 1011/1022/828 1004/1015/828 1002/1013/828
f 909/918/829 1009/1020/829 1002/1013/829 902/911/829
f 880/889/830 977/988/830 1012/1023/830 911/920/830
f 977/988/831 976/987/831 1013/1024/831 1012/1023/831
f 1012/1023/832 1013/1024/832 1014/1025/832 1015/1026/832
f 911/920/833 1012/1023/833 1015/1026/833 828/837/833
f 898/907/834 1001/1012/834 1016/1027/834 913/922/834
f 1001/1012/835 1000/1011/835 1017/1028/835 1016/1027/835
f 1016/1027/836 1017/1028/836 1010/1021/836 1008/1019/836
f 913/922/837 1016/1027/837 1008/1019/837 908/917/837
f 870/879/838 959/970/838 1018/1029/838 915/924/838
f 959/970/839 958/969/839 1019/1030/839 1018/1029/839
f 1018/1029/840 1019/1030/840 1020/1031/840 1021/1032/840
f 915/924/841 1018/1029/841 1021/1032/841 810/819/841
f 874/883/842 965/976/842 1022/1033/842 917/926/842
f 965/976/843 964/975/843 1023/1034/843 1022/1033/843
f 1022/1033/844 1023/1034/844 1024/1035/844 1025/1036/844
f 917/926/845 1022/1033/845 1025/1036/845 918/927/845
f 890/899/846 991/1002/846 1026/1037/846 921/930/846
f 991/1002/847 990/1001/847 1027/1038/847 1026/1037/847
f 1026/1037/848 1027/1038/848 932/943/848 930/941/848
f 921/930/849 1026/1037/849 930/941/849 848/857/849
f 904/913/850 1007/1018/850 1028/1039/850 923/932/850
f 1007/1018/851 1006/1017/851 1029/1040/851 1028/1039/851
f 1028/1039/852 1029/1040/852 950/961/852 948/959/852
f 923/932/853 1028/1039/853 948/959/853 864/873/853
f 860/935/854 947/1041/854 1030/1042/854 925/936/854
f 947/1041/855 946/1043/855 1031/1044/855 1030/1042/855
f 1030/1042/856 1031/1044/856 998/1009/856 996/1007/856
f 925/936/857 1030/1042/857 996/1007/857 896/905/857
f 918/927/858 1025/1036/858 1032/1045/858 927/938/858
f 1025/1036/859 1024/1035/859 1033/1046/859 1032/1045/859
f 1032/1045/860 1033/1046/860 944/955/860 942/953/860
f 927/938/861 1032/1045/861 942/953/861 858/867/861
f 884/893/862 981/992/862 1034/1047/862 929/940/862
f 981/992/863 980/991/863 1035/1048/863 1034/1047/863
f 1034/1047/864 1035/1048/864 1036/1049/864 1037/1050/864
f 929/940/865 1034/1047/865 1037/1050/865 838/847/865
f 804/813/866 987/998/866 1038/1051/866 805/814/866
f 987/998/867 986/997/867 1039/1052/867 1038/1051/867
f 1038/1051/868 1039/1052/868 1040/1053/868 1041/1054/868
f 805/814/869 1038/1051/869 1041/1054/869 806/815/869
f 810/819/870 1021/1032/870 1042/1055/870 811/820/870
f 1021/1032/871 1020/1031/871 1043/1056/871 1042/1055/871
f 1042/1055/872 1043/1056/872 962/973/872 960/971/872
f 811/820/873 1042/1055/873 960/971/873 812/821/873
f 816/825/874 995/1006/874 1044/1057/874 817/826/874
f 995/1006/875 994/1005/875 1045/1058/875 1044/1057/875
f 1044/1057/876 1045/1058/876 938/949/876 936/947/876
f 817/826/877 1044/1057/877 936/947/877 818/827/877
f 822/831/878 1046/1059/878 1047/1060/878 823/832/878
f 1046/1059/879 1048/1061/879 1049/1062/879 1047/1060/879
f 1047/1060/880 1049/1062/880 974/985/880 972/983/880
f 823/832/881 1047/1060/881 972/983/881 824/833/881
f 828/837/882 1015/1026/882 1050/1063/882 829/838/882
f 1015/1026/883 1014/1025/883 1051/1064/883 1050/1063/883
f 1050/1063/884 1051/1064/884 956/967/884 954/965/884
f 829/838/885 1050/1063/885 954/965/885 830/839/885
f 834/843/886 971/982/886 1052/1065/886 835/844/886
f 971/982/887 970/981/887 1053/1066/887 1052/1065/887
f 1052/1065/888 1053/1066/888 1048/1061/888 1046/1059/888
f 835/844/889 1052/1065/889 1046/1059/889 822/831/889
f 838/847/890 1037/1050/890 1054/1067/890 839/848/890
f 1037/1050/891 1036/1049/891 1055/1068/891 1054/1067/891
f 1054/1067/892 1055/1068/892 984/995/892 982/993/892
f 839/848/893 1054/1067/893 982/993/893 840/849/893
f 806/815/894 1041/1054/894 1056/1069/894 843/852/894
f 1041/1054/895 1040/1053/895 1057/1070/895 1056/1069/895
f 1056/1069/896 1057/1070/896 968/979/896 966/977/896
f 843/852/897 1056/1069/897 966/977/897 844/853/897
f 968/979/898 1058/1071/898 1059/1072/898 969/980/898
f 1058/1071/899 1060/1073/899 1061/1074/899 1059/1072/899
f 1059/1072/900 1061/1074/900 1062/1075/900 1063/1076/900
f 969/980/901 1059/1072/901 1063/1076/901 970/981/901
f 974/985/902 1064/1077/902 1065/1078/902 975/986/902
f 1064/1077/903 1066/1079/903 1067/1080/903 1065/1078/903
f 1065/1078/904 1067/1080/904 1068/1081/904 1069/1082/904
f 975/986/905 1065/1078/905 1069/1082/905 976/987/905
f 940/951/906 1070/1083/906 1071/1084/906 979/990/906
f 1070/1083/907 1072/1085/907 1073/1086/907 1071/1084/907
f 1071/1084/908 1073/1086/908 1074/1087/908 1075/1088/908
f 979/990/909 1071/1084/909 1075/1088/909 980/991/909
f 984/995/910 1076/1089/910 1077/1090/910 985/996/910
f 1076/1089/911 1078/1091/911 1079/1092/911 1077/1090/911
f 1077/1090/912 1079/1092/912 1080/1093/912 1081/1094/912
f 985/996/913 1077/1090/913 1081/1094/913 986/997/913
f 952/963/914 1082/1095/914 1083/1096/914 989/1000/914
f 1082/1095/915 1084/1097/915 1085/1098/915 1083/1096/915
f 1083/1096/916 1085/1098/916 1086/1099/916 1087/1100/916
f 989/1000/917 1083/1096/917 1087/1100/917 990/1001/917
f 934/945/918 1088/1101/918 1089/1102/918 993/1004/918
f 1088/1101/919 1090/1103/919 1091/1104/919 1089/1102/919
f 1089/1102/920 1091/1104/920 1092/1105/920 1093/1106/920
f 993/1004/921 1089/1102/921 1093/1106/921 994/1005/921
f 998/1009/922 1094/1107/922 1095/1108/922 999/1010/922
f 1094/1107/923 1096/1109/923 1097/1110/923 1095/1108/923
f 1095/1108/924 1097/1110/924 1098/1111/924 1099/1112/924
f 999/1010/925 1095/1108/925 1099/1112/925 1000/1011/925
f 1004/1015/926 1100/1113/926 1101/1114/926 1005/1016/926
f 1100/1113/927 1102/1115/927 1103/1116/927 1101/1114/927
f 1101/1114/928 1103/1116/928 1104/1117/928 1105/1118/928
f 1005/1016/929 1101/1114/929 1105/1118/929 1006/1017/929
f 1010/1021/930 1106/1119/930 1107/1120/930 1011/1022/930
f 1106/1119/931 1108/1121/931 1109/1122/931 1107/1120/931
f 1107/1120/932 1109/1122/932 1102/1115/932 1100/1113/932
f 1011/1022/933 1107/1120/933 1100/1113/933 1004/1015/933
f 976/987/934 1069/1082/934 1110/1123/934 1013/1024/934
f 1069/1082/935 1068/1081/935 1111/1124/935 1110/1123/935
f 1110/1123/936 1111/1124/936 1112/1125/936 1113/1126/936
f 1013/1024/937 1110/1123/937 1113/1126/937 1014/1025/937
f 1000/1011/938 1099/1112/938 1114/1127/938 1017/1028/938
f 1099/1112/939 1098/1111/939 1115/1128/939 1114/1127/939
f 1114/1127/940 1115/1128/940 1108/1121/940 1106/1119/940
f 1017/1028/941 1114/1127/941 1106/1119/941 1010/1021/941
f 958/969/942 1116/1129/942 1117/1130/942 1019/1030/942
f 1116/1129/943 1118/1131/943 1119/1132/943 1117/1130/943
f 1117/1130/944 1119/1132/944 1120/1133/944 1121/1134/944
f 1019/1030/945 1117/1130/945 1121/1134/945 1020/1031/945
f 964/975/946 1122/1135/946 1123/1136/946 1023/1034/946
f 1122/1135/947 1124/1137/947 1125/1138/947 1123/1136/947
f 1123/1136/948 1125/1138/948 1126/1139/948 1127/1140/948
f 1023/1034/949 1123/1136/949 1127/1140/949 1024/1035/949
f 990/1001/950 1087/1100/950 1128/1141/950 1027/1038/950
f 1087/1100/951 1086/1099/951 1129/1142/951 1128/1141/951
f 1128/1141/952 1129/1142/952 1130/1143/952 1131/1144/952
f 1027/1038/953 1128/1141/953 1131/1144/953 932/943/953
f 1006/1017/954 1105/1118/954 1132/1145/954 1029/1040/954
f 1105/1118/955 1104/1117/955 1133/1146/955 1132/1145/955
f 1132/1145/956 1133/1146/956 1134/1147/956 1135/1148/956
f 1029/1040/957 1132/1145/957 1135/1148/957 950/961/957
f 946/1043/958 1136/1149/958 1137/1150/958 1031/1044/958
f 1136/1149/959 1138/1151/959 1139/1152/959 1137/1150/959
f 1137/1150/960 1139/1152/960 1096/1109/960 1094/1107/960
f 1031/1044/961 1137/1150/961 1094/1107/961 998/1009/961
f 1024/1035/962 1127/1140/962 1140/1153/962 1033/1046/962
f 1127/1140/963 1126/1139/963 1141/1154/963 1140/1153/963
f 1140/1153/964 1141/1154/964 1142/1155/964 1143/1156/964
f 1033/1046/965 1140/1153/965 1143/1156/965 944/955/965
f 980/991/966 1075/1088/966 1144/1157/966 1035/1048/966
f 1075/1088/967 1074/1087/967 1145/1158/967 1144/1157/967
f 1144/1157/968 1145/1158/968 1146/1159/968 1147/1160/968
f 1035/1048/969 1144/1157/969 1147/1160/969 1036/1049/969
f 986/997/970 1081/1094/970 1148/1161/970 1039/1052/970
f 1081/1094/971 1080/1093/971 1149/1162/971 1148/1161/971
f 1148/1161/972 1149/1162/972 1150/1163/972 1151/1164/972
f 1039/1052/973 1148/1161/973 1151/1164/973 1040/1053/973
f 1020/1031/974 1121/1134/974 1152/1165/974 1043/1056/974
f 1121/1134/975 1120/1133/975 1153/1166/975 1152/1165/975
f 1152/1165/976 1153/1166/976 1154/1167/976 1155/1168/976
f 1043/1056/977 1152/1165/977 1155/1168/977 962/973/977
f 994/1005/978 1093/1106/978 1156/1169/978 1045/1058/978
f 1093/1106/979 1092/1105/979 1157/1170/979 1156/1169/979
f 1156/1169/980 1157/1170/980 1158/1171/980 1159/1172/980
f 1045/1058/981 1156/1169/981 1159/1172/981 938/949/981
f 1048/1061/982 1160/1173/982 1161/1174/982 1049/1062/982
f 1160/1173/983 1162/1175/983 1163/1176/983 1161/1174/983
f 1161/1174/984 1163/1176/984 1066/1079/984 1064/1077/984
f 1049/1062/985 1161/1174/985 1064/1077/985 974/985/985
f 1014/1025/986 1113/1126/986 1164/1177/986 1051/1064/986
f 1113/1126/987 1112/1125/987 1165/1178/987 1164/1177/987
f 1164/1177/988 1165/1178/988 1166/1179/988 1167/1180/988
f 1051/1064/989 1164/1177/989 1167/1180/989 956/967/989
f 970/981/990 1063/1076/990 1168/1181/990 1053/1066/990
f 1063/1076/991 1062/1075/991 1169/1182/991 1168/1181/991
f 1168/1181/992 1169/1182/992 1162/1175/992 1160/1173/992
f 1053/1066/993 1168/1181/993 1160/1173/993 1048/1061/993
f 1036/1049/994 1147/1160/994 1170/1183/994 1055/1068/994
f 1147/1160/995 1146/1159/995 1171/1184/995 1170/1183/995
f 1170/1183/996 1171/1184/996 1078/1091/996 1076/1089/996
f 1055/1068/997 1170/1183/997 1076/1089/997 984/995/997
f 1040/1053/998 1151/1164/998 1172/1185/998 1057/1070/998
f 1151/1164/999 1150/1163/999 1173/1186/999 1172/1185/999
f 1172/1185/1000 1173/1186/1000 1060/1073/1000 1058/1071/1000
f 1057/1070/1001 1172/1185/1001 1058/1071/1001 968/979/1001
f 932/943/1002 1131/1144/1002 1174/1187/1002 933/944/1002
f 1131/1144/1003 1130/1143/1003 1175/1188/1003 1174/1187/1003
f 1174/1187/1004 1175/1188/1004 1090/1103/1004 1088/1101/1004
f 933/944/1005 1174/1187/1005 1088/1101/1005 934/945/1005
f 938/949/1006 1159/1172/1006 1176/1189/1006 939/950/1006
f 1159/1172/1007 1158/1171/1007 1177/1190/1007 1176/1189/1007
f 1176/1189/1008 1177/1190/1008 1072/1085/1008 1070/1083/1008
f 939/950/1009 1176/1189/1009 1070/1083/1009 940/951/1009
f 944/955/1010 1143/1156/1010 1178/1191/1010 945/956/1010
f 1143/1156/1011 1142/1155/1011 1179/1192/1011 1178/1191/1011
f 1178/1191/1012 1179/1192/1012 1138/1193/1012 1136/1194/1012
f 945/956/1013 1178/1191/1013 1136/1194/1013 946/957/1013
f 950/961/1014 1135/1148/1014 1180/1195/1014 951/962/1014
f 1135/1148/1015 1134/1147/1015 1181/1196/1015 1180/1195/1015
f 1180/1195/1016 1181/1196/1016 1084/1097/1016 1082/1095/1016
f 951/962/1017 1180/1195/1017 1082/1095/1017 952/963/1017
f 956/967/1018 1167/1180/1018 1182/1197/1018 957/968/1018
f 1167/1180/1019 1166/1179/1019 1183/1198/1019 1182/1197/1019
f 1182/1197/1020 1183/1198/1020 1118/1131/1020 1116/1129/1020
f 957/968/1021 1182/1197/1021 1116/1129/1021 958/969/1021
f 962/973/1022 1155/1168/1022 1184/1199/1022 963/974/1022
f 1155/1168/1023 1154/1167/1023 1185/1200/1023 1184/1199/1023
f 1184/1199/1024 1185/1200/1024 1124/1137/1024 1122/1135/1024
f 963/974/1025 1184/1199/1025 1122/1135/1025 964/975/1025
f 1108/1121/1026 1186/1201/1026 1187/1202/1026 1109/1122/1026
f 1186/1201/1027 1188/1203/1027 1189/1204/1027 1187/1202/1027
f 1187/1202/1028 1189/1204/1028 1190/1205/1028 1191/1206/1028
f 1109/1122/1029 1187/1202/1029 1191/1206/1029 1102/1115/1029
f 1068/1081/1030 1192/1207/1030 1193/1208/1030 1111/1124/1030
f 1192/1207/1031 1194/1209/1031 1195/1210/1031 1193/1208/1031
f 1193/1208/1032 1195/1210/1032 1196/1211/1032 1197/1212/1032
f 1111/1124/1033 1193/1208/1033 1197/1212/1033 1112/1125/1033
f 1098/1111/1034 1198/1213/1034 1199/1214/1034 1115/1128/1034
f 1198/1213/1035 1200/1215/1035 1201/1216/1035 1199/1214/1035
f 1199/1214/1036 1201/1216/1036 1188/1203/1036 1186/1201/1036
f 1115/1128/1037 1199/1214/1037 1186/1201/1037 1108/1121/1037
f 1118/1131/1038 1202/1217/1038 1203/1218/1038 1119/1132/1038
f 1202/1217/1039 1204/1219/1039 1205/1220/1039 1203/1218/1039
f 1203/1218/1040 1205/1220/1040 1206/1221/1040 1207/1222/1040
f 1119/1132/1041 1203/1218/1041 1207/1222/1041 1120/1133/1041
f 1124/1137/1042 1208/1223/1042 1209/1224/1042 1125/1138/1042
f 1208/1223/1043 1210/1225/1043 1211/1226/1043 1209/1224/1043
f 1209/1224/1044 1211/1226/1044 1212/1227/1044 1213/1228/1044
f 1125/1138/1045 1209/1224/1045 1213/1228/1045 1126/1139/1045
f 1086/1099/1046 1214/1229/1046 1215/1230/1046 1129/1142/1046
f 1214/1229/1047 1216/1231/1047 1217/1232/1047 1215/1230/1047
f 1215/1230/1048 1217/1232/1048 1218/1233/1048 1219/1234/1048
f 1129/1142/1049 1215/1230/1049 1219/1234/1049 1130/1143/1049
f 1104/1117/1050 1220/1235/1050 1221/1236/1050 1133/1146/1050
f 1220/1235/1051 1222/1237/1051 1223/1238/1051 1221/1236/1051
f 1221/1236/1052 1223/1238/1052 1224/1239/1052 1225/1240/1052
f 1133/1146/1053 1221/1236/1053 1225/1240/1053 1134/1147/1053
f 1138/1151/1054 1226/1241/1054 1227/1242/1054 1139/1152/1054
f 1226/1241/1055 1228/1243/1055 1229/1244/1055 1227/1242/1055
f 1227/1242/1056 1229/1244/1056 1230/1245/1056 1231/1246/1056
f 1139/1152/1057 1227/1242/1057 1231/1246/1057 1096/1109/1057
f 1126/1139/1058 1213/1228/1058 1232/1247/1058 1141/1154/1058
f 1213/1228/1059 1212/1227/1059 1233/1248/1059 1232/1247/1059
f 1232/1247/1060 1233/1248/1060 1234/1249/1060 1235/1250/1060
f 1141/1154/1061 1232/1247/1061 1235/1250/1061 1142/1155/1061
f 1074/1087/1062 1236/1251/1062 1237/1252/1062 1145/1158/1062
f 1236/1251/1063 1238/1253/1063 1239/1254/1063 1237/1252/1063
f 1237/1252/1064 1239/1254/1064 1240/1255/1064 1241/1256/1064
f 1145/1158/1065 1237/1252/1065 1241/1256/1065 1146/1159/1065
f 1080/1093/1066 1242/1257/1066 1243/1258/1066 1149/1162/1066
f 1242/1257/1067 1244/1259/1067 1245/1260/1067 1243/1258/1067
f 1243/1258/1068 1245/1260/1068 1246/1261/1068 1247/1262/1068
f 1149/1162/1069 1243/1258/1069 1247/1262/1069 1150/1163/1069
f 1120/1133/1070 1207/1222/1070 1248/1263/1070 1153/1166/1070
f 1207/1222/1071 1206/1221/1071 1249/1264/1071 1248/1263/1071
f 1248/1263/1072 1249/1264/1072 1250/1265/1072 1251/1266/1072
f 1153/1166/1073 1248/1263/1073 1251/1266/1073 1154/1167/1073
f 1092/1105/1074 1252/1267/1074 1253/1268/1074 1157/1170/1074
f 1252/1267/1075 1254/1269/1075 1255/1270/1075 1253/1268/1075
f 1253/1268/1076 1255/1270/1076 1256/1271/1076 1257/1272/1076
f 1157/1170/1077 1253/1268/1077 1257/1272/1077 1158/1171/1077
f 1162/1175/1078 1258/1273/1078 1259/1274/1078 1163/1176/1078
f 1258/1273/1079 1260/1275/1079 1261/1276/1079 1259/1274/1079
f 1259/1274/1080 1261/1276/1080 1262/1277/1080 1263/1278/1080
f 1163/1176/1081 1259/1274/1081 1263/1278/1081 1066/1079/1081
f 1112/1125/1082 1197/1212/1082 1264/1279/1082 1165/1178/1082
f 1197/1212/1083 1196/1211/1083 1265/1280/1083 1264/1279/1083
f 1264/1279/1084 1265/1280/1084 1266/1281/1084 1267/1282/1084
f 1165/1178/1085 1264/1279/1085 1267/1282/1085 1166/1179/1085
f 1062/1075/1086 1268/1283/1086 1269/1284/1086 1169/1182/1086
f 1268/1283/1087 1270/1285/1087 1271/1286/1087 1269/1284/1087
f 1269/1284/1088 1271/1286/1088 1260/1275/1088 1258/1273/1088
f 1169/1182/1089 1269/1284/1089 1258/1273/1089 1162/1175/1089
f 1146/1159/1090 1241/1256/1090 1272/1287/1090 1171/1184/1090
f 1241/1256/1091 1240/1255/1091 1273/1288/1091 1272/1287/1091
f 1272/1287/1092 1273/1288/1092 1274/1289/1092 1275/1290/1092
f 1171/1184/1093 1272/1287/1093 1275/1290/1093 1078/1091/1093
f 1150/1163/1094 1247/1262/1094 1276/1291/1094 1173/1186/1094
f 1247/1262/1095 1246/1261/1095 1277/1292/1095 1276/1291/1095
f 1276/1291/1096 1277/1292/1096 1278/1293/1096 1279/1294/1096
f 1173/1186/1097 1276/1291/1097 1279/1294/1097 1060/1073/1097
f 1130/1143/1098 1219/1234/1098 1280/1295/1098 1175/1188/1098
f 1219/1234/1099 1218/1233/1099 1281/1296/1099 1280/1295/1099
f 1280/1295/1100 1281/1296/1100 1282/1297/1100 1283/1298/1100
f 1175/1188/1101 1280/1295/1101 1283/1298/1101 1090/1103/1101
f 1158/1171/1102 1257/1272/1102 1284/1299/1102 1177/1190/1102
f 1257/1272/1103 1256/1271/1103 1285/1300/1103 1284/1299/1103
f 1284/1299/1104 1285/1300/1104 1286/1301/1104 1287/1302/1104
f 1177/1190/1105 1284/1299/1105 1287/1302/1105 1072/1085/1105
f 1142/1155/1106 1235/1250/1106 1288/1303/1106 1179/1192/1106
f 1235/1250/1107 1234/1249/1107 1289/1304/1107 1288/1303/1107
f 1288/1303/1108 1289/1304/1108 1228/1305/1108 1226/1306/1108
f 1179/1192/1109 1288/1303/1109 1226/1306/1109 1138/1193/1109
f 1134/1147/1110 1225/1240/1110 1290/1307/1110 1181/1196/1110
f 1225/1240/1111 1224/1239/1111 1291/1308/1111 1290/1307/1111
f 1290/1307/1112 1291/1308/1112 1292/1309/1112 1293/1310/1112
f 1181/1196/1113 1290/1307/1113 1293/1310/1113 1084/1097/1113
f 1166/1179/1114 1267/1282/1114 1294/1311/1114 1183/1198/1114
f 1267/1282/1115 1266/1281/1115 1295/1312/1115 1294/1311/1115
f 1294/1311/1116 1295/1312/1116 1204/1219/1116 1202/1217/1116
f 1183/1198/1117 1294/1311/1117 1202/1217/1117 1118/1131/1117
f 1154/1167/1118 1251/1266/1118 1296/1313/1118 1185/1200/1118
f 1251/1266/1119 1250/1265/1119 1297/1314/1119 1296/1313/1119
f 1296/1313/1120 1297/1314/1120 1210/1225/1120 1208/1223/1120
f 1185/1200/1121 1296/1313/1121 1208/1223/1121 1124/1137/1121
f 1060/1073/1122 1279/1294/1122 1298/1315/1122 1061/1074/1122
f 1279/1294/1123 1278/1293/1123 1299/1316/1123 1298/1315/1123
f 1298/1315/1124 1299/1316/1124 1270/1285/1124 1268/1283/1124
f 1061/1074/1125 1298/1315/1125 1268/1283/1125 1062/1075/1125
f 1066/1079/1126 1263/1278/1126 1300/1317/1126 1067/1080/1126
f 1263/1278/1127 1262/1277/1127 1301/1318/1127 1300/1317/1127
f 1300/1317/1128 1301/1318/1128 1194/1209/1128 1192/1207/1128
f 1067/1080/1129 1300/1317/1129 1192/1207/1129 1068/1081/1129
f 1072/1085/1130 1287/1302/1130 1302/1319/1130 1073/1086/1130
f 1287/1302/1131 1286/1301/1131 1303/1320/1131 1302/1319/1131
f 1302/1319/1132 1303/1320/1132 1238/1253/1132 1236/1251/1132
f 1073/1086/1133 1302/1319/1133 1236/1251/1133 1074/1087/1133
f 1078/1091/1134 1275/1290/1134 1304/1321/1134 1079/1092/1134
f 1275/1290/1135 1274/1289/1135 1305/1322/1135 1304/1321/1135
f 1304/1321/1136 1305/1322/1136 1244/1259/1136 1242/1257/1136
f 1079/1092/1137 1304/1321/1137 1242/1257/1137 1080/1093/1137
f 1084/1097/1138 1293/1310/1138 1306/1323/1138 1085/1098/1138
f 1293/1310/1139 1292/1309/1139 1307/1324/1139 1306/1323/1139
f 1306/1323/1140 1307/1324/1140 1216/1231/1140 1214/1229/1140
f 1085/1098/1141 1306/1323/1141 1214/1229/1141 1086/1099/1141
f 1090/1103/1142 1283/1298/1142 1308/1325/1142 1091/1104/1142
f 1283/1298/1143 1282/1297/1143 1309/1326/1143 1308/1325/1143
f 1308/1325/1144 1309/1326/1144 1254/1269/1144 1252/1267/1144
f 1091/1104/1145 1308/1325/1145 1252/1267/1145 1092/1105/1145
f 1096/1109/1146 1231/1246/1146 1310/1327/1146 1097/1110/1146
f 1231/1246/1147 1230/1245/1147 1311/1328/1147 1310/1327/1147
f 1310/1327/1148 1311/1328/1148 1200/1215/1148 1198/1213/1148
f 1097/1110/1149 1310/1327/1149 1198/1213/1149 1098/1111/1149
f 1102/1115/1150 1191/1206/1150 1312/1329/1150 1103/1116/1150
f 1191/1206/1151 1190/1205/1151 1313/1330/1151 1312/1329/1151
f 1312/1329/1152 1313/1330/1152 1222/1237/1152 1220/1235/1152
f 1103/1116/1153 1312/1329/1153 1220/1235/1153 1104/1117/1153
f 1212/1227/1154 1314/1331/1154 1315/1332/1154 1233/1248/1154
f 1314/1331/1155 1316/1333/1155 1317/1334/1155 1315/1332/1155
f 1315/1332/1156 1317/1334/1156 1318/1335/1156 1319/1336/1156
f 1233/1248/1157 1315/1332/1157 1319/1336/1157 1234/1249/1157
f 1238/1253/1158 1320/1337/1158 1321/1338/1158 1239/1254/1158
f 1320/1337/1159 1322/1339/1159 1323/1340/1159 1321/1338/1159
f 1321/1338/1160 1323/1340/1160 1324/1341/1160 1325/1342/1160
f 1239/1254/1161 1321/1338/1161 1325/1342/1161 1240/1255/1161
f 1244/1259/1162 1326/1343/1162 1327/1344/1162 1245/1260/1162
f 1326/1343/1163 1328/1345/1163 1329/1346/1163 1327/1344/1163
f 1327/1344/1164 1329/1346/1164 1330/1347/1164 1331/1348/1164
f 1245/1260/1165 1327/1344/1165 1331/1348/1165 1246/1261/1165
f 1206/1221/1166 1332/1349/1166 1333/1350/1166 1249/1264/1166
f 1332/1349/1167 1334/1351/1167 1335/1352/1167 1333/1350/1167
f 1333/1350/1168 1335/1352/1168 1336/1353/1168 1337/1354/1168
f 1249/1264/1169 1333/1350/1169 1337/1354/1169 1250/1265/1169
f 1254/1269/1170 1338/1355/1170 1339/1356/1170 1255/1270/1170
f 1338/1355/1171 1340/1357/1171 1341/1358/1171 1339/1356/1171
f 1339/1356/1172 1341/1358/1172 1342/1359/1172 1343/1360/1172
f 1255/1270/1173 1339/1356/1173 1343/1360/1173 1256/1271/1173
f 1260/1275/1174 1344/1361/1174 1345/1362/1174 1261/1276/1174
f 1344/1361/1175 1346/1363/1175 1347/1364/1175 1345/1362/1175
f 1345/1362/1176 1347/1364/1176 1348/1365/1176 1349/1366/1176
f 1261/1276/1177 1345/1362/1177 1349/1366/1177 1262/1277/1177
f 1196/1211/1178 1350/1367/1178 1351/1368/1178 1265/1280/1178
f 1350/1367/1179 1352/1369/1179 1353/1370/1179 1351/1368/1179
f 1351/1368/1180 1353/1370/1180 1354/1371/1180 1355/1372/1180
f 1265/1280/1181 1351/1368/1181 1355/1372/1181 1266/1281/1181
f 1270/1285/1182 1356/1373/1182 1357/1374/1182 1271/1286/1182
f 1356/1373/1183 1358/1375/1183 1359/1376/1183 1357/1374/1183
f 1357/1374/1184 1359/1376/1184 1346/1363/1184 1344/1361/1184
f 1271/1286/1185 1357/1374/1185 1344/1361/1185 1260/1275/1185
f 1240/1255/1186 1325/1342/1186 1360/1377/1186 1273/1288/1186
f 1325/1342/1187 1324/1341/1187 1361/1378/1187 1360/1377/1187
f 1360/1377/1188 1361/1378/1188 1362/1379/1188 1363/1380/1188
f 1273/1288/1189 1360/1377/1189 1363/1380/1189 1274/1289/1189
f 1246/1261/1190 1331/1348/1190 1364/1381/1190 1277/1292/1190
f 1331/1348/1191 1330/1347/1191 1365/1382/1191 1364/1381/1191
f 1364/1381/1192 1365/1382/1192 1366/1383/1192 1367/1384/1192
f 1277/1292/1193 1364/1381/1193 1367/1384/1193 1278/1293/1193
f 1218/1233/1194 1368/1385/1194 1369/1386/1194 1281/1296/1194
f 1368/1385/1195 1370/1387/1195 1371/1388/1195 1369/1386/1195
f 1369/1386/1196 1371/1388/1196 1372/1389/1196 1373/1390/1196
f 1281/1296/1197 1369/1386/1197 1373/1390/1197 1282/1297/1197
f 1256/1271/1198 1343/1360/1198 1374/1391/1198 1285/1300/1198
f 1343/1360/1199 1342/1359/1199 1375/1392/1199 1374/1391/1199
f 1374/1391/1200 1375/1392/1200 1376/1393/1200 1377/1394/1200
f 1285/1300/1201 1374/1391/1201 1377/1394/1201 1286/1301/1201
f 1234/1249/1202 1319/1336/1202 1378/1395/1202 1289/1304/1202
f 1319/1336/1203 1318/1335/1203 1379/1396/1203 1378/1395/1203
f 1378/1395/1204 1379/1396/1204 1380/1397/1204 1381/1398/1204
f 1289/1304/1205 1378/1395/1205 1381/1398/1205 1228/1305/1205
f 1224/1239/1206 1382/1399/1206 1383/1400/1206 1291/1308/1206
f 1382/1399/1207 1384/1401/1207 1385/1402/1207 1383/1400/1207
f 1383/1400/1208 1385/1402/1208 1386/1403/1208 1387/1404/1208
f 1291/1308/1209 1383/1400/1209 1387/1404/1209 1292/1309/1209
f 1266/1281/1210 1355/1372/1210 1388/1405/1210 1295/1312/1210
f 1355/1372/1211 1354/1371/1211 1389/1406/1211 1388/1405/1211
f 1388/1405/1212 1389/1406/1212 1390/1407/1212 1391/1408/1212
f 1295/1312/1213 1388/1405/1213 1391/1408/1213 1204/1219/1213
f 1250/1265/1214 1337/1354/1214 1392/1409/1214 1297/1314/1214
f 1337/1354/1215 1336/1353/1215 1393/1410/1215 1392/1409/1215
f 1392/1409/1216 1393/1410/1216 1394/1411/1216 1395/1412/1216
f 1297/1314/1217 1392/1409/1217 1395/1412/1217 1210/1225/1217
f 1278/1293/1218 1367/1384/1218 1396/1413/1218 1299/1316/1218
f 1367/1384/1219 1366/1383/1219 1397/1414/1219 1396/1413/1219
f 1396/1413/1220 1397/1414/1220 1358/1375/1220 1356/1373/1220
f 1299/1316/1221 1396/1413/1221 1356/1373/1221 1270/1285/1221
f 1262/1277/1222 1349/1366/1222 1398/1415/1222 1301/1318/1222
f 1349/1366/1223 1348/1365/1223 1399/1416/1223 1398/1415/1223
f 1398/1415/1224 1399/1416/1224 1400/1417/1224 1401/1418/1224
f 1301/1318/1225 1398/1415/1225 1401/1418/1225 1194/1209/1225
f 1286/1301/1226 1377/1394/1226 1402/1419/1226 1303/1320/1226
f 1377/1394/1227 1376/1393/1227 1403/1420/1227 1402/1419/1227
f 1402/1419/1228 1403/1420/1228 1322/1339/1228 1320/1337/1228
f 1303/1320/1229 1402/1419/1229 1320/1337/1229 1238/1253/1229
f 1274/1289/1230 1363/1380/1230 1404/1421/1230 1305/1322/1230
f 1363/1380/1231 1362/1379/1231 1405/1422/1231 1404/1421/1231
f 1404/1421/1232 1405/1422/1232 1328/1345/1232 1326/1343/1232
f 1305/1322/1233 1404/1421/1233 1326/1343/1233 1244/1259/1233
f 1292/1309/1234 1387/1404/1234 1406/1423/1234 1307/1324/1234
f 1387/1404/1235 1386/1403/1235 1407/1424/1235 1406/1423/1235
f 1406/1423/1236 1407/1424/1236 1408/1425/1236 1409/1426/1236
f 1307/1324/1237 1406/1423/1237 1409/1426/1237 1216/1231/1237
f 1282/1297/1238 1373/1390/1238 1410/1427/1238 1309/1326/1238
f 1373/1390/1239 1372/1389/1239 1411/1428/1239 1410/1427/1239
f 1410/1427/1240 1411/1428/1240 1340/1357/1240 1338/1355/1240
f 1309/1326/1241 1410/1427/1241 1338/1355/1241 1254/1269/1241
f 1230/1245/1242 1412/1429/1242 1413/1430/1242 1311/1328/1242
f 1412/1429/1243 1414/1431/1243 1415/1432/1243 1413/1430/1243
f 1413/1430/1244 1415/1432/1244 1416/1433/1244 1417/1434/1244
f 1311/1328/1245 1413/1430/1245 1417/1434/1245 1200/1215/1245
f 1190/1205/1246 1418/1435/1246 1419/1436/1246 1313/1330/1246
f 1418/1435/1247 1420/1437/1247 1421/1438/1247 1419/1436/1247
f 1419/1436/1248 1421/1438/1248 1422/1439/1248 1423/1440/1248
f 1313/1330/1249 1419/1436/1249 1423/1440/1249 1222/1237/1249
f 1188/1203/1250 1424/1441/1250 1425/1442/1250 1189/1204/1250
f 1424/1441/1251 1426/1443/1251 1427/1444/1251 1425/1442/1251
f 1425/1442/1252 1427/1444/1252 1420/1437/1252 1418/1435/1252
f 1189/1204/1253 1425/1442/1253 1418/1435/1253 1190/1205/1253
f 1194/1209/1254 1401/1418/1254 1428/1445/1254 1195/1210/1254
f 1401/1418/1255 1400/1417/1255 1429/1446/1255 1428/1445/1255
f 1428/1445/1256 1429/1446/1256 1352/1369/1256 1350/1367/1256
f 1195/1210/1257 1428/1445/1257 1350/1367/1257 1196/1211/1257
f 1200/1215/1258 1417/1434/1258 1430/1447/1258 1201/1216/1258
f 1417/1434/1259 1416/1433/1259 1431/1448/1259 1430/1447/1259
f 1430/1447/1260 1431/1448/1260 1426/1443/1260 1424/1441/1260
f 1201/1216/1261 1430/1447/1261 1424/1441/1261 1188/1203/1261
f 1204/1219/1262 1391/1408/1262 1432/1449/1262 1205/1220/1262
f 1391/1408/1263 1390/1407/1263 1433/1450/1263 1432/1449/1263
f 1432/1449/1264 1433/1450/1264 1334/1351/1264 1332/1349/1264
f 1205/1220/1265 1432/1449/1265 1332/1349/1265 1206/1221/1265
f 1210/1225/1266 1395/1412/1266 1434/1451/1266 1211/1226/1266
f 1395/1412/1267 1394/1411/1267 1435/1452/1267 1434/1451/1267
f 1434/1451/1268 1435/1452/1268 1316/1333/1268 1314/1331/1268
f 1211/1226/1269 1434/1451/1269 1314/1331/1269 1212/1227/1269
f 1216/1231/1270 1409/1426/1270 1436/1453/1270 1217/1232/1270
f 1409/1426/1271 1408/1425/1271 1437/1454/1271 1436/1453/1271
f 1436/1453/1272 1437/1454/1272 1370/1387/1272 1368/1385/1272
f 1217/1232/1273 1436/1453/1273 1368/1385/1273 1218/1233/1273
f 1222/1237/1274 1423/1440/1274 1438/1455/1274 1223/1238/1274
f 1423/1440/1275 1422/1439/1275 1439/1456/1275 1438/1455/1275
f 1438/1455/1276 1439/1456/1276 1384/1401/1276 1382/1399/1276
f 1223/1238/1277 1438/1455/1277 1382/1399/1277 1224/1239/1277
f 1228/1243/1278 1381/1457/1278 1440/1458/1278 1229/1244/1278
f 1381/1457/1279 1380/1459/1279 1441/1460/1279 1440/1458/1279
f 1440/1458/1280 1441/1460/1280 1414/1431/1280 1412/1429/1280
f 1229/1244/1281 1440/1458/1281 1412/1429/1281 1230/1245/1281
f 1324/1341/1282 1442/1461/1282 1443/1462/1282 1361/1378/1282
f 1442/1461/1283 1444/1463/1283 1445/1464/1283 1443/1462/1283
f 1443/1462/1284 1445/1464/1284 1446/1465/1284 1447/1466/1284
f 1361/1378/1285 1443/1462/1285 1447/1466/1285 1362/1379/1285
f 1330/1347/1286 1448/1467/1286 1449/1468/1286 1365/1382/1286
f 1448/1467/1287 1450/1469/1287 1451/1470/1287 1449/1468/1287
f 1449/1468/1288 1451/1470/1288 1452/1471/1288 1453/1472/1288
f 1365/1382/1289 1449/1468/1289 1453/1472/1289 1366/1383/1289
f 1370/1387/1290 1454/1473/1290 1455/1474/1290 1371/1388/1290
f 1454/1473/1291 1456/1475/1291 1457/1476/1291 1455/1474/1291
f 1455/1474/1292 1457/1476/1292 1458/1477/1292 1459/1478/1292
f 1371/1388/1293 1455/1474/1293 1459/1478/1293 1372/1389/1293
f 1342/1359/1294 1460/1479/1294 1461/1480/1294 1375/1392/1294
f 1460/1479/1295 1462/1481/1295 1463/1482/1295 1461/1480/1295
f 1461/1480/1296 1463/1482/1296 1464/1483/1296 1465/1484/1296
f 1375/1392/1297 1461/1480/1297 1465/1484/1297 1376/1393/1297
f 1318/1335/1298 1466/1485/1298 1467/1486/1298 1379/1396/1298
f 1466/1485/1299 1468/1487/1299 1469/1488/1299 1467/1486/1299
f 1467/1486/1300 1469/1488/1300 1470/1489/1300 1471/1490/1300
f 1379/1396/1301 1467/1486/1301 1471/1490/1301 1380/1397/1301
f 1384/1401/1302 1472/1491/1302 1473/1492/1302 1385/1402/1302
f 1472/1491/1303 1474/1493/1303 1475/1494/1303 1473/1492/1303
f 1473/1492/1304 1475/1494/1304 1476/1495/1304 1477/1496/1304
f 1385/1402/1305 1473/1492/1305 1477/1496/1305 1386/1403/1305
f 1354/1371/1306 1478/1497/1306 1479/1498/1306 1389/1406/1306
f 1478/1497/1307 1480/1499/1307 1481/1500/1307 1479/1498/1307
f 1479/1498/1308 1481/1500/1308 1482/1501/1308 1483/1502/1308
f 1389/1406/1309 1479/1498/1309 1483/1502/1309 1390/1407/1309
f 1336/1353/1310 1484/1503/1310 1485/1504/1310 1393/1410/1310
f 1484/1503/1311 1486/1505/1311 1487/1506/1311 1485/1504/1311
f 1485/1504/1312 1487/1506/1312 1488/1507/1312 1489/1508/1312
f 1393/1410/1313 1485/1504/1313 1489/1508/1313 1394/1411/1313
f 1366/1383/1314 1453/1472/1314 1490/1509/1314 1397/1414/1314
f 1453/1472/1315 1452/1471/1315 1491/1510/1315 1490/1509/1315
f 1490/1509/1316 1491/1510/1316 1492/1511/1316 1493/1512/1316
f 1397/1414/1317 1490/1509/1317 1493/1512/1317 1358/1375/1317
f 1348/1365/1318 1494/1513/1318 1495/1514/1318 1399/1416/1318
f 1494/1513/1319 1496/1515/1319 1497/1516/1319 1495/1514/1319
f 1495/1514/1320 1497/1516/1320 1498/1517/1320 1499/1518/1320
f 1399/1416/1321 1495/1514/1321 1499/1518/1321 1400/1417/1321
f 1376/1393/1322 1465/1484/1322 1500/1519/1322 1403/1420/1322
f 1465/1484/1323 1464/1483/1323 1501/1520/1323 1500/1519/1323
f 1500/1519/1324 1501/1520/1324 1502/1521/1324 1503/1522/1324
f 1403/1420/1325 1500/1519/1325 1503/1522/1325 1322/1339/1325
f 1362/1379/1326 1447/1466/1326 1504/1523/1326 1405/1422/1326
f 1447/1466/1327 1446/1465/1327 1505/1524/1327 1504/1523/1327
f 1504/1523/1328 1505/1524/1328 1506/1525/1328 1507/1526/1328
f 1405/1422/1329 1504/1523/1329 1507/1526/1329 1328/1345/1329
f 1386/1403/1330 1477/1496/1330 1508/1527/1330 1407/1424/1330
f 1477/1496/1331 1476/1495/1331 1509/1528/1331 1508/1527/1331
f 1508/1527/1332 1509/1528/1332 1510/1529/1332 1511/1530/1332
f 1407/1424/1333 1508/1527/1333 1511/1530/1333 1408/1425/1333
f 1372/1389/1334 1459/1478/1334 1512/1531/1334 1411/1428/1334
f 1459/1478/1335 1458/1477/1335 1513/1532/1335 1512/1531/1335
f 1512/1531/1336 1513/1532/1336 1514/1533/1336 1515/1534/1336
f 1411/1428/1337 1512/1531/1337 1515/1534/1337 1340/1357/1337
f 1414/1431/1338 1516/1535/1338 1517/1536/1338 1415/1432/1338
f 1516/1535/1339 1518/1537/1339 1519/1538/1339 1517/1536/1339
f 1517/1536/1340 1519/1538/1340 1520/1539/1340 1521/1540/1340
f 1415/1432/1341 1517/1536/1341 1521/1540/1341 1416/1433/1341
f 1420/1437/1342 1522/1541/1342 1523/1542/1342 1421/1438/1342
f 1522/1541/1343 1524/1543/1343 1525/1544/1343 1523/1542/1343
f 1523/1542/1344 1525/1544/1344 1526/1545/1344 1527/1546/1344
f 1421/1438/1345 1523/1542/1345 1527/1546/1345 1422/1439/1345
f 1426/1443/1346 1528/1547/1346 1529/1548/1346 1427/1444/1346
f 1528/1547/1347 1530/1549/1347 1531/1550/1347 1529/1548/1347
f 1529/1548/1348 1531/1550/1348 1524/1543/1348 1522/1541/1348
f 1427/1444/1349 1529/1548/1349 1522/1541/1349 1420/1437/1349
f 1400/1417/1350 1499/1518/1350 1532/1551/1350 1429/1446/1350
f 1499/1518/1351 1498/1517/1351 1533/1552/1351 1532/1551/1351
f 1532/1551/1352 1533/1552/1352 1534/1553/1352 1535/1554/1352
f 1429/1446/1353 1532/1551/1353 1535/1554/1353 1352/1369/1353
f 1416/1433/1354 1521/1540/1354 1536/1555/1354 1431/1448/1354
f 1521/1540/1355 1520/1539/1355 1537/1556/1355 1536/1555/1355
f 1536/1555/1356 1537/1556/1356 1530/1549/1356 1528/1547/1356
f 1431/1448/1357 1536/1555/1357 1528/1547/1357 1426/1443/1357
f 1390/1407/1358 1483/1502/1358 1538/1557/1358 1433/1450/1358
f 1483/1502/1359 1482/1501/1359 1539/1558/1359 1538/1557/1359
f 1538/1557/1360 1539/1558/1360 1540/1559/1360 1541/1560/1360
f 1433/1450/1361 1538/1557/1361 1541/1560/1361 1334/1351/1361
f 1394/1411/1362 1489/1508/1362 1542/1561/1362 1435/1452/1362
f 1489/1508/1363 1488/1507/1363 1543/1562/1363 1542/1561/1363
f 1542/1561/1364 1543/1562/1364 1544/1563/1364 1545/1564/1364
f 1435/1452/1365 1542/1561/1365 1545/1564/1365 1316/1333/1365
f 1408/1425/1366 1511/1530/1366 1546/1565/1366 1437/1454/1366
f 1511/1530/1367 1510/1529/1367 1547/1566/1367 1546/1565/1367
f 1546/1565/1368 1547/1566/1368 1456/1475/1368 1454/1473/1368
f 1437/1454/1369 1546/1565/1369 1454/1473/1369 1370/1387/1369
f 1422/1439/1370 1527/1546/1370 1548/1567/1370 1439/1456/1370
f 1527/1546/1371 1526/1545/1371 1549/1568/1371 1548/1567/1371
f 1548/1567/1372 1549/1568/1372 1474/1493/1372 1472/1491/1372
f 1439/1456/1373 1548/1567/1373 1472/1491/1373 1384/1401/1373
f 1380/1459/1374 1471/1569/1374 1550/1570/1374 1441/1460/1374
f 1471/1569/1375 1470/1571/1375 1551/1572/1375 1550/1570/1375
f 1550/1570/1376 1551/1572/1376 1518/1537/1376 1516/1535/1376
f 1441/1460/1377 1550/1570/1377 1516/1535/1377 1414/1431/1377
f 1316/1333/1378 1545/1564/1378 1552/1573/1378 1317/1334/1378
f 1545/1564/1379 1544/1563/1379 1553/1574/1379 1552/1573/1379
f 1552/1573/1380 1553/1574/1380 1468/1487/1380 1466/1485/1380
f 1317/1334/1381 1552/1573/1381 1466/1485/1381 1318/1335/1381
f 1322/1339/1382 1503/1522/1382 1554/1575/1382 1323/1340/1382
f 1503/1522/1383 1502/1521/1383 1555/1576/1383 1554/1575/1383
f 1554/1575/1384 1555/1576/1384 1444/1463/1384 1442/1461/1384
f 1323/1340/1385 1554/1575/1385 1442/1461/1385 1324/1341/1385
f 1328/1345/1386 1507/1526/1386 1556/1577/1386 1329/1346/1386
f 1507/1526/1387 1506/1525/1387 1557/1578/1387 1556/1577/1387
f 1556/1577/1388 1557/1578/1388 1450/1469/1388 1448/1467/1388
f 1329/1346/1389 1556/1577/1389 1448/1467/1389 1330/1347/1389
f 1334/1351/1390 1541/1560/1390 1558/1579/1390 1335/1352/1390
f 1541/1560/1391 1540/1559/1391 1559/1580/1391 1558/1579/1391
f 1558/1579/1392 1559/1580/1392 1486/1505/1392 1484/1503/1392
f 1335/1352/1393 1558/1579/1393 1484/1503/1393 1336/1353/1393
f 1340/1357/1394 1515/1534/1394 1560/1581/1394 1341/1358/1394
f 1515/1534/1395 1514/1533/1395 1561/1582/1395 1560/1581/1395
f 1560/1581/1396 1561/1582/1396 1462/1481/1396 1460/1479/1396
f 1341/1358/1397 1560/1581/1397 1460/1479/1397 1342/1359/1397
f 1346/1363/1398 1562/1583/1398 1563/1584/1398 1347/1364/1398
f 1562/1583/1399 1564/1585/1399 1565/1586/1399 1563/1584/1399
f 1563/1584/1400 1565/1586/1400 1496/1515/1400 1494/1513/1400
f 1347/1364/1401 1563/1584/1401 1494/1513/1401 1348/1365/1401
f 1352/1369/1402 1535/1554/1402 1566/1587/1402 1353/1370/1402
f 1535/1554/1403 1534/1553/1403 1567/1588/1403 1566/1587/1403
f 1566/1587/1404 1567/1588/1404 1480/1499/1404 1478/1497/1404
f 1353/1370/1405 1566/1587/1405 1478/1497/1405 1354/1371/1405
f 1358/1375/1406 1493/1512/1406 1568/1589/1406 1359/1376/1406
f 1493/1512/1407 1492/1511/1407 1569/1590/1407 1568/1589/1407
f 1568/1589/1408 1569/1590/1408 1564/1585/1408 1562/1583/1408
f 1359/1376/1409 1568/1589/1409 1562/1583/1409 1346/1363/1409
f 1510/1529/1410 1570/1591/1410 1571/1592/1410 1547/1566/1410
f 1570/1593/1411 1572/1594/1411 1573/1595/1411 1571/1596/1411
f 1571/1596/1412 1573/1595/1412 1574/1597/1412 1575/1598/1412
f 1547/1566/1413 1571/1592/1413 1575/1599/1413 1456/1475/1413
f 1526/1545/1414 1576/1600/1414 1577/1601/1414 1549/1568/1414
f 1576/1602/1415 1578/1603/1415 1579/1604/1415 1577/1605/1415
f 1577/1605/1416 1579/1604/1416 1580/1606/1416 1581/1607/1416
f 1549/1568/1417 1577/1601/1417 1581/1608/1417 1474/1493/1417
f 1470/1571/1418 1582/1609/1418 1583/1610/1418 1551/1572/1418
f 1582/1611/1419 1584/1612/1419 1585/1613/1419 1583/1614/1419
f 1583/1614/1420 1585/1613/1420 1586/1615/1420 1587/1616/1420
f 1551/1572/1421 1583/1610/1421 1587/1617/1421 1518/1537/1421
f 1544/1563/1422 1588/1618/1422 1589/1619/1422 1553/1574/1422
f 1588/1620/1423 1590/1621/1423 1591/1622/1423 1589/1623/1423
f 1589/1623/1424 1591/1622/1424 1592/1624/1424 1593/1625/1424
f 1553/1574/1425 1589/1619/1425 1593/1626/1425 1468/1487/1425
f 1502/1521/1426 1594/1627/1426 1595/1628/1426 1555/1576/1426
f 1594/1629/1427 1596/1630/1427 1597/1631/1427 1595/1632/1427
f 1595/1632/1428 1597/1631/1428 1598/1633/1428 1599/1634/1428
f 1555/1576/1429 1595/1628/1429 1599/1635/1429 1444/1463/1429
f 1506/1525/1430 1600/1636/1430 1601/1637/1430 1557/1578/1430
f 1600/1638/1431 1602/1639/1431 1603/1640/1431 1601/1641/1431
f 1601/1641/1432 1603/1640/1432 1604/1642/1432 1605/1643/1432
f 1557/1578/1433 1601/1637/1433 1605/1644/1433 1450/1469/1433
f 1540/1559/1434 1606/1645/1434 1607/1646/1434 1559/1580/1434
f 1606/1647/1435 1608/1648/1435 1609/1649/1435 1607/1650/1435
f 1607/1650/1436 1609/1649/1436 1610/1651/1436 1611/1652/1436
f 1559/1580/1437 1607/1646/1437 1611/1653/1437 1486/1505/1437
f 1514/1533/1438 1612/1654/1438 1613/1655/1438 1561/1582/1438
f 1612/1656/1439 1614/1657/1439 1615/1658/1439 1613/1659/1439
f 1613/1659/1440 1615/1658/1440 1616/1660/1440 1617/1661/1440
f 1561/1582/1441 1613/1655/1441 1617/1662/1441 1462/1481/1441
f 1564/1585/1442 1618/1663/1442 1619/1664/1442 1565/1586/1442
f 1618/1665/1443 1620/1666/1443 1621/1667/1443 1619/1668/1443
f 1619/1668/1444 1621/1667/1444 1622/1669/1444 1623/1670/1444
f 1565/1586/1445 1619/1664/1445 1623/1671/1445 1496/1515/1445
f 1534/1553/1446 1624/1672/1446 1625/1673/1446 1567/1588/1446
f 1624/1674/1447 1626/1675/1447 1627/1676/1447 1625/1677/1447
f 1625/1677/1448 1627/1676/1448 1628/1678/1448 1629/1679/1448
f 1567/1588/1449 1625/1673/1449 1629/1680/1449 1480/1499/1449
f 1492/1511/1450 1630/1681/1450 1631/1682/1450 1569/1590/1450
f 1630/1683/1451 1632/1684/1451 1633/1685/1451 1631/1686/1451
f 1631/1686/1452 1633/1685/1452 1620/1666/1452 1618/1665/1452
f 1569/1590/1453 1631/1682/1453 1618/1663/1453 1564/1585/1453
f 1444/1463/1454 1599/1635/1454 1634/1687/1454 1445/1464/1454
f 1599/1634/1455 1598/1633/1455 1635/1688/1455 1634/1689/1455
f 1634/1689/1456 1635/1688/1456 1636/1690/1456 1637/1691/1456
f 1445/1464/1457 1634/1687/1457 1637/1692/1457 1446/1465/1457
f 1450/1469/1458 1605/1644/1458 1638/1693/1458 1451/1470/1458
f 1605/1643/1459 1604/1642/1459 1639/1694/1459 1638/1695/1459
f 1638/1695/1460 1639/1694/1460 1640/1696/1460 1641/1697/1460
f 1451/1470/1461 1638/1693/1461 1641/1698/1461 1452/1471/1461
f 1456/1475/1462 1575/1599/1462 1642/1699/1462 1457/1476/1462
f 1575/1598/1463 1574/1597/1463 1643/1700/1463 1642/1701/1463
f 1642/1701/1464 1643/1700/1464 1644/1702/1464 1645/1703/1464
f 1457/1476/1465 1642/1699/1465 1645/1704/1465 1458/1477/1465
f 1462/1481/1466 1617/1662/1466 1646/1705/1466 1463/1482/1466
f 1617/1661/1467 1616/1660/1467 1647/1706/1467 1646/1707/1467
f 1646/1707/1468 1647/1706/1468 1648/1708/1468 1649/1709/1468
f 1463/1482/1469 1646/1705/1469 1649/1710/1469 1464/1483/1469
f 1468/1487/1470 1593/1626/1470 1650/1711/1470 1469/1488/1470
f 1593/1625/1471 1592/1624/1471 1651/1712/1471 1650/1713/1471
f 1650/1713/1472 1651/1712/1472 1584/1612/1472 1582/1611/1472
f 1469/1488/1473 1650/1711/1473 1582/1714/1473 1470/1489/1473
f 1474/1493/1474 1581/1608/1474 1652/1715/1474 1475/1494/1474
f 1581/1607/1475 1580/1606/1475 1653/1716/1475 1652/1717/1475
f 1652/1717/1476 1653/1716/1476 1654/1718/1476 1655/1719/1476
f 1475/1494/1477 1652/1715/1477 1655/1720/1477 1476/1495/1477
f 1480/1499/1478 1629/1680/1478 1656/1721/1478 1481/1500/1478
f 1629/1679/1479 1628/1678/1479 1657/1722/1479 1656/1723/1479
f 1656/1723/1480 1657/1722/1480 1658/1724/1480 1659/1725/1480
f 1481/1500/1481 1656/1721/1481 1659/1726/1481 1482/1501/1481
f 1486/1505/1482 1611/1653/1482 1660/1727/1482 1487/1506/1482
f 1611/1652/1483 1610/1651/1483 1661/1728/1483 1660/1729/1483
f 1660/1729/1484 1661/1728/1484 1662/1730/1484 1663/1731/1484
f 1487/1506/1485 1660/1727/1485 1663/1732/1485 1488/1507/1485
f 1452/1471/1486 1641/1698/1486 1664/1733/1486 1491/1510/1486
f 1641/1697/1487 1640/1696/1487 1665/1734/1487 1664/1735/1487
f 1664/1735/1488 1665/1734/1488 1632/1684/1488 1630/1683/1488
f 1491/1510/1489 1664/1733/1489 1630/1681/1489 1492/1511/1489
f 1496/1515/1490 1623/1671/1490 1666/1736/1490 1497/1516/1490
f 1623/1670/1491 1622/1669/1491 1667/1737/1491 1666/1738/1491
f 1666/1738/1492 1667/1737/1492 1668/1739/1492 1669/1740/1492
f 1497/1516/1493 1666/1736/1493 1669/1741/1493 1498/1517/1493
f 1464/1483/1494 1649/1710/1494 1670/1742/1494 1501/1520/1494
f 1649/1709/1495 1648/1708/1495 1671/1743/1495 1670/1744/1495
f 1670/1744/1496 1671/1743/1496 1596/1630/1496 1594/1629/1496
f 1501/1520/1497 1670/1742/1497 1594/1627/1497 1502/1521/1497
f 1446/1465/1498 1637/1692/1498 1672/1745/1498 1505/1524/1498
f 1637/1691/1499 1636/1690/1499 1673/1746/1499 1672/1747/1499
f 1672/1747/1500 1673/1746/1500 1602/1639/1500 1600/1638/1500
f 1505/1524/1501 1672/1745/1501 1600/1636/1501 1506/1525/1501
f 1476/1495/1502 1655/1720/1502 1674/1748/1502 1509/1528/1502
f 1655/1719/1503 1654/1718/1503 1675/1749/1503 1674/1750/1503
f 1674/1750/1504 1675/1749/1504 1572/1594/1504 1570/1593/1504
f 1509/1528/1505 1674/1748/1505 1570/1591/1505 1510/1529/1505
f 1458/1477/1506 1645/1704/1506 1676/1751/1506 1513/1532/1506
f 1645/1703/1507 1644/1702/1507 1677/1752/1507 1676/1753/1507
f 1676/1753/1508 1677/1752/1508 1614/1657/1508 1612/1656/1508
f 1513/1532/1509 1676/1751/1509 1612/1654/1509 1514/1533/1509
f 1518/1537/1510 1587/1617/1510 1678/1754/1510 1519/1538/1510
f 1587/1616/1511 1586/1615/1511 1679/1755/1511 1678/1756/1511
f 1678/1756/1512 1679/1755/1512 1680/1757/1512 1681/1758/1512
f 1519/1538/1513 1678/1754/1513 1681/1759/1513 1520/1539/1513
f 1524/1543/1514 1682/1760/1514 1683/1761/1514 1525/1544/1514
f 1682/1762/1515 1684/1763/1515 1685/1764/1515 1683/1765/1515
f 1683/1765/1516 1685/1764/1516 1578/1603/1516 1576/1602/1516
f 1525/1544/1517 1683/1761/1517 1576/1600/1517 1526/1545/1517
f 1530/1549/1518 1686/1766/1518 1687/1767/1518 1531/1550/1518
f 1686/1768/1519 1688/1769/1519 1689/1770/1519 1687/1771/1519
f 1687/1771/1520 1689/1770/1520 1684/1763/1520 1682/1762/1520
f 1531/1550/1521 1687/1767/1521 1682/1760/1521 1524/1543/1521
f 1498/1517/1522 1669/1741/1522 1690/1772/1522 1533/1552/1522
f 1669/1740/1523 1668/1739/1523 1691/1773/1523 1690/1774/1523
f 1690/1774/1524 1691/1773/1524 1626/1675/1524 1624/1674/1524
f 1533/1552/1525 1690/1772/1525 1624/1672/1525 1534/1553/1525
f 1520/1539/1526 1681/1759/1526 1692/1775/1526 1537/1556/1526
f 1681/1758/1527 1680/1757/1527 1693/1776/1527 1692/1777/1527
f 1692/1777/1528 1693/1776/1528 1688/1769/1528 1686/1768/1528
f 1537/1556/1529 1692/1775/1529 1686/1766/1529 1530/1549/1529
f 1482/1501/1530 1659/1726/1530 1694/1778/1530 1539/1558/1530
f 1659/1725/1531 1658/1724/1531 1695/1779/1531 1694/1780/1531
f 1694/1780/1532 1695/1779/1532 1608/1648/1532 1606/1647/1532
f 1539/1558/1533 1694/1778/1533 1606/1645/1533 1540/1559/1533
f 1488/1507/1534 1663/1732/1534 1696/1781/1534 1543/1562/1534
f 1663/1731/1535 1662/1730/1535 1697/1782/1535 1696/1783/1535
f 1696/1783/1536 1697/1782/1536 1590/1621/1536 1588/1620/1536
f 1543/1562/1537 1696/1781/1537 1588/1618/1537 1544/1563/1537
f 1640/1696/1538 1698/1784/1538 1699/1785/1538 1665/1734/1538
f 1698/1784/1538 1700/1786/1538 1701/1787/1538 1699/1785/1538
f 1699/1785/1538 1701/1787/1538 1620/1666/1538 1633/1685/1538
f 1665/1734/1538 1699/1785/1538 1633/1685/1538 1632/1684/1538
f 1636/1690/1538 1635/1688/1538 1702/1788/1538 1673/1746/1538
f 1635/1688/1538 1598/1633/1538 1703/1789/1538 1702/1788/1538
f 1702/1788/1538 1703/1789/1538 1700/1786/1538 1704/1790/1538
f 1673/1746/1538 1702/1788/1538 1704/1790/1538 1602/1639/1538
f 1602/1639/1538 1704/1790/1538 1705/1791/1538 1603/1640/1538
f 1704/1790/1538 1700/1786/1538 1698/1784/1538 1705/1791/1538
f 1705/1791/1538 1698/1784/1538 1640/1696/1538 1639/1694/1538
f 1603/1640/1538 1705/1791/1538 1639/1694/1538 1604/1642/1538
f 1644/1702/1538 1643/1700/1538 1706/1792/1538 1677/1752/1538
f 1643/1700/1538 1574/1597/1538 1707/1793/1538 1706/1792/1538
f 1706/1792/1538 1707/1793/1538 1700/1786/1538 1708/1794/1538
f 1677/1752/1538 1706/1792/1538 1708/1794/1538 1614/1657/1538
f 1614/1657/1538 1708/1794/1538 1709/1795/1538 1615/1658/1538
f 1708/1794/1538 1700/1786/1538 1710/1796/1538 1709/1795/1538
f 1709/1795/1538 1710/1796/1538 1648/1708/1538 1647/1706/1538
f 1615/1658/1538 1709/1795/1538 1647/1706/1538 1616/1660/1538
f 1584/1612/1538 1651/1712/1538 1711/1797/1538 1585/1613/1538
f 1651/1712/1538 1592/1624/1538 1712/1798/1538 1711/1797/1538
f 1711/1797/1538 1712/1798/1538 1700/1786/1538 1713/1799/1538
f 1585/1613/1538 1711/1797/1538 1713/1799/1538 1586/1615/1538
f 1578/1603/1538 1714/1800/1538 1715/1801/1538 1579/1604/1538
f 1714/1800/1538 1700/1786/1538 1716/1802/1538 1715/1801/1538
f 1715/1801/1538 1716/1802/1538 1654/1718/1538 1653/1716/1538
f 1579/1604/1538 1715/1801/1538 1653/1716/1538 1580/1606/1538
f 1658/1724/1538 1657/1722/1538 1717/1803/1538 1695/1779/1538
f 1657/1722/1538 1628/1678/1538 1718/1804/1538 1717/1803/1538
f 1717/1803/1538 1718/1804/1538 1700/1786/1538 1719/1805/1538
f 1695/1779/1538 1717/1803/1538 1719/1805/1538 1608/1648/1538
f 1608/1648/1538 1719/1805/1538 1720/1806/1538 1609/1649/1538
f 1719/1805/1538 1700/1786/1538 1721/1807/1538 1720/1806/1538
f 1720/1806/1538 1721/1807/1538 1662/1730/1538 1661/1728/1538
f 1609/1649/1538 1720/1806/1538 1661/1728/1538 1610/1651/1538
f 1620/1666/1538 1701/1787/1538 1722/1808/1538 1621/1667/1538
f 1701/1787/1538 1700/1786/1538 1723/1809/1538 1722/1808/1538
f 1722/1808/1538 1723/1809/1538 1668/1739/1538 1667/1737/1538
f 1621/1667/1538 1722/1808/1538 1667/1737/1538 1622/1669/1538
f 1596/1630/1538 1671/1743/1538 1724/1810/1538 1597/1631/1538
f 1671/1743/1538 1648/1708/1538 1710/1796/1538 1724/1810/1538
f 1724/1810/1538 1710/1796/1538 1700/1786/1538 1703/1789/1538
f 1597/1631/1538 1724/1810/1538 1703/1789/1538 1598/1633/1538
f 1572/1594/1538 1675/1749/1538 1725/1811/1538 1573/1595/1538
f 1675/1749/1538 1654/1718/1538 1716/1802/1538 1725/1811/1538
f 1725/1811/1538 1716/1802/1538 1700/1786/1538 1707/1793/1538
f 1573/1595/1538 1725/1811/1538 1707/1793/1538 1574/1597/1538
f 1680/1757/1538 1679/1755/1538 1726/1812/1538 1693/1776/1538
f 1679/1755/1538 1586/1615/1538 1713/1799/1538 1726/1812/1538
f 1726/1812/1538 1713/1799/1538 1700/1786/1538 1727/1813/1538
f 1693/1776/1538 1726/1812/1538 1727/1813/1538 1688/1769/1538
f 1688/1769/1538 1727/1813/1538 1728/1814/1538 1689/1770/1538
f 1727/1813/1538 1700/1786/1538 1714/1800/1538 1728/1814/1538
f 1728/1814/1538 1714/1800/1538 1578/1603/1538 1685/1764/1538
f 1689/1770/1538 1728/1814/1538 1685/1764/1538 1684/1763/1538
f 1590/1621/1538 1697/1782/1538 1729/1815/1538 1591/1622/1538
f 1697/1782/1538 1662/1730/1538 1721/1807/1538 1729/1815/1538
f 1729/1815/1538 1721/1807/1538 1700/1786/1538 1712/1798/1538
f 1591/1622/1538 1729/1815/1538 1712/1798/1538 1592/1624/1538
f 1668/1739/1538 1723/1809/1538 1730/1816/1538 1691/1773/1538
f 1723/1809/1538 1700/1786/1538 1718/1804/1538 1730/1816/1538
f 1730/1816/1538 1718/1804/1538 1628/1678/1538 1627/1676/1538
f 1691/1773/1538 1730/1816/1538 1627/1676/1538 1626/1675/1538
f 596/1817/1539 1731/1818/1539 1732/1819/1539 617/1820/1539
f 1731/1818/1540 326/329/1540 559/566/1540 1732/1819/1540
f 1732/1819/1541 559/566/1541 470/475/1541 1733/1821/1541
f 617/1820/1542 1732/1819/1542 1733/1821/1542 614/1822/1542
f 554/1823/1543 1734/1824/1543 1735/1825/1543 550/1826/1543
f 1734/1824/1544 453/458/1544 518/525/1544 1735/1825/1544
f 1735/1825/1545 518/525/1545 454/459/1545 1736/1827/1545
f 550/1826/1546 1735/1825/1546 1736/1827/1546 516/1828/1546
f 481/1829/1547 1737/1830/1547 1738/1831/1547 477/1832/1547
f 1737/1830/1548 410/415/1548 510/517/1548 1738/1831/1548
f 1738/1831/1549 510/517/1549 314/317/1549 1739/1833/1549
f 477/1832/1550 1738/1831/1550 1739/1833/1550 463/1834/1550
f 602/1835/1551 1740/1836/1551 1741/1837/1551 623/1838/1551
f 1740/1836/1552 307/310/1552 505/512/1552 1741/1837/1552
f 1741/1837/1553 505/512/1553 448/453/1553 1742/1839/1553
f 623/1838/1554 1741/1837/1554 1742/1839/1554 620/1840/1554
f 539/1841/1555 1743/1842/1555 1744/1843/1555 534/1844/1555
f 1743/1842/1556 425/430/1556 491/496/1556 1744/1843/1556
f 1744/1843/1557 491/496/1557 338/498/1557 1745/1845/1557
f 534/1844/1558 1744/1843/1558 1745/1845/1558 531/1846/1558
f 608/1847/1559 1746/1848/1559 1747/1849/1559 629/1850/1559
f 1746/1848/1560 292/295/1560 489/494/1560 1747/1849/1560
f 1747/1849/1561 489/494/1561 420/425/1561 1748/1851/1561
f 629/1850/1562 1747/1849/1562 1748/1851/1562 626/1852/1562
f 524/1853/1563 1749/1854/1563 1750/1855/1563 520/1856/1563
f 1749/1854/1564 396/401/1564 475/480/1564 1750/1855/1564
f 1750/1855/1565 475/480/1565 426/431/1565 1751/1857/1565
f 520/1856/1566 1750/1855/1566 1751/1857/1566 503/1858/1566
f 614/1822/1567 1733/1821/1567 1752/1859/1567 633/1860/1567
f 1733/1821/1568 470/475/1568 473/478/1568 1752/1859/1568
f 1752/1859/1569 473/478/1569 391/396/1569 1753/1861/1569
f 633/1860/1570 1752/1859/1570 1753/1861/1570 530/1862/1570
f 516/1828/1571 1736/1827/1571 1754/1863/1571 512/1864/1571
f 1736/1827/1572 454/459/1572 457/462/1572 1754/1863/1572
f 1754/1863/1573 457/462/1573 405/410/1573 1755/1865/1573
f 512/1864/1574 1754/1863/1574 1755/1865/1574 497/1866/1574
f 620/1840/1575 1742/1839/1575 1756/1867/1575 636/1868/1575
f 1742/1839/1576 448/453/1576 451/456/1576 1756/1867/1576
f 1756/1867/1577 451/456/1577 453/458/1577 1734/1824/1577
f 636/1868/1578 1756/1867/1578 1734/1824/1578 554/1823/1578
f 503/1858/1579 1751/1857/1579 1757/1869/1579 499/1870/1579
f 1751/1857/1580 426/431/1580 429/434/1580 1757/1869/1580
f 1757/1869/1581 429/434/1581 397/402/1581 1758/1871/1581
f 499/1870/1582 1757/1869/1582 1758/1871/1582 487/1872/1582
f 626/1852/1583 1748/1851/1583 1759/1873/1583 639/1874/1583
f 1748/1851/1584 420/425/1584 423/428/1584 1759/1873/1584
f 1759/1873/1585 423/428/1585 425/430/1585 1743/1842/1585
f 639/1874/1586 1759/1873/1586 1743/1842/1586 539/1841/1586
f 497/1866/1587 1755/1865/1587 1760/1875/1587 493/1876/1587
f 1755/1865/1588 405/410/1588 408/413/1588 1760/1875/1588
f 1760/1875/1589 408/413/1589 410/415/1589 1737/1830/1589
f 493/1876/1590 1760/1875/1590 1737/1830/1590 481/1829/1590
f 469/1877/1591 1761/1878/1591 1762/1879/1591 465/1880/1591
f 1761/1878/1592 402/407/1592 404/409/1592 1762/1879/1592
f 1762/1879/1593 404/409/1593 297/300/1593 1763/1881/1593
f 465/1880/1594 1762/1879/1594 1763/1881/1594 447/1882/1594
f 487/1872/1595 1758/1871/1595 1764/1883/1595 483/1884/1595
f 1758/1871/1596 397/402/1596 400/405/1596 1764/1883/1596
f 1764/1883/1597 400/405/1597 402/407/1597 1761/1878/1597
f 483/1884/1598 1764/1883/1598 1761/1878/1598 469/1877/1598
f 530/1862/1599 1753/1861/1599 1765/1885/1599 526/1886/1599
f 1753/1861/1600 391/396/1600 394/399/1600 1765/1885/1600
f 1765/1885/1601 394/399/1601 396/401/1601 1749/1854/1601
f 526/1886/1602 1765/1885/1602 1749/1854/1602 524/1853/1602
f 430/1887/1603 1766/1888/1603 1767/1889/1603 556/1890/1603
f 1766/1888/1604 286/289/1604 387/392/1604 1767/1889/1604
f 1767/1889/1605 387/392/1605 375/380/1605 1768/1891/1605
f 556/1890/1606 1767/1889/1606 1768/1891/1606 548/1892/1606
f 419/1893/1607 1769/1894/1607 1770/1895/1607 414/1896/1607
f 1769/1894/1608 274/277/1608 381/386/1608 1770/1895/1608
f 1770/1895/1609 381/386/1609 367/372/1609 1771/1897/1609
f 414/1896/1610 1770/1895/1610 1771/1897/1610 411/1898/1610
f 548/1892/1611 1768/1891/1611 1772/1899/1611 543/1900/1611
f 1768/1891/1612 375/380/1612 378/383/1612 1772/1899/1612
f 1772/1899/1613 378/383/1613 359/364/1613 1773/1901/1613
f 543/1900/1614 1772/1899/1614 1773/1901/1614 540/1902/1614
f 411/1898/1615 1771/1897/1615 1774/1903/1615 563/1904/1615
f 1771/1897/1616 367/372/1616 370/375/1616 1774/1903/1616
f 1774/1903/1617 370/375/1617 353/358/1617 1775/1905/1617
f 563/1904/1618 1774/1903/1618 1775/1905/1618 560/1906/1618
f 540/1902/1619 1773/1901/1619 1776/1907/1619 569/1908/1619
f 1773/1901/1620 359/364/1620 362/367/1620 1776/1907/1620
f 1776/1907/1621 362/367/1621 347/352/1621 1777/1909/1621
f 569/1908/1622 1776/1907/1622 1777/1909/1622 566/1910/1622
f 560/1906/1623 1775/1905/1623 1778/1911/1623 575/1912/1623
f 1775/1905/1624 353/358/1624 356/361/1624 1778/1911/1624
f 1778/1911/1625 356/361/1625 332/337/1625 1779/1913/1625
f 575/1912/1626 1778/1911/1626 1779/1913/1626 572/1914/1626
f 566/1910/1627 1777/1909/1627 1780/1915/1627 581/1916/1627
f 1777/1909/1628 347/352/1628 350/355/1628 1780/1915/1628
f 1780/1915/1629 350/355/1629 318/321/1629 1781/1917/1629
f 581/1916/1630 1780/1915/1630 1781/1917/1630 578/1918/1630
f 531/1919/1631 1745/1920/1631 1782/1921/1631 587/1922/1631
f 1745/1920/1632 338/343/1632 341/346/1632 1782/1921/1632
f 1782/1921/1633 341/346/1633 301/304/1633 1783/1923/1633
f 587/1922/1634 1782/1921/1634 1783/1923/1634 584/1924/1634
f 572/1914/1635 1779/1913/1635 1784/1925/1635 593/1926/1635
f 1779/1913/1636 332/337/1636 335/340/1636 1784/1925/1636
f 1784/1925/1637 335/340/1637 287/290/1637 1785/1927/1637
f 593/1926/1638 1784/1925/1638 1785/1927/1638 590/1928/1638
f 578/1918/1639 1781/1917/1639 1786/1929/1639 599/1930/1639
f 1781/1917/1640 318/321/1640 321/324/1640 1786/1929/1640
f 1786/1929/1641 321/324/1641 326/329/1641 1731/1818/1641
f 599/1930/1642 1786/1929/1642 1731/1818/1642 596/1817/1642
f 463/1834/1643 1739/1833/1643 1787/1931/1643 459/1932/1643
f 1739/1833/1644 314/317/1644 317/320/1644 1787/1931/1644
f 1787/1931/1645 317/320/1645 281/284/1645 1788/1933/1645
f 459/1932/1646 1787/1931/1646 1788/1933/1646 438/1934/1646
f 584/1924/1647 1783/1923/1647 1789/1935/1647 605/1936/1647
f 1783/1923/1648 301/304/1648 304/307/1648 1789/1935/1648
f 1789/1935/1649 304/307/1649 307/310/1649 1740/1836/1649
f 605/1936/1650 1789/1935/1650 1740/1836/1650 602/1835/1650
f 447/1882/1651 1763/1881/1651 1790/1937/1651 442/1938/1651
f 1763/1881/1652 297/300/1652 300/303/1652 1790/1937/1652
f 1790/1937/1653 300/303/1653 269/272/1653 1791/1939/1653
f 442/1938/1654 1790/1937/1654 1791/1939/1654 439/1940/1654
f 590/1928/1655 1785/1927/1655 1792/1941/1655 611/1942/1655
f 1785/1927/1656 287/290/1656 290/293/1656 1792/1941/1656
f 1792/1941/1657 290/293/1657 292/295/1657 1746/1848/1657
f 611/1942/1658 1792/1941/1658 1746/1848/1658 608/1847/1658
f 438/1934/1659 1788/1933/1659 1793/1943/1659 433/1944/1659
f 1788/1933/1660 281/284/1660 284/287/1660 1793/1943/1660
f 1793/1943/1661 284/287/1661 286/289/1661 1766/1888/1661
f 433/1944/1662 1793/1943/1662 1766/1888/1662 430/1887/1662
f 439/1940/1663 1791/1939/1663 1794/1945/1663 507/1946/1663
f 1791/1939/1664 269/272/1664 272/275/1664 1794/1945/1664
f 1794/1945/1665 272/275/1665 274/277/1665 1769/1894/1665
f 507/1946/1666 1794/1945/1666 1769/1894/1666 419/1893/1666
f 1795/1947/1667 1796/1948/1667 1797/1949/1667 1798/1950/1667
f 1796/1948/1668 1799/1951/1668 1800/1952/1668 1797/1949/1668
f 1799/1951/1669 1801/1953/1669 1802/1954/1669 1800/1952/1669
f 1801/1953/1670 1803/1955/1670 1804/1956/1670 1802/1954/1670
f 1803/1955/1671 1805/1957/1671 1806/1958/1671 1804/1956/1671
f 1805/1957/1672 1807/1959/1672 1808/1960/1672 1806/1958/1672
f 1798/1950/1673 1797/1949/1673 1809/1961/1673 1810/1962/1673
f 1797/1949/1674 1800/1952/1674 1811/1963/1674 1809/1961/1674
f 1800/1952/1675 1802/1954/1675 1812/1964/1675 1811/1963/1675
f 1802/1954/1676 1804/1956/1676 1813/1965/1676 1812/1964/1676
f 1804/1956/1677 1806/1958/1677 1814/1966/1677 1813/1965/1677
f 1806/1958/1678 1808/1960/1678 1815/1967/1678 1814/1966/1678
f 1810/1962/1679 1809/1961/1679 1816/1968/1679 1817/1969/1679
f 1809/1961/1680 1811/1963/1680 1818/1970/1680 1816/1968/1680
f 1811/1963/1681 1812/1964/1681 1819/1971/1681 1818/1970/1681
f 1812/1964/1682 1813/1965/1682 1820/1972/1682 1819/1971/1682
f 1813/1965/1683 1814/1966/1683 1821/1973/1683 1820/1972/1683
f 1814/1966/1684 1815/1967/1684 1822/1974/1684 1821/1973/1684
f 1817/1975/1685 1816/1976/1685 1823/1977/1685 1824/1978/1685
f 1816/1976/1686 1818/1979/1686 1825/1980/1686 1823/1977/1686
f 1818/1979/1687 1819/1981/1687 1826/1982/1687 1825/1980/1687
f 1819/1981/1688 1820/1983/1688 1827/1984/1688 1826/1982/1688
f 1820/1983/1689 1821/1985/1689 1828/1986/1689 1827/1984/1689
f 1821/1985/1690 1822/1987/1690 1829/1988/1690 1828/1986/1690
f 1824/1978/1691 1823/1977/1691 1830/1989/1691 1831/1990/1691
f 1823/1977/1692 1825/1980/1692 1832/1991/1692 1830/1989/1692
f 1825/1980/1693 1826/1982/1693 1833/1992/1693 1832/1991/1693
f 1826/1982/1694 1827/1984/1694 1834/1993/1694 1833/1992/1694
f 1827/1984/1695 1828/1986/1695 1835/1994/1695 1834/1993/1695
f 1828/1986/1696 1829/1988/1696 1836/1995/1696 1835/1994/1696
f 1831/1990/1697 1830/1989/1697 1837/1996/1697 1838/1997/1697
f 1830/1989/1698 1832/1991/1698 1839/1998/1698 1837/1996/1698
f 1832/1991/1699 1833/1992/1699 1840/1999/1699 1839/1998/1699
f 1833/1992/1700 1834/1993/1700 1841/2000/1700 1840/1999/1700
f 1834/1993/1701 1835/1994/1701 1842/2001/1701 1841/2000/1701
f 1835/1994/1702 1836/1995/1702 1843/2002/1702 1842/2001/1702
f 1844/2003/1703 1845/2004/1703 1795/1947/1703 1846/2005/1703
f 1845/2004/1704 1847/2006/1704 1796/1948/1704 1795/1947/1704
f 1847/2006/1705 1848/2007/1705 1799/1951/1705 1796/1948/1705
f 1848/2007/1706 1849/2008/1706 1801/1953/1706 1799/1951/1706
f 1849/2008/1707 1850/2009/1707 1803/1955/1707 1801/1953/1707
f 1850/2009/1708 1851/2010/1708 1805/1957/1708 1803/1955/1708
f 1851/2010/1709 1852/2011/1709 1807/1959/1709 1805/1957/1709
f 1852/2011/1710 1853/2012/1710 1854/2013/1710 1807/1959/1710
f 1807/1959/1711 1854/2013/1711 1855/2014/1711 1808/1960/1711
f 1808/1960/1712 1855/2014/1712 1856/2015/1712 1815/1967/1712
f 1815/1967/1713 1856/2015/1713 1857/2016/1713 1822/1974/1713
f 1822/1987/1714 1857/2017/1714 1858/2018/1714 1829/1988/1714
f 1829/1988/1715 1858/2018/1715 1859/2019/1715 1836/1995/1715
f 1836/1995/1716 1859/2019/1716 1860/2020/1716 1843/2002/1716
f 1843/2002/1717 1860/2020/1717 1861/2021/1717 1862/2022/1717
f 1842/2001/1718 1843/2002/1718 1862/2022/1718 1863/2023/1718
f 1841/2000/1719 1842/2001/1719 1863/2023/1719 1864/2024/1719
f 1840/1999/1720 1841/2000/1720 1864/2024/1720 1865/2025/1720
f 1839/1998/1721 1840/1999/1721 1865/2025/1721 1866/2026/1721
f 1837/1996/1722 1839/1998/1722 1866/2026/1722 1867/2027/1722
f 1838/1997/1723 1837/1996/1723 1867/2027/1723 1868/2028/1723
f 1869/2029/1724 1838/1997/1724 1868/2028/1724 1870/2030/1724
f 1871/2031/1725 1831/1990/1725 1838/1997/1725 1869/2029/1725
f 1872/2032/1726 1824/1978/1726 1831/1990/1726 1871/2031/1726
f 1873/2033/1727 1817/1975/1727 1824/1978/1727 1872/2032/1727
f 1874/2034/1728 1810/1962/1728 1817/1969/1728 1873/2035/1728
f 1875/2036/1729 1798/1950/1729 1810/1962/1729 1874/2034/1729
f 1846/2005/1730 1795/1947/1730 1798/1950/1730 1875/2036/1730
f 1876/2037/1731 1877/2038/1731 1878/2039/1731 1879/2040/1731
f 1877/2038/1732 1880/2041/1732 1881/2042/1732 1878/2039/1732
f 1880/2041/1733 1882/2043/1733 1883/2044/1733 1881/2042/1733
f 1882/2043/1734 1884/2045/1734 1885/2046/1734 1883/2044/1734
f 1884/2045/1735 1886/2047/1735 1887/2048/1735 1885/2046/1735
f 1886/2047/1736 1888/2049/1736 1889/2050/1736 1887/2048/1736
f 1879/2040/1737 1878/2039/1737 1890/2051/1737 1891/2052/1737
f 1878/2039/1738 1881/2042/1738 1892/2053/1738 1890/2051/1738
f 1881/2042/1739 1883/2044/1739 1893/2054/1739 1892/2053/1739
f 1883/2044/1740 1885/2046/1740 1894/2055/1740 1893/2054/1740
f 1885/2046/1741 1887/2048/1741 1895/2056/1741 1894/2055/1741
f 1887/2048/1742 1889/2050/1742 1896/2057/1742 1895/2056/1742
f 1891/2052/1743 1890/2051/1743 1897/2058/1743 1898/2059/1743
f 1890/2051/1744 1892/2053/1744 1899/2060/1744 1897/2058/1744
f 1892/2053/1745 1893/2054/1745 1900/2061/1745 1899/2060/1745
f 1893/2054/1746 1894/2055/1746 1901/2062/1746 1900/2061/1746
f 1894/2055/1747 1895/2056/1747 1902/2063/1747 1901/2062/1747
f 1895/2056/1748 1896/2057/1748 1903/2064/1748 1902/2063/1748
f 1898/2059/1749 1897/2058/1749 1904/2065/1749 1905/2066/1749
f 1897/2058/1750 1899/2060/1750 1906/2067/1750 1904/2065/1750
f 1899/2060/1751 1900/2061/1751 1907/2068/1751 1906/2067/1751
f 1900/2061/1752 1901/2062/1752 1908/2069/1752 1907/2068/1752
f 1901/2062/1753 1902/2063/1753 1909/2070/1753 1908/2069/1753
f 1902/2063/1754 1903/2064/1754 1910/2071/1754 1909/2070/1754
f 1905/2066/1755 1904/2065/1755 1911/2072/1755 1912/2073/1755
f 1904/2065/1756 1906/2067/1756 1913/2074/1756 1911/2072/1756
f 1906/2067/1757 1907/2068/1757 1914/2075/1757 1913/2074/1757
f 1907/2068/1758 1908/2069/1758 1915/2076/1758 1914/2075/1758
f 1908/2069/1759 1909/2070/1759 1916/2077/1759 1915/2076/1759
f 1909/2070/1760 1910/2071/1760 1917/2078/1760 1916/2077/1760
f 1912/2073/1761 1911/2072/1761 1918/2079/1761 1919/2080/1761
f 1911/2072/1762 1913/2074/1762 1920/2081/1762 1918/2079/1762
f 1913/2074/1763 1914/2075/1763 1921/2082/1763 1920/2081/1763
f 1914/2075/1764 1915/2076/1764 1922/2083/1764 1921/2082/1764
f 1915/2076/1765 1916/2077/1765 1923/2084/1765 1922/2083/1765
f 1916/2077/1766 1917/2078/1766 1924/2085/1766 1923/2084/1766
f 1870/2030/1767 1868/2028/1767 1876/2037/1767 1925/2086/1767
f 1868/2028/1768 1867/2027/1768 1877/2038/1768 1876/2037/1768
f 1867/2027/1769 1866/2026/1769 1880/2041/1769 1877/2038/1769
f 1866/2026/1770 1865/2025/1770 1882/2043/1770 1880/2041/1770
f 1865/2025/1771 1864/2024/1771 1884/2045/1771 1882/2043/1771
f 1864/2024/1772 1863/2023/1772 1886/2047/1772 1884/2045/1772
f 1863/2023/1773 1862/2022/1773 1888/2049/1773 1886/2047/1773
f 1862/2022/1774 1861/2021/1774 1926/2087/1774 1888/2049/1774
f 1888/2049/1775 1926/2087/1775 1927/2088/1775 1889/2050/1775
f 1889/2050/1776 1927/2088/1776 1928/2089/1776 1896/2057/1776
f 1896/2057/1777 1928/2089/1777 1929/2090/1777 1903/2064/1777
f 1903/2064/1778 1929/2090/1778 1930/2091/1778 1910/2071/1778
f 1910/2071/1779 1930/2091/1779 1931/2092/1779 1917/2078/1779
f 1917/2078/1780 1931/2092/1780 1932/2093/1780 1924/2085/1780
f 1924/2085/1781 1932/2093/1781 1933/2094/1781 1934/2095/1781
f 1923/2084/1782 1924/2085/1782 1934/2095/1782 1935/2096/1782
f 1922/2083/1783 1923/2084/1783 1935/2096/1783 1936/2097/1783
f 1921/2082/1784 1922/2083/1784 1936/2097/1784 1937/2098/1784
f 1920/2081/1785 1921/2082/1785 1937/2098/1785 1938/2099/1785
f 1918/2079/1786 1920/2081/1786 1938/2099/1786 1939/2100/1786
f 1919/2080/1787 1918/2079/1787 1939/2100/1787 1940/2101/1787
f 1941/2102/1788 1919/2080/1788 1940/2101/1788 1942/2103/1788
f 1943/2104/1789 1912/2073/1789 1919/2080/1789 1941/2102/1789
f 1944/2105/1790 1905/2066/1790 1912/2073/1790 1943/2104/1790
f 1945/2106/1791 1898/2059/1791 1905/2066/1791 1944/2105/1791
f 1946/2107/1792 1891/2052/1792 1898/2059/1792 1945/2106/1792
f 1947/2108/1793 1879/2040/1793 1891/2052/1793 1946/2107/1793
f 1925/2086/1794 1876/2037/1794 1879/2040/1794 1947/2108/1794
f 1948/2109/1795 1949/2110/1795 1950/2111/1795 1951/2112/1795
f 1949/2110/1796 1952/2113/1796 1953/2114/1796 1950/2111/1796
f 1952/2113/1797 1954/2115/1797 1955/2116/1797 1953/2114/1797
f 1954/2115/1798 1956/2117/1798 1957/2118/1798 1955/2116/1798
f 1956/2117/1799 1958/2119/1799 1959/2120/1799 1957/2118/1799
f 1958/2119/1800 1960/2121/1800 1961/2122/1800 1959/2120/1800
f 1951/2112/1801 1950/2111/1801 1962/2123/1801 1963/2124/1801
f 1950/2111/1802 1953/2114/1802 1964/2125/1802 1962/2123/1802
f 1953/2114/1803 1955/2116/1803 1965/2126/1803 1964/2125/1803
f 1955/2116/1804 1957/2118/1804 1966/2127/1804 1965/2126/1804
f 1957/2118/1805 1959/2120/1805 1967/2128/1805 1966/2127/1805
f 1959/2120/1806 1961/2122/1806 1968/2129/1806 1967/2128/1806
f 1963/2124/1807 1962/2123/1807 1969/2130/1807 1970/2131/1807
f 1962/2123/1808 1964/2125/1808 1971/2132/1808 1969/2130/1808
f 1964/2125/1809 1965/2126/1809 1972/2133/1809 1971/2132/1809
f 1965/2126/1810 1966/2127/1810 1973/2134/1810 1972/2133/1810
f 1966/2127/1811 1967/2128/1811 1974/2135/1811 1973/2134/1811
f 1967/2128/1812 1968/2129/1812 1975/2136/1812 1974/2135/1812
f 1970/2137/1813 1969/2138/1813 1976/2139/1813 1977/2140/1813
f 1969/2138/1814 1971/2141/1814 1978/2142/1814 1976/2139/1814
f 1971/2141/1815 1972/2143/1815 1979/2144/1815 1978/2142/1815
f 1972/2143/1816 1973/2145/1816 1980/2146/1816 1979/2144/1816
f 1973/2145/1817 1974/2147/1817 1981/2148/1817 1980/2146/1817
f 1974/2147/1818 1975/2149/1818 1982/2150/1818 1981/2148/1818
f 1977/2140/1819 1976/2139/1819 1983/2151/1819 1984/2152/1819
f 1976/2139/1820 1978/2142/1820 1985/2153/1820 1983/2151/1820
f 1978/2142/1821 1979/2144/1821 1986/2154/1821 1985/2153/1821
f 1979/2144/1822 1980/2146/1822 1987/2155/1822 1986/2154/1822
f 1980/2146/1823 1981/2148/1823 1988/2156/1823 1987/2155/1823
f 1981/2148/1824 1982/2150/1824 1989/2157/1824 1988/2156/1824
f 1984/2152/1825 1983/2151/1825 1990/2158/1825 1991/2159/1825
f 1983/2151/1826 1985/2153/1826 1992/2160/1826 1990/2158/1826
f 1985/2153/1827 1986/2154/1827 1993/2161/1827 1992/2160/1827
f 1986/2154/1828 1987/2155/1828 1994/2162/1828 1993/2161/1828
f 1987/2155/1829 1988/2156/1829 1995/2163/1829 1994/2162/1829
f 1988/2156/1830 1989/2157/1830 1996/2164/1830 1995/2163/1830
f 1942/2103/1831 1940/2101/1831 1948/2109/1831 1997/2165/1831
f 1940/2101/1832 1939/2100/1832 1949/2110/1832 1948/2109/1832
f 1939/2100/1833 1938/2099/1833 1952/2113/1833 1949/2110/1833
f 1938/2099/1834 1937/2098/1834 1954/2115/1834 1952/2113/1834
f 1937/2098/1835 1936/2097/1835 1956/2117/1835 1954/2115/1835
f 1936/2097/1836 1935/2096/1836 1958/2119/1836 1956/2117/1836
f 1935/2096/1837 1934/2095/1837 1960/2121/1837 1958/2119/1837
f 1934/2095/1838 1933/2094/1838 1998/2166/1838 1960/2121/1838
f 1960/2121/1839 1998/2166/1839 1999/2167/1839 1961/2122/1839
f 1961/2122/1840 1999/2167/1840 2000/2168/1840 1968/2129/1840
f 1968/2129/1841 2000/2168/1841 2001/2169/1841 1975/2136/1841
f 1975/2149/1842 2001/2170/1842 2002/2171/1842 1982/2150/1842
f 1982/2150/1843 2002/2171/1843 2003/2172/1843 1989/2157/1843
f 1989/2157/1844 2003/2172/1844 2004/2173/1844 1996/2164/1844
f 1996/2164/1845 2004/2173/1845 2005/2174/1845 2006/2175/1845
f 1995/2163/1846 1996/2164/1846 2006/2175/1846 2007/2176/1846
f 1994/2162/1847 1995/2163/1847 2007/2176/1847 2008/2177/1847
f 1993/2161/1848 1994/2162/1848 2008/2177/1848 2009/2178/1848
f 1992/2160/1849 1993/2161/1849 2009/2178/1849 2010/2179/1849
f 1990/2158/1850 1992/2160/1850 2010/2179/1850 2011/2180/1850
f 1991/2159/1851 1990/2158/1851 2011/2180/1851 2012/2181/1851
f 2013/2182/1852 1991/2159/1852 2012/2181/1852 2014/2183/1852
f 2015/2184/1853 1984/2152/1853 1991/2159/1853 2013/2182/1853
f 2016/2185/1854 1977/2140/1854 1984/2152/1854 2015/2184/1854
f 2017/2186/1855 1970/2137/1855 1977/2140/1855 2016/2185/1855
f 2018/2187/1856 1963/2124/1856 1970/2131/1856 2017/2188/1856
f 2019/2189/1857 1951/2112/1857 1963/2124/1857 2018/2187/1857
f 1997/2165/1858 1948/2109/1858 1951/2112/1858 2019/2189/1858
f 2020/2190/1859 2021/2191/1859 2022/2192/1859 2023/2193/1859
f 2021/2191/1860 2024/2194/1860 2025/2195/1860 2022/2192/1860
f 2024/2194/1861 2026/2196/1861 2027/2197/1861 2025/2195/1861
f 2026/2196/1862 2028/2198/1862 2029/2199/1862 2027/2197/1862
f 2028/2198/1863 2030/2200/1863 2031/2201/1863 2029/2199/1863
f 2030/2200/1864 2032/2202/1864 2033/2203/1864 2031/2201/1864
f 2023/2193/1865 2022/2192/1865 2034/2204/1865 2035/2205/1865
f 2022/2192/1866 2025/2195/1866 2036/2206/1866 2034/2204/1866
f 2025/2195/1867 2027/2197/1867 2037/2207/1867 2036/2206/1867
f 2027/2197/1868 2029/2199/1868 2038/2208/1868 2037/2207/1868
f 2029/2199/1869 2031/2201/1869 2039/2209/1869 2038/2208/1869
f 2031/2201/1870 2033/2203/1870 2040/2210/1870 2039/2209/1870
f 2035/2205/1871 2034/2204/1871 2041/2211/1871 2042/2212/1871
f 2034/2204/1872 2036/2206/1872 2043/2213/1872 2041/2211/1872
f 2036/2206/1873 2037/2207/1873 2044/2214/1873 2043/2213/1873
f 2037/2207/1874 2038/2208/1874 2045/2215/1874 2044/2214/1874
f 2038/2208/1875 2039/2209/1875 2046/2216/1875 2045/2215/1875
f 2039/2209/1876 2040/2210/1876 2047/2217/1876 2046/2216/1876
f 2042/2212/1877 2041/2211/1877 2048/2218/1877 2049/2219/1877
f 2041/2211/1878 2043/2213/1878 2050/2220/1878 2048/2218/1878
f 2043/2213/1879 2044/2214/1879 2051/2221/1879 2050/2220/1879
f 2044/2214/1880 2045/2215/1880 2052/2222/1880 2051/2221/1880
f 2045/2215/1881 2046/2216/1881 2053/2223/1881 2052/2222/1881
f 2046/2216/1882 2047/2217/1882 2054/2224/1882 2053/2223/1882
f 2049/2219/1883 2048/2218/1883 2055/2225/1883 2056/2226/1883
f 2048/2218/1884 2050/2220/1884 2057/2227/1884 2055/2225/1884
f 2050/2220/1885 2051/2221/1885 2058/2228/1885 2057/2227/1885
f 2051/2221/1886 2052/2222/1886 2059/2229/1886 2058/2228/1886
f 2052/2222/1887 2053/2223/1887 2060/2230/1887 2059/2229/1887
f 2053/2223/1888 2054/2224/1888 2061/2231/1888 2060/2230/1888
f 2056/2226/1889 2055/2225/1889 2062/2232/1889 2063/2233/1889
f 2055/2225/1890 2057/2227/1890 2064/2234/1890 2062/2232/1890
f 2057/2227/1891 2058/2228/1891 2065/2235/1891 2064/2234/1891
f 2058/2228/1892 2059/2229/1892 2066/2236/1892 2065/2235/1892
f 2059/2229/1893 2060/2230/1893 2067/2237/1893 2066/2236/1893
f 2060/2230/1894 2061/2231/1894 2068/2238/1894 2067/2237/1894
f 2014/2183/1895 2012/2181/1895 2020/2190/1895 2069/2239/1895
f 2012/2181/1896 2011/2180/1896 2021/2191/1896 2020/2190/1896
f 2011/2180/1897 2010/2179/1897 2024/2194/1897 2021/2191/1897
f 2010/2179/1898 2009/2178/1898 2026/2196/1898 2024/2194/1898
f 2009/2178/1899 2008/2177/1899 2028/2198/1899 2026/2196/1899
f 2008/2177/1900 2007/2176/1900 2030/2200/1900 2028/2198/1900
f 2007/2176/1901 2006/2175/1901 2032/2202/1901 2030/2200/1901
f 2006/2175/1902 2005/2174/1902 2070/2240/1902 2032/2202/1902
f 2032/2202/1903 2070/2240/1903 2071/2241/1903 2033/2203/1903
f 2033/2203/1904 2071/2241/1904 2072/2242/1904 2040/2210/1904
f 2040/2210/1905 2072/2242/1905 2073/2243/1905 2047/2217/1905
f 2047/2217/1906 2073/2243/1906 2074/2244/1906 2054/2224/1906
f 2054/2224/1907 2074/2244/1907 2075/2245/1907 2061/2231/1907
f 2061/2231/1908 2075/2245/1908 2076/2246/1908 2068/2238/1908
f 2068/2238/1909 2076/2246/1909 1853/2012/1909 1852/2011/1909
f 2067/2237/1910 2068/2238/1910 1852/2011/1910 1851/2010/1910
f 2066/2236/1911 2067/2237/1911 1851/2010/1911 1850/2009/1911
f 2065/2235/1912 2066/2236/1912 1850/2009/1912 1849/2008/1912
f 2064/2234/1913 2065/2235/1913 1849/2008/1913 1848/2007/1913
f 2062/2232/1914 2064/2234/1914 1848/2007/1914 1847/2006/1914
f 2063/2233/1915 2062/2232/1915 1847/2006/1915 1845/2004/1915
f 2077/2247/1916 2063/2233/1916 1845/2004/1916 1844/2003/1916
f 2078/2248/1917 2056/2226/1917 2063/2233/1917 2077/2247/1917
f 2079/2249/1918 2049/2219/1918 2056/2226/1918 2078/2248/1918
f 2080/2250/1919 2042/2212/1919 2049/2219/1919 2079/2249/1919
f 2081/2251/1920 2035/2205/1920 2042/2212/1920 2080/2250/1920
f 2082/2252/1921 2023/2193/1921 2035/2205/1921 2081/2251/1921
f 2069/2239/1922 2020/2190/1922 2023/2193/1922 2082/2252/1922
f 2083/2253/1923 2084/2254/1923 2085/2255/1923 2086/2256/1923
f 2084/2254/1924 2087/2257/1924 2088/2258/1924 2085/2255/1924
f 2087/2257/1925 2089/2259/1925 2090/2260/1925 2088/2258/1925
f 2089/2259/1926 2091/2261/1926 2092/2262/1926 2090/2260/1926
f 2091/2261/1927 2093/2263/1927 2094/2264/1927 2092/2262/1927
f 2093/2263/1928 2095/2265/1928 2096/2266/1928 2094/2264/1928
f 2086/2256/1929 2085/2255/1929 2097/2267/1929 2098/2268/1929
f 2085/2255/1930 2088/2258/1930 2099/2269/1930 2097/2267/1930
f 2088/2258/1931 2090/2260/1931 2100/2270/1931 2099/2269/1931
f 2090/2260/1932 2092/2262/1932 2101/2271/1932 2100/2270/1932
f 2092/2262/1933 2094/2264/1933 2102/2272/1933 2101/2271/1933
f 2094/2264/1934 2096/2266/1934 2103/2273/1934 2102/2272/1934
f 2098/2268/1935 2097/2267/1935 2104/2274/1935 2105/2275/1935
f 2097/2267/1936 2099/2269/1936 2106/2276/1936 2104/2274/1936
f 2099/2269/1937 2100/2270/1937 2107/2277/1937 2106/2276/1937
f 2100/2270/1938 2101/2271/1938 2108/2278/1938 2107/2277/1938
f 2101/2271/1939 2102/2272/1939 2109/2279/1939 2108/2278/1939
f 2102/2272/1940 2103/2273/1940 2110/2280/1940 2109/2279/1940
f 2105/2281/1941 2104/2282/1941 2111/2283/1941 2112/2284/1941
f 2104/2282/1942 2106/2285/1942 2113/2286/1942 2111/2283/1942
f 2106/2285/1943 2107/2287/1943 2114/2288/1943 2113/2286/1943
f 2107/2287/1944 2108/2289/1944 2115/2290/1944 2114/2288/1944
f 2108/2289/1945 2109/2291/1945 2116/2292/1945 2115/2290/1945
f 2109/2291/1946 2110/2293/1946 2117/2294/1946 2116/2292/1946
f 2112/2284/1947 2111/2283/1947 2118/2295/1947 2119/2296/1947
f 2111/2283/1948 2113/2286/1948 2120/2297/1948 2118/2295/1948
f 2113/2286/1949 2114/2288/1949 2121/2298/1949 2120/2297/1949
f 2114/2288/1950 2115/2290/1950 2122/2299/1950 2121/2298/1950
f 2115/2290/1951 2116/2292/1951 2123/2300/1951 2122/2299/1951
f 2116/2292/1952 2117/2294/1952 2124/2301/1952 2123/2300/1952
f 2119/2296/1953 2118/2295/1953 2125/2302/1953 2126/2303/1953
f 2118/2295/1954 2120/2297/1954 2127/2304/1954 2125/2302/1954
f 2120/2297/1955 2121/2298/1955 2128/2305/1955 2127/2304/1955
f 2121/2298/1956 2122/2299/1956 2129/2306/1956 2128/2305/1956
f 2122/2299/1957 2123/2300/1957 2130/2307/1957 2129/2306/1957
f 2123/2300/1958 2124/2301/1958 2131/2308/1958 2130/2307/1958
f 1870/2030/1959 1925/2086/1959 2083/2253/1959 1869/2029/1959
f 1925/2086/1960 1947/2108/1960 2084/2254/1960 2083/2253/1960
f 1947/2108/1961 1946/2107/1961 2087/2257/1961 2084/2254/1961
f 1946/2107/1962 1945/2106/1962 2089/2259/1962 2087/2257/1962
f 1945/2106/1963 1944/2105/1963 2091/2261/1963 2089/2259/1963
f 1944/2105/1964 1943/2104/1964 2093/2263/1964 2091/2261/1964
f 1943/2104/1965 1941/2102/1965 2095/2265/1965 2093/2263/1965
f 1941/2102/1966 1942/2103/1966 1997/2165/1966 2095/2265/1966
f 2095/2265/1967 1997/2165/1967 2019/2189/1967 2096/2266/1967
f 2096/2266/1968 2019/2189/1968 2018/2187/1968 2103/2273/1968
f 2103/2273/1969 2018/2187/1969 2017/2188/1969 2110/2280/1969
f 2110/2293/1970 2017/2186/1970 2016/2185/1970 2117/2294/1970
f 2117/2294/1971 2016/2185/1971 2015/2184/1971 2124/2301/1971
f 2124/2301/1972 2015/2184/1972 2013/2182/1972 2131/2308/1972
f 2131/2308/1973 2013/2182/1973 2014/2183/1973 2069/2239/1973
f 2130/2307/1974 2131/2308/1974 2069/2239/1974 2082/2252/1974
f 2129/2306/1975 2130/2307/1975 2082/2252/1975 2081/2251/1975
f 2128/2305/1976 2129/2306/1976 2081/2251/1976 2080/2250/1976
f 2127/2304/1977 2128/2305/1977 2080/2250/1977 2079/2249/1977
f 2125/2302/1978 2127/2304/1978 2079/2249/1978 2078/2248/1978
f 2126/2303/1979 2125/2302/1979 2078/2248/1979 2077/2247/1979
f 1846/2005/1980 2126/2303/1980 2077/2247/1980 1844/2003/1980
f 1875/2036/1981 2119/2296/1981 2126/2303/1981 1846/2005/1981
f 1874/2034/1982 2112/2284/1982 2119/2296/1982 1875/2036/1982
f 1873/2035/1983 2105/2281/1983 2112/2284/1983 1874/2034/1983
f 1872/2032/1984 2098/2268/1984 2105/2275/1984 1873/2033/1984
f 1871/2031/1985 2086/2256/1985 2098/2268/1985 1872/2032/1985
f 1869/2029/1986 2083/2253/1986 2086/2256/1986 1871/2031/1986
f 2132/2309/1987 2133/2310/1987 2134/2311/1987 2135/2312/1987
f 2133/2310/1988 2136/2313/1988 2137/2314/1988 2134/2311/1988
f 2136/2313/1989 2138/2315/1989 2139/2316/1989 2137/2314/1989
f 2138/2315/1990 2140/2317/1990 2141/2318/1990 2139/2316/1990
f 2140/2317/1991 2142/2319/1991 2143/2320/1991 2141/2318/1991
f 2142/2319/1992 2144/2321/1992 2145/2322/1992 2143/2320/1992
f 2135/2312/1993 2134/2311/1993 2146/2323/1993 2147/2324/1993
f 2134/2311/1994 2137/2314/1994 2148/2325/1994 2146/2323/1994
f 2137/2314/1995 2139/2316/1995 2149/2326/1995 2148/2325/1995
f 2139/2316/1996 2141/2318/1996 2150/2327/1996 2149/2326/1996
f 2141/2318/1997 2143/2320/1997 2151/2328/1997 2150/2327/1997
f 2143/2320/1998 2145/2322/1998 2152/2329/1998 2151/2328/1998
f 2147/2324/1999 2146/2323/1999 2153/2330/1999 2154/2331/1999
f 2146/2323/2000 2148/2325/2000 2155/2332/2000 2153/2330/2000
f 2148/2325/2001 2149/2326/2001 2156/2333/2001 2155/2332/2001
f 2149/2326/2002 2150/2327/2002 2157/2334/2002 2156/2333/2002
f 2150/2327/2003 2151/2328/2003 2158/2335/2003 2157/2334/2003
f 2151/2328/2004 2152/2329/2004 2159/2336/2004 2158/2335/2004
f 2154/2337/2005 2153/2338/2005 2160/2339/2005 2161/2340/2005
f 2153/2338/2006 2155/2341/2006 2162/2342/2006 2160/2339/2006
f 2155/2341/2007 2156/2343/2007 2163/2344/2007 2162/2342/2007
f 2156/2343/2008 2157/2345/2008 2164/2346/2008 2163/2344/2008
f 2157/2345/2009 2158/2347/2009 2165/2348/2009 2164/2346/2009
f 2158/2347/2010 2159/2349/2010 2166/2350/2010 2165/2348/2010
f 2161/2340/2011 2160/2339/2011 2167/2351/2011 2168/2352/2011
f 2160/2339/2012 2162/2342/2012 2169/2353/2012 2167/2351/2012
f 2162/2342/2013 2163/2344/2013 2170/2354/2013 2169/2353/2013
f 2163/2344/2014 2164/2346/2014 2171/2355/2014 2170/2354/2014
f 2164/2346/2015 2165/2348/2015 2172/2356/2015 2171/2355/2015
f 2165/2348/2016 2166/2350/2016 2173/2357/2016 2172/2356/2016
f 2168/2352/2017 2167/2351/2017 2174/2358/2017 2175/2359/2017
f 2167/2351/2018 2169/2353/2018 2176/2360/2018 2174/2358/2018
f 2169/2353/2019 2170/2354/2019 2177/2361/2019 2176/2360/2019
f 2170/2354/2020 2171/2355/2020 2178/2362/2020 2177/2361/2020
f 2171/2355/2021 2172/2356/2021 2179/2363/2021 2178/2362/2021
f 2172/2356/2022 2173/2357/2022 2180/2364/2022 2179/2363/2022
f 1933/2094/2023 1932/2093/2023 2132/2309/2023 1998/2166/2023
f 1932/2093/2024 1931/2092/2024 2133/2310/2024 2132/2309/2024
f 1931/2092/2025 1930/2091/2025 2136/2313/2025 2133/2310/2025
f 1930/2091/2026 1929/2090/2026 2138/2315/2026 2136/2313/2026
f 1929/2090/2027 1928/2089/2027 2140/2317/2027 2138/2315/2027
f 1928/2089/2028 1927/2088/2028 2142/2319/2028 2140/2317/2028
f 1927/2088/2029 1926/2087/2029 2144/2321/2029 2142/2319/2029
f 1926/2087/2030 1861/2021/2030 1860/2020/2030 2144/2321/2030
f 2144/2321/2031 1860/2020/2031 1859/2019/2031 2145/2322/2031
f 2145/2322/2032 1859/2019/2032 1858/2018/2032 2152/2329/2032
f 2152/2329/2033 1858/2018/2033 1857/2017/2033 2159/2336/2033
f 2159/2349/2034 1857/2016/2034 1856/2015/2034 2166/2350/2034
f 2166/2350/2035 1856/2015/2035 1855/2014/2035 2173/2357/2035
f 2173/2357/2036 1855/2014/2036 1854/2013/2036 2180/2364/2036
f 2180/2364/2037 1854/2013/2037 1853/2012/2037 2076/2246/2037
f 2179/2363/2038 2180/2364/2038 2076/2246/2038 2075/2245/2038
f 2178/2362/2039 2179/2363/2039 2075/2245/2039 2074/2244/2039
f 2177/2361/2040 2178/2362/2040 2074/2244/2040 2073/2243/2040
f 2176/2360/2041 2177/2361/2041 2073/2243/2041 2072/2242/2041
f 2174/2358/2042 2176/2360/2042 2072/2242/2042 2071/2241/2042
f 2175/2359/2043 2174/2358/2043 2071/2241/2043 2070/2240/2043
f 2004/2173/2044 2175/2359/2044 2070/2240/2044 2005/2174/2044
f 2003/2172/2045 2168/2352/2045 2175/2359/2045 2004/2173/2045
f 2002/2171/2046 2161/2340/2046 2168/2352/2046 2003/2172/2046
f 2001/2170/2047 2154/2337/2047 2161/2340/2047 2002/2171/2047
f 2000/2168/2048 2147/2324/2048 2154/2331/2048 2001/2169/2048
f 1999/2167/2049 2135/2312/2049 2147/2324/2049 2000/2168/2049
f 1998/2166/2050 2132/2309/2050 2135/2312/2050 1999/2167/2050
