# Blender 5.1.1
# www.blender.org
mtllib l_foot.mtl
o export_l_foot_part
v 0.002090 0.059496 0.031058
v -0.000450 0.059496 0.030990
v -0.000568 0.058497 0.032660
v 0.002090 0.058497 0.032732
v 0.002090 0.060033 0.028217
v -0.000241 0.060033 0.028144
v 0.004629 0.059496 0.030990
v 0.004747 0.058497 0.032660
v 0.004420 0.060033 0.028144
v -0.000606 0.056377 0.033158
v 0.002090 0.056377 0.033231
v 0.004785 0.056377 0.033158
v -0.003218 0.058497 0.032446
v -0.003295 0.056377 0.032940
v -0.002982 0.059496 0.030786
v -0.005856 0.058497 0.032091
v -0.005971 0.056377 0.032578
v -0.005503 0.059496 0.030447
v -0.002569 0.060033 0.027940
v -0.004889 0.060033 0.027617
v 0.000056 0.060308 0.024641
v -0.001990 0.060308 0.024336
v -0.004057 0.060308 0.023972
v 0.000457 0.060410 0.021098
v -0.001258 0.060410 0.020501
v -0.003068 0.060410 0.019981
v 0.001077 0.060424 0.018006
v -0.000352 0.060424 0.016904
v -0.001977 0.060424 0.016107
v 0.002090 0.060424 0.015654
v 0.000756 0.060424 0.013906
v -0.000813 0.060424 0.012699
v 0.003423 0.060424 0.013906
v 0.002090 0.060424 0.011500
v 0.000495 0.060424 0.009660
v -0.001464 0.060424 0.008655
v -0.002602 0.060424 0.012024
v -0.003737 0.060424 0.015597
v -0.005596 0.060424 0.015323
v -0.004599 0.060424 0.011879
v -0.003851 0.060424 0.008718
v -0.007535 0.060424 0.015349
v -0.006766 0.060424 0.012277
v -0.006499 0.060424 0.009640
v -0.004942 0.060410 0.019547
v -0.006848 0.060410 0.019162
v -0.008776 0.060410 0.018873
v -0.006134 0.060308 0.023555
v -0.008206 0.060308 0.023073
v -0.010266 0.060308 0.022543
v -0.007195 0.060033 0.027178
v -0.009481 0.060033 0.026621
v -0.008006 0.059496 0.029973
v -0.010484 0.059496 0.029366
v -0.011740 0.060033 0.025951
v -0.012932 0.059496 0.028626
v -0.011069 0.058497 0.030957
v -0.008475 0.058497 0.031594
v -0.013631 0.058497 0.030181
v -0.011259 0.056377 0.031424
v -0.008628 0.056377 0.032073
v -0.013858 0.056377 0.030635
v -0.008517 0.052363 0.031539
v -0.005888 0.052363 0.032042
v -0.011121 0.052363 0.030894
v -0.003240 0.052363 0.032402
v -0.005646 0.045682 0.030611
v -0.003078 0.045682 0.030963
v -0.008196 0.045682 0.030120
v -0.005296 0.035710 0.028514
v -0.002844 0.035710 0.028853
v -0.007730 0.035710 0.028041
v -0.004929 0.022411 0.026360
v -0.002599 0.022411 0.026686
v -0.007243 0.022411 0.025905
v -0.010141 0.035710 0.027435
v -0.009534 0.022411 0.025322
v -0.010720 0.045682 0.029491
v -0.012522 0.035710 0.026696
v -0.011797 0.022411 0.024612
v -0.013214 0.045682 0.028725
v -0.013693 0.052363 0.030109
v -0.016418 0.056377 0.029707
v -0.016227 0.052363 0.029186
v -0.015671 0.045682 0.027824
v -0.018934 0.056377 0.028642
v -0.018717 0.052363 0.028128
v -0.018086 0.045682 0.026790
v -0.021156 0.052363 0.026935
v -0.020451 0.045682 0.025626
v -0.021399 0.056377 0.027443
v -0.023808 0.056377 0.026113
v -0.023540 0.052363 0.025613
v -0.022763 0.045682 0.024335
v -0.019431 0.035710 0.023711
v -0.017173 0.035710 0.024832
v -0.021638 0.035710 0.022466
v -0.018363 0.022411 0.021741
v -0.016217 0.022411 0.022820
v -0.020460 0.022411 0.020545
v -0.014868 0.035710 0.025828
v -0.014026 0.022411 0.023777
v -0.013381 0.005902 0.022342
v -0.011241 0.005902 0.023154
v -0.015484 0.005902 0.021411
v -0.013168 -0.013703 0.022193
v -0.011058 -0.013703 0.023004
v -0.015242 -0.013703 0.021263
v -0.017545 0.005902 0.020362
v -0.017275 -0.013703 0.020215
v -0.019558 0.005902 0.019198
v -0.019260 -0.013703 0.019053
v -0.017734 -0.036037 0.021660
v -0.015654 -0.036037 0.022743
v -0.019767 -0.036037 0.020459
v -0.018645 -0.059721 0.023917
v -0.016469 -0.059721 0.025053
v -0.020771 -0.059721 0.022657
v -0.013531 -0.036037 0.023704
v -0.014248 -0.059721 0.026062
v -0.011370 -0.036037 0.024542
v -0.011988 -0.059721 0.026941
v -0.015010 -0.083125 0.028156
v -0.012644 -0.083125 0.029072
v -0.017334 -0.083125 0.027106
v -0.015504 -0.104617 0.028879
v -0.013070 -0.104617 0.029808
v -0.017895 -0.104617 0.027812
v -0.019611 -0.083125 0.025922
v -0.020238 -0.104617 0.026611
v -0.021836 -0.083125 0.024609
v -0.022528 -0.104617 0.025278
v -0.020213 -0.122953 0.025196
v -0.017873 -0.122953 0.026367
v -0.022500 -0.122953 0.023897
v -0.019552 -0.138435 0.021993
v -0.017280 -0.138435 0.023093
v -0.021771 -0.138435 0.020772
v -0.015484 -0.122953 0.027407
v -0.014962 -0.138435 0.024070
v -0.013053 -0.122953 0.028313
v -0.012603 -0.138435 0.024921
v -0.014016 -0.151753 0.019485
v -0.011788 -0.151753 0.020261
v -0.016206 -0.151753 0.018595
v -0.012722 -0.163596 0.014270
v -0.010673 -0.163596 0.014959
v -0.014736 -0.163596 0.013479
v -0.018351 -0.151753 0.017593
v -0.016709 -0.163596 0.012589
v -0.020447 -0.151753 0.016481
v -0.018636 -0.163596 0.011601
v -0.014729 -0.174486 0.007487
v -0.012964 -0.174486 0.008264
v -0.016453 -0.174486 0.006625
v -0.012541 -0.184262 0.002458
v -0.011005 -0.184262 0.003123
v -0.014041 -0.184262 0.001719
v -0.011162 -0.174486 0.008954
v -0.009438 -0.184262 0.003714
v -0.009329 -0.174486 0.009555
v -0.007844 -0.184262 0.004229
v -0.007657 -0.192596 -0.001360
v -0.006309 -0.192596 -0.000928
v -0.008982 -0.192596 -0.001855
v -0.005926 -0.199160 -0.006179
v -0.004817 -0.199160 -0.005826
v -0.007016 -0.199160 -0.006583
v -0.010280 -0.192596 -0.002413
v -0.008083 -0.199160 -0.007038
v -0.011549 -0.192596 -0.003031
v -0.009126 -0.199160 -0.007543
v -0.006905 -0.203752 -0.011727
v -0.006069 -0.203752 -0.011327
v -0.005213 -0.203752 -0.010967
v -0.004944 -0.206685 -0.015470
v -0.004290 -0.206685 -0.015164
v -0.003620 -0.206685 -0.014888
v -0.002937 -0.206685 -0.014643
v -0.004339 -0.203752 -0.010647
v -0.003449 -0.203752 -0.010367
v -0.002242 -0.206685 -0.014430
v -0.001749 -0.208396 -0.018043
v -0.001218 -0.208396 -0.017885
v -0.002271 -0.208396 -0.018224
v -0.000804 -0.209326 -0.020719
v -0.000404 -0.209326 -0.020605
v -0.001198 -0.209326 -0.020850
v -0.002782 -0.208396 -0.018428
v -0.001583 -0.209326 -0.020997
v -0.003282 -0.208396 -0.018654
v -0.001960 -0.209326 -0.021160
v -0.000996 -0.209855 -0.022918
v -0.000711 -0.209855 -0.022797
v -0.000418 -0.209855 -0.022689
v -0.000327 -0.210126 -0.024048
v -0.000114 -0.210126 -0.023945
v 0.000107 -0.210126 -0.023857
v 0.000343 -0.210126 -0.023794
v -0.000118 -0.209855 -0.022595
v 0.000188 -0.209855 -0.022514
v 0.000589 -0.210126 -0.023747
v 0.000627 -0.210226 -0.024494
v 0.000845 -0.210226 -0.024494
v 0.000433 -0.210226 -0.024516
v 0.000776 -0.210240 -0.024892
v 0.000998 -0.210240 -0.024952
v 0.000602 -0.210240 -0.024817
v 0.000281 -0.210226 -0.024606
v 0.000564 -0.210240 -0.024960
v 0.000136 -0.210226 -0.024722
v 0.000486 -0.210240 -0.025117
v 0.000806 -0.210240 -0.025382
v 0.000827 -0.210240 -0.025169
v 0.001116 -0.210240 -0.025562
v 0.001085 -0.210240 -0.025292
v 0.001416 -0.210240 -0.025666
v 0.001331 -0.210240 -0.025346
v 0.001218 -0.210240 -0.024969
v 0.001066 -0.210226 -0.024478
v 0.001557 -0.210240 -0.025340
v 0.001429 -0.210240 -0.024950
v 0.001284 -0.210226 -0.024448
v 0.000839 -0.210126 -0.023702
v 0.001091 -0.210126 -0.023660
v 0.001628 -0.210240 -0.024906
v 0.001498 -0.210226 -0.024411
v 0.001343 -0.210126 -0.023623
v 0.001706 -0.210226 -0.024361
v 0.001594 -0.210126 -0.023589
v 0.001813 -0.210240 -0.024827
v 0.001760 -0.210240 -0.025280
v 0.001938 -0.210240 -0.025161
v 0.001909 -0.210240 -0.025590
v 0.002090 -0.210240 -0.025412
v 0.001686 -0.210240 -0.025680
v 0.001462 -0.210240 -0.025949
v 0.001832 -0.210240 -0.026010
v 0.002090 -0.210240 -0.025852
v 0.001082 -0.210240 -0.025774
v 0.000942 -0.210240 -0.025919
v 0.001357 -0.210240 -0.026163
v 0.002090 -0.210240 -0.026469
v 0.000932 -0.210240 -0.026224
v 0.001012 -0.210240 -0.026440
v 0.000664 -0.210240 -0.025990
v 0.000290 -0.210240 -0.025990
v 0.000409 -0.210240 -0.026188
v 0.000377 -0.210240 -0.026360
v 0.001070 -0.210240 -0.026746
v 0.000643 -0.210240 -0.026620
v 0.000145 -0.210240 -0.026508
v 0.000306 -0.210240 -0.026876
v 0.000077 -0.210240 -0.026749
v -0.000238 -0.210240 -0.026624
v 0.002090 -0.210240 -0.026877
v 0.001238 -0.210240 -0.026933
v 0.000426 -0.210240 -0.027019
v 0.002090 -0.210240 -0.027092
v 0.001276 -0.210240 -0.027116
v 0.000469 -0.210240 -0.027165
v 0.002903 -0.210240 -0.027116
v 0.002941 -0.210240 -0.026933
v 0.003109 -0.210240 -0.026746
v 0.003710 -0.210240 -0.027165
v 0.003754 -0.210240 -0.027019
v 0.003873 -0.210240 -0.026876
v 0.003167 -0.210240 -0.026440
v 0.003536 -0.210240 -0.026620
v 0.004102 -0.210240 -0.026749
v 0.003802 -0.210240 -0.026360
v 0.004034 -0.210240 -0.026508
v 0.004418 -0.210240 -0.026624
v 0.003247 -0.210240 -0.026224
v 0.003770 -0.210240 -0.026188
v 0.002822 -0.210240 -0.026163
v 0.003237 -0.210240 -0.025919
v 0.003515 -0.210240 -0.025990
v 0.003889 -0.210240 -0.025990
v 0.002347 -0.210240 -0.026010
v 0.002717 -0.210240 -0.025949
v 0.003098 -0.210240 -0.025774
v 0.002493 -0.210240 -0.025680
v 0.002763 -0.210240 -0.025666
v 0.003064 -0.210240 -0.025562
v 0.002270 -0.210240 -0.025590
v 0.002419 -0.210240 -0.025280
v 0.002622 -0.210240 -0.025340
v 0.002241 -0.210240 -0.025161
v 0.002090 -0.210240 -0.024974
v 0.002204 -0.210240 -0.024707
v 0.002367 -0.210240 -0.024827
v 0.002551 -0.210240 -0.024906
v 0.002277 -0.210226 -0.024297
v 0.002473 -0.210226 -0.024361
v 0.002681 -0.210226 -0.024411
v 0.002586 -0.210126 -0.023589
v 0.002837 -0.210126 -0.023623
v 0.002337 -0.210126 -0.023558
v 0.002895 -0.210226 -0.024448
v 0.003089 -0.210126 -0.023660
v 0.002750 -0.210240 -0.024950
v 0.002961 -0.210240 -0.024969
v 0.003114 -0.210226 -0.024478
v 0.003340 -0.210126 -0.023702
v 0.003334 -0.210226 -0.024494
v 0.003590 -0.210126 -0.023747
v 0.003181 -0.210240 -0.024952
v 0.002848 -0.210240 -0.025346
v 0.003094 -0.210240 -0.025292
v 0.003352 -0.210240 -0.025169
v 0.003403 -0.210240 -0.024892
v 0.003373 -0.210240 -0.025382
v 0.003457 -0.210240 -0.025542
v 0.003693 -0.210240 -0.025117
v 0.003615 -0.210240 -0.024960
v 0.003813 -0.210240 -0.025243
v 0.003898 -0.210226 -0.024606
v 0.004043 -0.210226 -0.024722
v 0.004206 -0.210226 -0.024830
v 0.004506 -0.210126 -0.024048
v 0.004720 -0.210126 -0.024156
v 0.004293 -0.210126 -0.023945
v 0.004384 -0.210226 -0.024927
v 0.004935 -0.210126 -0.024266
v 0.003972 -0.210240 -0.025342
v 0.004161 -0.210240 -0.025423
v 0.004573 -0.210226 -0.025020
v 0.005147 -0.210126 -0.024382
v 0.004773 -0.210226 -0.025101
v 0.005357 -0.210126 -0.024499
v 0.004384 -0.210240 -0.025474
v 0.003605 -0.210240 -0.025656
v 0.003821 -0.210240 -0.025730
v 0.004096 -0.210240 -0.025757
v 0.004423 -0.210240 -0.025723
v 0.004631 -0.210240 -0.025486
v 0.004310 -0.210240 -0.025922
v 0.004286 -0.210240 -0.026091
v 0.004775 -0.210240 -0.025778
v 0.004793 -0.210240 -0.025612
v 0.004814 -0.210240 -0.025928
v 0.005244 -0.210226 -0.025374
v 0.005316 -0.210226 -0.025524
v 0.005409 -0.210226 -0.025671
v 0.006059 -0.210126 -0.025056
v 0.006203 -0.210126 -0.025220
v 0.005913 -0.210126 -0.024895
v 0.005524 -0.210226 -0.025814
v 0.006347 -0.210126 -0.025387
v 0.004906 -0.210240 -0.026067
v 0.005046 -0.210240 -0.026198
v 0.005654 -0.210226 -0.025956
v 0.006489 -0.210126 -0.025558
v 0.005804 -0.210226 -0.026091
v 0.006628 -0.210126 -0.025730
v 0.005237 -0.210240 -0.026313
v 0.004357 -0.210240 -0.026239
v 0.004527 -0.210240 -0.026373
v 0.004791 -0.210240 -0.026482
v 0.005136 -0.210240 -0.026552
v 0.005472 -0.210240 -0.026399
v 0.004889 -0.210240 -0.026694
v 0.004713 -0.210240 -0.026824
v 0.005437 -0.210240 -0.026705
v 0.005558 -0.210240 -0.026563
v 0.005361 -0.210240 -0.026843
v 0.006109 -0.210226 -0.026483
v 0.006092 -0.210226 -0.026639
v 0.006090 -0.210226 -0.026793
v 0.007005 -0.210126 -0.026454
v 0.007054 -0.210126 -0.026640
v 0.006951 -0.210126 -0.026265
v 0.006100 -0.210226 -0.026942
v 0.007098 -0.210126 -0.026821
v 0.005321 -0.210240 -0.026976
v 0.005303 -0.210240 -0.027107
v 0.006114 -0.210226 -0.027085
v 0.007132 -0.210126 -0.026993
v 0.006128 -0.210226 -0.027218
v 0.007158 -0.210126 -0.027151
v 0.005299 -0.210240 -0.027230
v 0.004598 -0.210240 -0.026952
v 0.004534 -0.210240 -0.027082
v 0.004507 -0.210240 -0.027208
v 0.005304 -0.210240 -0.027342
v 0.004502 -0.210240 -0.027323
v 0.003699 -0.210240 -0.027293
v 0.002895 -0.210240 -0.027265
v 0.004507 -0.210240 -0.027420
v 0.003701 -0.210240 -0.027399
v 0.002895 -0.210240 -0.027380
v 0.003707 -0.210240 -0.027479
v 0.002899 -0.210240 -0.027467
v 0.004513 -0.210240 -0.027494
v 0.003727 -0.210240 -0.027537
v 0.002913 -0.210240 -0.027530
v 0.004522 -0.210240 -0.027547
v 0.002090 -0.210240 -0.027461
v 0.002090 -0.210240 -0.027526
v 0.002090 -0.210240 -0.027372
v 0.001280 -0.210240 -0.027467
v 0.001266 -0.210240 -0.027530
v 0.001284 -0.210240 -0.027380
v 0.000472 -0.210240 -0.027479
v 0.000452 -0.210240 -0.027537
v 0.000478 -0.210240 -0.027399
v 0.001285 -0.210240 -0.027265
v 0.000480 -0.210240 -0.027293
v 0.002090 -0.210240 -0.027252
v -0.000323 -0.210240 -0.027323
v -0.000327 -0.210240 -0.027420
v -0.000328 -0.210240 -0.027208
v -0.000355 -0.210240 -0.027082
v -0.001120 -0.210240 -0.027230
v -0.001125 -0.210240 -0.027342
v -0.001124 -0.210240 -0.027107
v -0.001961 -0.210226 -0.027335
v -0.001948 -0.210226 -0.027218
v -0.001935 -0.210226 -0.027085
v -0.002979 -0.210126 -0.027151
v -0.002953 -0.210126 -0.026993
v -0.002999 -0.210126 -0.027291
v -0.001921 -0.210226 -0.026942
v -0.002918 -0.210126 -0.026821
v -0.001142 -0.210240 -0.026976
v -0.001182 -0.210240 -0.026843
v -0.001911 -0.210226 -0.026793
v -0.002875 -0.210126 -0.026640
v -0.001913 -0.210226 -0.026639
v -0.002826 -0.210126 -0.026454
v -0.001258 -0.210240 -0.026705
v -0.000418 -0.210240 -0.026952
v -0.000534 -0.210240 -0.026824
v -0.000710 -0.210240 -0.026694
v -0.000956 -0.210240 -0.026552
v -0.001379 -0.210240 -0.026563
v -0.000611 -0.210240 -0.026482
v -0.000348 -0.210240 -0.026373
v -0.001058 -0.210240 -0.026313
v -0.001293 -0.210240 -0.026399
v -0.000867 -0.210240 -0.026198
v -0.001787 -0.210226 -0.026215
v -0.001624 -0.210226 -0.026091
v -0.001475 -0.210226 -0.025956
v -0.002448 -0.210126 -0.025730
v -0.002309 -0.210126 -0.025558
v -0.002583 -0.210126 -0.025903
v -0.001344 -0.210226 -0.025814
v -0.002168 -0.210126 -0.025387
v -0.000727 -0.210240 -0.026067
v -0.000635 -0.210240 -0.025928
v -0.001230 -0.210226 -0.025671
v -0.002024 -0.210126 -0.025220
v -0.001137 -0.210226 -0.025524
v -0.001880 -0.210126 -0.025056
v -0.000596 -0.210240 -0.025778
v -0.000178 -0.210240 -0.026239
v -0.000107 -0.210240 -0.026091
v -0.000131 -0.210240 -0.025922
v -0.000614 -0.210240 -0.025612
v -0.000244 -0.210240 -0.025723
v 0.000083 -0.210240 -0.025757
v 0.000359 -0.210240 -0.025730
v -0.000452 -0.210240 -0.025486
v -0.000204 -0.210240 -0.025474
v 0.000018 -0.210240 -0.025423
v -0.000800 -0.210226 -0.025168
v -0.000594 -0.210226 -0.025101
v -0.000394 -0.210226 -0.025020
v -0.001178 -0.210126 -0.024499
v -0.000968 -0.210126 -0.024382
v -0.001384 -0.210126 -0.024618
v -0.000205 -0.210226 -0.024927
v -0.000755 -0.210126 -0.024266
v 0.000208 -0.210240 -0.025342
v -0.000027 -0.210226 -0.024830
v -0.000541 -0.210126 -0.024156
v 0.000366 -0.210240 -0.025243
v 0.000574 -0.210240 -0.025656
v 0.000723 -0.210240 -0.025542
v -0.001547 -0.209855 -0.023191
v -0.001275 -0.209855 -0.023049
v -0.002327 -0.209326 -0.021339
v -0.002683 -0.209326 -0.021533
v -0.003028 -0.209326 -0.021742
v -0.001811 -0.209855 -0.023343
v -0.003360 -0.209326 -0.021965
v -0.002065 -0.209855 -0.023505
v -0.005139 -0.208396 -0.019770
v -0.004698 -0.208396 -0.019461
v -0.004241 -0.208396 -0.019171
v -0.006798 -0.206685 -0.016562
v -0.006200 -0.206685 -0.016170
v -0.007376 -0.206685 -0.016981
v -0.003769 -0.208396 -0.018902
v -0.005581 -0.206685 -0.015806
v -0.008511 -0.203752 -0.012642
v -0.007720 -0.203752 -0.012166
v -0.010142 -0.199160 -0.008097
v -0.011129 -0.199160 -0.008698
v -0.012084 -0.199160 -0.009345
v -0.009277 -0.203752 -0.013154
v -0.013004 -0.199160 -0.010037
v -0.010015 -0.203752 -0.013702
v -0.015145 -0.192596 -0.005238
v -0.016264 -0.192596 -0.006085
v -0.013984 -0.192596 -0.004446
v -0.016921 -0.184262 0.000031
v -0.018294 -0.184262 -0.000914
v -0.019618 -0.184262 -0.001925
v -0.012784 -0.192596 -0.003710
v -0.015502 -0.184262 0.000910
v -0.018133 -0.174486 0.005679
v -0.019764 -0.174486 0.004654
v -0.020514 -0.163596 0.010517
v -0.022337 -0.163596 0.009342
v -0.022488 -0.151753 0.015263
v -0.024471 -0.151753 0.013940
v -0.023932 -0.138435 0.019434
v -0.026031 -0.138435 0.017982
v -0.026389 -0.151753 0.012516
v -0.024101 -0.163596 0.008076
v -0.028062 -0.138435 0.016419
v -0.030021 -0.138435 0.014749
v -0.028239 -0.151753 0.010995
v -0.025803 -0.163596 0.006724
v -0.021343 -0.174486 0.003549
v -0.022865 -0.174486 0.002370
v -0.024327 -0.174486 0.001117
v -0.020890 -0.184262 -0.002997
v -0.027437 -0.163596 0.005289
v -0.025725 -0.174486 -0.000205
v -0.022107 -0.184262 -0.004130
v -0.029000 -0.163596 0.003774
v -0.030016 -0.151753 0.009380
v -0.031716 -0.151753 0.007675
v -0.031902 -0.138435 0.012976
v -0.033701 -0.138435 0.011105
v -0.033334 -0.151753 0.005884
v -0.030488 -0.163596 0.002182
v -0.035414 -0.138435 0.009139
v -0.037037 -0.138435 0.007084
v -0.034866 -0.151753 0.004011
v -0.031897 -0.163596 0.000518
v -0.027057 -0.174486 -0.001594
v -0.028318 -0.174486 -0.003046
v -0.023265 -0.184262 -0.005319
v -0.024362 -0.184262 -0.006563
v -0.029505 -0.174486 -0.004558
v -0.025395 -0.184262 -0.007857
v -0.033225 -0.163596 -0.001214
v -0.030617 -0.174486 -0.006126
v -0.026362 -0.184262 -0.009200
v -0.034467 -0.163596 -0.003011
v -0.036310 -0.151753 0.002062
v -0.037661 -0.151753 0.000041
v -0.038566 -0.138435 0.004944
v -0.039996 -0.138435 0.002725
v -0.038916 -0.151753 -0.002048
v -0.035622 -0.163596 -0.004867
v -0.041325 -0.138435 0.000431
v -0.042550 -0.138435 -0.001930
v -0.040073 -0.151753 -0.004200
v -0.036686 -0.163596 -0.006780
v -0.031650 -0.174486 -0.007746
v -0.032602 -0.174486 -0.009414
v -0.027261 -0.184262 -0.010587
v -0.028088 -0.184262 -0.012016
v -0.033470 -0.174486 -0.011127
v -0.028844 -0.184262 -0.013483
v -0.037656 -0.163596 -0.008742
v -0.034252 -0.174486 -0.012880
v -0.029524 -0.184262 -0.014984
v -0.038530 -0.163596 -0.010751
v -0.041128 -0.151753 -0.006409
v -0.042079 -0.151753 -0.008669
v -0.043667 -0.138435 -0.004355
v -0.044674 -0.138435 -0.006836
v -0.042923 -0.151753 -0.010971
v -0.039307 -0.163596 -0.012797
v -0.045567 -0.138435 -0.009363
v -0.046343 -0.138435 -0.011899
v -0.043655 -0.151753 -0.013281
v -0.039980 -0.163596 -0.014850
v -0.034947 -0.174486 -0.014665
v -0.035549 -0.174486 -0.016456
v -0.030128 -0.184262 -0.016513
v -0.030653 -0.184262 -0.018047
v -0.036056 -0.174486 -0.018225
v -0.031094 -0.184262 -0.019561
v -0.040547 -0.163596 -0.016876
v -0.036464 -0.174486 -0.019940
v -0.031448 -0.184262 -0.021031
v -0.041003 -0.163596 -0.018842
v -0.044272 -0.151753 -0.015561
v -0.044767 -0.151753 -0.017772
v -0.046995 -0.138435 -0.014402
v -0.047520 -0.138435 -0.016830
v -0.045142 -0.151753 -0.019874
v -0.041347 -0.163596 -0.020709
v -0.047916 -0.138435 -0.019136
v -0.048204 -0.138435 -0.021257
v -0.045414 -0.151753 -0.021806
v -0.041597 -0.163596 -0.022427
v -0.036772 -0.174486 -0.021570
v -0.036996 -0.174486 -0.023068
v -0.031716 -0.184262 -0.022426
v -0.031911 -0.184262 -0.023709
v -0.037155 -0.174486 -0.024386
v -0.032049 -0.184262 -0.024838
v -0.041774 -0.163596 -0.023937
v -0.037267 -0.174486 -0.025476
v -0.032146 -0.184262 -0.025772
v -0.041900 -0.163596 -0.025186
v -0.045606 -0.151753 -0.023506
v -0.045743 -0.151753 -0.024911
v -0.048408 -0.138435 -0.023124
v -0.048552 -0.138435 -0.024666
v -0.045717 -0.151753 -0.025978
v -0.041876 -0.163596 -0.026134
v -0.048525 -0.138435 -0.025837
v -0.047672 -0.138435 -0.026678
v -0.044911 -0.151753 -0.026744
v -0.041135 -0.163596 -0.026815
v -0.037246 -0.174486 -0.026303
v -0.036583 -0.174486 -0.026897
v -0.032128 -0.184262 -0.026480
v -0.031552 -0.184262 -0.026989
v -0.034664 -0.174486 -0.027302
v -0.029882 -0.184262 -0.027336
v -0.038991 -0.163596 -0.027279
v -0.030875 -0.174486 -0.027562
v -0.026587 -0.184262 -0.027558
v -0.034756 -0.163596 -0.027577
v -0.042580 -0.151753 -0.027266
v -0.037975 -0.151753 -0.027601
v -0.045204 -0.138435 -0.027251
v -0.040328 -0.138435 -0.027619
v -0.030601 -0.151753 -0.027801
v -0.027974 -0.163596 -0.027755
v -0.032521 -0.138435 -0.027839
v -0.022316 -0.138435 -0.027952
v -0.020962 -0.151753 -0.027904
v -0.019110 -0.163596 -0.027846
v -0.024808 -0.174486 -0.027717
v -0.016877 -0.174486 -0.027797
v -0.021308 -0.184262 -0.027691
v -0.014410 -0.184262 -0.027760
v -0.007704 -0.174486 -0.027827
v -0.006430 -0.184262 -0.027785
v -0.008857 -0.163596 -0.027880
v 0.002090 -0.174486 -0.027831
v 0.002090 -0.184262 -0.027788
v 0.002090 -0.163596 -0.027885
v -0.009814 -0.151753 -0.027942
v 0.002090 -0.151753 -0.027948
v -0.010513 -0.138435 -0.027994
v 0.002090 -0.138435 -0.028000
v 0.013993 -0.151753 -0.027942
v 0.013036 -0.163596 -0.027880
v 0.014692 -0.138435 -0.027994
v 0.026495 -0.138435 -0.027952
v 0.025141 -0.151753 -0.027904
v 0.023289 -0.163596 -0.027846
v 0.011883 -0.174486 -0.027827
v 0.021056 -0.174486 -0.027797
v 0.010609 -0.184262 -0.027785
v 0.018589 -0.184262 -0.027760
v 0.028987 -0.174486 -0.027717
v 0.025488 -0.184262 -0.027691
v 0.032153 -0.163596 -0.027755
v 0.035054 -0.174486 -0.027562
v 0.030766 -0.184262 -0.027558
v 0.038935 -0.163596 -0.027577
v 0.034780 -0.151753 -0.027801
v 0.042154 -0.151753 -0.027601
v 0.036700 -0.138435 -0.027839
v 0.044507 -0.138435 -0.027619
v 0.046759 -0.151753 -0.027266
v 0.043170 -0.163596 -0.027279
v 0.049383 -0.138435 -0.027251
v 0.051852 -0.138435 -0.026678
v 0.049091 -0.151753 -0.026744
v 0.045314 -0.163596 -0.026815
v 0.038843 -0.174486 -0.027302
v 0.040762 -0.174486 -0.026897
v 0.034062 -0.184262 -0.027336
v 0.035731 -0.184262 -0.026989
v 0.041425 -0.174486 -0.026303
v 0.036307 -0.184262 -0.026480
v 0.046055 -0.163596 -0.026134
v 0.041446 -0.174486 -0.025476
v 0.036326 -0.184262 -0.025772
v 0.046079 -0.163596 -0.025186
v 0.049896 -0.151753 -0.025978
v 0.049922 -0.151753 -0.024911
v 0.052704 -0.138435 -0.025837
v 0.052732 -0.138435 -0.024666
v 0.049786 -0.151753 -0.023506
v 0.045954 -0.163596 -0.023937
v 0.052587 -0.138435 -0.023124
v 0.052383 -0.138435 -0.021257
v 0.049593 -0.151753 -0.021806
v 0.045776 -0.163596 -0.022427
v 0.041334 -0.174486 -0.024386
v 0.041175 -0.174486 -0.023068
v 0.036228 -0.184262 -0.024838
v 0.036090 -0.184262 -0.023709
v 0.040951 -0.174486 -0.021570
v 0.035896 -0.184262 -0.022426
v 0.045526 -0.163596 -0.020709
v 0.040643 -0.174486 -0.019940
v 0.035627 -0.184262 -0.021031
v 0.045182 -0.163596 -0.018842
v 0.049321 -0.151753 -0.019874
v 0.048946 -0.151753 -0.017772
v 0.052095 -0.138435 -0.019136
v 0.051699 -0.138435 -0.016830
v 0.048451 -0.151753 -0.015561
v 0.044726 -0.163596 -0.016876
v 0.051174 -0.138435 -0.014402
v 0.050522 -0.138435 -0.011899
v 0.047835 -0.151753 -0.013281
v 0.044159 -0.163596 -0.014850
v 0.040236 -0.174486 -0.018225
v 0.039728 -0.174486 -0.016456
v 0.035273 -0.184262 -0.019562
v 0.034832 -0.184262 -0.018047
v 0.039126 -0.174486 -0.014665
v 0.034307 -0.184262 -0.016513
v 0.043486 -0.163596 -0.012797
v 0.038431 -0.174486 -0.012880
v 0.033703 -0.184262 -0.014984
v 0.042710 -0.163596 -0.010751
v 0.047102 -0.151753 -0.010971
v 0.046258 -0.151753 -0.008669
v 0.049746 -0.138435 -0.009363
v 0.048853 -0.138435 -0.006836
v 0.045307 -0.151753 -0.006409
v 0.041835 -0.163596 -0.008742
v 0.047846 -0.138435 -0.004355
v 0.046729 -0.138435 -0.001930
v 0.044252 -0.151753 -0.004200
v 0.040865 -0.163596 -0.006780
v 0.037649 -0.174486 -0.011127
v 0.036781 -0.174486 -0.009414
v 0.033023 -0.184262 -0.013483
v 0.032268 -0.184262 -0.012016
v 0.035829 -0.174486 -0.007746
v 0.031440 -0.184262 -0.010587
v 0.039801 -0.163596 -0.004867
v 0.034796 -0.174486 -0.006126
v 0.030541 -0.184262 -0.009200
v 0.038647 -0.163596 -0.003011
v 0.043096 -0.151753 -0.002048
v 0.041840 -0.151753 0.000041
v 0.045504 -0.138435 0.000431
v 0.044175 -0.138435 0.002725
v 0.040489 -0.151753 0.002062
v 0.037404 -0.163596 -0.001214
v 0.042745 -0.138435 0.004944
v 0.041216 -0.138435 0.007084
v 0.039045 -0.151753 0.004011
v 0.036076 -0.163596 0.000518
v 0.033685 -0.174486 -0.004558
v 0.032497 -0.174486 -0.003046
v 0.029574 -0.184262 -0.007857
v 0.028541 -0.184262 -0.006563
v 0.031236 -0.174486 -0.001594
v 0.027444 -0.184262 -0.005319
v 0.034667 -0.163596 0.002182
v 0.029904 -0.174486 -0.000205
v 0.026286 -0.184262 -0.004130
v 0.033179 -0.163596 0.003774
v 0.037513 -0.151753 0.005884
v 0.035895 -0.151753 0.007675
v 0.039594 -0.138435 0.009139
v 0.037881 -0.138435 0.011105
v 0.034195 -0.151753 0.009380
v 0.031616 -0.163596 0.005289
v 0.036081 -0.138435 0.012976
v 0.034200 -0.138435 0.014749
v 0.032418 -0.151753 0.010995
v 0.029982 -0.163596 0.006724
v 0.028506 -0.174486 0.001117
v 0.027044 -0.174486 0.002370
v 0.025069 -0.184262 -0.002997
v 0.023798 -0.184262 -0.001925
v 0.025522 -0.174486 0.003549
v 0.022474 -0.184262 -0.000914
v 0.028280 -0.163596 0.008076
v 0.023944 -0.174486 0.004654
v 0.021100 -0.184262 0.000031
v 0.026516 -0.163596 0.009342
v 0.030569 -0.151753 0.012516
v 0.028650 -0.151753 0.013940
v 0.032242 -0.138435 0.016419
v 0.030210 -0.138435 0.017982
v 0.026668 -0.151753 0.015263
v 0.024693 -0.163596 0.010517
v 0.028111 -0.138435 0.019434
v 0.025950 -0.138435 0.020772
v 0.024626 -0.151753 0.016481
v 0.022815 -0.163596 0.011601
v 0.022312 -0.174486 0.005679
v 0.020632 -0.174486 0.006625
v 0.019681 -0.184262 0.000910
v 0.018220 -0.184262 0.001719
v 0.018908 -0.174486 0.007487
v 0.016720 -0.184262 0.002458
v 0.020888 -0.163596 0.012589
v 0.017143 -0.174486 0.008264
v 0.015184 -0.184262 0.003123
v 0.018915 -0.163596 0.013479
v 0.022530 -0.151753 0.017593
v 0.020385 -0.151753 0.018595
v 0.023731 -0.138435 0.021993
v 0.021460 -0.138435 0.023093
v 0.018195 -0.151753 0.019485
v 0.016902 -0.163596 0.014270
v 0.019142 -0.138435 0.024070
v 0.016783 -0.138435 0.024921
v 0.015967 -0.151753 0.020261
v 0.014852 -0.163596 0.014959
v 0.015342 -0.174486 0.008954
v 0.013508 -0.174486 0.009555
v 0.013617 -0.184262 0.003714
v 0.012023 -0.184262 0.004229
v 0.011647 -0.174486 0.010067
v 0.010404 -0.184262 0.004667
v 0.012773 -0.163596 0.015545
v 0.009764 -0.174486 0.010487
v 0.008765 -0.184262 0.005027
v 0.010667 -0.163596 0.016027
v 0.013706 -0.151753 0.020920
v 0.011416 -0.151753 0.021462
v 0.014388 -0.138435 0.025645
v 0.011964 -0.138435 0.026240
v 0.009104 -0.151753 0.021885
v 0.008541 -0.163596 0.016403
v 0.009517 -0.138435 0.026704
v 0.007051 -0.138435 0.027036
v 0.006776 -0.151753 0.022187
v 0.006399 -0.163596 0.016672
v 0.007861 -0.174486 0.010815
v 0.005945 -0.174486 0.011050
v 0.007110 -0.184262 0.005308
v 0.005444 -0.184262 0.005509
v 0.004020 -0.174486 0.011191
v 0.003769 -0.184262 0.005630
v 0.004247 -0.163596 0.016833
v 0.002090 -0.174486 0.011238
v 0.002090 -0.184262 0.005670
v 0.002090 -0.163596 0.016887
v 0.004435 -0.151753 0.022369
v 0.002090 -0.151753 0.022430
v 0.004573 -0.138435 0.027236
v 0.002090 -0.138435 0.027303
v -0.000394 -0.138435 0.027236
v -0.000256 -0.151753 0.022369
v -0.000068 -0.163596 0.016833
v -0.002872 -0.138435 0.027036
v -0.002596 -0.151753 0.022187
v -0.002220 -0.163596 0.016672
v 0.000159 -0.174486 0.011191
v -0.001766 -0.174486 0.011050
v 0.000411 -0.184262 0.005630
v -0.001264 -0.184262 0.005509
v -0.003682 -0.174486 0.010815
v -0.002931 -0.184262 0.005308
v -0.004362 -0.163596 0.016403
v -0.005585 -0.174486 0.010487
v -0.004586 -0.184262 0.005027
v -0.006488 -0.163596 0.016027
v -0.004925 -0.151753 0.021885
v -0.007237 -0.151753 0.021462
v -0.005337 -0.138435 0.026704
v -0.007785 -0.138435 0.026240
v -0.009527 -0.151753 0.020920
v -0.008593 -0.163596 0.015545
v -0.010209 -0.138435 0.025645
v -0.007468 -0.174486 0.010067
v -0.006225 -0.184262 0.004667
v -0.004940 -0.192596 -0.000561
v -0.003555 -0.192596 -0.000260
v -0.002156 -0.192596 -0.000024
v -0.003692 -0.199160 -0.005526
v -0.002552 -0.199160 -0.005280
v -0.001402 -0.199160 -0.005088
v -0.000746 -0.192596 0.000144
v -0.000243 -0.199160 -0.004951
v -0.001633 -0.203752 -0.009935
v -0.000710 -0.203752 -0.009783
v 0.000219 -0.203752 -0.009674
v -0.000100 -0.206685 -0.013983
v 0.000627 -0.206685 -0.013900
v -0.000821 -0.206685 -0.014099
v -0.002547 -0.203752 -0.010130
v -0.001536 -0.206685 -0.014248
v -0.000679 -0.208396 -0.017751
v -0.000133 -0.208396 -0.017641
v 0.000002 -0.209326 -0.020509
v 0.000414 -0.209326 -0.020429
v 0.000498 -0.209855 -0.022445
v 0.000813 -0.209855 -0.022387
v 0.001130 -0.209855 -0.022342
v 0.000829 -0.209326 -0.020367
v 0.001449 -0.209855 -0.022308
v 0.001248 -0.209326 -0.020323
v 0.000418 -0.208396 -0.017555
v 0.000973 -0.208396 -0.017494
v 0.001530 -0.208396 -0.017457
v 0.001357 -0.206685 -0.013849
v 0.001668 -0.209326 -0.020296
v 0.002090 -0.208396 -0.017444
v 0.002090 -0.206685 -0.013833
v 0.002090 -0.209326 -0.020287
v 0.001769 -0.209855 -0.022287
v 0.002090 -0.209855 -0.022279
v 0.001842 -0.210126 -0.023558
v 0.002090 -0.210126 -0.023544
v 0.002410 -0.209855 -0.022287
v 0.002511 -0.209326 -0.020296
v 0.002730 -0.209855 -0.022308
v 0.002932 -0.209326 -0.020323
v 0.002649 -0.208396 -0.017457
v 0.003206 -0.208396 -0.017494
v 0.002822 -0.206685 -0.013849
v 0.003552 -0.206685 -0.013900
v 0.003762 -0.208396 -0.017555
v 0.004279 -0.206685 -0.013983
v 0.003350 -0.209326 -0.020367
v 0.004313 -0.208396 -0.017641
v 0.005000 -0.206685 -0.014099
v 0.003765 -0.209326 -0.020429
v 0.003049 -0.209855 -0.022342
v 0.003367 -0.209855 -0.022387
v 0.003681 -0.209855 -0.022445
v 0.004177 -0.209326 -0.020509
v 0.003991 -0.209855 -0.022514
v 0.004583 -0.209326 -0.020605
v 0.004858 -0.208396 -0.017751
v 0.005397 -0.208396 -0.017885
v 0.005715 -0.206685 -0.014248
v 0.006421 -0.206685 -0.014430
v 0.005928 -0.208396 -0.018043
v 0.007116 -0.206685 -0.014643
v 0.004983 -0.209326 -0.020719
v 0.006450 -0.208396 -0.018224
v 0.007799 -0.206685 -0.014888
v 0.005377 -0.209326 -0.020850
v 0.004297 -0.209855 -0.022595
v 0.004597 -0.209855 -0.022689
v 0.003836 -0.210126 -0.023794
v 0.004072 -0.210126 -0.023857
v 0.004890 -0.209855 -0.022797
v 0.005762 -0.209326 -0.020997
v 0.005175 -0.209855 -0.022918
v 0.006139 -0.209326 -0.021160
v 0.006962 -0.208396 -0.018428
v 0.007461 -0.208396 -0.018654
v 0.008469 -0.206685 -0.015164
v 0.009123 -0.206685 -0.015470
v 0.007948 -0.208396 -0.018902
v 0.009760 -0.206685 -0.015806
v 0.006506 -0.209326 -0.021339
v 0.008420 -0.208396 -0.019171
v 0.010379 -0.206685 -0.016170
v 0.006862 -0.209326 -0.021533
v 0.005454 -0.209855 -0.023049
v 0.005726 -0.209855 -0.023191
v 0.005990 -0.209855 -0.023343
v 0.007207 -0.209326 -0.021742
v 0.006244 -0.209855 -0.023505
v 0.007539 -0.209326 -0.021965
v 0.008878 -0.208396 -0.019461
v 0.009318 -0.208396 -0.019770
v 0.010978 -0.206685 -0.016562
v 0.011555 -0.206685 -0.016981
v 0.009742 -0.208396 -0.020099
v 0.012109 -0.206685 -0.017426
v 0.007858 -0.209326 -0.022203
v 0.010147 -0.208396 -0.020446
v 0.012640 -0.206685 -0.017895
v 0.008164 -0.209326 -0.022453
v 0.006490 -0.209855 -0.023676
v 0.006723 -0.209855 -0.023858
v 0.005564 -0.210126 -0.024618
v 0.005752 -0.210126 -0.024747
v 0.006943 -0.209855 -0.024049
v 0.008454 -0.209326 -0.022716
v 0.007151 -0.209855 -0.024251
v 0.008730 -0.209326 -0.022990
v 0.010533 -0.208396 -0.020810
v 0.010898 -0.208396 -0.021191
v 0.013145 -0.206685 -0.018388
v 0.013623 -0.206685 -0.018903
v 0.011242 -0.208396 -0.021587
v 0.014074 -0.206685 -0.019440
v 0.008989 -0.209326 -0.023277
v 0.011564 -0.208396 -0.021998
v 0.014495 -0.206685 -0.019997
v 0.009232 -0.209326 -0.023573
v 0.007347 -0.209855 -0.024460
v 0.007532 -0.209855 -0.024677
v 0.007705 -0.209855 -0.024900
v 0.009458 -0.209326 -0.023880
v 0.007865 -0.209855 -0.025130
v 0.009665 -0.209326 -0.024196
v 0.011863 -0.208396 -0.022423
v 0.012139 -0.208396 -0.022861
v 0.014887 -0.206685 -0.020572
v 0.015248 -0.206685 -0.021164
v 0.012390 -0.208396 -0.023310
v 0.015577 -0.206685 -0.021772
v 0.009855 -0.209326 -0.024520
v 0.012617 -0.208396 -0.023770
v 0.015874 -0.206685 -0.022394
v 0.010026 -0.209326 -0.024852
v 0.008012 -0.209855 -0.025365
v 0.008144 -0.209855 -0.025606
v 0.006762 -0.210126 -0.025903
v 0.006875 -0.210126 -0.026079
v 0.008258 -0.209855 -0.025852
v 0.010177 -0.209326 -0.025189
v 0.008355 -0.209855 -0.026099
v 0.010309 -0.209326 -0.025529
v 0.012818 -0.208396 -0.024238
v 0.012993 -0.208396 -0.024708
v 0.016137 -0.206685 -0.023028
v 0.016366 -0.206685 -0.023664
v 0.013140 -0.208396 -0.025172
v 0.016558 -0.206685 -0.024292
v 0.010420 -0.209326 -0.025863
v 0.013258 -0.208396 -0.025622
v 0.016713 -0.206685 -0.024901
v 0.010509 -0.209326 -0.026188
v 0.008437 -0.209855 -0.026343
v 0.008504 -0.209855 -0.026580
v 0.008554 -0.209855 -0.026805
v 0.010576 -0.209326 -0.026496
v 0.008591 -0.209855 -0.027012
v 0.010625 -0.209326 -0.026780
v 0.013347 -0.208396 -0.026049
v 0.013412 -0.208396 -0.026442
v 0.016830 -0.206685 -0.025479
v 0.016915 -0.206685 -0.026011
v 0.013458 -0.208396 -0.026788
v 0.016975 -0.206685 -0.026479
v 0.010660 -0.209326 -0.027029
v 0.013490 -0.208396 -0.027074
v 0.017017 -0.206685 -0.026866
v 0.010684 -0.209326 -0.027236
v 0.008617 -0.209855 -0.027194
v 0.008636 -0.209855 -0.027344
v 0.007178 -0.210126 -0.027291
v 0.007192 -0.210126 -0.027407
v 0.008633 -0.209855 -0.027459
v 0.010679 -0.209326 -0.027392
v 0.007191 -0.210126 -0.027495
v 0.008523 -0.209855 -0.027541
v 0.010535 -0.209326 -0.027505
v 0.007112 -0.210126 -0.027558
v 0.013484 -0.208396 -0.027291
v 0.013292 -0.208396 -0.027447
v 0.017009 -0.206685 -0.027160
v 0.016758 -0.206685 -0.027370
v 0.012736 -0.208396 -0.027553
v 0.016030 -0.206685 -0.027514
v 0.010116 -0.209326 -0.027581
v 0.011639 -0.208396 -0.027621
v 0.014593 -0.206685 -0.027606
v 0.009288 -0.209326 -0.027630
v 0.008206 -0.209855 -0.027596
v 0.007578 -0.209855 -0.027632
v 0.006881 -0.210126 -0.027600
v 0.006404 -0.210126 -0.027627
v 0.006569 -0.209855 -0.027654
v 0.007963 -0.209326 -0.027660
v 0.005618 -0.210126 -0.027643
v 0.005248 -0.209855 -0.027665
v 0.006231 -0.209326 -0.027675
v 0.004580 -0.210126 -0.027650
v 0.009881 -0.208396 -0.027662
v 0.007584 -0.208396 -0.027683
v 0.012292 -0.206685 -0.027662
v 0.009284 -0.206685 -0.027690
v 0.004927 -0.208396 -0.027691
v 0.005804 -0.206685 -0.027700
v 0.004228 -0.209326 -0.027681
v 0.002090 -0.208396 -0.027692
v 0.002090 -0.206685 -0.027702
v 0.002090 -0.209326 -0.027681
v 0.003721 -0.209855 -0.027669
v 0.002090 -0.209855 -0.027669
v 0.003376 -0.210126 -0.027653
v 0.002090 -0.210126 -0.027653
v 0.000458 -0.209855 -0.027669
v -0.000049 -0.209326 -0.027681
v 0.000803 -0.210126 -0.027653
v -0.001069 -0.209855 -0.027665
v -0.002052 -0.209326 -0.027675
v -0.000401 -0.210126 -0.027650
v -0.000748 -0.208396 -0.027691
v -0.003405 -0.208396 -0.027683
v -0.001625 -0.206685 -0.027700
v -0.005105 -0.206685 -0.027690
v -0.005702 -0.208396 -0.027662
v -0.008113 -0.206685 -0.027662
v -0.003784 -0.209326 -0.027660
v -0.007460 -0.208396 -0.027621
v -0.010414 -0.206685 -0.027606
v -0.005109 -0.209326 -0.027630
v -0.002390 -0.209855 -0.027654
v -0.003399 -0.209855 -0.027632
v -0.001439 -0.210126 -0.027643
v -0.002225 -0.210126 -0.027627
v -0.002701 -0.210126 -0.027600
v -0.004027 -0.209855 -0.027596
v -0.005937 -0.209326 -0.027581
v -0.004344 -0.209855 -0.027541
v -0.006356 -0.209326 -0.027505
v -0.002933 -0.210126 -0.027558
v -0.008557 -0.208396 -0.027553
v -0.009113 -0.208396 -0.027447
v -0.011851 -0.206685 -0.027514
v -0.012579 -0.206685 -0.027370
v -0.009305 -0.208396 -0.027291
v -0.012830 -0.206685 -0.027160
v -0.006500 -0.209326 -0.027392
v -0.009311 -0.208396 -0.027074
v -0.012838 -0.206685 -0.026866
v -0.006505 -0.209326 -0.027236
v -0.004453 -0.209855 -0.027459
v -0.004457 -0.209854 -0.027344
v -0.003011 -0.210126 -0.027495
v -0.003013 -0.210126 -0.027407
v -0.004438 -0.209855 -0.027194
v -0.006480 -0.209326 -0.027029
v -0.004412 -0.209855 -0.027012
v -0.006446 -0.209326 -0.026780
v -0.009279 -0.208396 -0.026788
v -0.009233 -0.208396 -0.026442
v -0.012796 -0.206685 -0.026479
v -0.012736 -0.206685 -0.026011
v -0.009168 -0.208396 -0.026049
v -0.012651 -0.206685 -0.025479
v -0.006397 -0.209326 -0.026496
v -0.009079 -0.208396 -0.025622
v -0.012534 -0.206685 -0.024901
v -0.006330 -0.209326 -0.026188
v -0.004375 -0.209855 -0.026805
v -0.004324 -0.209855 -0.026580
v -0.004258 -0.209855 -0.026343
v -0.006241 -0.209326 -0.025863
v -0.004176 -0.209855 -0.026099
v -0.006130 -0.209326 -0.025529
v -0.008961 -0.208396 -0.025172
v -0.008814 -0.208396 -0.024708
v -0.012379 -0.206685 -0.024292
v -0.012187 -0.206685 -0.023664
v -0.008639 -0.208396 -0.024238
v -0.011958 -0.206685 -0.023028
v -0.005998 -0.209326 -0.025189
v -0.008438 -0.208396 -0.023770
v -0.011695 -0.206685 -0.022394
v -0.005847 -0.209326 -0.024852
v -0.004078 -0.209855 -0.025852
v -0.003965 -0.209855 -0.025606
v -0.002772 -0.210126 -0.026265
v -0.002696 -0.210126 -0.026079
v -0.003833 -0.209855 -0.025365
v -0.005676 -0.209326 -0.024520
v -0.003686 -0.209855 -0.025130
v -0.005486 -0.209326 -0.024196
v -0.008211 -0.208396 -0.023310
v -0.007960 -0.208396 -0.022861
v -0.011398 -0.206685 -0.021772
v -0.011069 -0.206685 -0.021164
v -0.007684 -0.208396 -0.022423
v -0.010708 -0.206685 -0.020572
v -0.005278 -0.209326 -0.023880
v -0.007385 -0.208396 -0.021998
v -0.010316 -0.206685 -0.019997
v -0.005053 -0.209326 -0.023573
v -0.003526 -0.209855 -0.024900
v -0.003353 -0.209855 -0.024677
v -0.003168 -0.209855 -0.024460
v -0.004810 -0.209326 -0.023277
v -0.002972 -0.209855 -0.024251
v -0.004551 -0.209326 -0.022990
v -0.007063 -0.208396 -0.021587
v -0.006719 -0.208396 -0.021191
v -0.009894 -0.206685 -0.019440
v -0.009444 -0.206685 -0.018903
v -0.006353 -0.208396 -0.020810
v -0.008966 -0.206685 -0.018388
v -0.004275 -0.209326 -0.022716
v -0.005968 -0.208396 -0.020446
v -0.008461 -0.206685 -0.017895
v -0.003985 -0.209326 -0.022453
v -0.002764 -0.209855 -0.024049
v -0.002544 -0.209855 -0.023858
v -0.001734 -0.210126 -0.024895
v -0.001573 -0.210126 -0.024747
v -0.002311 -0.209855 -0.023676
v -0.003679 -0.209326 -0.022203
v -0.005563 -0.208396 -0.020099
v -0.007930 -0.206685 -0.017426
v -0.011403 -0.203752 -0.014896
v -0.010725 -0.203752 -0.014283
v -0.012049 -0.203752 -0.015541
v -0.015540 -0.199160 -0.012359
v -0.014735 -0.199160 -0.011545
v -0.013889 -0.199160 -0.010770
v -0.016303 -0.199160 -0.013210
v -0.012660 -0.203752 -0.016214
v -0.019347 -0.192596 -0.008929
v -0.020275 -0.192596 -0.009971
v -0.018368 -0.192596 -0.007932
v -0.017340 -0.192596 -0.006983
v -0.021149 -0.192596 -0.011056
v -0.017021 -0.199160 -0.014095
v -0.021966 -0.192596 -0.012181
v -0.017694 -0.199160 -0.015014
v -0.022726 -0.192596 -0.013343
v -0.018318 -0.199160 -0.015963
v -0.023426 -0.192596 -0.014540
v -0.018894 -0.199160 -0.016941
v -0.014739 -0.203752 -0.019169
v -0.014277 -0.203752 -0.018395
v -0.013776 -0.203752 -0.017643
v -0.013237 -0.203752 -0.016916
v -0.019419 -0.199160 -0.017945
v -0.015160 -0.203752 -0.019964
v -0.015539 -0.203752 -0.020777
v -0.019892 -0.199160 -0.018972
v -0.020312 -0.199160 -0.020018
v -0.015876 -0.203752 -0.021606
v -0.020677 -0.199160 -0.021067
v -0.016168 -0.203752 -0.022437
v -0.025151 -0.192596 -0.018308
v -0.025594 -0.192596 -0.019594
v -0.024640 -0.192596 -0.017027
v -0.024064 -0.192596 -0.015769
v -0.025967 -0.192596 -0.020863
v -0.020984 -0.199160 -0.022103
v -0.026267 -0.192596 -0.022093
v -0.021230 -0.199160 -0.023108
v -0.026493 -0.192596 -0.023263
v -0.021417 -0.199160 -0.024063
v -0.026658 -0.192596 -0.024338
v -0.021552 -0.199160 -0.024941
v -0.016870 -0.203752 -0.025505
v -0.016762 -0.203752 -0.024809
v -0.016612 -0.203752 -0.024053
v -0.016414 -0.203752 -0.023257
v -0.021648 -0.199160 -0.025714
v -0.016947 -0.203752 -0.026116
v -0.017001 -0.203752 -0.026622
v -0.021716 -0.199160 -0.026352
v -0.021703 -0.199160 -0.026837
v -0.016991 -0.203752 -0.027006
v -0.021302 -0.199160 -0.027185
v -0.016670 -0.203752 -0.027281
v -0.026841 -0.192596 -0.026660
v -0.026354 -0.192596 -0.027086
v -0.026857 -0.192596 -0.026066
v -0.026774 -0.192596 -0.025284
v -0.024943 -0.192596 -0.027376
v -0.020141 -0.199160 -0.027422
v -0.022156 -0.192596 -0.027563
v -0.017850 -0.199160 -0.027574
v -0.017693 -0.192596 -0.027674
v -0.014180 -0.199160 -0.027665
v -0.011860 -0.192596 -0.027732
v -0.009383 -0.199160 -0.027712
v -0.010958 -0.203752 -0.027662
v -0.013901 -0.203752 -0.027590
v -0.007111 -0.203752 -0.027699
v -0.015739 -0.203752 -0.027469
v -0.003834 -0.199160 -0.027729
v -0.002661 -0.203752 -0.027713
v 0.002090 -0.203752 -0.027715
v 0.002090 -0.199160 -0.027732
v 0.006840 -0.203752 -0.027713
v 0.008014 -0.199160 -0.027729
v 0.013562 -0.199160 -0.027712
v 0.011290 -0.203752 -0.027699
v 0.002090 -0.192596 -0.027756
v 0.009293 -0.192596 -0.027753
v 0.016040 -0.192596 -0.027732
v -0.005114 -0.192596 -0.027753
v 0.021873 -0.192596 -0.027674
v 0.018359 -0.199160 -0.027665
v 0.026335 -0.192596 -0.027563
v 0.022029 -0.199160 -0.027574
v 0.029122 -0.192596 -0.027376
v 0.024320 -0.199160 -0.027422
v 0.030533 -0.192596 -0.027086
v 0.025481 -0.199160 -0.027185
v 0.020849 -0.203752 -0.027281
v 0.019918 -0.203752 -0.027469
v 0.018080 -0.203752 -0.027590
v 0.015137 -0.203752 -0.027662
v 0.025882 -0.199160 -0.026837
v 0.021170 -0.203752 -0.027006
v 0.021181 -0.203752 -0.026622
v 0.025895 -0.199160 -0.026352
v 0.025827 -0.199160 -0.025714
v 0.021126 -0.203752 -0.026116
v 0.025731 -0.199160 -0.024941
v 0.021049 -0.203752 -0.025505
v 0.030954 -0.192596 -0.025284
v 0.030837 -0.192596 -0.024338
v 0.031036 -0.192596 -0.026066
v 0.031021 -0.192596 -0.026660
v 0.030672 -0.192596 -0.023263
v 0.025596 -0.199160 -0.024063
v 0.030446 -0.192596 -0.022093
v 0.025409 -0.199160 -0.023108
v 0.030146 -0.192596 -0.020863
v 0.025163 -0.199160 -0.022103
v 0.029773 -0.192596 -0.019594
v 0.024856 -0.199160 -0.021067
v 0.020348 -0.203752 -0.022437
v 0.020594 -0.203752 -0.023257
v 0.020791 -0.203752 -0.024053
v 0.020941 -0.203752 -0.024809
v 0.024491 -0.199160 -0.020018
v 0.020055 -0.203752 -0.021606
v 0.019718 -0.203752 -0.020777
v 0.024071 -0.199160 -0.018972
v 0.023598 -0.199160 -0.017945
v 0.019339 -0.203752 -0.019964
v 0.023073 -0.199160 -0.016941
v 0.018918 -0.203752 -0.019169
v 0.028243 -0.192596 -0.015769
v 0.027605 -0.192596 -0.014540
v 0.028819 -0.192596 -0.017027
v 0.029330 -0.192596 -0.018308
v 0.026905 -0.192596 -0.013343
v 0.022497 -0.199160 -0.015963
v 0.026145 -0.192596 -0.012181
v 0.021873 -0.199160 -0.015014
v 0.025328 -0.192596 -0.011056
v 0.021200 -0.199160 -0.014095
v 0.024454 -0.192596 -0.009971
v 0.020482 -0.199160 -0.013210
v 0.016840 -0.203752 -0.016214
v 0.017416 -0.203752 -0.016916
v 0.017955 -0.203752 -0.017643
v 0.018456 -0.203752 -0.018395
v 0.019719 -0.199160 -0.012359
v 0.016228 -0.203752 -0.015541
v 0.015582 -0.203752 -0.014896
v 0.018914 -0.199160 -0.011545
v 0.014904 -0.203752 -0.014283
v 0.018068 -0.199160 -0.010770
v 0.017184 -0.199160 -0.010037
v 0.014195 -0.203752 -0.013702
v 0.021519 -0.192596 -0.006983
v 0.020444 -0.192596 -0.006085
v 0.022547 -0.192596 -0.007932
v 0.023526 -0.192596 -0.008929
v 0.019324 -0.192596 -0.005238
v 0.016263 -0.199160 -0.009345
v 0.018163 -0.192596 -0.004446
v 0.015308 -0.199160 -0.008698
v 0.016963 -0.192596 -0.003710
v 0.014322 -0.199160 -0.008097
v 0.015728 -0.192596 -0.003031
v 0.013305 -0.199160 -0.007543
v 0.011084 -0.203752 -0.011727
v 0.011899 -0.203752 -0.012166
v 0.012691 -0.203752 -0.012642
v 0.013456 -0.203752 -0.013154
v 0.012262 -0.199160 -0.007038
v 0.010248 -0.203752 -0.011327
v 0.009392 -0.203752 -0.010967
v 0.011195 -0.199160 -0.006583
v 0.008518 -0.203752 -0.010646
v 0.010105 -0.199160 -0.006179
v 0.008996 -0.199160 -0.005826
v 0.007629 -0.203752 -0.010367
v 0.011836 -0.192596 -0.001360
v 0.010488 -0.192596 -0.000928
v 0.013161 -0.192596 -0.001855
v 0.014459 -0.192596 -0.002413
v 0.009119 -0.192596 -0.000561
v 0.007871 -0.199160 -0.005526
v 0.007734 -0.192596 -0.000260
v 0.006731 -0.199160 -0.005280
v 0.006335 -0.192596 -0.000024
v 0.005581 -0.199160 -0.005088
v 0.004925 -0.192596 0.000144
v 0.004422 -0.199160 -0.004951
v 0.003960 -0.203752 -0.009674
v 0.004889 -0.203752 -0.009783
v 0.005812 -0.203752 -0.009935
v 0.006726 -0.203752 -0.010130
v 0.003257 -0.199160 -0.004868
v 0.003026 -0.203752 -0.009609
v 0.002090 -0.203752 -0.009587
v 0.002090 -0.199160 -0.004840
v 0.001153 -0.203752 -0.009609
v 0.000922 -0.199160 -0.004868
v 0.000670 -0.192596 0.000245
v 0.002090 -0.192596 0.000279
v 0.003509 -0.192596 0.000245
v -0.000971 -0.210226 -0.025246
v -0.001065 -0.210226 -0.025374
v -0.000658 -0.210240 -0.025470
v -0.001909 -0.210226 -0.026338
v -0.001930 -0.210226 -0.026483
v -0.001501 -0.210240 -0.026447
v -0.001972 -0.210226 -0.027433
v -0.001974 -0.210226 -0.027508
v -0.001137 -0.210240 -0.027505
v -0.001133 -0.210240 -0.027434
v -0.001928 -0.210226 -0.027561
v -0.001123 -0.210240 -0.027556
v -0.000343 -0.210240 -0.027547
v -0.000333 -0.210240 -0.027494
v -0.000372 -0.210240 -0.027583
v -0.001079 -0.210240 -0.027589
v 0.000399 -0.210240 -0.027579
v 0.001228 -0.210240 -0.027575
v 0.001154 -0.210240 -0.027608
v 0.000272 -0.210240 -0.027609
v -0.000495 -0.210240 -0.027609
v 0.000025 -0.210226 -0.027632
v -0.000831 -0.210226 -0.027628
v 0.001023 -0.210226 -0.027633
v -0.001455 -0.210226 -0.027617
v -0.001014 -0.210240 -0.027606
v -0.001786 -0.210226 -0.027596
v 0.002090 -0.210226 -0.027633
v 0.002090 -0.210240 -0.027607
v 0.003156 -0.210226 -0.027633
v 0.003026 -0.210240 -0.027608
v 0.004154 -0.210226 -0.027632
v 0.003907 -0.210240 -0.027609
v 0.002951 -0.210240 -0.027575
v 0.002090 -0.210240 -0.027573
v 0.003781 -0.210240 -0.027579
v 0.004674 -0.210240 -0.027609
v 0.004551 -0.210240 -0.027583
v 0.005258 -0.210240 -0.027589
v 0.005302 -0.210240 -0.027556
v 0.005193 -0.210240 -0.027606
v 0.006107 -0.210226 -0.027561
v 0.005965 -0.210226 -0.027596
v 0.005634 -0.210226 -0.027617
v 0.005010 -0.210226 -0.027628
v 0.006153 -0.210226 -0.027508
v 0.005316 -0.210240 -0.027505
v 0.006152 -0.210226 -0.027433
v 0.005312 -0.210240 -0.027434
v 0.006140 -0.210226 -0.027335
v 0.006088 -0.210226 -0.026338
v 0.005967 -0.210226 -0.026215
v 0.005680 -0.210240 -0.026447
v 0.005150 -0.210226 -0.025246
v 0.004979 -0.210226 -0.025168
v 0.004837 -0.210240 -0.025470
v 0.003746 -0.210226 -0.024516
v 0.003552 -0.210226 -0.024494
v 0.003577 -0.210240 -0.024817
v 0.002090 -0.210226 -0.024260
v 0.001902 -0.210226 -0.024297
v 0.002090 -0.210240 -0.024587
v 0.001975 -0.210240 -0.024707
v -0.008087 -0.122953 0.029717
v -0.010585 -0.122953 0.029083
v -0.010599 -0.104617 0.030599
v -0.008098 -0.104617 0.031248
v -0.007812 -0.083125 0.030491
v -0.010243 -0.083125 0.029851
v -0.007371 -0.059721 0.028302
v -0.009694 -0.059721 0.027688
v -0.005358 -0.083125 0.030990
v -0.005573 -0.104617 0.031755
v -0.005026 -0.059721 0.028781
v -0.002885 -0.083125 0.031348
v -0.003029 -0.104617 0.032118
v -0.002664 -0.059721 0.029124
v -0.005564 -0.122953 0.030210
v -0.003023 -0.122953 0.030564
v -0.000473 -0.104617 0.032336
v -0.000470 -0.122953 0.030777
v 0.002090 -0.122953 0.030848
v 0.002090 -0.104617 0.032409
v 0.002090 -0.083125 0.031634
v -0.000401 -0.083125 0.031562
v 0.002090 -0.059721 0.029399
v -0.000290 -0.059721 0.029331
v 0.004469 -0.059721 0.029331
v 0.004580 -0.083125 0.031562
v 0.004652 -0.104617 0.032336
v 0.007064 -0.083125 0.031348
v 0.007208 -0.104617 0.032118
v 0.006843 -0.059721 0.029124
v 0.004649 -0.122953 0.030777
v 0.007202 -0.122953 0.030564
v 0.009752 -0.104617 0.031755
v 0.009744 -0.122953 0.030210
v 0.012266 -0.122953 0.029717
v 0.012278 -0.104617 0.031248
v 0.011992 -0.083125 0.030491
v 0.009537 -0.083125 0.030990
v 0.011551 -0.059721 0.028302
v 0.009205 -0.059721 0.028781
v 0.014422 -0.083125 0.029851
v 0.014779 -0.104617 0.030599
v 0.013873 -0.059721 0.027688
v 0.016823 -0.083125 0.029072
v 0.017249 -0.104617 0.029808
v 0.016167 -0.059721 0.026941
v 0.014764 -0.122953 0.029084
v 0.017232 -0.122953 0.028313
v 0.019683 -0.104617 0.028879
v 0.019663 -0.122953 0.027407
v 0.022052 -0.122953 0.026367
v 0.022074 -0.104617 0.027812
v 0.021513 -0.083125 0.027106
v 0.019189 -0.083125 0.028156
v 0.020648 -0.059721 0.025053
v 0.018427 -0.059721 0.026062
v 0.023790 -0.083125 0.025922
v 0.024417 -0.104617 0.026611
v 0.022824 -0.059721 0.023917
v 0.026016 -0.083125 0.024609
v 0.026707 -0.104617 0.025278
v 0.024950 -0.059721 0.022657
v 0.024392 -0.122953 0.025196
v 0.026679 -0.122953 0.023897
v 0.028937 -0.104617 0.023818
v 0.028907 -0.122953 0.022473
v 0.031070 -0.122953 0.020927
v 0.031103 -0.104617 0.022232
v 0.030288 -0.083125 0.021608
v 0.028183 -0.083125 0.023170
v 0.029032 -0.059721 0.019776
v 0.027021 -0.059721 0.021276
v 0.032325 -0.083125 0.019926
v 0.033198 -0.104617 0.020526
v 0.030978 -0.059721 0.018163
v 0.034289 -0.083125 0.018130
v 0.035219 -0.104617 0.018702
v 0.032855 -0.059721 0.016438
v 0.033163 -0.122953 0.019264
v 0.035182 -0.122953 0.017486
v 0.037160 -0.104617 0.016766
v 0.037121 -0.122953 0.015599
v 0.038975 -0.122953 0.013607
v 0.039016 -0.104617 0.014723
v 0.037979 -0.083125 0.014209
v 0.036175 -0.083125 0.016222
v 0.036381 -0.059721 0.012675
v 0.034657 -0.059721 0.014608
v 0.039697 -0.083125 0.012094
v 0.040784 -0.104617 0.012576
v 0.038022 -0.059721 0.010646
v 0.041324 -0.083125 0.009883
v 0.042458 -0.104617 0.010332
v 0.039577 -0.059721 0.008523
v 0.040740 -0.122953 0.011514
v 0.042413 -0.122953 0.009326
v 0.044035 -0.104617 0.007996
v 0.043988 -0.122953 0.007049
v 0.045462 -0.122953 0.004687
v 0.045511 -0.104617 0.005572
v 0.044291 -0.083125 0.005193
v 0.042857 -0.083125 0.007581
v 0.042412 -0.059721 0.004023
v 0.041042 -0.059721 0.006314
v 0.045624 -0.083125 0.002726
v 0.046882 -0.104617 0.003069
v 0.043686 -0.059721 0.001655
v 0.046852 -0.083125 0.000185
v 0.048145 -0.104617 0.000490
v 0.044859 -0.059721 -0.000783
v 0.046832 -0.122953 0.002246
v 0.048094 -0.122953 -0.000268
v 0.049298 -0.104617 -0.002158
v 0.049245 -0.122953 -0.002849
v 0.050283 -0.122953 -0.005490
v 0.050337 -0.104617 -0.004867
v 0.048982 -0.083125 -0.005093
v 0.047972 -0.083125 -0.002423
v 0.046894 -0.059721 -0.005849
v 0.045929 -0.059721 -0.003287
v 0.049878 -0.083125 -0.007811
v 0.051259 -0.104617 -0.007626
v 0.047750 -0.059721 -0.008457
v 0.050655 -0.083125 -0.010539
v 0.052059 -0.104617 -0.010394
v 0.048493 -0.059721 -0.011076
v 0.051203 -0.122953 -0.008179
v 0.052003 -0.122953 -0.010878
v 0.052732 -0.104617 -0.013127
v 0.052675 -0.122953 -0.013543
v 0.053216 -0.122953 -0.016127
v 0.053273 -0.104617 -0.015778
v 0.051836 -0.083125 -0.015843
v 0.051310 -0.083125 -0.013231
v 0.049621 -0.059721 -0.016167
v 0.049118 -0.059721 -0.013660
v 0.052233 -0.083125 -0.018325
v 0.053682 -0.104617 -0.018297
v 0.050001 -0.059721 -0.018549
v 0.052522 -0.083125 -0.020607
v 0.053979 -0.104617 -0.020613
v 0.050277 -0.059721 -0.020738
v 0.053624 -0.122953 -0.018583
v 0.053921 -0.122953 -0.020840
v 0.054190 -0.104617 -0.022651
v 0.054131 -0.122953 -0.022826
v 0.054280 -0.122953 -0.024468
v 0.054338 -0.104617 -0.024335
v 0.052871 -0.083125 -0.024274
v 0.052727 -0.083125 -0.022614
v 0.050610 -0.059721 -0.024258
v 0.050472 -0.059721 -0.022665
v 0.052844 -0.083125 -0.025534
v 0.054311 -0.104617 -0.025613
v 0.050584 -0.059721 -0.025467
v 0.051989 -0.083125 -0.026438
v 0.053431 -0.104617 -0.026532
v 0.049767 -0.059721 -0.026335
v 0.054252 -0.122953 -0.025715
v 0.053373 -0.122953 -0.026610
v 0.050883 -0.104617 -0.027157
v 0.050829 -0.122953 -0.027220
v 0.045804 -0.122953 -0.027611
v 0.045853 -0.104617 -0.027559
v 0.044624 -0.083125 -0.027450
v 0.049513 -0.083125 -0.027055
v 0.042730 -0.059721 -0.027306
v 0.047401 -0.059721 -0.026927
v 0.036795 -0.083125 -0.027687
v 0.037798 -0.104617 -0.027799
v 0.035250 -0.059721 -0.027534
v 0.026562 -0.083125 -0.027809
v 0.027270 -0.104617 -0.027923
v 0.025473 -0.059721 -0.027650
v 0.037758 -0.122953 -0.027845
v 0.027241 -0.122953 -0.027966
v 0.015092 -0.104617 -0.027968
v 0.015077 -0.122953 -0.028010
v 0.002090 -0.122953 -0.028016
v 0.002090 -0.104617 -0.027975
v 0.002090 -0.083125 -0.027860
v 0.014727 -0.083125 -0.027854
v 0.002090 -0.059721 -0.027700
v 0.014164 -0.059721 -0.027694
v -0.010548 -0.083125 -0.027854
v -0.010913 -0.104617 -0.027968
v -0.009985 -0.059721 -0.027694
v -0.022383 -0.083125 -0.027809
v -0.023090 -0.104617 -0.027923
v -0.021294 -0.059721 -0.027650
v -0.010898 -0.122953 -0.028010
v -0.023062 -0.122953 -0.027966
v -0.033619 -0.104617 -0.027799
v -0.033579 -0.122953 -0.027845
v -0.041625 -0.122953 -0.027611
v -0.041674 -0.104617 -0.027559
v -0.040445 -0.083125 -0.027450
v -0.032616 -0.083125 -0.027687
v -0.038551 -0.059721 -0.027306
v -0.031071 -0.059721 -0.027534
v -0.045334 -0.083125 -0.027055
v -0.046704 -0.104617 -0.027157
v -0.043222 -0.059721 -0.026927
v -0.047810 -0.083125 -0.026438
v -0.049251 -0.104617 -0.026532
v -0.045588 -0.059721 -0.026335
v -0.046649 -0.122953 -0.027220
v -0.049194 -0.122953 -0.026610
v -0.050131 -0.104617 -0.025613
v -0.050073 -0.122953 -0.025715
v -0.050101 -0.122953 -0.024468
v -0.050159 -0.104617 -0.024335
v -0.048692 -0.083125 -0.024274
v -0.048665 -0.083125 -0.025534
v -0.046431 -0.059721 -0.024258
v -0.046405 -0.059721 -0.025467
v -0.048547 -0.083125 -0.022614
v -0.050011 -0.104617 -0.022651
v -0.046293 -0.059721 -0.022665
v -0.048343 -0.083125 -0.020607
v -0.049800 -0.104617 -0.020613
v -0.046097 -0.059721 -0.020738
v -0.049952 -0.122953 -0.022826
v -0.049742 -0.122953 -0.020840
v -0.049503 -0.104617 -0.018297
v -0.049445 -0.122953 -0.018583
v -0.049036 -0.122953 -0.016127
v -0.049094 -0.104617 -0.015778
v -0.047656 -0.083125 -0.015843
v -0.048054 -0.083125 -0.018325
v -0.045441 -0.059721 -0.016167
v -0.045821 -0.059721 -0.018549
v -0.047130 -0.083125 -0.013231
v -0.048553 -0.104617 -0.013127
v -0.044939 -0.059721 -0.013660
v -0.046476 -0.083125 -0.010539
v -0.047879 -0.104617 -0.010394
v -0.044314 -0.059721 -0.011076
v -0.048496 -0.122953 -0.013543
v -0.047823 -0.122953 -0.010878
v -0.047079 -0.104617 -0.007626
v -0.047024 -0.122953 -0.008179
v -0.046103 -0.122953 -0.005490
v -0.046158 -0.104617 -0.004867
v -0.044803 -0.083125 -0.005093
v -0.045699 -0.083125 -0.007811
v -0.042715 -0.059721 -0.005849
v -0.043571 -0.059721 -0.008457
v -0.043793 -0.083125 -0.002423
v -0.045119 -0.104617 -0.002158
v -0.041750 -0.059721 -0.003287
v -0.042673 -0.083125 0.000185
v -0.043966 -0.104617 0.000490
v -0.040680 -0.059721 -0.000783
v -0.045066 -0.122953 -0.002849
v -0.043915 -0.122953 -0.000268
v -0.042703 -0.104617 0.003069
v -0.042653 -0.122953 0.002246
v -0.041283 -0.122953 0.004687
v -0.041332 -0.104617 0.005572
v -0.040112 -0.083125 0.005193
v -0.041445 -0.083125 0.002726
v -0.038233 -0.059721 0.004023
v -0.039507 -0.059721 0.001655
v -0.038678 -0.083125 0.007581
v -0.039856 -0.104617 0.007996
v -0.036863 -0.059721 0.006314
v -0.037145 -0.083125 0.009883
v -0.038279 -0.104617 0.010332
v -0.035398 -0.059721 0.008523
v -0.039809 -0.122953 0.007049
v -0.038233 -0.122953 0.009326
v -0.036605 -0.104617 0.012576
v -0.036561 -0.122953 0.011514
v -0.034796 -0.122953 0.013607
v -0.034837 -0.104617 0.014723
v -0.033800 -0.083125 0.014209
v -0.035518 -0.083125 0.012094
v -0.032202 -0.059721 0.012675
v -0.033843 -0.059721 0.010646
v -0.031996 -0.083125 0.016222
v -0.032981 -0.104617 0.016766
v -0.030478 -0.059721 0.014608
v -0.030109 -0.083125 0.018130
v -0.031040 -0.104617 0.018702
v -0.028676 -0.059721 0.016438
v -0.032941 -0.122953 0.015599
v -0.031003 -0.122953 0.017486
v -0.029019 -0.104617 0.020526
v -0.028984 -0.122953 0.019264
v -0.026891 -0.122953 0.020927
v -0.026924 -0.104617 0.022232
v -0.026109 -0.083125 0.021608
v -0.028145 -0.083125 0.019926
v -0.024853 -0.059721 0.019776
v -0.026799 -0.059721 0.018163
v -0.024004 -0.083125 0.023170
v -0.024758 -0.104617 0.023818
v -0.022842 -0.059721 0.021276
v -0.024728 -0.122953 0.022473
v -0.021747 -0.036037 0.019143
v -0.023670 -0.036037 0.017714
v -0.021194 -0.013703 0.017779
v -0.023073 -0.013703 0.016397
v -0.021519 0.005902 0.017923
v -0.023424 0.005902 0.016538
v -0.022503 0.022411 0.019233
v -0.024487 0.022411 0.017810
v -0.025267 0.005902 0.015048
v -0.024890 -0.013703 0.014908
v -0.026406 0.022411 0.016277
v -0.028257 0.022411 0.014640
v -0.027043 0.005902 0.013455
v -0.026642 -0.013703 0.013318
v -0.025531 -0.036037 0.016176
v -0.027325 -0.036037 0.014533
v -0.029048 -0.036037 0.012789
v -0.028326 -0.013703 0.011630
v -0.030696 -0.036037 0.010947
v -0.029936 -0.013703 0.009847
v -0.028750 0.005902 0.011765
v -0.030383 0.005902 0.009980
v -0.030035 0.022411 0.012902
v -0.031736 0.022411 0.011067
v -0.031937 0.005902 0.008106
v -0.031468 -0.013703 0.007975
v -0.033355 0.022411 0.009140
v -0.034888 0.022411 0.007125
v -0.033409 0.005902 0.006146
v -0.032920 -0.013703 0.006018
v -0.032265 -0.036037 0.009013
v -0.033752 -0.036037 0.006990
v -0.035152 -0.036037 0.004885
v -0.034288 -0.013703 0.003980
v -0.036462 -0.036037 0.002701
v -0.035568 -0.013703 0.001867
v -0.034796 0.005902 0.004106
v -0.036094 0.005902 0.001990
v -0.036333 0.022411 0.005027
v -0.037685 0.022411 0.002852
v -0.037300 0.005902 -0.000197
v -0.036757 -0.013703 -0.000316
v -0.038941 0.022411 0.000603
v -0.040098 0.022411 -0.001712
v -0.038411 0.005902 -0.002449
v -0.037853 -0.013703 -0.002566
v -0.037680 -0.036037 0.000445
v -0.038802 -0.036037 -0.001879
v -0.039825 -0.036037 -0.004265
v -0.038853 -0.013703 -0.004874
v -0.040747 -0.036037 -0.006707
v -0.039753 -0.013703 -0.007237
v -0.039424 0.005902 -0.004760
v -0.040338 0.005902 -0.007126
v -0.041154 0.022411 -0.004089
v -0.042105 0.022411 -0.006522
v -0.041148 0.005902 -0.009536
v -0.040553 -0.013703 -0.009643
v -0.042950 0.022411 -0.008999
v -0.043683 0.022411 -0.011484
v -0.041852 0.005902 -0.011953
v -0.041247 -0.013703 -0.012058
v -0.041566 -0.036037 -0.009193
v -0.042276 -0.036037 -0.011688
v -0.042874 -0.036037 -0.014151
v -0.041831 -0.013703 -0.014441
v -0.043354 -0.036037 -0.016540
v -0.042300 -0.013703 -0.016753
v -0.042444 0.005902 -0.014340
v -0.042920 0.005902 -0.016655
v -0.044299 0.022411 -0.013938
v -0.044795 0.022411 -0.016319
v -0.043279 0.005902 -0.018855
v -0.042655 -0.013703 -0.018950
v -0.045170 0.022411 -0.018580
v -0.045442 0.022411 -0.020659
v -0.043541 0.005902 -0.020877
v -0.042913 -0.013703 -0.020970
v -0.043717 -0.036037 -0.018810
v -0.043981 -0.036037 -0.020897
v -0.044168 -0.036037 -0.022733
v -0.043095 -0.013703 -0.022747
v -0.044300 -0.036037 -0.024250
v -0.043224 -0.013703 -0.024215
v -0.043726 0.005902 -0.022656
v -0.043857 0.005902 -0.024127
v -0.045635 0.022411 -0.022489
v -0.045771 0.022411 -0.024001
v -0.043832 0.005902 -0.025244
v -0.043200 -0.013703 -0.025331
v -0.045745 0.022411 -0.025149
v -0.044940 0.022411 -0.025974
v -0.043058 0.005902 -0.026045
v -0.042437 -0.013703 -0.026131
v -0.044275 -0.036037 -0.025403
v -0.043494 -0.036037 -0.026230
v -0.041233 -0.036037 -0.026794
v -0.040228 -0.013703 -0.026677
v -0.036766 -0.036037 -0.027156
v -0.035865 -0.013703 -0.027027
v -0.040818 0.005902 -0.026592
v -0.036395 0.005902 -0.026942
v -0.042606 0.022411 -0.026535
v -0.037999 0.022411 -0.026896
v -0.029312 0.005902 -0.027152
v -0.028879 -0.013703 -0.027237
v -0.030620 0.022411 -0.027112
v -0.020976 0.022411 -0.027223
v -0.020053 0.005902 -0.027260
v -0.019748 -0.013703 -0.027345
v -0.029615 -0.036037 -0.027372
v -0.020267 -0.036037 -0.027484
v -0.009455 -0.036037 -0.027525
v -0.009187 -0.013703 -0.027384
v 0.002090 -0.036037 -0.027531
v 0.002090 -0.013703 -0.027390
v -0.009344 0.005902 -0.027300
v 0.002090 0.005902 -0.027306
v -0.009821 0.022411 -0.027263
v 0.002090 0.022411 -0.027269
v 0.013523 0.005902 -0.027300
v 0.013366 -0.013703 -0.027384
v 0.014000 0.022411 -0.027263
v 0.025155 0.022411 -0.027223
v 0.024232 0.005902 -0.027260
v 0.023927 -0.013703 -0.027345
v 0.013634 -0.036037 -0.027525
v 0.024446 -0.036037 -0.027484
v 0.033794 -0.036037 -0.027372
v 0.033058 -0.013703 -0.027237
v 0.040946 -0.036037 -0.027156
v 0.040044 -0.013703 -0.027027
v 0.033491 0.005902 -0.027152
v 0.040574 0.005902 -0.026942
v 0.034799 0.022411 -0.027112
v 0.042178 0.022411 -0.026896
v 0.044997 0.005902 -0.026592
v 0.044407 -0.013703 -0.026677
v 0.046785 0.022411 -0.026535
v 0.049119 0.022411 -0.025974
v 0.047237 0.005902 -0.026045
v 0.046616 -0.013703 -0.026131
v 0.045412 -0.036037 -0.026794
v 0.047673 -0.036037 -0.026230
v 0.048455 -0.036037 -0.025403
v 0.047379 -0.013703 -0.025331
v 0.048479 -0.036037 -0.024250
v 0.047403 -0.013703 -0.024215
v 0.048011 0.005902 -0.025244
v 0.048036 0.005902 -0.024127
v 0.049925 0.022411 -0.025149
v 0.049950 0.022411 -0.024001
v 0.047905 0.005902 -0.022656
v 0.047274 -0.013703 -0.022747
v 0.049814 0.022411 -0.022489
v 0.049621 0.022411 -0.020659
v 0.047720 0.005902 -0.020877
v 0.047092 -0.013703 -0.020970
v 0.048347 -0.036037 -0.022733
v 0.048160 -0.036037 -0.020897
v 0.047897 -0.036037 -0.018810
v 0.046834 -0.013703 -0.018950
v 0.047533 -0.036037 -0.016540
v 0.046479 -0.013703 -0.016753
v 0.047459 0.005902 -0.018855
v 0.047099 0.005902 -0.016655
v 0.049349 0.022411 -0.018580
v 0.048974 0.022411 -0.016319
v 0.046623 0.005902 -0.014340
v 0.046010 -0.013703 -0.014441
v 0.048478 0.022411 -0.013938
v 0.047862 0.022411 -0.011484
v 0.046031 0.005902 -0.011953
v 0.045426 -0.013703 -0.012058
v 0.047053 -0.036037 -0.014151
v 0.046455 -0.036037 -0.011688
v 0.045745 -0.036037 -0.009193
v 0.044732 -0.013703 -0.009643
v 0.044926 -0.036037 -0.006707
v 0.043933 -0.013703 -0.007237
v 0.045327 0.005902 -0.009536
v 0.044517 0.005902 -0.007126
v 0.047129 0.022411 -0.008999
v 0.046285 0.022411 -0.006522
v 0.043603 0.005902 -0.004760
v 0.043032 -0.013703 -0.004874
v 0.045333 0.022411 -0.004089
v 0.044277 0.022411 -0.001712
v 0.042590 0.005902 -0.002449
v 0.042032 -0.013703 -0.002566
v 0.044004 -0.036037 -0.004265
v 0.042981 -0.036037 -0.001879
v 0.041859 -0.036037 0.000445
v 0.040937 -0.013703 -0.000316
v 0.040642 -0.036037 0.002701
v 0.039747 -0.013703 0.001867
v 0.041479 0.005902 -0.000197
v 0.040273 0.005902 0.001990
v 0.043120 0.022411 0.000603
v 0.041864 0.022411 0.002852
v 0.038975 0.005902 0.004106
v 0.038467 -0.013703 0.003980
v 0.040512 0.022411 0.005027
v 0.039067 0.022411 0.007125
v 0.037588 0.005902 0.006146
v 0.037100 -0.013703 0.006018
v 0.039331 -0.036037 0.004885
v 0.037931 -0.036037 0.006990
v 0.036445 -0.036037 0.009013
v 0.035648 -0.013703 0.007975
v 0.034875 -0.036037 0.010947
v 0.034115 -0.013703 0.009847
v 0.036116 0.005902 0.008106
v 0.034562 0.005902 0.009980
v 0.037534 0.022411 0.009140
v 0.035915 0.022411 0.011067
v 0.032929 0.005902 0.011765
v 0.032505 -0.013703 0.011630
v 0.034214 0.022411 0.012902
v 0.032436 0.022411 0.014640
v 0.031223 0.005902 0.013455
v 0.030822 -0.013703 0.013318
v 0.033227 -0.036037 0.012789
v 0.031504 -0.036037 0.014533
v 0.029710 -0.036037 0.016176
v 0.029069 -0.013703 0.014908
v 0.027849 -0.036037 0.017714
v 0.027252 -0.013703 0.016397
v 0.029446 0.005902 0.015048
v 0.027603 0.005902 0.016538
v 0.030586 0.022411 0.016277
v 0.028666 0.022411 0.017810
v 0.025699 0.005902 0.017923
v 0.025374 -0.013703 0.017779
v 0.026682 0.022411 0.019233
v 0.024639 0.022411 0.020545
v 0.023737 0.005902 0.019198
v 0.023439 -0.013703 0.019053
v 0.025926 -0.036037 0.019143
v 0.023946 -0.036037 0.020459
v 0.021914 -0.036037 0.021660
v 0.021454 -0.013703 0.020215
v 0.019833 -0.036037 0.022743
v 0.019422 -0.013703 0.021263
v 0.021724 0.005902 0.020362
v 0.019663 0.005902 0.021411
v 0.022542 0.022411 0.021741
v 0.020396 0.022411 0.022820
v 0.017560 0.005902 0.022342
v 0.017347 -0.013703 0.022193
v 0.018205 0.022411 0.023777
v 0.015976 0.022411 0.024612
v 0.015420 0.005902 0.023154
v 0.015237 -0.013703 0.023004
v 0.017710 -0.036037 0.023704
v 0.015549 -0.036037 0.024542
v 0.013356 -0.036037 0.025254
v 0.013094 -0.013703 0.023693
v 0.011135 -0.036037 0.025839
v 0.010925 -0.013703 0.024260
v 0.013248 0.005902 0.023844
v 0.011049 0.005902 0.024412
v 0.013713 0.022411 0.025322
v 0.011422 0.022411 0.025905
v 0.008828 0.005902 0.024854
v 0.008735 -0.013703 0.024702
v 0.009109 0.022411 0.026360
v 0.006778 0.022411 0.026686
v 0.006591 0.005902 0.025171
v 0.006529 -0.013703 0.025018
v 0.008893 -0.036037 0.026296
v 0.006634 -0.036037 0.026623
v 0.004365 -0.036037 0.026819
v 0.004312 -0.013703 0.025208
v 0.002090 -0.036037 0.026885
v 0.002090 -0.013703 0.025272
v 0.004343 0.005902 0.025361
v 0.002090 0.005902 0.025425
v 0.004437 0.022411 0.026881
v 0.002090 0.022411 0.026947
v -0.000258 0.022411 0.026881
v -0.000164 0.005902 0.025361
v -0.000133 -0.013703 0.025208
v -0.002412 0.005902 0.025171
v -0.002350 -0.013703 0.025018
v -0.000185 -0.036037 0.026819
v -0.002455 -0.036037 0.026623
v -0.004714 -0.036037 0.026296
v -0.004556 -0.013703 0.024702
v -0.006956 -0.036037 0.025839
v -0.006746 -0.013703 0.024260
v -0.004649 0.005902 0.024854
v -0.006870 0.005902 0.024412
v -0.009069 0.005902 0.023844
v -0.008915 -0.013703 0.023693
v -0.009176 -0.036037 0.025254
v -0.000380 0.035710 0.029057
v 0.002090 0.035710 0.029125
v -0.000497 0.045682 0.031174
v 0.002090 0.045682 0.031245
v 0.002090 0.052363 0.032690
v -0.000578 0.052363 0.032618
v 0.004757 0.052363 0.032618
v 0.004676 0.045682 0.031174
v 0.007419 0.052363 0.032402
v 0.007257 0.045682 0.030963
v 0.007474 0.056377 0.032940
v 0.004559 0.035710 0.029057
v 0.007023 0.035710 0.028853
v 0.009825 0.045682 0.030611
v 0.009475 0.035710 0.028514
v 0.011909 0.035710 0.028041
v 0.012375 0.045682 0.030120
v 0.012697 0.052363 0.031539
v 0.010067 0.052363 0.032042
v 0.012807 0.056377 0.032073
v 0.010151 0.056377 0.032578
v 0.015300 0.052363 0.030894
v 0.014900 0.045682 0.029491
v 0.015438 0.056377 0.031424
v 0.017872 0.052363 0.030109
v 0.017394 0.045682 0.028725
v 0.018037 0.056377 0.030635
v 0.014320 0.035710 0.027435
v 0.016701 0.035710 0.026696
v 0.019851 0.045682 0.027824
v 0.019047 0.035710 0.025828
v 0.021352 0.035710 0.024832
v 0.022265 0.045682 0.026790
v 0.022896 0.052363 0.028128
v 0.020406 0.052363 0.029186
v 0.023113 0.056377 0.028642
v 0.020598 0.056377 0.029707
v 0.025335 0.052363 0.026935
v 0.024631 0.045682 0.025626
v 0.025578 0.056377 0.027443
v 0.027719 0.052363 0.025613
v 0.026942 0.045682 0.024335
v 0.027987 0.056377 0.026113
v 0.023610 0.035710 0.023711
v 0.025817 0.035710 0.022466
v 0.029193 0.045682 0.022919
v 0.027967 0.035710 0.021102
v 0.030054 0.035710 0.019621
v 0.031380 0.045682 0.021383
v 0.032296 0.052363 0.022589
v 0.030041 0.052363 0.024163
v 0.032611 0.056377 0.023072
v 0.030333 0.056377 0.024655
v 0.034477 0.052363 0.020895
v 0.033495 0.045682 0.019729
v 0.034816 0.056377 0.021368
v 0.036581 0.052363 0.019084
v 0.035535 0.045682 0.017962
v 0.036942 0.056377 0.019548
v 0.032074 0.035710 0.018028
v 0.034021 0.035710 0.016325
v 0.037495 0.045682 0.016086
v 0.035892 0.035710 0.014517
v 0.037681 0.035710 0.012609
v 0.039369 0.045682 0.014106
v 0.040534 0.052363 0.015134
v 0.038602 0.052363 0.017163
v 0.040936 0.056377 0.015575
v 0.038983 0.056377 0.017615
v 0.042374 0.052363 0.013004
v 0.041153 0.045682 0.012025
v 0.042796 0.056377 0.013432
v 0.044117 0.052363 0.010776
v 0.042843 0.045682 0.009851
v 0.044557 0.056377 0.011192
v 0.039385 0.035710 0.010604
v 0.040998 0.035710 0.008508
v 0.044435 0.045682 0.007586
v 0.042519 0.035710 0.006327
v 0.043941 0.035710 0.004064
v 0.045925 0.045682 0.005238
v 0.047296 0.052363 0.006051
v 0.045759 0.052363 0.008456
v 0.047769 0.056377 0.006440
v 0.046216 0.056377 0.008859
v 0.048724 0.052363 0.003566
v 0.047310 0.045682 0.002812
v 0.049211 0.056377 0.003941
v 0.050039 0.052363 0.001006
v 0.048585 0.045682 0.000313
v 0.050540 0.056377 0.001366
v 0.045263 0.035710 0.001726
v 0.046480 0.035710 -0.000683
v 0.049748 0.045682 -0.002253
v 0.047591 0.035710 -0.003155
v 0.048593 0.035710 -0.005685
v 0.050797 0.045682 -0.004878
v 0.052320 0.052363 -0.004312
v 0.051239 0.052363 -0.001622
v 0.052845 0.056377 -0.003981
v 0.051753 0.056377 -0.001276
v 0.053280 0.052363 -0.007050
v 0.051728 0.045682 -0.007552
v 0.053815 0.056377 -0.006735
v 0.054113 0.052363 -0.009799
v 0.052536 0.045682 -0.010235
v 0.054657 0.056377 -0.009499
v 0.049481 0.035710 -0.008261
v 0.050252 0.035710 -0.010847
v 0.053215 0.045682 -0.012883
v 0.050901 0.035710 -0.013399
v 0.051423 0.035710 -0.015874
v 0.053762 0.045682 -0.015453
v 0.055377 0.052363 -0.015143
v 0.054814 0.052363 -0.012511
v 0.055934 0.056377 -0.014874
v 0.055365 0.056377 -0.012227
v 0.055803 0.052363 -0.017643
v 0.054175 0.045682 -0.017894
v 0.056365 0.056377 -0.017389
v 0.056113 0.052363 -0.019942
v 0.054475 0.045682 -0.020138
v 0.056678 0.056377 -0.019701
v 0.051817 0.035710 -0.018227
v 0.052104 0.035710 -0.020389
v 0.054687 0.045682 -0.022112
v 0.052306 0.035710 -0.022292
v 0.052450 0.035710 -0.023865
v 0.054837 0.045682 -0.023744
v 0.056487 0.052363 -0.023637
v 0.056332 0.052363 -0.021965
v 0.057055 0.056377 -0.023416
v 0.056899 0.056377 -0.021735
v 0.056457 0.052363 -0.024906
v 0.054809 0.045682 -0.024984
v 0.057026 0.056377 -0.024692
v 0.055541 0.052363 -0.025817
v 0.053921 0.045682 -0.025873
v 0.056100 0.056377 -0.025609
v 0.052423 0.035710 -0.025059
v 0.051575 0.035710 -0.025916
v 0.051349 0.045682 -0.026480
v 0.049119 0.035710 -0.026500
v 0.044271 0.035710 -0.026875
v 0.046271 0.045682 -0.026869
v 0.047652 0.052363 -0.026837
v 0.052889 0.052363 -0.026438
v 0.048129 0.056377 -0.026634
v 0.053420 0.056377 -0.026234
v 0.039266 0.052363 -0.027076
v 0.038139 0.045682 -0.027102
v 0.039655 0.056377 -0.026874
v 0.028305 0.052363 -0.027198
v 0.027510 0.045682 -0.027221
v 0.028579 0.056377 -0.026998
v 0.036507 0.035710 -0.027100
v 0.026359 0.035710 -0.027215
v 0.015216 0.045682 -0.027265
v 0.014622 0.035710 -0.027258
v 0.002090 0.035710 -0.027264
v 0.002090 0.045682 -0.027272
v 0.002090 0.052363 -0.027250
v 0.015626 0.052363 -0.027243
v 0.002090 0.056377 -0.027050
v 0.015768 0.056377 -0.027043
v -0.011447 0.052363 -0.027243
v -0.011037 0.045682 -0.027265
v -0.011589 0.056377 -0.027043
v -0.024126 0.052363 -0.027198
v -0.023331 0.045682 -0.027221
v -0.024400 0.056377 -0.026998
v -0.010443 0.035710 -0.027258
v -0.022180 0.035710 -0.027215
v -0.033960 0.045682 -0.027102
v -0.032328 0.035710 -0.027100
v -0.040092 0.035710 -0.026875
v -0.042092 0.045682 -0.026869
v -0.043473 0.052363 -0.026837
v -0.035087 0.052363 -0.027076
v -0.043950 0.056377 -0.026634
v -0.035476 0.056377 -0.026874
v -0.048710 0.052363 -0.026438
v -0.047170 0.045682 -0.026480
v -0.049241 0.056377 -0.026234
v -0.051362 0.052363 -0.025817
v -0.049741 0.045682 -0.025873
v -0.051921 0.056377 -0.025609
v -0.044940 0.035710 -0.026500
v -0.047395 0.035710 -0.025916
v -0.050630 0.045682 -0.024984
v -0.048244 0.035710 -0.025059
v -0.048271 0.035710 -0.023865
v -0.050658 0.045682 -0.023744
v -0.052307 0.052363 -0.023637
v -0.052278 0.052363 -0.024906
v -0.052876 0.056377 -0.023416
v -0.052847 0.056377 -0.024692
v -0.052153 0.052363 -0.021965
v -0.050508 0.045682 -0.022112
v -0.052720 0.056377 -0.021735
v -0.051934 0.052363 -0.019942
v -0.050295 0.045682 -0.020138
v -0.052498 0.056377 -0.019701
v -0.048127 0.035710 -0.022292
v -0.047924 0.035710 -0.020389
v -0.049995 0.045682 -0.017894
v -0.047638 0.035710 -0.018227
v -0.047244 0.035710 -0.015874
v -0.049582 0.045682 -0.015453
v -0.051198 0.052363 -0.015143
v -0.051624 0.052363 -0.017643
v -0.051755 0.056377 -0.014874
v -0.052186 0.056377 -0.017389
v -0.050635 0.052363 -0.012511
v -0.049036 0.045682 -0.012883
v -0.051186 0.056377 -0.012227
v -0.049934 0.052363 -0.009799
v -0.048356 0.045682 -0.010235
v -0.050478 0.056377 -0.009499
v -0.046722 0.035710 -0.013399
v -0.046073 0.035710 -0.010847
v -0.047549 0.045682 -0.007552
v -0.045302 0.035710 -0.008261
v -0.044413 0.035710 -0.005685
v -0.046618 0.045682 -0.004878
v -0.048141 0.052363 -0.004312
v -0.049101 0.052363 -0.007050
v -0.048666 0.056377 -0.003981
v -0.049636 0.056377 -0.006735
v -0.047060 0.052363 -0.001622
v -0.045569 0.045682 -0.002253
v -0.047573 0.056377 -0.001276
v -0.045860 0.052363 0.001006
v -0.044406 0.045682 0.000313
v -0.046361 0.056377 0.001366
v -0.043412 0.035710 -0.003155
v -0.042301 0.035710 -0.000683
v -0.043130 0.045682 0.002812
v -0.041084 0.035710 0.001726
v -0.039762 0.035710 0.004064
v -0.041746 0.045682 0.005238
v -0.043117 0.052363 0.006051
v -0.044544 0.052363 0.003566
v -0.043589 0.056377 0.006441
v -0.045032 0.056377 0.003941
v -0.041580 0.052363 0.008456
v -0.040256 0.045682 0.007586
v -0.042037 0.056377 0.008859
v -0.039938 0.052363 0.010776
v -0.038664 0.045682 0.009851
v -0.040378 0.056377 0.011192
v -0.038339 0.035710 0.006327
v -0.036819 0.035710 0.008508
v -0.036974 0.045682 0.012025
v -0.035206 0.035710 0.010604
v -0.033502 0.035710 0.012609
v -0.035190 0.045682 0.014106
v -0.036355 0.052363 0.015134
v -0.038195 0.052363 0.013004
v -0.036757 0.056377 0.015575
v -0.038616 0.056377 0.013432
v -0.034423 0.052363 0.017163
v -0.033315 0.045682 0.016086
v -0.034804 0.056377 0.017615
v -0.032402 0.052363 0.019084
v -0.031356 0.045682 0.017962
v -0.032762 0.056377 0.019548
v -0.031713 0.035710 0.014517
v -0.029842 0.035710 0.016325
v -0.029316 0.045682 0.019729
v -0.027895 0.035710 0.018028
v -0.025875 0.035710 0.019621
v -0.027200 0.045682 0.021383
v -0.028116 0.052363 0.022589
v -0.030298 0.052363 0.020895
v -0.028432 0.056377 0.023072
v -0.030637 0.056377 0.021368
v -0.025862 0.052363 0.024163
v -0.025014 0.045682 0.022919
v -0.026154 0.056377 0.024655
v -0.023787 0.035710 0.021102
v -0.023438 0.058497 0.025738
v -0.025751 0.058497 0.024305
v -0.027997 0.058497 0.022750
v -0.022304 0.059496 0.024390
v -0.024514 0.059496 0.023024
v -0.026660 0.059496 0.021541
v -0.020348 0.060033 0.022065
v -0.022375 0.060033 0.020800
v -0.024351 0.060033 0.019433
v -0.017804 0.060308 0.019142
v -0.019564 0.060308 0.017949
v -0.021329 0.060308 0.016701
v -0.026268 0.060033 0.017965
v -0.028736 0.059496 0.019945
v -0.023081 0.060308 0.015390
v -0.028123 0.060033 0.016403
v -0.030738 0.059496 0.018239
v -0.024820 0.060308 0.014037
v -0.030170 0.058497 0.021076
v -0.032265 0.058497 0.019287
v -0.034278 0.058497 0.017389
v -0.032662 0.059496 0.016429
v -0.036203 0.058497 0.015384
v -0.034501 0.059496 0.014517
v -0.029910 0.060033 0.014751
v -0.031609 0.060033 0.013004
v -0.026527 0.060308 0.012649
v -0.028084 0.060308 0.011162
v -0.029402 0.060308 0.009518
v -0.033206 0.060033 0.011158
v -0.036252 0.059496 0.012510
v -0.034711 0.060033 0.009223
v -0.037911 0.059496 0.010411
v -0.030589 0.060308 0.007754
v -0.038036 0.058497 0.013279
v -0.039772 0.058497 0.011077
v -0.041407 0.058497 0.008786
v -0.039474 0.059496 0.008226
v -0.042938 0.058497 0.006409
v -0.040937 0.059496 0.005960
v -0.036137 0.060033 0.007209
v -0.037482 0.060033 0.005122
v -0.031774 0.060308 0.005923
v -0.032959 0.060308 0.004035
v -0.038739 0.060033 0.002966
v -0.042295 0.059496 0.003618
v -0.034124 0.060308 0.002092
v -0.039907 0.060033 0.000749
v -0.043547 0.059496 0.001206
v -0.035277 0.060308 0.000113
v -0.044360 0.058497 0.003953
v -0.045670 0.058497 0.001423
v -0.046865 0.058497 -0.001173
v -0.044689 0.059496 -0.001270
v -0.047942 0.058497 -0.003831
v -0.045719 0.059496 -0.003804
v -0.040981 0.060033 -0.001524
v -0.041940 0.060033 -0.003847
v -0.036400 0.060308 -0.001888
v -0.037334 0.060308 -0.003915
v -0.042764 0.060033 -0.006212
v -0.046632 0.059496 -0.006384
v -0.037954 0.060308 -0.005974
v -0.043466 0.060033 -0.008587
v -0.047425 0.059496 -0.008974
v -0.038384 0.060308 -0.008053
v -0.048898 0.058497 -0.006537
v -0.049728 0.058497 -0.009252
v -0.050426 0.058497 -0.011933
v -0.048092 0.059496 -0.011529
v -0.050987 0.058497 -0.014533
v -0.048628 0.059496 -0.014009
v -0.044061 0.060033 -0.010934
v -0.044543 0.060033 -0.013214
v -0.038776 0.060308 -0.010130
v -0.039127 0.060308 -0.012167
v -0.039408 0.060308 -0.014115
v -0.044910 0.060033 -0.015382
v -0.049034 0.059496 -0.016365
v -0.045178 0.060033 -0.017377
v -0.049328 0.059496 -0.018531
v -0.039623 0.060308 -0.015916
v -0.051412 0.058497 -0.017004
v -0.051720 0.058497 -0.019276
v -0.051938 0.058497 -0.021274
v -0.049537 0.059496 -0.020436
v -0.052092 0.058497 -0.022926
v -0.049684 0.059496 -0.022011
v -0.045368 0.060033 -0.019132
v -0.045504 0.060033 -0.020583
v -0.039783 0.060308 -0.017507
v -0.039901 0.060308 -0.018824
v -0.045479 0.060033 -0.021686
v -0.049656 0.059496 -0.023207
v -0.039888 0.060308 -0.019829
v -0.044686 0.060033 -0.022480
v -0.048784 0.059496 -0.024066
v -0.039248 0.060308 -0.020570
v -0.052063 0.058497 -0.024180
v -0.051151 0.058497 -0.025081
v -0.048509 0.058497 -0.025695
v -0.046260 0.059496 -0.024651
v -0.043293 0.058497 -0.026088
v -0.041276 0.059496 -0.025027
v -0.042385 0.060033 -0.023025
v -0.037819 0.060033 -0.023374
v -0.037351 0.060308 -0.021107
v -0.033439 0.060308 -0.021444
v -0.026971 0.060308 -0.021588
v -0.030483 0.060033 -0.023576
v -0.033294 0.059496 -0.025252
v -0.020881 0.060033 -0.023674
v -0.022861 0.059496 -0.025367
v -0.018421 0.060308 -0.021620
v -0.034940 0.058497 -0.026324
v -0.024022 0.058497 -0.026445
v -0.011394 0.058497 -0.026490
v -0.010794 0.059496 -0.025410
v 0.002090 0.058497 -0.026496
v 0.002090 0.059496 -0.025416
v -0.009772 0.060033 -0.023709
v 0.002090 0.060033 -0.023714
v -0.008505 0.060308 -0.021623
v 0.002090 0.060308 -0.021622
v 0.013951 0.060033 -0.023709
v 0.014974 0.059496 -0.025410
v 0.012685 0.060308 -0.021623
v 0.025060 0.060033 -0.023674
v 0.027041 0.059496 -0.025367
v 0.022600 0.060308 -0.021620
v 0.015573 0.058497 -0.026490
v 0.028201 0.058497 -0.026445
v 0.039119 0.058497 -0.026324
v 0.037473 0.059496 -0.025252
v 0.047472 0.058497 -0.026088
v 0.045455 0.059496 -0.025027
v 0.034662 0.060033 -0.023576
v 0.041998 0.060033 -0.023374
v 0.031151 0.060308 -0.021588
v 0.037618 0.060308 -0.021444
v 0.046564 0.060033 -0.023025
v 0.050439 0.059496 -0.024651
v 0.041531 0.060308 -0.021107
v 0.048865 0.060033 -0.022480
v 0.052963 0.059496 -0.024066
v 0.043427 0.060308 -0.020570
v 0.052688 0.058497 -0.025695
v 0.055330 0.058497 -0.025081
v 0.056242 0.058497 -0.024180
v 0.053835 0.059496 -0.023207
v 0.056271 0.058497 -0.022926
v 0.053863 0.059496 -0.022011
v 0.049658 0.060033 -0.021686
v 0.049683 0.060033 -0.020583
v 0.044067 0.060308 -0.019829
v 0.044080 0.060308 -0.018824
v 0.049547 0.060033 -0.019132
v 0.053716 0.059496 -0.020436
v 0.043962 0.060308 -0.017507
v 0.049357 0.060033 -0.017377
v 0.053507 0.059496 -0.018531
v 0.043802 0.060308 -0.015916
v 0.056117 0.058497 -0.021274
v 0.055899 0.058497 -0.019276
v 0.055591 0.058497 -0.017004
v 0.053213 0.059496 -0.016365
v 0.055167 0.058497 -0.014533
v 0.052807 0.059496 -0.014009
v 0.049089 0.060033 -0.015382
v 0.048723 0.060033 -0.013214
v 0.043588 0.060308 -0.014115
v 0.043306 0.060308 -0.012167
v 0.042955 0.060308 -0.010130
v 0.048240 0.060033 -0.010934
v 0.052271 0.059496 -0.011529
v 0.047645 0.060033 -0.008587
v 0.051604 0.059496 -0.008974
v 0.042563 0.060308 -0.008053
v 0.054605 0.058497 -0.011933
v 0.053907 0.058497 -0.009252
v 0.053077 0.058497 -0.006537
v 0.050811 0.059496 -0.006384
v 0.052122 0.058497 -0.003831
v 0.049898 0.059496 -0.003804
v 0.046943 0.060033 -0.006212
v 0.046119 0.060033 -0.003847
v 0.042133 0.060308 -0.005974
v 0.041514 0.060308 -0.003915
v 0.045160 0.060033 -0.001524
v 0.048868 0.059496 -0.001270
v 0.040579 0.060308 -0.001888
v 0.044086 0.060033 0.000749
v 0.047726 0.059496 0.001206
v 0.039457 0.060308 0.000113
v 0.051044 0.058497 -0.001173
v 0.049849 0.058497 0.001423
v 0.048539 0.058497 0.003953
v 0.046474 0.059496 0.003618
v 0.047117 0.058497 0.006409
v 0.045116 0.059496 0.005960
v 0.042918 0.060033 0.002966
v 0.041661 0.060033 0.005122
v 0.038303 0.060308 0.002092
v 0.037138 0.060308 0.004035
v 0.035953 0.060308 0.005923
v 0.040316 0.060033 0.007209
v 0.043653 0.059496 0.008226
v 0.038890 0.060033 0.009223
v 0.042090 0.059496 0.010411
v 0.034768 0.060308 0.007754
v 0.045587 0.058497 0.008786
v 0.043951 0.058497 0.011077
v 0.042215 0.058497 0.013279
v 0.040432 0.059496 0.012510
v 0.040382 0.058497 0.015384
v 0.038680 0.059496 0.014517
v 0.037385 0.060033 0.011158
v 0.035788 0.060033 0.013004
v 0.033581 0.060308 0.009518
v 0.032263 0.060308 0.011162
v 0.034089 0.060033 0.014751
v 0.036841 0.059496 0.016429
v 0.030706 0.060308 0.012649
v 0.032302 0.060033 0.016403
v 0.034917 0.059496 0.018239
v 0.028999 0.060308 0.014037
v 0.038457 0.058497 0.017389
v 0.036445 0.058497 0.019287
v 0.034349 0.058497 0.021076
v 0.032915 0.059496 0.019945
v 0.032176 0.058497 0.022750
v 0.030839 0.059496 0.021541
v 0.030448 0.060033 0.017965
v 0.028530 0.060033 0.019433
v 0.027260 0.060308 0.015390
v 0.025508 0.060308 0.016701
v 0.026554 0.060033 0.020800
v 0.028693 0.059496 0.023024
v 0.023743 0.060308 0.017949
v 0.024527 0.060033 0.022065
v 0.026483 0.059496 0.024390
v 0.021983 0.060308 0.019142
v 0.029930 0.058497 0.024305
v 0.027618 0.058497 0.025738
v 0.025243 0.058497 0.027045
v 0.024214 0.059496 0.025636
v 0.022813 0.058497 0.028223
v 0.021892 0.059496 0.026760
v 0.022453 0.060033 0.023224
v 0.020327 0.060033 0.024263
v 0.020233 0.060308 0.020270
v 0.018420 0.060308 0.021236
v 0.016476 0.060308 0.021965
v 0.018146 0.060033 0.025169
v 0.019523 0.059496 0.027757
v 0.015920 0.060033 0.025951
v 0.017111 0.059496 0.028626
v 0.014445 0.060308 0.022543
v 0.020334 0.058497 0.029269
v 0.017810 0.058497 0.030181
v 0.015248 0.058497 0.030957
v 0.014663 0.059496 0.029366
v 0.012655 0.058497 0.031594
v 0.012185 0.059496 0.029973
v 0.013660 0.060033 0.026621
v 0.011374 0.060033 0.027178
v 0.012385 0.060308 0.023073
v 0.010313 0.060308 0.023555
v 0.009068 0.060033 0.027617
v 0.009682 0.059496 0.030447
v 0.008236 0.060308 0.023972
v 0.006748 0.060033 0.027940
v 0.007162 0.059496 0.030786
v 0.006169 0.060308 0.024336
v 0.010036 0.058497 0.032091
v 0.007398 0.058497 0.032446
v 0.007247 0.060410 0.019981
v 0.005437 0.060410 0.020501
v 0.009121 0.060410 0.019547
v 0.006156 0.060424 0.016107
v 0.004532 0.060424 0.016904
v 0.007916 0.060424 0.015597
v 0.011028 0.060410 0.019162
v 0.009775 0.060424 0.015323
v 0.012955 0.060410 0.018873
v 0.011715 0.060424 0.015349
v 0.010945 0.060424 0.012277
v 0.008779 0.060424 0.011879
v 0.006781 0.060424 0.012024
v 0.010678 0.060424 0.009640
v 0.008030 0.060424 0.008718
v 0.005644 0.060424 0.008655
v 0.004993 0.060424 0.012699
v 0.003684 0.060424 0.009660
v 0.002090 0.060424 0.006898
v 0.004358 0.060424 0.005127
v -0.000179 0.060424 0.005127
v 0.002090 0.060424 -0.000156
v 0.007621 0.060424 0.005700
v 0.008546 0.060424 0.003238
v 0.012211 0.060424 0.005694
v 0.010977 0.060424 0.007390
v 0.014661 0.060424 0.004710
v 0.012297 0.060424 0.002294
v 0.011592 0.060424 -0.000195
v 0.017959 0.060424 0.004344
v 0.016910 0.060424 0.002257
v 0.017188 0.060424 0.000240
v 0.019236 0.060424 -0.001703
v 0.014845 0.060424 -0.002596
v 0.011082 0.060424 -0.003954
v 0.022615 0.060424 -0.003501
v 0.019837 0.060424 -0.004671
v 0.017815 0.060424 -0.006118
v 0.009599 0.060424 -0.006373
v 0.016761 0.060424 -0.007939
v 0.002090 0.060424 -0.005486
v 0.002090 0.060424 -0.008458
v 0.009259 0.060424 -0.008872
v 0.016375 0.060424 -0.009880
v -0.005080 0.060424 -0.008872
v -0.005420 0.060424 -0.006373
v -0.006903 0.060424 -0.003954
v -0.012196 0.060424 -0.009880
v -0.012582 0.060424 -0.007939
v -0.013636 0.060424 -0.006118
v -0.010666 0.060424 -0.002596
v -0.015658 0.060424 -0.004671
v -0.007413 0.060424 -0.000195
v -0.013009 0.060424 0.000240
v -0.015057 0.060424 -0.001703
v -0.018436 0.060424 -0.003501
v -0.012731 0.060424 0.002257
v -0.008118 0.060424 0.002294
v -0.004366 0.060424 0.003238
v -0.013779 0.060424 0.004344
v -0.010482 0.060424 0.004710
v -0.008031 0.060424 0.005694
v -0.006798 0.060424 0.007390
v -0.003442 0.060424 0.005700
v -0.009963 0.060424 0.009460
v -0.011271 0.060424 0.008115
v -0.009229 0.060424 0.011166
v -0.009044 0.060424 0.013243
v -0.011359 0.060424 0.014875
v -0.012048 0.060424 0.013314
v -0.013110 0.060424 0.011935
v -0.013696 0.060410 0.017326
v -0.014962 0.060410 0.016084
v -0.016378 0.060410 0.014865
v -0.016054 0.060308 0.020270
v -0.017934 0.060410 0.013689
v -0.014504 0.060424 0.010742
v -0.019583 0.060410 0.012533
v -0.016179 0.060424 0.009703
v -0.021334 0.060410 0.011448
v -0.018137 0.060424 0.008885
v -0.013173 0.060424 0.007126
v -0.015606 0.060424 0.006528
v -0.020316 0.060424 0.008359
v -0.018483 0.060424 0.006377
v -0.017491 0.060424 0.004475
v -0.017278 0.060424 0.002657
v -0.021748 0.060424 0.006800
v -0.021591 0.060424 0.005125
v -0.021930 0.060424 0.003442
v -0.025447 0.060410 0.007945
v -0.026069 0.060410 0.006293
v -0.026877 0.060410 0.004593
v -0.027877 0.060410 0.002863
v -0.022745 0.060424 0.001771
v -0.029019 0.060410 0.001103
v -0.023980 0.060424 0.000102
v -0.030327 0.060410 -0.000645
v -0.025659 0.060424 -0.001504
v -0.017900 0.060424 0.000894
v -0.019405 0.060424 -0.000831
v -0.021726 0.060424 -0.002456
v -0.024768 0.060424 -0.003889
v -0.027733 0.060424 -0.002950
v -0.022596 0.060424 -0.005071
v -0.021041 0.060424 -0.006414
v -0.027429 0.060424 -0.006358
v -0.028495 0.060424 -0.004980
v -0.026756 0.060424 -0.007881
v -0.033000 0.060410 -0.005613
v -0.032846 0.060410 -0.007333
v -0.032817 0.060410 -0.009114
v -0.032906 0.060410 -0.010908
v -0.026406 0.060424 -0.009482
v -0.026247 0.060424 -0.011107
v -0.033023 0.060410 -0.012658
v -0.033142 0.060410 -0.014299
v -0.026213 0.060424 -0.012677
v -0.020024 0.060424 -0.007908
v -0.019461 0.060424 -0.009536
v -0.019224 0.060424 -0.011182
v -0.026255 0.060424 -0.014107
v -0.019180 0.060424 -0.012712
v -0.012099 0.060424 -0.011646
v -0.005008 0.060424 -0.010954
v -0.019222 0.060424 -0.014016
v -0.012118 0.060424 -0.013115
v -0.005014 0.060424 -0.012591
v -0.012170 0.060424 -0.014260
v -0.005046 0.060424 -0.013849
v -0.019274 0.060424 -0.015035
v -0.012345 0.060424 -0.015255
v -0.005173 0.060424 -0.014935
v -0.019358 0.060424 -0.015917
v 0.002090 0.060424 -0.013729
v 0.002090 0.060424 -0.014851
v 0.002090 0.060424 -0.012421
v 0.009225 0.060424 -0.013849
v 0.009352 0.060424 -0.014935
v 0.009193 0.060424 -0.012591
v 0.016349 0.060424 -0.014260
v 0.016524 0.060424 -0.015255
v 0.016297 0.060424 -0.013115
v 0.009187 0.060424 -0.010954
v 0.016279 0.060424 -0.011646
v 0.002090 0.060424 -0.010707
v 0.023359 0.060424 -0.012712
v 0.023401 0.060424 -0.014016
v 0.023403 0.060424 -0.011182
v 0.023640 0.060424 -0.009536
v 0.030392 0.060424 -0.012677
v 0.030434 0.060424 -0.014107
v 0.030426 0.060424 -0.011107
v 0.037433 0.060410 -0.015764
v 0.037321 0.060410 -0.014299
v 0.037202 0.060410 -0.012658
v 0.037085 0.060410 -0.010908
v 0.030585 0.060424 -0.009482
v 0.030935 0.060424 -0.007880
v 0.036996 0.060410 -0.009114
v 0.037025 0.060410 -0.007333
v 0.031608 0.060424 -0.006358
v 0.024203 0.060424 -0.007908
v 0.025220 0.060424 -0.006414
v 0.026775 0.060424 -0.005071
v 0.032675 0.060424 -0.004980
v 0.028947 0.060424 -0.003889
v 0.025905 0.060424 -0.002456
v 0.023584 0.060424 -0.000831
v 0.031912 0.060424 -0.002950
v 0.029839 0.060424 -0.001504
v 0.028159 0.060424 0.000102
v 0.035935 0.060410 -0.002335
v 0.034506 0.060410 -0.000645
v 0.033198 0.060410 0.001103
v 0.032056 0.060410 0.002863
v 0.026924 0.060424 0.001771
v 0.026109 0.060424 0.003442
v 0.031056 0.060410 0.004593
v 0.030248 0.060410 0.006293
v 0.025770 0.060424 0.005125
v 0.022080 0.060424 0.000894
v 0.021457 0.060424 0.002657
v 0.021670 0.060424 0.004475
v 0.025927 0.060424 0.006800
v 0.022662 0.060424 0.006377
v 0.019785 0.060424 0.006528
v 0.017352 0.060424 0.007126
v 0.024495 0.060424 0.008359
v 0.022316 0.060424 0.008885
v 0.020358 0.060424 0.009703
v 0.027318 0.060410 0.010458
v 0.025514 0.060410 0.011448
v 0.023762 0.060410 0.012533
v 0.022113 0.060410 0.013689
v 0.018683 0.060424 0.010742
v 0.020557 0.060410 0.014865
v 0.017289 0.060424 0.011935
v 0.019141 0.060410 0.016084
v 0.016227 0.060424 0.013314
v 0.015451 0.060424 0.008115
v 0.014143 0.060424 0.009460
v 0.013408 0.060424 0.011166
v 0.013223 0.060424 0.013243
v 0.015538 0.060424 0.014875
v 0.013667 0.060424 0.015718
v 0.015202 0.060424 0.016209
v 0.016551 0.060410 0.018298
v 0.014860 0.060410 0.018686
v 0.017875 0.060410 0.017326
v 0.028810 0.060410 0.009380
v 0.026318 0.060424 0.008123
v 0.029626 0.060410 0.007945
v 0.037002 0.060410 -0.003967
v 0.033745 0.060424 -0.003978
v 0.037179 0.060410 -0.005613
v 0.037529 0.060410 -0.016984
v 0.030505 0.060424 -0.015313
v 0.037540 0.060410 -0.017923
v 0.030540 0.060424 -0.016251
v 0.037147 0.060410 -0.018659
v 0.030418 0.060424 -0.017036
v 0.023537 0.060424 -0.015917
v 0.023453 0.060424 -0.015035
v 0.023795 0.060424 -0.016854
v 0.030023 0.060424 -0.017790
v 0.016999 0.060424 -0.016326
v 0.009682 0.060424 -0.016088
v 0.010342 0.060424 -0.017549
v 0.018118 0.060424 -0.017704
v 0.024875 0.060424 -0.018035
v 0.011402 0.060410 -0.019466
v 0.020113 0.060410 -0.019533
v 0.027585 0.060410 -0.019652
v 0.033025 0.060410 -0.019641
v 0.029453 0.060424 -0.018418
v 0.035910 0.060410 -0.019265
v 0.002090 0.060410 -0.019452
v 0.002090 0.060424 -0.017516
v -0.007223 0.060410 -0.019466
v -0.006163 0.060424 -0.017549
v -0.015934 0.060410 -0.019533
v -0.013939 0.060424 -0.017704
v -0.012820 0.060424 -0.016326
v -0.005503 0.060424 -0.016088
v 0.002090 0.060424 -0.016033
v -0.020696 0.060424 -0.018035
v -0.019616 0.060424 -0.016854
v -0.025844 0.060424 -0.017790
v -0.026239 0.060424 -0.017036
v -0.025274 0.060424 -0.018418
v -0.032968 0.060410 -0.018659
v -0.031731 0.060410 -0.019265
v -0.028846 0.060410 -0.019641
v -0.023406 0.060410 -0.019652
v -0.033361 0.060410 -0.017923
v -0.026361 0.060424 -0.016251
v -0.033350 0.060410 -0.016984
v -0.026326 0.060424 -0.015313
v -0.033254 0.060410 -0.015764
v -0.032823 0.060410 -0.003967
v -0.029566 0.060424 -0.003978
v -0.031756 0.060410 -0.002335
v -0.024631 0.060410 0.009380
v -0.022139 0.060424 0.008123
v -0.023139 0.060410 0.010458
v -0.014240 0.060308 0.021236
v -0.012372 0.060410 0.018298
v -0.011023 0.060424 0.016209
v -0.010681 0.060410 0.018686
v -0.009488 0.060424 0.015718
v -0.012297 0.060308 0.021965
v -0.013967 0.060033 0.025169
v -0.016148 0.060033 0.024263
v -0.015343 0.059496 0.027757
v -0.017713 0.059496 0.026760
v -0.018274 0.060033 0.023224
v -0.020035 0.059496 0.025636
v -0.021064 0.058497 0.027045
v -0.018634 0.058497 0.028223
v -0.016154 0.058497 0.029269
v 0.003102 0.060424 0.018006
v 0.003722 0.060410 0.021098
v 0.002090 0.060424 0.019048
v 0.002090 0.060410 0.021430
v 0.004123 0.060308 0.024641
v 0.002090 0.060308 0.024773
vn -0.0138 0.8586 0.5125
vn -0.0053 0.9827 0.1852
vn 0.0138 0.8585 0.5125
vn 0.0053 0.9827 0.1852
vn -0.0262 0.2291 0.9731
vn 0.0262 0.2291 0.9731
vn -0.0784 0.2292 0.9702
vn -0.0412 0.8587 0.5108
vn -0.1303 0.2293 0.9646
vn -0.0683 0.8590 0.5073
vn -0.0154 0.9829 0.1836
vn -0.0248 0.9831 0.1814
vn -0.0089 0.9971 0.0762
vn -0.0115 0.9972 0.0736
vn -0.0064 0.9996 0.0265
vn -0.0056 0.9997 0.0247
vn -0.0021 1.0000 0.0039
vn -0.0014 1.0000 0.0035
vn -0.0000 1.0000 -0.0000
vn -0.0006 1.0000 0.0035
vn -0.0003 1.0000 0.0038
vn -0.0052 0.9997 0.0239
vn -0.0051 0.9997 0.0249
vn -0.0052 0.9997 0.0240
vn -0.0009 1.0000 0.0034
vn -0.0170 0.9973 0.0711
vn -0.0140 0.9973 0.0720
vn -0.0431 0.9834 0.1764
vn -0.0340 0.9833 0.1790
vn -0.0520 0.9834 0.1737
vn -0.0198 0.9973 0.0712
vn -0.1215 0.8602 0.4953
vn -0.1472 0.8610 0.4868
vn -0.2325 0.2298 0.9450
vn -0.2824 0.2302 0.9313
vn -0.1817 0.2295 0.9562
vn -0.0952 0.8595 0.5021
vn -0.1857 -0.1343 0.9734
vn -0.2376 -0.1349 0.9619
vn -0.1332 -0.1339 0.9820
vn -0.1321 -0.2119 0.9683
vn -0.1841 -0.2124 0.9597
vn -0.1332 -0.2083 0.9690
vn -0.1857 -0.2086 0.9602
vn -0.1358 -0.1619 0.9774
vn -0.1893 -0.1623 0.9684
vn -0.2420 -0.1628 0.9565
vn -0.2376 -0.2091 0.9486
vn -0.2937 -0.1633 0.9418
vn -0.2883 -0.2097 0.9343
vn -0.2356 -0.2130 0.9482
vn -0.2860 -0.2137 0.9341
vn -0.2885 -0.1356 0.9478
vn -0.3383 -0.1364 0.9311
vn -0.3352 -0.2145 0.9174
vn -0.3868 -0.1373 0.9119
vn -0.3832 -0.2155 0.8982
vn -0.4298 -0.2166 0.8765
vn -0.4341 -0.1383 0.8902
vn -0.4797 -0.1393 0.8663
vn -0.4748 -0.2177 0.8527
vn -0.4330 -0.2121 0.8761
vn -0.4782 -0.2131 0.8520
vn -0.4407 -0.1656 0.8823
vn -0.4864 -0.1665 0.8577
vn -0.3931 -0.1648 0.9046
vn -0.3861 -0.2112 0.8979
vn -0.3379 -0.2104 0.9174
vn -0.3441 -0.1640 0.9245
vn -0.3510 -0.0944 0.9316
vn -0.4009 -0.0952 0.9112
vn -0.3566 -0.0107 0.9342
vn -0.4070 -0.0116 0.9133
vn -0.4559 -0.0126 0.8900
vn -0.4492 -0.0961 0.8883
vn -0.4956 -0.0971 0.8631
vn -0.5027 -0.0137 0.8643
vn -0.4589 0.0670 0.8860
vn -0.5058 0.0658 0.8601
vn -0.4598 0.1018 0.8822
vn -0.5067 0.1010 0.8562
vn -0.4108 0.1026 0.9060
vn -0.4099 0.0680 0.9096
vn -0.3592 0.0689 0.9307
vn -0.3600 0.1033 0.9272
vn -0.3601 0.0947 0.9281
vn -0.4108 0.0946 0.9068
vn -0.3586 0.0393 0.9327
vn -0.4093 0.0404 0.9115
vn -0.4582 0.0415 0.8879
vn -0.4598 0.0945 0.8830
vn -0.5067 0.0944 0.8569
vn -0.5051 0.0427 0.8620
vn -0.4507 -0.0700 0.8899
vn -0.4974 -0.0667 0.8650
vn -0.4327 -0.2013 0.8788
vn -0.4785 -0.1964 0.8558
vn -0.3854 -0.2059 0.8995
vn -0.4021 -0.0731 0.9127
vn -0.3520 -0.0758 0.9329
vn -0.3368 -0.2100 0.9179
vn -0.3156 -0.3297 0.8898
vn -0.3618 -0.3253 0.8736
vn -0.2951 -0.4126 0.8618
vn -0.3388 -0.4091 0.8473
vn -0.3818 -0.4051 0.8307
vn -0.4071 -0.3205 0.8553
vn -0.4513 -0.3152 0.8349
vn -0.4239 -0.4007 0.8122
vn -0.3640 -0.4492 0.8159
vn -0.4044 -0.4466 0.7981
vn -0.3492 -0.4896 0.7989
vn -0.3880 -0.4884 0.7816
vn -0.3097 -0.4907 0.8144
vn -0.3229 -0.4516 0.8318
vn -0.2811 -0.4537 0.8456
vn -0.2697 -0.4917 0.8280
vn -0.2573 -0.5422 0.7999
vn -0.2955 -0.5419 0.7868
vn -0.2397 -0.6149 0.7513
vn -0.2753 -0.6149 0.7390
vn -0.3104 -0.6150 0.7249
vn -0.3332 -0.5416 0.7718
vn -0.3701 -0.5413 0.7550
vn -0.3448 -0.6150 0.7092
vn -0.3021 -0.7179 0.6272
vn -0.2718 -0.7180 0.6408
vn -0.2441 -0.8216 0.5152
vn -0.2194 -0.8218 0.5259
vn -0.1943 -0.8220 0.5353
vn -0.2409 -0.7181 0.6529
vn -0.2097 -0.7182 0.6635
vn -0.1690 -0.8222 0.5436
vn -0.1244 -0.9032 0.4109
vn -0.1432 -0.9030 0.4050
vn -0.0872 -0.9502 0.2990
vn -0.1004 -0.9502 0.2951
vn -0.1137 -0.9501 0.2904
vn -0.1618 -0.9029 0.3983
vn -0.1802 -0.9027 0.3907
vn -0.1267 -0.9501 0.2852
vn -0.1007 -0.9667 0.2351
vn -0.0903 -0.9667 0.2396
vn -0.0838 -0.9789 0.1865
vn -0.0738 -0.9783 0.1935
vn -0.0582 -0.9781 0.1999
vn -0.0788 -0.9666 0.2438
vn -0.0682 -0.9667 0.2468
vn -0.0469 -0.9783 0.2016
vn -0.0136 -0.9912 0.1319
vn -0.0262 -0.9906 0.1340
vn 0.0049 -0.9994 0.0350
vn 0.0062 -0.9990 0.0438
vn -0.0288 -0.9993 0.0237
vn -0.0567 -0.9913 0.1192
vn -0.0654 -0.9922 0.1065
vn -0.0230 -0.9996 0.0187
vn -0.0000 -1.0000 -0.0000
vn -0.0000 -1.0000 0.0001
vn 0.0002 -1.0000 0.0001
vn 0.0001 -1.0000 -0.0000
vn -0.0000 -0.9995 0.0300
vn -0.0000 -1.0000 -0.0001
vn -0.0031 -0.9996 0.0278
vn -0.0187 -0.9924 0.1219
vn -0.0163 -0.9920 0.1252
vn -0.0053 -0.9996 0.0271
vn -0.0193 -0.9924 0.1216
vn -0.0226 -0.9921 0.1233
vn -0.0091 -0.9996 0.0274
vn -0.0001 -1.0000 -0.0000
vn -0.0002 -1.0000 -0.0000
vn -0.0001 -1.0000 -0.0001
vn 0.0001 -1.0000 -0.0001
vn -0.0000 -1.0000 0.0002
vn -0.0000 -1.0000 -0.0002
vn -0.0001 -1.0000 0.0001
vn 0.0003 -1.0000 -0.0000
vn 0.0151 -0.9994 0.0295
vn 0.0092 -0.9996 0.0275
vn 0.0227 -0.9921 0.1232
vn 0.0271 -0.9914 0.1281
vn 0.0192 -0.9924 0.1216
vn 0.0053 -0.9996 0.0272
vn 0.0032 -0.9996 0.0278
vn 0.0189 -0.9924 0.1218
vn 0.0162 -0.9920 0.1251
vn -0.0001 -0.9995 0.0302
vn -0.0002 -1.0000 0.0001
vn 0.0001 -1.0000 0.0002
vn 0.0002 -1.0000 -0.0001
vn 0.0230 -0.9996 0.0188
vn 0.0167 -0.9997 0.0201
vn 0.0595 -0.9928 0.1041
vn 0.0654 -0.9922 0.1065
vn 0.0553 -0.9930 0.1045
vn 0.0129 -0.9997 0.0220
vn 0.0110 -0.9997 0.0239
vn 0.0548 -0.9929 0.1053
vn 0.0532 -0.9925 0.1103
vn 0.0087 -0.9996 0.0279
vn 0.0001 -1.0000 -0.0002
vn -0.0002 -1.0000 0.0002
vn 0.0001 -1.0000 0.0001
vn -0.0000 -1.0000 -0.0003
vn 0.0266 -0.9996 0.0046
vn 0.0211 -0.9997 0.0091
vn 0.0887 -0.9938 0.0676
vn 0.0957 -0.9932 0.0669
vn 0.0844 -0.9939 0.0706
vn 0.0180 -0.9998 0.0133
vn 0.0167 -0.9997 0.0165
vn 0.0837 -0.9939 0.0723
vn 0.0837 -0.9934 0.0787
vn 0.0158 -0.9996 0.0218
vn -0.0001 -1.0000 0.0003
vn -0.0001 -1.0000 0.0005
vn -0.0000 -1.0000 -0.0004
vn 0.0251 -0.9996 -0.0116
vn 0.0212 -0.9998 -0.0059
vn 0.1034 -0.9945 0.0138
vn 0.1104 -0.9938 0.0118
vn 0.0991 -0.9949 0.0164
vn 0.0191 -0.9998 -0.0019
vn 0.0180 -0.9998 -0.0001
vn 0.0971 -0.9952 0.0149
vn 0.0961 -0.9953 0.0131
vn 0.0174 -0.9998 0.0006
vn 0.0001 -1.0000 0.0004
vn -0.0000 -1.0000 -0.0005
vn -0.0000 -1.0000 0.0006
vn -0.0000 -1.0000 0.0003
vn -0.0000 -1.0000 -0.0006
vn -0.0000 -1.0000 0.0007
vn -0.0000 -1.0000 0.0004
vn 0.0001 -1.0000 -0.0003
vn -0.0001 -1.0000 0.0004
vn -0.0001 -1.0000 0.0002
vn -0.0171 -0.9999 0.0014
vn -0.0174 -0.9998 0.0007
vn -0.0961 -0.9953 0.0131
vn -0.0955 -0.9953 0.0123
vn -0.0971 -0.9952 0.0150
vn -0.0180 -0.9998 -0.0003
vn -0.0191 -0.9998 -0.0019
vn -0.0991 -0.9949 0.0164
vn -0.1034 -0.9945 0.0137
vn -0.0212 -0.9998 -0.0056
vn -0.0156 -0.9994 0.0296
vn -0.0158 -0.9996 0.0216
vn -0.0837 -0.9934 0.0786
vn -0.0863 -0.9925 0.0871
vn -0.0837 -0.9939 0.0724
vn -0.0167 -0.9997 0.0165
vn -0.0180 -0.9998 0.0133
vn -0.0844 -0.9939 0.0705
vn -0.0887 -0.9938 0.0677
vn -0.0210 -0.9997 0.0091
vn -0.0001 -1.0000 -0.0004
vn -0.0001 -1.0000 -0.0002
vn 0.0001 -1.0000 0.0003
vn -0.0060 -0.9994 0.0350
vn -0.0087 -0.9996 0.0280
vn -0.0532 -0.9925 0.1101
vn -0.0530 -0.9916 0.1184
vn -0.0548 -0.9929 0.1053
vn -0.0110 -0.9997 0.0239
vn -0.0553 -0.9930 0.1045
vn -0.0128 -0.9997 0.0220
vn -0.0595 -0.9928 0.1041
vn -0.0167 -0.9997 0.0201
vn -0.0002 -1.0000 -0.0004
vn -0.0927 -0.9795 0.1787
vn -0.0883 -0.9793 0.1821
vn -0.1107 -0.9668 0.2303
vn -0.1204 -0.9669 0.2251
vn -0.1304 -0.9669 0.2193
vn -0.0986 -0.9796 0.1752
vn -0.1399 -0.9669 0.2134
vn -0.1038 -0.9794 0.1731
vn -0.1775 -0.9498 0.2577
vn -0.1652 -0.9498 0.2656
vn -0.2340 -0.9021 0.3625
vn -0.2512 -0.9019 0.3513
vn -0.2163 -0.9023 0.3728
vn -0.1524 -0.9499 0.2728
vn -0.1984 -0.9025 0.3822
vn -0.1397 -0.9500 0.2793
vn -0.2922 -0.8211 0.4904
vn -0.2684 -0.8213 0.5034
vn -0.3318 -0.7178 0.6122
vn -0.3608 -0.7176 0.5957
vn -0.3893 -0.7175 0.5777
vn -0.3156 -0.8208 0.4761
vn -0.4169 -0.7173 0.5583
vn -0.3384 -0.8205 0.4607
vn -0.4746 -0.6151 0.6296
vn -0.4435 -0.6150 0.6519
vn -0.4760 -0.5402 0.6940
vn -0.5093 -0.5398 0.6702
vn -0.4114 -0.6150 0.6727
vn -0.4415 -0.5406 0.7161
vn -0.3785 -0.6150 0.6918
vn -0.4062 -0.5410 0.7364
vn -0.4259 -0.4871 0.7625
vn -0.4629 -0.4858 0.7415
vn -0.4438 -0.4438 0.7785
vn -0.4824 -0.4408 0.7570
vn -0.4650 -0.3961 0.7918
vn -0.5051 -0.3911 0.7694
vn -0.4941 -0.3095 0.8124
vn -0.5357 -0.3034 0.7880
vn -0.5441 -0.3858 0.7451
vn -0.5760 -0.2971 0.7616
vn -0.6146 -0.2906 0.7334
vn -0.5817 -0.3804 0.7189
vn -0.5200 -0.4377 0.7335
vn -0.5564 -0.4344 0.7083
vn -0.4991 -0.4843 0.7186
vn -0.5341 -0.4828 0.6940
vn -0.5679 -0.4813 0.6677
vn -0.5915 -0.4310 0.6814
vn -0.6005 -0.4797 0.6397
vn -0.6254 -0.4276 0.6527
vn -0.6180 -0.3748 0.6911
vn -0.6529 -0.3691 0.6615
vn -0.6515 -0.2839 0.7035
vn -0.6868 -0.2771 0.6719
vn -0.6862 -0.3634 0.6301
vn -0.7204 -0.2703 0.6387
vn -0.7520 -0.2636 0.6041
vn -0.7179 -0.3576 0.5972
vn -0.6579 -0.4242 0.6223
vn -0.6888 -0.4207 0.5903
vn -0.6318 -0.4781 0.6100
vn -0.6617 -0.4766 0.5788
vn -0.6900 -0.4750 0.5461
vn -0.7181 -0.4173 0.5569
vn -0.7167 -0.4735 0.5120
vn -0.7458 -0.4140 0.5219
vn -0.7478 -0.3520 0.5629
vn -0.7759 -0.3465 0.5271
vn -0.7817 -0.2569 0.5682
vn -0.8095 -0.2505 0.5310
vn -0.8022 -0.3412 0.4899
vn -0.8353 -0.2443 0.4926
vn -0.8590 -0.2383 0.4532
vn -0.8265 -0.3361 0.4516
vn -0.7717 -0.4108 0.4855
vn -0.7957 -0.4077 0.4479
vn -0.7418 -0.4721 0.4763
vn -0.7650 -0.4707 0.4395
vn -0.7864 -0.4694 0.4015
vn -0.8178 -0.4048 0.4090
vn -0.8059 -0.4682 0.3623
vn -0.8379 -0.4021 0.3691
vn -0.8488 -0.3313 0.4121
vn -0.8690 -0.3268 0.3716
vn -0.8805 -0.2328 0.4128
vn -0.9000 -0.2277 0.3716
vn -0.8869 -0.3228 0.3305
vn -0.9172 -0.2230 0.3301
vn -0.9317 -0.2190 0.2899
vn -0.9020 -0.3193 0.2907
vn -0.8558 -0.3997 0.3285
vn -0.8708 -0.3976 0.2891
vn -0.8232 -0.4672 0.3226
vn -0.8379 -0.4663 0.2839
vn -0.8503 -0.4655 0.2456
vn -0.8836 -0.3959 0.2501
vn -0.8610 -0.4650 0.2061
vn -0.8946 -0.3945 0.2098
vn -0.9147 -0.3164 0.2513
vn -0.9258 -0.3139 0.2108
vn -0.9438 -0.2156 0.2504
vn -0.9543 -0.2127 0.2098
vn -0.9349 -0.3120 0.1694
vn -0.9630 -0.2104 0.1685
vn -0.9687 -0.2089 0.1339
vn -0.9409 -0.3106 0.1347
vn -0.9038 -0.3934 0.1687
vn -0.9099 -0.3926 0.1341
vn -0.8699 -0.4646 0.1657
vn -0.8758 -0.4643 0.1318
vn -0.8793 -0.4642 0.1065
vn -0.9135 -0.3922 0.1084
vn -0.8810 -0.4642 0.0912
vn -0.9153 -0.3920 0.0929
vn -0.9446 -0.3098 0.1088
vn -0.9464 -0.3094 0.0932
vn -0.9722 -0.2079 0.1081
vn -0.9739 -0.2074 0.0926
vn -0.9511 -0.3081 -0.0232
vn -0.9783 -0.2060 -0.0230
vn -0.6892 -0.1386 -0.7112
vn -0.6683 -0.2080 -0.7142
vn -0.9201 -0.3909 -0.0231
vn -0.6483 -0.2651 -0.7138
vn -0.8859 -0.4633 -0.0227
vn -0.6304 -0.3175 -0.7084
vn -0.2040 -0.0962 -0.9742
vn -0.2084 -0.0802 -0.9747
vn -0.0679 -0.0300 -0.9972
vn -0.0693 -0.0257 -0.9973
vn -0.2146 -0.0633 -0.9746
vn -0.0713 -0.0210 -0.9972
vn -0.2222 -0.0420 -0.9741
vn -0.0739 -0.0139 -0.9972
vn -0.0268 -0.0096 -0.9996
vn -0.0277 -0.0065 -0.9996
vn -0.0109 -0.0045 -0.9999
vn -0.0105 -0.0064 -0.9999
vn -0.0260 -0.0108 -0.9996
vn -0.0102 -0.0065 -0.9999
vn -0.0255 -0.0117 -0.9996
vn -0.0100 -0.0063 -0.9999
vn -0.0032 -0.0047 -1.0000
vn -0.0033 -0.0052 -1.0000
vn -0.0004 -0.0043 -1.0000
vn -0.0004 -0.0050 -1.0000
vn -0.0034 -0.0055 -1.0000
vn -0.0004 -0.0053 -1.0000
vn -0.0035 -0.0040 -1.0000
vn -0.0005 -0.0039 -1.0000
vn 0.0004 -0.0053 -1.0000
vn 0.0005 -0.0039 -1.0000
vn 0.0035 -0.0040 -1.0000
vn 0.0033 -0.0055 -1.0000
vn 0.0004 -0.0050 -1.0000
vn 0.0033 -0.0052 -1.0000
vn 0.0004 -0.0043 -1.0000
vn 0.0032 -0.0047 -1.0000
vn 0.0100 -0.0063 -0.9999
vn 0.0102 -0.0065 -0.9999
vn 0.0255 -0.0117 -0.9996
vn 0.0260 -0.0108 -0.9996
vn 0.0105 -0.0064 -0.9999
vn 0.0268 -0.0096 -0.9996
vn 0.0109 -0.0045 -0.9999
vn 0.0277 -0.0065 -0.9996
vn 0.0713 -0.0210 -0.9972
vn 0.0739 -0.0139 -0.9972
vn 0.2222 -0.0420 -0.9741
vn 0.2146 -0.0633 -0.9746
vn 0.0693 -0.0257 -0.9973
vn 0.2084 -0.0802 -0.9747
vn 0.0679 -0.0300 -0.9972
vn 0.2040 -0.0962 -0.9742
vn 0.6304 -0.3175 -0.7084
vn 0.6483 -0.2651 -0.7138
vn 0.8859 -0.4633 -0.0227
vn 0.9201 -0.3909 -0.0231
vn 0.6683 -0.2080 -0.7142
vn 0.9511 -0.3081 -0.0232
vn 0.6892 -0.1386 -0.7112
vn 0.9783 -0.2060 -0.0230
vn 0.9464 -0.3094 0.0932
vn 0.9739 -0.2074 0.0926
vn 0.9722 -0.2079 0.1081
vn 0.9446 -0.3098 0.1088
vn 0.9153 -0.3920 0.0928
vn 0.9135 -0.3922 0.1084
vn 0.8810 -0.4642 0.0912
vn 0.8793 -0.4642 0.1065
vn 0.8758 -0.4643 0.1318
vn 0.9099 -0.3926 0.1342
vn 0.8699 -0.4646 0.1657
vn 0.9038 -0.3934 0.1687
vn 0.9409 -0.3106 0.1347
vn 0.9349 -0.3120 0.1694
vn 0.9687 -0.2089 0.1339
vn 0.9630 -0.2104 0.1685
vn 0.9258 -0.3139 0.2108
vn 0.9543 -0.2127 0.2098
vn 0.9438 -0.2156 0.2504
vn 0.9147 -0.3164 0.2513
vn 0.8946 -0.3945 0.2098
vn 0.8836 -0.3959 0.2501
vn 0.8610 -0.4650 0.2061
vn 0.8503 -0.4655 0.2456
vn 0.8379 -0.4662 0.2839
vn 0.8708 -0.3976 0.2891
vn 0.8232 -0.4672 0.3226
vn 0.8558 -0.3997 0.3285
vn 0.9020 -0.3193 0.2907
vn 0.8869 -0.3228 0.3305
vn 0.9317 -0.2190 0.2899
vn 0.9172 -0.2230 0.3301
vn 0.8690 -0.3268 0.3716
vn 0.9000 -0.2277 0.3716
vn 0.8806 -0.2328 0.4128
vn 0.8488 -0.3313 0.4121
vn 0.8379 -0.4021 0.3691
vn 0.8178 -0.4048 0.4090
vn 0.8059 -0.4682 0.3623
vn 0.7864 -0.4694 0.4015
vn 0.7650 -0.4707 0.4395
vn 0.7957 -0.4077 0.4479
vn 0.7418 -0.4721 0.4763
vn 0.7717 -0.4108 0.4855
vn 0.8265 -0.3361 0.4516
vn 0.8022 -0.3412 0.4899
vn 0.8590 -0.2384 0.4532
vn 0.8353 -0.2443 0.4926
vn 0.7759 -0.3465 0.5271
vn 0.8095 -0.2505 0.5310
vn 0.7817 -0.2569 0.5682
vn 0.7478 -0.3520 0.5629
vn 0.7458 -0.4140 0.5219
vn 0.7181 -0.4173 0.5569
vn 0.7167 -0.4735 0.5120
vn 0.6900 -0.4750 0.5461
vn 0.6617 -0.4766 0.5788
vn 0.6888 -0.4207 0.5903
vn 0.6318 -0.4781 0.6100
vn 0.6579 -0.4242 0.6223
vn 0.7179 -0.3577 0.5973
vn 0.6862 -0.3634 0.6301
vn 0.7520 -0.2636 0.6041
vn 0.7204 -0.2703 0.6387
vn 0.6529 -0.3691 0.6615
vn 0.6868 -0.2771 0.6719
vn 0.6515 -0.2839 0.7035
vn 0.6180 -0.3748 0.6911
vn 0.6254 -0.4276 0.6527
vn 0.5915 -0.4310 0.6814
vn 0.6005 -0.4797 0.6397
vn 0.5679 -0.4813 0.6677
vn 0.5341 -0.4828 0.6940
vn 0.5564 -0.4344 0.7083
vn 0.4991 -0.4843 0.7186
vn 0.5200 -0.4377 0.7335
vn 0.5817 -0.3804 0.7189
vn 0.5441 -0.3858 0.7451
vn 0.6146 -0.2906 0.7334
vn 0.5760 -0.2971 0.7616
vn 0.5051 -0.3911 0.7694
vn 0.5357 -0.3034 0.7880
vn 0.4941 -0.3095 0.8124
vn 0.4650 -0.3961 0.7918
vn 0.4824 -0.4408 0.7570
vn 0.4438 -0.4438 0.7785
vn 0.4629 -0.4858 0.7415
vn 0.4259 -0.4871 0.7625
vn 0.3880 -0.4884 0.7816
vn 0.4044 -0.4466 0.7981
vn 0.3492 -0.4896 0.7989
vn 0.3640 -0.4492 0.8159
vn 0.4239 -0.4007 0.8122
vn 0.3818 -0.4051 0.8307
vn 0.4513 -0.3152 0.8349
vn 0.4071 -0.3205 0.8553
vn 0.3388 -0.4091 0.8473
vn 0.3618 -0.3253 0.8736
vn 0.3156 -0.3297 0.8898
vn 0.2951 -0.4126 0.8618
vn 0.3229 -0.4516 0.8318
vn 0.2811 -0.4537 0.8456
vn 0.3097 -0.4907 0.8144
vn 0.2697 -0.4917 0.8280
vn 0.2291 -0.4925 0.8396
vn 0.2389 -0.4556 0.8575
vn 0.1881 -0.4933 0.8493
vn 0.1961 -0.4572 0.8675
vn 0.2509 -0.4157 0.8742
vn 0.2060 -0.4183 0.8846
vn 0.2686 -0.3335 0.9037
vn 0.2208 -0.3368 0.9153
vn 0.1606 -0.4205 0.8930
vn 0.1722 -0.3394 0.9247
vn 0.1234 -0.3414 0.9318
vn 0.1150 -0.4221 0.8992
vn 0.1529 -0.4584 0.8755
vn 0.1094 -0.4594 0.8815
vn 0.1466 -0.4939 0.8571
vn 0.1049 -0.4943 0.8629
vn 0.0631 -0.4946 0.8668
vn 0.0658 -0.4600 0.8855
vn 0.0211 -0.4948 0.8688
vn 0.0220 -0.4604 0.8875
vn 0.0691 -0.4231 0.9034
vn 0.0231 -0.4237 0.9055
vn 0.0742 -0.3427 0.9365
vn 0.0248 -0.3434 0.9389
vn -0.0248 -0.3434 0.9389
vn -0.0231 -0.4237 0.9055
vn -0.0742 -0.3427 0.9365
vn -0.0691 -0.4231 0.9034
vn -0.0220 -0.4604 0.8875
vn -0.0658 -0.4600 0.8855
vn -0.0211 -0.4948 0.8688
vn -0.0631 -0.4946 0.8668
vn -0.1049 -0.4943 0.8629
vn -0.1094 -0.4594 0.8815
vn -0.1466 -0.4939 0.8571
vn -0.1528 -0.4584 0.8755
vn -0.1150 -0.4221 0.8992
vn -0.1606 -0.4205 0.8930
vn -0.1234 -0.3414 0.9318
vn -0.1722 -0.3394 0.9247
vn -0.2060 -0.4183 0.8846
vn -0.2208 -0.3368 0.9153
vn -0.2686 -0.3335 0.9037
vn -0.2509 -0.4157 0.8742
vn -0.1961 -0.4572 0.8675
vn -0.2389 -0.4556 0.8575
vn -0.1881 -0.4933 0.8493
vn -0.2291 -0.4925 0.8396
vn -0.1795 -0.5426 0.8206
vn -0.2186 -0.5424 0.8112
vn -0.1399 -0.5428 0.8282
vn -0.1672 -0.6149 0.7707
vn -0.1303 -0.6149 0.7778
vn -0.0933 -0.6149 0.7831
vn -0.1001 -0.5429 0.8338
vn -0.1139 -0.7185 0.6862
vn -0.0815 -0.7185 0.6907
vn -0.0655 -0.8227 0.5647
vn -0.0916 -0.8226 0.5612
vn -0.1461 -0.7184 0.6801
vn -0.1176 -0.8225 0.5565
vn -0.1781 -0.7183 0.6725
vn -0.1434 -0.8223 0.5506
vn -0.2037 -0.6149 0.7618
vn -0.1055 -0.9033 0.4159
vn -0.0864 -0.9034 0.4200
vn -0.0739 -0.9503 0.3025
vn -0.0606 -0.9503 0.3053
vn -0.0577 -0.9667 0.2493
vn -0.0476 -0.9667 0.2513
vn -0.0410 -0.9787 0.2010
vn -0.0356 -0.9789 0.2012
vn -0.0293 -0.9789 0.2023
vn -0.0371 -0.9667 0.2531
vn -0.0269 -0.9667 0.2545
vn -0.0242 -0.9787 0.2039
vn -0.0471 -0.9504 0.3075
vn -0.0337 -0.9504 0.3092
vn -0.0673 -0.9035 0.4233
vn -0.0481 -0.9035 0.4258
vn -0.0289 -0.9036 0.4275
vn -0.0202 -0.9504 0.3103
vn -0.0097 -0.9036 0.4283
vn -0.0067 -0.9504 0.3109
vn -0.0167 -0.9666 0.2556
vn -0.0056 -0.9666 0.2563
vn -0.0190 -0.9783 0.2063
vn -0.0079 -0.9779 0.2089
vn 0.0057 -0.9666 0.2563
vn 0.0079 -0.9779 0.2089
vn 0.0165 -0.9666 0.2556
vn 0.0188 -0.9783 0.2064
vn 0.0068 -0.9504 0.3109
vn 0.0202 -0.9504 0.3103
vn 0.0097 -0.9036 0.4283
vn 0.0289 -0.9036 0.4275
vn 0.0481 -0.9035 0.4258
vn 0.0337 -0.9504 0.3092
vn 0.0673 -0.9035 0.4233
vn 0.0471 -0.9504 0.3076
vn 0.0269 -0.9667 0.2545
vn 0.0371 -0.9667 0.2531
vn 0.0243 -0.9787 0.2039
vn 0.0293 -0.9789 0.2023
vn 0.0357 -0.9789 0.2012
vn 0.0476 -0.9667 0.2513
vn 0.0577 -0.9667 0.2493
vn 0.0410 -0.9787 0.2010
vn 0.0606 -0.9503 0.3053
vn 0.0739 -0.9503 0.3025
vn 0.0865 -0.9034 0.4200
vn 0.1055 -0.9033 0.4159
vn 0.1244 -0.9032 0.4109
vn 0.0872 -0.9502 0.2990
vn 0.1432 -0.9030 0.4050
vn 0.1004 -0.9502 0.2951
vn 0.0682 -0.9667 0.2468
vn 0.0788 -0.9666 0.2438
vn 0.0469 -0.9783 0.2016
vn 0.0582 -0.9781 0.1999
vn 0.0738 -0.9783 0.1935
vn 0.0903 -0.9667 0.2396
vn 0.1007 -0.9667 0.2351
vn 0.0837 -0.9789 0.1866
vn 0.1137 -0.9501 0.2904
vn 0.1267 -0.9501 0.2852
vn 0.1618 -0.9029 0.3983
vn 0.1802 -0.9027 0.3907
vn 0.1984 -0.9025 0.3822
vn 0.1397 -0.9500 0.2793
vn 0.2164 -0.9023 0.3728
vn 0.1524 -0.9499 0.2728
vn 0.1107 -0.9668 0.2303
vn 0.1204 -0.9669 0.2251
vn 0.0883 -0.9793 0.1821
vn 0.0927 -0.9795 0.1787
vn 0.0986 -0.9796 0.1752
vn 0.1304 -0.9669 0.2193
vn 0.1399 -0.9669 0.2134
vn 0.1039 -0.9794 0.1730
vn 0.1652 -0.9498 0.2655
vn 0.1775 -0.9498 0.2577
vn 0.2340 -0.9021 0.3625
vn 0.2512 -0.9019 0.3513
vn 0.2681 -0.9017 0.3391
vn 0.1897 -0.9497 0.2492
vn 0.2845 -0.9015 0.3261
vn 0.2016 -0.9496 0.2399
vn 0.1496 -0.9669 0.2068
vn 0.1594 -0.9669 0.1993
vn 0.1101 -0.9790 0.1714
vn 0.1210 -0.9789 0.1647
vn 0.1347 -0.9793 0.1509
vn 0.1696 -0.9670 0.1902
vn 0.1785 -0.9671 0.1812
vn 0.1423 -0.9800 0.1391
vn 0.2133 -0.9496 0.2299
vn 0.2244 -0.9495 0.2193
vn 0.3004 -0.9013 0.3121
vn 0.3157 -0.9011 0.2972
vn 0.3304 -0.9009 0.2814
vn 0.2353 -0.9494 0.2079
vn 0.3445 -0.9007 0.2647
vn 0.2456 -0.9494 0.1960
vn 0.1869 -0.9672 0.1719
vn 0.1947 -0.9673 0.1624
vn 0.1452 -0.9805 0.1325
vn 0.1482 -0.9807 0.1272
vn 0.1526 -0.9808 0.1212
vn 0.2026 -0.9674 0.1520
vn 0.2098 -0.9674 0.1416
vn 0.1569 -0.9807 0.1169
vn 0.2554 -0.9493 0.1832
vn 0.2646 -0.9493 0.1698
vn 0.3577 -0.9005 0.2471
vn 0.3702 -0.9003 0.2288
vn 0.3817 -0.9002 0.2097
vn 0.2733 -0.9492 0.1558
vn 0.3923 -0.9000 0.1897
vn 0.2812 -0.9492 0.1413
vn 0.2169 -0.9674 0.1305
vn 0.2236 -0.9675 0.1183
vn 0.1624 -0.9803 0.1124
vn 0.1710 -0.9802 0.1001
vn 0.2300 -0.9676 0.1044
vn 0.1794 -0.9806 0.0790
vn 0.2347 -0.9677 0.0917
vn 0.1822 -0.9812 0.0633
vn 0.2883 -0.9492 0.1262
vn 0.2944 -0.9492 0.1115
vn 0.4018 -0.8999 0.1694
vn 0.4099 -0.8998 0.1495
vn 0.4168 -0.8997 0.1295
vn 0.2996 -0.9492 0.0966
vn 0.4227 -0.8997 0.1088
vn 0.3041 -0.9492 0.0813
vn 0.2385 -0.9679 0.0794
vn 0.2418 -0.9680 0.0672
vn 0.1818 -0.9818 0.0553
vn 0.1818 -0.9822 0.0481
vn 0.1825 -0.9824 0.0391
vn 0.2446 -0.9681 0.0540
vn 0.2465 -0.9682 0.0431
vn 0.1831 -0.9826 0.0314
vn 0.3078 -0.9492 0.0655
vn 0.3102 -0.9492 0.0522
vn 0.4276 -0.8997 0.0877
vn 0.4309 -0.8997 0.0697
vn 0.4328 -0.8997 0.0564
vn 0.3117 -0.9492 0.0421
vn 0.4337 -0.8998 0.0482
vn 0.3124 -0.9493 0.0362
vn 0.2476 -0.9682 0.0348
vn 0.2481 -0.9683 0.0303
vn 0.1835 -0.9827 0.0262
vn 0.1837 -0.9827 0.0231
vn 0.2501 -0.9682 -0.0078
vn 0.1849 -0.9827 -0.0051
vn 0.2462 -0.9144 -0.3212
vn 0.1857 -0.9528 -0.2402
vn 0.3150 -0.9491 -0.0092
vn 0.3030 -0.8738 -0.3803
vn 0.4371 -0.8993 -0.0120
vn 0.3972 -0.7820 -0.4803
vn 0.1807 -0.3256 -0.9281
vn 0.1656 -0.4381 -0.8836
vn 0.0628 -0.0992 -0.9931
vn 0.0602 -0.1409 -0.9882
vn 0.1512 -0.5205 -0.8404
vn 0.0573 -0.1806 -0.9819
vn 0.1344 -0.6490 -0.7488
vn 0.0548 -0.2547 -0.9655
vn 0.0217 -0.0681 -0.9974
vn 0.0205 -0.1094 -0.9938
vn 0.0085 -0.0351 -0.9993
vn 0.0079 -0.0692 -0.9976
vn 0.0090 -0.0210 -0.9997
vn 0.0228 -0.0482 -0.9986
vn 0.0236 -0.0327 -0.9992
vn 0.0093 -0.0132 -0.9999
vn 0.0030 -0.0072 -1.0000
vn 0.0029 -0.0127 -0.9999
vn 0.0004 -0.0060 -1.0000
vn 0.0004 -0.0110 -0.9999
vn 0.0004 -0.0232 -0.9997
vn 0.0027 -0.0252 -0.9997
vn 0.0024 -0.0589 -0.9983
vn 0.0003 -0.0575 -0.9983
vn -0.0004 -0.0232 -0.9997
vn -0.0003 -0.0575 -0.9983
vn -0.0027 -0.0252 -0.9997
vn -0.0024 -0.0589 -0.9983
vn -0.0029 -0.0127 -0.9999
vn -0.0004 -0.0110 -0.9999
vn -0.0004 -0.0060 -1.0000
vn -0.0030 -0.0072 -1.0000
vn -0.0093 -0.0132 -0.9999
vn -0.0090 -0.0210 -0.9997
vn -0.0236 -0.0327 -0.9992
vn -0.0228 -0.0482 -0.9986
vn -0.0217 -0.0681 -0.9974
vn -0.0085 -0.0351 -0.9993
vn -0.0079 -0.0692 -0.9976
vn -0.0205 -0.1094 -0.9938
vn -0.0548 -0.2547 -0.9655
vn -0.0573 -0.1806 -0.9819
vn -0.1512 -0.5205 -0.8404
vn -0.1343 -0.6486 -0.7492
vn -0.0602 -0.1409 -0.9882
vn -0.1657 -0.4381 -0.8835
vn -0.0628 -0.0992 -0.9931
vn -0.1807 -0.3256 -0.9281
vn -0.3972 -0.7820 -0.4803
vn -0.3030 -0.8738 -0.3803
vn -0.4371 -0.8993 -0.0119
vn -0.3150 -0.9491 -0.0091
vn -0.2461 -0.9144 -0.3215
vn -0.2501 -0.9682 -0.0073
vn -0.1857 -0.9529 -0.2399
vn -0.1849 -0.9827 -0.0041
vn -0.2481 -0.9683 0.0300
vn -0.1837 -0.9827 0.0222
vn -0.2476 -0.9682 0.0350
vn -0.1835 -0.9827 0.0264
vn -0.3124 -0.9493 0.0362
vn -0.3117 -0.9492 0.0422
vn -0.4337 -0.8998 0.0482
vn -0.4328 -0.8997 0.0564
vn -0.4309 -0.8997 0.0697
vn -0.3102 -0.9492 0.0522
vn -0.4276 -0.8997 0.0877
vn -0.3078 -0.9492 0.0654
vn -0.2465 -0.9682 0.0431
vn -0.2446 -0.9681 0.0539
vn -0.1831 -0.9826 0.0315
vn -0.1826 -0.9824 0.0392
vn -0.1818 -0.9822 0.0481
vn -0.2418 -0.9680 0.0672
vn -0.2385 -0.9679 0.0794
vn -0.1818 -0.9818 0.0553
vn -0.3041 -0.9492 0.0813
vn -0.2996 -0.9492 0.0966
vn -0.4227 -0.8997 0.1088
vn -0.4168 -0.8997 0.1295
vn -0.4099 -0.8998 0.1494
vn -0.2944 -0.9492 0.1114
vn -0.4018 -0.8999 0.1694
vn -0.2883 -0.9492 0.1262
vn -0.2347 -0.9677 0.0917
vn -0.2300 -0.9676 0.1044
vn -0.1822 -0.9812 0.0632
vn -0.1794 -0.9806 0.0791
vn -0.1710 -0.9802 0.1000
vn -0.2236 -0.9675 0.1183
vn -0.2169 -0.9674 0.1304
vn -0.1625 -0.9803 0.1123
vn -0.2812 -0.9492 0.1413
vn -0.2733 -0.9492 0.1558
vn -0.3923 -0.9000 0.1897
vn -0.3817 -0.9002 0.2097
vn -0.3702 -0.9003 0.2288
vn -0.2646 -0.9493 0.1698
vn -0.3577 -0.9005 0.2472
vn -0.2554 -0.9493 0.1832
vn -0.2098 -0.9674 0.1416
vn -0.2026 -0.9674 0.1520
vn -0.1569 -0.9807 0.1169
vn -0.1526 -0.9808 0.1212
vn -0.1482 -0.9807 0.1272
vn -0.1947 -0.9673 0.1624
vn -0.1869 -0.9672 0.1719
vn -0.1452 -0.9805 0.1326
vn -0.2455 -0.9494 0.1960
vn -0.2352 -0.9494 0.2080
vn -0.3444 -0.9007 0.2647
vn -0.3304 -0.9009 0.2814
vn -0.3158 -0.9011 0.2972
vn -0.2244 -0.9495 0.2193
vn -0.3004 -0.9013 0.3121
vn -0.2132 -0.9496 0.2299
vn -0.1785 -0.9671 0.1812
vn -0.1696 -0.9670 0.1903
vn -0.1424 -0.9800 0.1390
vn -0.1347 -0.9793 0.1508
vn -0.1210 -0.9789 0.1646
vn -0.1594 -0.9669 0.1993
vn -0.1496 -0.9669 0.2068
vn -0.1101 -0.9790 0.1713
vn -0.2016 -0.9496 0.2399
vn -0.1897 -0.9497 0.2492
vn -0.2845 -0.9015 0.3261
vn -0.2681 -0.9017 0.3391
vn -0.3819 -0.8200 0.4263
vn -0.3605 -0.8203 0.4441
vn -0.4027 -0.8197 0.4074
vn -0.4942 -0.7169 0.4918
vn -0.4694 -0.7170 0.5153
vn -0.5179 -0.7167 0.4669
vn -0.4225 -0.8194 0.3873
vn -0.5880 -0.6152 0.5251
vn -0.5615 -0.6152 0.5534
vn -0.6025 -0.5386 0.5890
vn -0.6309 -0.5382 0.5588
vn -0.5337 -0.6151 0.5804
vn -0.5726 -0.5390 0.6177
vn -0.5047 -0.6151 0.6058
vn -0.5416 -0.5394 0.6448
vn -0.4436 -0.7172 0.5375
vn -0.6578 -0.5378 0.5272
vn -0.6131 -0.6153 0.4954
vn -0.6833 -0.5375 0.4942
vn -0.6369 -0.6153 0.4644
vn -0.6592 -0.6154 0.4321
vn -0.7072 -0.5371 0.4598
vn -0.7293 -0.5368 0.4242
vn -0.6799 -0.6155 0.3987
vn -0.6005 -0.7163 0.3555
vn -0.5818 -0.7164 0.3851
vn -0.4923 -0.8184 0.2963
vn -0.4765 -0.8186 0.3206
vn -0.4595 -0.8189 0.3439
vn -0.5618 -0.7165 0.4136
vn -0.5405 -0.7166 0.4409
vn -0.4415 -0.8192 0.3661
vn -0.6177 -0.7162 0.3250
vn -0.5070 -0.8182 0.2712
vn -0.5204 -0.8180 0.2451
vn -0.6333 -0.7161 0.2935
vn -0.6473 -0.7160 0.2614
vn -0.5324 -0.8178 0.2186
vn -0.6591 -0.7160 0.2302
vn -0.5425 -0.8177 0.1926
vn -0.7446 -0.6158 0.2576
vn -0.7316 -0.6157 0.2927
vn -0.7847 -0.5360 0.3114
vn -0.7986 -0.5358 0.2740
vn -0.7162 -0.6156 0.3287
vn -0.7682 -0.5362 0.3497
vn -0.6989 -0.6155 0.3642
vn -0.7497 -0.5365 0.3875
vn -0.8104 -0.5357 0.2371
vn -0.7556 -0.6159 0.2228
vn -0.8206 -0.5357 0.1989
vn -0.7651 -0.6161 0.1870
vn -0.7730 -0.6163 0.1503
vn -0.8291 -0.5358 0.1599
vn -0.8347 -0.5358 0.1272
vn -0.7783 -0.6165 0.1196
vn -0.6896 -0.7162 0.1070
vn -0.6849 -0.7162 0.1345
vn -0.5688 -0.8176 0.0897
vn -0.5647 -0.8176 0.1127
vn -0.5585 -0.8176 0.1401
vn -0.6777 -0.7161 0.1672
vn -0.6691 -0.7160 0.1992
vn -0.5511 -0.8176 0.1668
vn -0.6924 -0.7163 0.0863
vn -0.5712 -0.8176 0.0724
vn -0.5723 -0.8177 0.0620
vn -0.6937 -0.7165 0.0741
vn -0.6982 -0.7156 -0.0184
vn -0.5764 -0.8170 -0.0154
vn -0.5497 -0.5408 -0.6367
vn -0.4861 -0.6603 -0.5725
vn -0.5891 -0.4431 -0.6758
vn -0.7875 -0.6160 -0.0206
vn -0.8444 -0.5352 -0.0219
vn -0.6123 -0.3736 -0.6968
vn -0.7828 -0.6168 0.0828
vn -0.8396 -0.5360 0.0880
vn -0.7813 -0.6166 0.0965
vn -0.8380 -0.5359 0.1027
vn -0.2012 -0.1143 -0.9729
vn -0.1990 -0.1387 -0.9701
vn -0.0670 -0.0349 -0.9971
vn -0.0665 -0.0418 -0.9969
vn -0.0249 -0.0147 -0.9996
vn -0.0251 -0.0128 -0.9996
vn -0.0099 -0.0063 -0.9999
vn -0.0098 -0.0067 -0.9999
vn -0.0247 -0.0180 -0.9995
vn -0.0097 -0.0076 -0.9999
vn -0.0095 -0.0095 -0.9999
vn -0.0243 -0.0234 -0.9994
vn -0.0658 -0.0530 -0.9964
vn -0.0646 -0.0708 -0.9954
vn -0.1960 -0.1777 -0.9644
vn -0.1904 -0.2372 -0.9526
vn -0.0031 -0.0044 -1.0000
vn -0.0030 -0.0052 -1.0000
vn -0.0004 -0.0038 -1.0000
vn 0.0004 -0.0038 -1.0000
vn 0.0031 -0.0044 -1.0000
vn 0.0030 -0.0052 -1.0000
vn 0.0004 -0.0037 -1.0000
vn 0.0031 -0.0042 -1.0000
vn 0.0004 -0.0039 -1.0000
vn 0.0031 -0.0043 -1.0000
vn -0.0004 -0.0037 -1.0000
vn -0.0004 -0.0039 -1.0000
vn -0.0031 -0.0042 -1.0000
vn -0.0031 -0.0043 -1.0000
vn 0.0099 -0.0063 -0.9999
vn 0.0098 -0.0067 -0.9999
vn 0.0251 -0.0128 -0.9996
vn 0.0249 -0.0147 -0.9996
vn 0.0665 -0.0418 -0.9969
vn 0.0670 -0.0349 -0.9971
vn 0.2012 -0.1143 -0.9729
vn 0.1990 -0.1387 -0.9701
vn 0.1960 -0.1777 -0.9644
vn 0.0658 -0.0530 -0.9964
vn 0.1904 -0.2373 -0.9526
vn 0.0646 -0.0708 -0.9954
vn 0.0243 -0.0234 -0.9994
vn 0.0247 -0.0180 -0.9995
vn 0.0097 -0.0076 -0.9999
vn 0.0095 -0.0095 -0.9999
vn 0.5497 -0.5408 -0.6366
vn 0.4862 -0.6603 -0.5724
vn 0.5764 -0.8170 -0.0155
vn 0.6982 -0.7156 -0.0185
vn 0.6937 -0.7165 0.0740
vn 0.5723 -0.8177 0.0620
vn 0.6924 -0.7163 0.0864
vn 0.5712 -0.8176 0.0724
vn 0.7813 -0.6166 0.0966
vn 0.7828 -0.6168 0.0827
vn 0.8396 -0.5360 0.0880
vn 0.8380 -0.5359 0.1027
vn 0.7875 -0.6160 -0.0206
vn 0.8444 -0.5352 -0.0219
vn 0.5891 -0.4431 -0.6758
vn 0.6123 -0.3736 -0.6968
vn 0.8347 -0.5358 0.1272
vn 0.7783 -0.6165 0.1196
vn 0.8291 -0.5358 0.1599
vn 0.7730 -0.6163 0.1503
vn 0.7651 -0.6161 0.1870
vn 0.8206 -0.5357 0.1989
vn 0.8104 -0.5357 0.2371
vn 0.7556 -0.6159 0.2228
vn 0.6691 -0.7160 0.1992
vn 0.6777 -0.7161 0.1672
vn 0.5511 -0.8176 0.1668
vn 0.5585 -0.8176 0.1401
vn 0.5647 -0.8176 0.1127
vn 0.6849 -0.7162 0.1345
vn 0.6896 -0.7162 0.1069
vn 0.5688 -0.8176 0.0898
vn 0.6591 -0.7160 0.2302
vn 0.5425 -0.8177 0.1927
vn 0.5324 -0.8178 0.2186
vn 0.6473 -0.7160 0.2614
vn 0.6333 -0.7161 0.2935
vn 0.5204 -0.8180 0.2451
vn 0.6177 -0.7162 0.3250
vn 0.5070 -0.8182 0.2712
vn 0.6989 -0.6155 0.3642
vn 0.7162 -0.6156 0.3287
vn 0.7682 -0.5362 0.3497
vn 0.7497 -0.5365 0.3875
vn 0.7316 -0.6157 0.2927
vn 0.7847 -0.5360 0.3114
vn 0.7446 -0.6158 0.2576
vn 0.7986 -0.5358 0.2740
vn 0.7293 -0.5368 0.4242
vn 0.6799 -0.6155 0.3987
vn 0.7072 -0.5371 0.4598
vn 0.6592 -0.6154 0.4321
vn 0.6369 -0.6153 0.4644
vn 0.6833 -0.5375 0.4942
vn 0.6578 -0.5378 0.5272
vn 0.6132 -0.6153 0.4954
vn 0.5405 -0.7166 0.4409
vn 0.5618 -0.7165 0.4136
vn 0.4415 -0.8192 0.3661
vn 0.4595 -0.8189 0.3439
vn 0.4765 -0.8186 0.3206
vn 0.5818 -0.7164 0.3851
vn 0.6005 -0.7163 0.3555
vn 0.4923 -0.8184 0.2964
vn 0.5179 -0.7167 0.4669
vn 0.4225 -0.8194 0.3873
vn 0.4027 -0.8197 0.4074
vn 0.4942 -0.7169 0.4918
vn 0.3819 -0.8200 0.4263
vn 0.4694 -0.7170 0.5153
vn 0.4436 -0.7172 0.5375
vn 0.3605 -0.8203 0.4441
vn 0.5047 -0.6151 0.6058
vn 0.5337 -0.6151 0.5803
vn 0.5726 -0.5390 0.6177
vn 0.5416 -0.5394 0.6448
vn 0.5615 -0.6152 0.5534
vn 0.6025 -0.5386 0.5890
vn 0.5880 -0.6152 0.5251
vn 0.6309 -0.5382 0.5588
vn 0.5093 -0.5398 0.6702
vn 0.4746 -0.6151 0.6296
vn 0.4760 -0.5402 0.6940
vn 0.4435 -0.6150 0.6519
vn 0.4114 -0.6150 0.6727
vn 0.4415 -0.5406 0.7161
vn 0.4062 -0.5410 0.7364
vn 0.3785 -0.6150 0.6918
vn 0.3318 -0.7178 0.6122
vn 0.3609 -0.7176 0.5957
vn 0.2683 -0.8213 0.5034
vn 0.2922 -0.8211 0.4904
vn 0.3893 -0.7175 0.5777
vn 0.3156 -0.8208 0.4761
vn 0.4169 -0.7173 0.5583
vn 0.3383 -0.8205 0.4607
vn 0.3021 -0.7179 0.6272
vn 0.2441 -0.8216 0.5152
vn 0.2194 -0.8218 0.5259
vn 0.2718 -0.7180 0.6408
vn 0.1943 -0.8220 0.5353
vn 0.2409 -0.7181 0.6529
vn 0.2097 -0.7182 0.6635
vn 0.1690 -0.8222 0.5436
vn 0.2397 -0.6149 0.7513
vn 0.2753 -0.6149 0.7390
vn 0.2955 -0.5419 0.7868
vn 0.2573 -0.5422 0.7999
vn 0.3104 -0.6150 0.7249
vn 0.3332 -0.5416 0.7718
vn 0.3448 -0.6150 0.7092
vn 0.3701 -0.5413 0.7550
vn 0.2186 -0.5424 0.8112
vn 0.2037 -0.6149 0.7618
vn 0.1795 -0.5426 0.8206
vn 0.1672 -0.6149 0.7707
vn 0.1303 -0.6149 0.7778
vn 0.1399 -0.5428 0.8282
vn 0.1001 -0.5429 0.8338
vn 0.0933 -0.6149 0.7831
vn 0.0815 -0.7185 0.6907
vn 0.1139 -0.7185 0.6862
vn 0.0655 -0.8227 0.5647
vn 0.0916 -0.8226 0.5612
vn 0.1462 -0.7184 0.6801
vn 0.1177 -0.8225 0.5565
vn 0.1781 -0.7183 0.6725
vn 0.1434 -0.8223 0.5506
vn 0.0490 -0.7185 0.6938
vn 0.0394 -0.8227 0.5671
vn 0.0132 -0.8227 0.5683
vn 0.0164 -0.7186 0.6953
vn -0.0132 -0.8227 0.5683
vn -0.0164 -0.7186 0.6953
vn -0.0490 -0.7185 0.6938
vn -0.0394 -0.8227 0.5671
vn -0.0561 -0.6149 0.7866
vn -0.0187 -0.6149 0.7884
vn -0.0201 -0.5430 0.8395
vn -0.0602 -0.5430 0.8376
vn 0.0201 -0.5430 0.8395
vn 0.0187 -0.6149 0.7884
vn 0.0561 -0.6149 0.7866
vn 0.0602 -0.5430 0.8376
vn -0.0660 -0.9912 0.1144
vn -0.0912 -0.9923 0.0842
vn -0.0336 -0.9994 0.0062
vn -0.0073 -0.9990 0.0437
vn -0.0957 -0.9932 0.0670
vn -0.0266 -0.9996 0.0045
vn -0.0978 -0.9923 0.0765
vn -0.1122 -0.9931 0.0329
vn -0.0322 -0.9994 -0.0124
vn -0.0195 -0.9991 0.0374
vn -0.1105 -0.9938 0.0119
vn -0.0251 -0.9996 -0.0117
vn -0.0954 -0.9954 0.0110
vn -0.0957 -0.9954 -0.0007
vn -0.0171 -0.9999 0.0007
vn -0.0170 -0.9999 0.0016
vn -0.0976 -0.9898 -0.1035
vn -0.0174 -0.9998 -0.0096
vn -0.0000 -1.0000 -0.0007
vn -0.0000 -1.0000 0.0005
vn -0.0000 -1.0000 -0.0008
vn -0.0015 -0.8399 -0.5427
vn -0.0000 -0.8625 -0.5060
vn -0.0062 -0.1959 -0.9806
vn -0.0016 -0.1930 -0.9812
vn -0.0181 -0.2464 -0.9690
vn -0.0066 -0.8020 -0.5973
vn -0.0210 -0.9764 -0.2148
vn -0.0515 -0.4958 -0.8669
vn -0.0925 -0.8910 -0.4444
vn -0.0185 -0.9986 -0.0505
vn -0.0001 -0.1976 -0.9803
vn 0.0002 -0.8747 -0.4846
vn 0.0001 -0.1976 -0.9803
vn -0.0002 -0.8746 -0.4849
vn 0.0016 -0.1930 -0.9812
vn -0.0001 -0.8623 -0.5064
vn -0.0000 -1.0000 0.0010
vn -0.0000 -1.0000 0.0016
vn -0.0000 -1.0000 0.0008
vn 0.0185 -0.9986 -0.0499
vn 0.0210 -0.9765 -0.2144
vn 0.0515 -0.4959 -0.8668
vn 0.0925 -0.8909 -0.4447
vn 0.0181 -0.2466 -0.9690
vn 0.0066 -0.8022 -0.5971
vn 0.0062 -0.1959 -0.9806
vn 0.0016 -0.8396 -0.5433
vn 0.0977 -0.9898 -0.1035
vn 0.0174 -0.9998 -0.0099
vn 0.0957 -0.9954 -0.0007
vn 0.0171 -0.9999 0.0007
vn 0.0953 -0.9954 0.0112
vn 0.0170 -0.9999 0.0015
vn 0.0955 -0.9953 0.0123
vn 0.0171 -0.9999 0.0012
vn 0.1122 -0.9931 0.0330
vn 0.0978 -0.9923 0.0764
vn 0.0322 -0.9994 -0.0122
vn 0.0195 -0.9991 0.0373
vn 0.0864 -0.9925 0.0871
vn 0.0155 -0.9994 0.0297
vn 0.0912 -0.9923 0.0842
vn 0.0660 -0.9912 0.1143
vn 0.0073 -0.9990 0.0439
vn 0.0336 -0.9994 0.0063
vn 0.0530 -0.9916 0.1182
vn 0.0059 -0.9994 0.0349
vn 0.0567 -0.9913 0.1192
vn 0.0262 -0.9906 0.1340
vn -0.0062 -0.9990 0.0438
vn 0.0288 -0.9993 0.0238
vn 0.0136 -0.9912 0.1319
vn -0.0049 -0.9994 0.0350
vn 0.0159 -0.9906 0.1355
vn -0.0159 -0.9906 0.1355
vn 0.0190 -0.9991 0.0369
vn -0.0190 -0.9991 0.0369
vn -0.0271 -0.9914 0.1281
vn -0.0152 -0.9994 0.0295
vn -0.2363 -0.2167 0.9472
vn -0.2871 -0.2136 0.9338
vn -0.3005 -0.0783 0.9505
vn -0.2477 -0.0804 0.9655
vn -0.2528 0.0376 0.9668
vn -0.3064 0.0384 0.9511
vn -0.2540 0.0949 0.9625
vn -0.3078 0.0948 0.9467
vn -0.1978 0.0370 0.9795
vn -0.1988 0.0949 0.9754
vn -0.1420 0.0365 0.9892
vn -0.1427 0.0950 0.9852
vn -0.1390 -0.0834 0.9868
vn -0.1937 -0.0821 0.9776
vn -0.1323 -0.2211 0.9662
vn -0.1846 -0.2192 0.9581
vn -0.0837 -0.0843 0.9929
vn -0.0797 -0.2224 0.9717
vn -0.0266 -0.2231 0.9744
vn -0.0280 -0.0847 0.9960
vn -0.0286 0.0360 0.9989
vn -0.0855 0.0362 0.9957
vn -0.0287 0.0950 0.9951
vn -0.0860 0.0950 0.9918
vn 0.0287 0.0950 0.9951
vn 0.0286 0.0360 0.9989
vn 0.0855 0.0362 0.9957
vn 0.0860 0.0950 0.9918
vn 0.0837 -0.0843 0.9929
vn 0.0280 -0.0847 0.9960
vn 0.0797 -0.2224 0.9717
vn 0.0266 -0.2231 0.9744
vn 0.1390 -0.0834 0.9868
vn 0.1323 -0.2211 0.9662
vn 0.1846 -0.2192 0.9581
vn 0.1937 -0.0821 0.9776
vn 0.1978 0.0370 0.9795
vn 0.1420 0.0365 0.9892
vn 0.1988 0.0949 0.9754
vn 0.1427 0.0950 0.9852
vn 0.2528 0.0376 0.9668
vn 0.2540 0.0949 0.9625
vn 0.3064 0.0384 0.9511
vn 0.3078 0.0948 0.9467
vn 0.3005 -0.0783 0.9505
vn 0.2477 -0.0804 0.9655
vn 0.2871 -0.2136 0.9338
vn 0.2363 -0.2167 0.9472
vn 0.3520 -0.0758 0.9329
vn 0.3368 -0.2100 0.9179
vn 0.3854 -0.2059 0.8995
vn 0.4021 -0.0731 0.9127
vn 0.4093 0.0404 0.9115
vn 0.3586 0.0393 0.9327
vn 0.4109 0.0946 0.9068
vn 0.3601 0.0947 0.9281
vn 0.4582 0.0415 0.8879
vn 0.4598 0.0945 0.8830
vn 0.5051 0.0427 0.8620
vn 0.5067 0.0944 0.8569
vn 0.4974 -0.0667 0.8650
vn 0.4507 -0.0700 0.8899
vn 0.4785 -0.1964 0.8558
vn 0.4327 -0.2013 0.8788
vn 0.5422 -0.0631 0.8379
vn 0.5227 -0.1911 0.8308
vn 0.5653 -0.1855 0.8038
vn 0.5850 -0.0594 0.8088
vn 0.5927 0.0454 0.8041
vn 0.5500 0.0440 0.8340
vn 0.5942 0.0943 0.7988
vn 0.5515 0.0943 0.8288
vn 0.6333 0.0469 0.7724
vn 0.6347 0.0942 0.7670
vn 0.6717 0.0483 0.7393
vn 0.6728 0.0941 0.7338
vn 0.6646 -0.0517 0.7454
vn 0.6259 -0.0556 0.7779
vn 0.6451 -0.1738 0.7441
vn 0.6062 -0.1797 0.7748
vn 0.7011 -0.0477 0.7115
vn 0.6820 -0.1677 0.7118
vn 0.7170 -0.1616 0.6781
vn 0.7354 -0.0437 0.6762
vn 0.7414 0.0513 0.6690
vn 0.7077 0.0498 0.7048
vn 0.7421 0.0940 0.6636
vn 0.7086 0.0941 0.6993
vn 0.7730 0.0528 0.6322
vn 0.7735 0.0940 0.6268
vn 0.8023 0.0543 0.5945
vn 0.8025 0.0940 0.5892
vn 0.7975 -0.0359 0.6022
vn 0.7676 -0.0398 0.6397
vn 0.7810 -0.1495 0.6064
vn 0.7501 -0.1555 0.6428
vn 0.8253 -0.0321 0.5638
vn 0.8097 -0.1437 0.5689
vn 0.8364 -0.1380 0.5304
vn 0.8509 -0.0284 0.5246
vn 0.8542 0.0572 0.5168
vn 0.8293 0.0558 0.5560
vn 0.8539 0.0940 0.5120
vn 0.8292 0.0940 0.5509
vn 0.8770 0.0586 0.4770
vn 0.8764 0.0941 0.4724
vn 0.8976 0.0598 0.4368
vn 0.8967 0.0942 0.4324
vn 0.8957 -0.0216 0.4441
vn 0.8744 -0.0249 0.4846
vn 0.8836 -0.1274 0.4506
vn 0.8611 -0.1326 0.4909
vn 0.9149 -0.0185 0.4032
vn 0.9040 -0.1226 0.4097
vn 0.9223 -0.1182 0.3681
vn 0.9321 -0.0157 0.3617
vn 0.9327 0.0622 0.3552
vn 0.9161 0.0611 0.3962
vn 0.9314 0.0944 0.3515
vn 0.9151 0.0943 0.3921
vn 0.9472 0.0633 0.3144
vn 0.9457 0.0945 0.3110
vn 0.9592 0.0642 0.2753
vn 0.9575 0.0947 0.2724
vn 0.9597 -0.0109 0.2807
vn 0.9472 -0.0131 0.3204
vn 0.9517 -0.1107 0.2863
vn 0.9383 -0.1141 0.3264
vn 0.9703 -0.0089 0.2419
vn 0.9630 -0.1077 0.2470
vn 0.9727 -0.1052 0.2067
vn 0.9793 -0.0073 0.2023
vn 0.9779 0.0658 0.1983
vn 0.9693 0.0651 0.2372
vn 0.9760 0.0950 0.1961
vn 0.9675 0.0948 0.2346
vn 0.9850 0.0665 0.1589
vn 0.9830 0.0952 0.1572
vn 0.9897 0.0670 0.1262
vn 0.9876 0.0954 0.1248
vn 0.9917 -0.0049 0.1288
vn 0.9867 -0.0059 0.1622
vn 0.9860 -0.1018 0.1317
vn 0.9807 -0.1032 0.1658
vn 0.9946 -0.0043 0.1039
vn 0.9892 -0.1009 0.1063
vn 0.9908 -0.1004 0.0911
vn 0.9960 -0.0039 0.0890
vn 0.9939 0.0676 0.0872
vn 0.9925 0.0673 0.1018
vn 0.9917 0.0957 0.0862
vn 0.9903 0.0956 0.1006
vn 0.9974 0.0682 -0.0216
vn 0.9951 0.0962 -0.0214
vn 0.7233 0.0517 -0.6886
vn 0.7255 0.0720 -0.6844
vn 0.7178 0.0011 -0.6963
vn 0.9998 -0.0031 -0.0221
vn 0.7064 -0.0657 -0.7047
vn 0.9948 -0.0992 -0.0226
vn 0.2358 0.0030 -0.9718
vn 0.2296 -0.0189 -0.9731
vn 0.0764 -0.0055 -0.9971
vn 0.0786 0.0029 -0.9969
vn 0.0801 0.0097 -0.9967
vn 0.2400 0.0201 -0.9706
vn 0.0808 0.0127 -0.9966
vn 0.2420 0.0272 -0.9699
vn 0.0300 0.0067 -0.9995
vn 0.0303 0.0086 -0.9995
vn 0.0118 0.0057 -0.9999
vn 0.0119 0.0073 -0.9999
vn 0.0116 0.0024 -0.9999
vn 0.0295 0.0026 -0.9996
vn 0.0113 -0.0013 -0.9999
vn 0.0287 -0.0021 -0.9996
vn 0.0037 0.0023 -1.0000
vn 0.0036 -0.0011 -1.0000
vn 0.0005 -0.0011 -1.0000
vn 0.0005 0.0023 -1.0000
vn 0.0005 0.0053 -1.0000
vn 0.0038 0.0054 -1.0000
vn 0.0005 0.0069 -1.0000
vn 0.0038 0.0069 -1.0000
vn -0.0005 0.0053 -1.0000
vn -0.0005 0.0069 -1.0000
vn -0.0038 0.0054 -1.0000
vn -0.0038 0.0069 -1.0000
vn -0.0037 0.0023 -1.0000
vn -0.0005 0.0023 -1.0000
vn -0.0036 -0.0011 -1.0000
vn -0.0005 -0.0011 -1.0000
vn -0.0116 0.0024 -0.9999
vn -0.0113 -0.0013 -0.9999
vn -0.0287 -0.0021 -0.9996
vn -0.0295 0.0026 -0.9996
vn -0.0300 0.0067 -0.9995
vn -0.0118 0.0057 -0.9999
vn -0.0303 0.0086 -0.9995
vn -0.0119 0.0073 -0.9999
vn -0.0801 0.0097 -0.9967
vn -0.0808 0.0127 -0.9966
vn -0.2400 0.0201 -0.9706
vn -0.2420 0.0272 -0.9699
vn -0.2358 0.0030 -0.9718
vn -0.0786 0.0029 -0.9969
vn -0.2296 -0.0189 -0.9731
vn -0.0764 -0.0055 -0.9971
vn -0.7178 0.0011 -0.6963
vn -0.7064 -0.0657 -0.7047
vn -0.9948 -0.0992 -0.0226
vn -0.9998 -0.0031 -0.0221
vn -0.9974 0.0682 -0.0216
vn -0.7233 0.0517 -0.6886
vn -0.9951 0.0962 -0.0214
vn -0.7255 0.0720 -0.6844
vn -0.9939 0.0676 0.0872
vn -0.9917 0.0957 0.0862
vn -0.9925 0.0673 0.1018
vn -0.9903 0.0956 0.1006
vn -0.9946 -0.0043 0.1039
vn -0.9960 -0.0039 0.0890
vn -0.9892 -0.1009 0.1063
vn -0.9908 -0.1004 0.0911
vn -0.9917 -0.0049 0.1288
vn -0.9860 -0.1018 0.1317
vn -0.9807 -0.1032 0.1658
vn -0.9867 -0.0059 0.1622
vn -0.9850 0.0665 0.1589
vn -0.9897 0.0670 0.1262
vn -0.9830 0.0952 0.1572
vn -0.9876 0.0954 0.1247
vn -0.9779 0.0658 0.1983
vn -0.9760 0.0950 0.1961
vn -0.9693 0.0651 0.2372
vn -0.9675 0.0948 0.2346
vn -0.9703 -0.0089 0.2419
vn -0.9793 -0.0073 0.2023
vn -0.9630 -0.1077 0.2469
vn -0.9727 -0.1052 0.2067
vn -0.9597 -0.0109 0.2807
vn -0.9517 -0.1107 0.2863
vn -0.9383 -0.1141 0.3264
vn -0.9472 -0.0131 0.3204
vn -0.9472 0.0633 0.3144
vn -0.9592 0.0642 0.2753
vn -0.9457 0.0945 0.3110
vn -0.9575 0.0947 0.2724
vn -0.9327 0.0622 0.3552
vn -0.9314 0.0944 0.3515
vn -0.9161 0.0611 0.3962
vn -0.9151 0.0943 0.3921
vn -0.9149 -0.0185 0.4032
vn -0.9321 -0.0157 0.3617
vn -0.9040 -0.1226 0.4097
vn -0.9223 -0.1182 0.3681
vn -0.8957 -0.0216 0.4441
vn -0.8836 -0.1274 0.4506
vn -0.8611 -0.1326 0.4908
vn -0.8744 -0.0249 0.4846
vn -0.8770 0.0586 0.4770
vn -0.8976 0.0598 0.4368
vn -0.8764 0.0941 0.4724
vn -0.8967 0.0942 0.4324
vn -0.8542 0.0572 0.5168
vn -0.8539 0.0940 0.5120
vn -0.8293 0.0558 0.5560
vn -0.8292 0.0940 0.5509
vn -0.8253 -0.0321 0.5638
vn -0.8509 -0.0284 0.5246
vn -0.8097 -0.1437 0.5689
vn -0.8364 -0.1380 0.5304
vn -0.7975 -0.0359 0.6022
vn -0.7810 -0.1495 0.6064
vn -0.7501 -0.1555 0.6428
vn -0.7676 -0.0398 0.6397
vn -0.7730 0.0528 0.6322
vn -0.8023 0.0543 0.5945
vn -0.7735 0.0940 0.6268
vn -0.8025 0.0940 0.5892
vn -0.7414 0.0513 0.6690
vn -0.7421 0.0940 0.6636
vn -0.7077 0.0498 0.7048
vn -0.7086 0.0941 0.6993
vn -0.7011 -0.0477 0.7115
vn -0.7354 -0.0437 0.6762
vn -0.6820 -0.1677 0.7118
vn -0.7170 -0.1616 0.6781
vn -0.6646 -0.0517 0.7454
vn -0.6451 -0.1738 0.7441
vn -0.6062 -0.1797 0.7748
vn -0.6259 -0.0556 0.7779
vn -0.6334 0.0469 0.7724
vn -0.6717 0.0483 0.7393
vn -0.6347 0.0942 0.7670
vn -0.6728 0.0941 0.7338
vn -0.5927 0.0454 0.8041
vn -0.5942 0.0943 0.7988
vn -0.5500 0.0440 0.8340
vn -0.5515 0.0943 0.8288
vn -0.5422 -0.0631 0.8379
vn -0.5850 -0.0594 0.8088
vn -0.5227 -0.1911 0.8308
vn -0.5653 -0.1855 0.8037
vn -0.5515 0.1001 0.8282
vn -0.5941 0.0993 0.7982
vn -0.5507 0.0647 0.8322
vn -0.5935 0.0634 0.8023
vn -0.5476 -0.0149 0.8366
vn -0.5904 -0.0160 0.8070
vn -0.5401 -0.0981 0.8359
vn -0.5826 -0.0992 0.8067
vn -0.6311 -0.0173 0.7755
vn -0.6232 -0.1003 0.7756
vn -0.6615 -0.1015 0.7431
vn -0.6696 -0.0185 0.7425
vn -0.6342 0.0622 0.7707
vn -0.6725 0.0609 0.7376
vn -0.6347 0.0984 0.7665
vn -0.6728 0.0975 0.7334
vn -0.7087 0.0966 0.6989
vn -0.7085 0.0597 0.7031
vn -0.7423 0.0957 0.6632
vn -0.7423 0.0584 0.6675
vn -0.7058 -0.0198 0.7082
vn -0.7398 -0.0210 0.6725
vn -0.6976 -0.1027 0.7091
vn -0.7316 -0.1038 0.6738
vn -0.7716 -0.0223 0.6357
vn -0.7635 -0.1050 0.6372
vn -0.7931 -0.1061 0.5997
vn -0.8011 -0.0235 0.5980
vn -0.7739 0.0572 0.6307
vn -0.8032 0.0560 0.5930
vn -0.7736 0.0948 0.6265
vn -0.8027 0.0940 0.5890
vn -0.8295 0.0932 0.5507
vn -0.8303 0.0548 0.5547
vn -0.8541 0.0925 0.5118
vn -0.8552 0.0537 0.5156
vn -0.8284 -0.0247 0.5596
vn -0.8536 -0.0258 0.5203
vn -0.8205 -0.1073 0.5614
vn -0.8458 -0.1083 0.5223
vn -0.8766 -0.0268 0.4804
vn -0.8691 -0.1094 0.4824
vn -0.8902 -0.1103 0.4421
vn -0.8976 -0.0278 0.4400
vn -0.8780 0.0527 0.4758
vn -0.8986 0.0518 0.4357
vn -0.8767 0.0918 0.4722
vn -0.8971 0.0912 0.4323
vn -0.9155 0.0907 0.3920
vn -0.9172 0.0509 0.3952
vn -0.9319 0.0902 0.3514
vn -0.9338 0.0501 0.3543
vn -0.9164 -0.0287 0.3993
vn -0.9332 -0.0296 0.3581
vn -0.9092 -0.1112 0.4013
vn -0.9262 -0.1120 0.3600
vn -0.9479 -0.0303 0.3170
vn -0.9411 -0.1128 0.3188
vn -0.9535 -0.1134 0.2793
vn -0.9602 -0.0309 0.2777
vn -0.9483 0.0495 0.3136
vn -0.9603 0.0489 0.2746
vn -0.9462 0.0898 0.3110
vn -0.9580 0.0895 0.2723
vn -0.9680 0.0893 0.2346
vn -0.9704 0.0485 0.2366
vn -0.9765 0.0892 0.1961
vn -0.9791 0.0482 0.1978
vn -0.9705 -0.0314 0.2392
vn -0.9793 -0.0318 0.2001
vn -0.9639 -0.1140 0.2407
vn -0.9728 -0.1144 0.2013
vn -0.9865 -0.0321 0.1604
vn -0.9802 -0.1148 0.1614
vn -0.9851 -0.1150 0.1282
vn -0.9913 -0.0323 0.1273
vn -0.9862 0.0480 0.1586
vn -0.9909 0.0479 0.1259
vn -0.9835 0.0891 0.1572
vn -0.9882 0.0891 0.1247
vn -0.9909 0.0892 0.1006
vn -0.9937 0.0478 0.1015
vn -0.9923 0.0892 0.0862
vn -0.9951 0.0478 0.0870
vn -0.9942 -0.0324 0.1027
vn -0.9956 -0.0325 0.0880
vn -0.9879 -0.1152 0.1034
vn -0.9894 -0.1154 0.0886
vn -0.9992 -0.0321 -0.0218
vn -0.9931 -0.1150 -0.0220
vn -0.7150 -0.0787 -0.6946
vn -0.7216 -0.0200 -0.6920
vn -0.9986 0.0482 -0.0216
vn -0.7250 0.0373 -0.6877
vn -0.9957 0.0896 -0.0214
vn -0.7260 0.0672 -0.6844
vn -0.2422 0.0257 -0.9699
vn -0.2408 0.0158 -0.9704
vn -0.0809 0.0124 -0.9966
vn -0.0804 0.0089 -0.9967
vn -0.2384 -0.0031 -0.9712
vn -0.0795 0.0021 -0.9968
vn -0.2354 -0.0224 -0.9716
vn -0.0785 -0.0050 -0.9969
vn -0.0298 0.0036 -0.9995
vn -0.0294 -0.0000 -0.9996
vn -0.0116 0.0016 -0.9999
vn -0.0117 0.0041 -0.9999
vn -0.0302 0.0070 -0.9995
vn -0.0118 0.0065 -0.9999
vn -0.0303 0.0087 -0.9995
vn -0.0119 0.0075 -0.9999
vn -0.0038 0.0072 -1.0000
vn -0.0038 0.0063 -1.0000
vn -0.0005 0.0071 -1.0000
vn -0.0005 0.0063 -1.0000
vn -0.0037 0.0043 -1.0000
vn -0.0005 0.0043 -1.0000
vn -0.0037 0.0021 -1.0000
vn -0.0005 0.0022 -1.0000
vn 0.0005 0.0043 -1.0000
vn 0.0005 0.0022 -1.0000
vn 0.0037 0.0021 -1.0000
vn 0.0037 0.0043 -1.0000
vn 0.0005 0.0063 -1.0000
vn 0.0038 0.0063 -1.0000
vn 0.0005 0.0071 -1.0000
vn 0.0038 0.0072 -1.0000
vn 0.0119 0.0075 -0.9999
vn 0.0119 0.0065 -0.9999
vn 0.0303 0.0087 -0.9995
vn 0.0302 0.0070 -0.9995
vn 0.0117 0.0041 -0.9999
vn 0.0298 0.0036 -0.9995
vn 0.0116 0.0016 -0.9999
vn 0.0294 -0.0000 -0.9996
vn 0.0795 0.0021 -0.9968
vn 0.0785 -0.0050 -0.9969
vn 0.2354 -0.0224 -0.9716
vn 0.2384 -0.0031 -0.9712
vn 0.0804 0.0089 -0.9967
vn 0.2408 0.0158 -0.9704
vn 0.0809 0.0124 -0.9966
vn 0.2422 0.0257 -0.9699
vn 0.7260 0.0672 -0.6844
vn 0.7250 0.0373 -0.6877
vn 0.9957 0.0896 -0.0214
vn 0.9986 0.0482 -0.0216
vn 0.7216 -0.0200 -0.6920
vn 0.9992 -0.0321 -0.0218
vn 0.7150 -0.0787 -0.6946
vn 0.9931 -0.1150 -0.0220
vn 0.9956 -0.0325 0.0880
vn 0.9894 -0.1154 0.0886
vn 0.9879 -0.1152 0.1034
vn 0.9942 -0.0324 0.1027
vn 0.9951 0.0478 0.0870
vn 0.9937 0.0478 0.1016
vn 0.9923 0.0892 0.0862
vn 0.9909 0.0892 0.1006
vn 0.9882 0.0891 0.1247
vn 0.9909 0.0479 0.1259
vn 0.9835 0.0891 0.1571
vn 0.9862 0.0480 0.1586
vn 0.9913 -0.0323 0.1273
vn 0.9865 -0.0321 0.1604
vn 0.9851 -0.1150 0.1281
vn 0.9802 -0.1148 0.1614
vn 0.9793 -0.0318 0.2001
vn 0.9728 -0.1144 0.2013
vn 0.9639 -0.1140 0.2407
vn 0.9705 -0.0314 0.2392
vn 0.9791 0.0482 0.1978
vn 0.9704 0.0485 0.2366
vn 0.9765 0.0892 0.1961
vn 0.9680 0.0893 0.2345
vn 0.9580 0.0895 0.2723
vn 0.9603 0.0489 0.2747
vn 0.9462 0.0898 0.3110
vn 0.9483 0.0495 0.3136
vn 0.9602 -0.0309 0.2777
vn 0.9479 -0.0303 0.3170
vn 0.9535 -0.1134 0.2793
vn 0.9411 -0.1128 0.3188
vn 0.9332 -0.0296 0.3581
vn 0.9262 -0.1120 0.3600
vn 0.9092 -0.1112 0.4012
vn 0.9164 -0.0287 0.3993
vn 0.9338 0.0501 0.3543
vn 0.9172 0.0509 0.3952
vn 0.9319 0.0902 0.3514
vn 0.9155 0.0907 0.3920
vn 0.8971 0.0912 0.4323
vn 0.8986 0.0518 0.4357
vn 0.8767 0.0918 0.4722
vn 0.8779 0.0527 0.4758
vn 0.8976 -0.0278 0.4400
vn 0.8766 -0.0268 0.4804
vn 0.8902 -0.1103 0.4421
vn 0.8691 -0.1094 0.4824
vn 0.8536 -0.0258 0.5203
vn 0.8458 -0.1083 0.5223
vn 0.8205 -0.1073 0.5614
vn 0.8284 -0.0247 0.5596
vn 0.8552 0.0537 0.5156
vn 0.8303 0.0548 0.5547
vn 0.8541 0.0925 0.5118
vn 0.8295 0.0932 0.5507
vn 0.8027 0.0940 0.5890
vn 0.8032 0.0560 0.5930
vn 0.7736 0.0948 0.6265
vn 0.7739 0.0572 0.6307
vn 0.8011 -0.0235 0.5980
vn 0.7716 -0.0223 0.6357
vn 0.7931 -0.1062 0.5998
vn 0.7635 -0.1050 0.6372
vn 0.7398 -0.0210 0.6725
vn 0.7316 -0.1038 0.6738
vn 0.6976 -0.1027 0.7091
vn 0.7058 -0.0198 0.7082
vn 0.7423 0.0584 0.6675
vn 0.7085 0.0597 0.7031
vn 0.7423 0.0957 0.6633
vn 0.7087 0.0966 0.6989
vn 0.6728 0.0975 0.7334
vn 0.6725 0.0609 0.7376
vn 0.6347 0.0984 0.7665
vn 0.6342 0.0622 0.7707
vn 0.6696 -0.0185 0.7425
vn 0.6311 -0.0173 0.7755
vn 0.6615 -0.1015 0.7431
vn 0.6232 -0.1003 0.7756
vn 0.5904 -0.0160 0.8070
vn 0.5826 -0.0992 0.8067
vn 0.5401 -0.0981 0.8359
vn 0.5476 -0.0149 0.8366
vn 0.5935 0.0634 0.8023
vn 0.5507 0.0647 0.8322
vn 0.5941 0.0993 0.7982
vn 0.5515 0.1001 0.8282
vn 0.5067 0.1010 0.8562
vn 0.5058 0.0658 0.8601
vn 0.4598 0.1018 0.8822
vn 0.4589 0.0670 0.8860
vn 0.5027 -0.0137 0.8643
vn 0.4559 -0.0126 0.8900
vn 0.4956 -0.0971 0.8631
vn 0.4492 -0.0961 0.8883
vn 0.4070 -0.0116 0.9133
vn 0.4009 -0.0952 0.9112
vn 0.3510 -0.0944 0.9316
vn 0.3566 -0.0107 0.9342
vn 0.4099 0.0680 0.9096
vn 0.3592 0.0689 0.9307
vn 0.4108 0.1026 0.9060
vn 0.3600 0.1033 0.9272
vn 0.3077 0.1039 0.9458
vn 0.3069 0.0698 0.9492
vn 0.2539 0.1044 0.9616
vn 0.2532 0.0705 0.9648
vn 0.3046 -0.0099 0.9524
vn 0.2512 -0.0093 0.9679
vn 0.2997 -0.0937 0.9494
vn 0.2471 -0.0931 0.9645
vn 0.1965 -0.0087 0.9805
vn 0.1933 -0.0926 0.9768
vn 0.1387 -0.0922 0.9860
vn 0.1410 -0.0083 0.9900
vn 0.1981 0.0711 0.9776
vn 0.1422 0.0715 0.9872
vn 0.1987 0.1048 0.9744
vn 0.1427 0.1052 0.9842
vn 0.0859 0.1054 0.9907
vn 0.0857 0.0718 0.9937
vn 0.0287 0.1055 0.9940
vn 0.0286 0.0720 0.9970
vn 0.0850 -0.0080 0.9964
vn 0.0284 -0.0078 0.9996
vn 0.0835 -0.0919 0.9923
vn 0.0279 -0.0918 0.9954
vn -0.0279 -0.0918 0.9954
vn -0.0284 -0.0078 0.9996
vn -0.0835 -0.0919 0.9923
vn -0.0850 -0.0080 0.9964
vn -0.0286 0.0720 0.9970
vn -0.0857 0.0718 0.9937
vn -0.0287 0.1055 0.9940
vn -0.0859 0.1054 0.9907
vn -0.1427 0.1052 0.9842
vn -0.1422 0.0715 0.9872
vn -0.1987 0.1048 0.9744
vn -0.1981 0.0711 0.9776
vn -0.1410 -0.0083 0.9900
vn -0.1965 -0.0087 0.9805
vn -0.1387 -0.0922 0.9860
vn -0.1933 -0.0926 0.9768
vn -0.2512 -0.0093 0.9679
vn -0.2471 -0.0931 0.9645
vn -0.2997 -0.0937 0.9494
vn -0.3046 -0.0099 0.9524
vn -0.2532 0.0705 0.9648
vn -0.3069 0.0698 0.9492
vn -0.2539 0.1044 0.9616
vn -0.3077 0.1039 0.9458
vn -0.0818 -0.1617 0.9834
vn -0.0273 -0.1616 0.9865
vn -0.0802 -0.2080 0.9748
vn -0.0268 -0.2079 0.9778
vn -0.0266 -0.2115 0.9770
vn -0.0795 -0.2116 0.9741
vn -0.0268 -0.1334 0.9907
vn -0.0802 -0.1336 0.9878
vn 0.0268 -0.1334 0.9907
vn 0.0266 -0.2115 0.9770
vn 0.0795 -0.2116 0.9741
vn 0.0802 -0.1336 0.9878
vn 0.0802 -0.2080 0.9748
vn 0.0268 -0.2079 0.9778
vn 0.0818 -0.1617 0.9834
vn 0.0273 -0.1616 0.9865
vn 0.1332 -0.2083 0.9690
vn 0.1358 -0.1619 0.9774
vn 0.1893 -0.1623 0.9684
vn 0.1857 -0.2086 0.9602
vn 0.1841 -0.2124 0.9597
vn 0.1321 -0.2119 0.9683
vn 0.1857 -0.1343 0.9734
vn 0.1332 -0.1339 0.9820
vn 0.2356 -0.2130 0.9482
vn 0.2376 -0.1349 0.9619
vn 0.2860 -0.2137 0.9341
vn 0.2885 -0.1356 0.9478
vn 0.2883 -0.2097 0.9343
vn 0.2376 -0.2091 0.9486
vn 0.2937 -0.1633 0.9418
vn 0.2420 -0.1628 0.9565
vn 0.3379 -0.2104 0.9174
vn 0.3441 -0.1640 0.9245
vn 0.3931 -0.1648 0.9046
vn 0.3861 -0.2112 0.8979
vn 0.3832 -0.2155 0.8982
vn 0.3352 -0.2145 0.9174
vn 0.3868 -0.1373 0.9119
vn 0.3383 -0.1364 0.9311
vn 0.4298 -0.2166 0.8765
vn 0.4341 -0.1383 0.8902
vn 0.4748 -0.2177 0.8527
vn 0.4797 -0.1393 0.8663
vn 0.4782 -0.2131 0.8520
vn 0.4330 -0.2121 0.8761
vn 0.4864 -0.1665 0.8577
vn 0.4407 -0.1656 0.8823
vn 0.5216 -0.2141 0.8259
vn 0.5304 -0.1675 0.8311
vn 0.5724 -0.1686 0.8024
vn 0.5632 -0.2152 0.7978
vn 0.5596 -0.2203 0.7990
vn 0.5181 -0.2190 0.8268
vn 0.5657 -0.1415 0.8124
vn 0.5235 -0.1404 0.8403
vn 0.5993 -0.2216 0.7692
vn 0.6061 -0.1427 0.7825
vn 0.6370 -0.2230 0.7379
vn 0.6446 -0.1438 0.7509
vn 0.6407 -0.2175 0.7363
vn 0.6030 -0.2164 0.7678
vn 0.6506 -0.1707 0.7399
vn 0.6126 -0.1696 0.7720
vn 0.6764 -0.2187 0.7033
vn 0.6865 -0.1719 0.7065
vn 0.7204 -0.1730 0.6717
vn 0.7100 -0.2199 0.6689
vn 0.7064 -0.2259 0.6708
vn 0.6727 -0.2245 0.7051
vn 0.7154 -0.1459 0.6833
vn 0.6810 -0.1448 0.7178
vn 0.7381 -0.2273 0.6352
vn 0.7479 -0.1468 0.6474
vn 0.7677 -0.2287 0.5986
vn 0.7783 -0.1477 0.6103
vn 0.7712 -0.2223 0.5966
vn 0.7417 -0.2211 0.6333
vn 0.7817 -0.1752 0.5985
vn 0.7522 -0.1741 0.6356
vn 0.7985 -0.2235 0.5589
vn 0.8091 -0.1763 0.5605
vn 0.8345 -0.1774 0.5217
vn 0.8238 -0.2246 0.5204
vn 0.8206 -0.2313 0.5225
vn 0.7952 -0.2300 0.5611
vn 0.8327 -0.1490 0.5333
vn 0.8065 -0.1484 0.5723
vn 0.8441 -0.2326 0.4832
vn 0.8569 -0.1495 0.4933
vn 0.8654 -0.2338 0.4432
vn 0.8790 -0.1498 0.4527
vn 0.8683 -0.2268 0.4411
vn 0.8471 -0.2257 0.4811
vn 0.8789 -0.1794 0.4419
vn 0.8578 -0.1784 0.4821
vn 0.8875 -0.2277 0.4007
vn 0.8981 -0.1803 0.4013
vn 0.9152 -0.1811 0.3601
vn 0.9046 -0.2286 0.3597
vn 0.9020 -0.2358 0.3615
vn 0.8847 -0.2348 0.4026
vn 0.9170 -0.1498 0.3696
vn 0.8990 -0.1499 0.4115
vn 0.9172 -0.2367 0.3204
vn 0.9329 -0.1496 0.3277
vn 0.9299 -0.2375 0.2809
vn 0.9461 -0.1492 0.2874
vn 0.9322 -0.2302 0.2794
vn 0.9197 -0.2295 0.3187
vn 0.9426 -0.1825 0.2796
vn 0.9302 -0.1819 0.3190
vn 0.9427 -0.2309 0.2408
vn 0.9531 -0.1831 0.2409
vn 0.9621 -0.1837 0.2016
vn 0.9517 -0.2315 0.2015
vn 0.9497 -0.2388 0.2027
vn 0.9405 -0.2382 0.2422
vn 0.9670 -0.1478 0.2075
vn 0.9573 -0.1486 0.2479
vn 0.9573 -0.2392 0.1625
vn 0.9751 -0.1467 0.1665
vn 0.9623 -0.2396 0.1291
vn 0.9804 -0.1457 0.1323
vn 0.9641 -0.2323 0.1283
vn 0.9592 -0.2320 0.1616
vn 0.9744 -0.1844 0.1283
vn 0.9695 -0.1841 0.1616
vn 0.9670 -0.2326 0.1035
vn 0.9773 -0.1846 0.1036
vn 0.9788 -0.1848 0.0887
vn 0.9685 -0.2328 0.0887
vn 0.9667 -0.2400 0.0892
vn 0.9652 -0.2398 0.1042
vn 0.9853 -0.1445 0.0915
vn 0.9837 -0.1450 0.1068
vn 0.9707 -0.2393 -0.0222
vn 0.9900 -0.1390 -0.0227
vn 0.6970 -0.1636 -0.6982
vn 0.7031 -0.0615 -0.7084
vn 0.6999 -0.1619 -0.6956
vn 0.9723 -0.2325 -0.0220
vn 0.7071 -0.1278 -0.6955
vn 0.9826 -0.1844 -0.0220
vn 0.2302 -0.0497 -0.9719
vn 0.2326 -0.0385 -0.9718
vn 0.0775 -0.0108 -0.9969
vn 0.0767 -0.0149 -0.9969
vn 0.0761 -0.0112 -0.9970
vn 0.2285 -0.0470 -0.9724
vn 0.0756 0.0411 -0.9963
vn 0.2275 0.0192 -0.9736
vn 0.0286 -0.0010 -0.9996
vn 0.0284 0.0472 -0.9985
vn 0.0112 0.0021 -0.9999
vn 0.0111 0.0491 -0.9987
vn 0.0113 -0.0020 -0.9999
vn 0.0288 -0.0050 -0.9996
vn 0.0114 -0.0005 -0.9999
vn 0.0291 -0.0029 -0.9996
vn 0.0036 -0.0010 -1.0000
vn 0.0036 0.0002 -1.0000
vn 0.0005 0.0004 -1.0000
vn 0.0005 -0.0008 -1.0000
vn 0.0005 0.0033 -1.0000
vn 0.0036 0.0031 -1.0000
vn 0.0005 0.0498 -0.9988
vn 0.0035 0.0497 -0.9988
vn -0.0005 0.0033 -1.0000
vn -0.0005 0.0498 -0.9988
vn -0.0036 0.0031 -1.0000
vn -0.0035 0.0497 -0.9988
vn -0.0036 -0.0010 -1.0000
vn -0.0005 -0.0008 -1.0000
vn -0.0036 0.0002 -1.0000
vn -0.0005 0.0004 -1.0000
vn -0.0113 -0.0020 -0.9999
vn -0.0114 -0.0005 -0.9999
vn -0.0291 -0.0029 -0.9996
vn -0.0288 -0.0050 -0.9996
vn -0.0286 -0.0010 -0.9996
vn -0.0112 0.0021 -0.9999
vn -0.0284 0.0472 -0.9985
vn -0.0111 0.0491 -0.9987
vn -0.0761 -0.0112 -0.9970
vn -0.0756 0.0411 -0.9963
vn -0.2285 -0.0470 -0.9724
vn -0.2275 0.0192 -0.9736
vn -0.2302 -0.0497 -0.9719
vn -0.0767 -0.0149 -0.9969
vn -0.2326 -0.0385 -0.9718
vn -0.0775 -0.0108 -0.9969
vn -0.6999 -0.1619 -0.6956
vn -0.7071 -0.1278 -0.6955
vn -0.9826 -0.1844 -0.0220
vn -0.9723 -0.2325 -0.0220
vn -0.9707 -0.2393 -0.0222
vn -0.6970 -0.1636 -0.6982
vn -0.9900 -0.1390 -0.0227
vn -0.7031 -0.0615 -0.7084
vn -0.9667 -0.2400 0.0892
vn -0.9853 -0.1445 0.0915
vn -0.9652 -0.2398 0.1042
vn -0.9837 -0.1450 0.1068
vn -0.9670 -0.2326 0.1035
vn -0.9685 -0.2329 0.0887
vn -0.9773 -0.1846 0.1036
vn -0.9788 -0.1848 0.0887
vn -0.9641 -0.2323 0.1283
vn -0.9744 -0.1844 0.1283
vn -0.9695 -0.1841 0.1616
vn -0.9592 -0.2320 0.1616
vn -0.9573 -0.2392 0.1626
vn -0.9623 -0.2396 0.1291
vn -0.9751 -0.1467 0.1665
vn -0.9804 -0.1457 0.1323
vn -0.9497 -0.2388 0.2027
vn -0.9670 -0.1478 0.2075
vn -0.9405 -0.2382 0.2422
vn -0.9573 -0.1486 0.2479
vn -0.9427 -0.2309 0.2408
vn -0.9517 -0.2315 0.2015
vn -0.9531 -0.1831 0.2410
vn -0.9621 -0.1837 0.2016
vn -0.9322 -0.2302 0.2794
vn -0.9426 -0.1825 0.2795
vn -0.9301 -0.1819 0.3190
vn -0.9197 -0.2295 0.3187
vn -0.9172 -0.2367 0.3204
vn -0.9299 -0.2375 0.2809
vn -0.9329 -0.1496 0.3277
vn -0.9461 -0.1492 0.2874
vn -0.9020 -0.2358 0.3615
vn -0.9170 -0.1498 0.3696
vn -0.8847 -0.2348 0.4026
vn -0.8990 -0.1499 0.4115
vn -0.8875 -0.2277 0.4007
vn -0.9046 -0.2286 0.3597
vn -0.8981 -0.1803 0.4013
vn -0.9152 -0.1811 0.3601
vn -0.8683 -0.2268 0.4411
vn -0.8789 -0.1794 0.4419
vn -0.8578 -0.1784 0.4821
vn -0.8471 -0.2257 0.4811
vn -0.8441 -0.2326 0.4832
vn -0.8654 -0.2338 0.4432
vn -0.8569 -0.1495 0.4933
vn -0.8790 -0.1498 0.4527
vn -0.8206 -0.2313 0.5225
vn -0.8327 -0.1490 0.5333
vn -0.7952 -0.2300 0.5611
vn -0.8065 -0.1484 0.5723
vn -0.7985 -0.2235 0.5589
vn -0.8238 -0.2246 0.5204
vn -0.8092 -0.1763 0.5605
vn -0.8345 -0.1774 0.5217
vn -0.7712 -0.2223 0.5966
vn -0.7817 -0.1752 0.5985
vn -0.7522 -0.1741 0.6356
vn -0.7417 -0.2211 0.6333
vn -0.7381 -0.2273 0.6352
vn -0.7677 -0.2287 0.5986
vn -0.7479 -0.1468 0.6474
vn -0.7783 -0.1477 0.6103
vn -0.7064 -0.2259 0.6708
vn -0.7154 -0.1459 0.6833
vn -0.6727 -0.2245 0.7051
vn -0.6810 -0.1448 0.7178
vn -0.6764 -0.2187 0.7033
vn -0.7100 -0.2199 0.6689
vn -0.6865 -0.1719 0.7065
vn -0.7204 -0.1730 0.6716
vn -0.6407 -0.2175 0.7363
vn -0.6506 -0.1707 0.7399
vn -0.6126 -0.1696 0.7720
vn -0.6030 -0.2164 0.7678
vn -0.5993 -0.2216 0.7692
vn -0.6370 -0.2230 0.7379
vn -0.6061 -0.1427 0.7825
vn -0.6446 -0.1438 0.7509
vn -0.5596 -0.2203 0.7990
vn -0.5657 -0.1415 0.8124
vn -0.5181 -0.2190 0.8268
vn -0.5235 -0.1404 0.8403
vn -0.5216 -0.2141 0.8259
vn -0.5632 -0.2152 0.7978
vn -0.5304 -0.1675 0.8311
vn -0.5724 -0.1686 0.8024
vn -0.5126 0.2345 0.8260
vn -0.5539 0.2359 0.7985
vn -0.2618 0.8675 0.4230
vn -0.2812 0.8693 0.4065
vn -0.0925 0.9845 0.1490
vn -0.0987 0.9848 0.1427
vn -0.0386 0.9975 0.0594
vn -0.0398 0.9976 0.0569
vn -0.1046 0.9851 0.1364
vn -0.0416 0.9976 0.0549
vn -0.1103 0.9853 0.1302
vn -0.0437 0.9976 0.0539
vn -0.2994 0.8712 0.3891
vn -0.3162 0.8732 0.3708
vn -0.5934 0.2376 0.7690
vn -0.6309 0.2396 0.7379
vn -0.6664 0.2418 0.7053
vn -0.3316 0.8754 0.3518
vn -0.6999 0.2444 0.6711
vn -0.3455 0.8776 0.3322
vn -0.1158 0.9855 0.1241
vn -0.1211 0.9857 0.1172
vn -0.0465 0.9975 0.0534
vn -0.0505 0.9974 0.0509
vn -0.0537 0.9975 0.0449
vn -0.1255 0.9861 0.1091
vn -0.1285 0.9866 0.1008
vn -0.0540 0.9978 0.0393
vn -0.3580 0.8800 0.3120
vn -0.3691 0.8825 0.2914
vn -0.7314 0.2473 0.6356
vn -0.7606 0.2506 0.5989
vn -0.7877 0.2543 0.5612
vn -0.3787 0.8851 0.2705
vn -0.8126 0.2584 0.5224
vn -0.3868 0.8878 0.2494
vn -0.1307 0.9871 0.0930
vn -0.1327 0.9875 0.0855
vn -0.0531 0.9979 0.0361
vn -0.0529 0.9980 0.0337
vn -0.1346 0.9878 0.0783
vn -0.0534 0.9981 0.0316
vn -0.1364 0.9881 0.0713
vn -0.0546 0.9981 0.0302
vn -0.3936 0.8906 0.2281
vn -0.3989 0.8934 0.2068
vn -0.8353 0.2629 0.4828
vn -0.8558 0.2679 0.4425
vn -0.8741 0.2733 0.4017
vn -0.4029 0.8962 0.1857
vn -0.8901 0.2791 0.3602
vn -0.4056 0.8991 0.1646
vn -0.1381 0.9883 0.0645
vn -0.1394 0.9886 0.0571
vn -0.0566 0.9980 0.0291
vn -0.0587 0.9980 0.0255
vn -0.1396 0.9890 0.0491
vn -0.0588 0.9981 0.0192
vn -0.1387 0.9895 0.0418
vn -0.0567 0.9983 0.0144
vn -0.4071 0.9020 0.1440
vn -0.4073 0.9047 0.1246
vn -0.9039 0.2853 0.3188
vn -0.9149 0.2916 0.2791
vn -0.9238 0.2982 0.2402
vn -0.4065 0.9075 0.1060
vn -0.9309 0.3054 0.2006
vn -0.4047 0.9102 0.0874
vn -0.1373 0.9899 0.0353
vn -0.1359 0.9903 0.0291
vn -0.0546 0.9984 0.0122
vn -0.0532 0.9985 0.0103
vn -0.0521 0.9986 0.0082
vn -0.1345 0.9906 0.0230
vn -0.1332 0.9909 0.0180
vn -0.0514 0.9987 0.0065
vn -0.4020 0.9130 0.0691
vn -0.3991 0.9153 0.0542
vn -0.9361 0.3130 0.1605
vn -0.9390 0.3196 0.1272
vn -0.9403 0.3246 0.1025
vn -0.3965 0.9170 0.0433
vn -0.9407 0.3277 0.0877
vn -0.3948 0.9180 0.0369
vn -0.1321 0.9911 0.0144
vn -0.1314 0.9912 0.0123
vn -0.0509 0.9987 0.0053
vn -0.0506 0.9987 0.0046
vn -0.1264 0.9920 -0.0029
vn -0.0489 0.9988 -0.0009
vn -0.0933 0.9912 -0.0939
vn -0.0378 0.9987 -0.0353
vn -0.3803 0.9248 -0.0088
vn -0.2714 0.9223 -0.2753
vn -0.9361 0.3511 -0.0216
vn -0.6454 0.3966 -0.6528
vn -0.2155 0.3094 -0.9262
vn -0.1239 0.8364 -0.5340
vn -0.0726 0.2695 -0.9603
vn -0.0479 0.7712 -0.6349
vn -0.0484 0.9773 -0.2065
vn -0.0204 0.9628 -0.2694
vn -0.0217 0.9962 -0.0841
vn -0.0096 0.9929 -0.1187
vn -0.0033 0.9911 -0.1327
vn -0.0082 0.9561 -0.2929
vn -0.0032 0.9541 -0.2994
vn -0.0010 0.9910 -0.1337
vn -0.0188 0.7458 -0.6659
vn -0.0075 0.7375 -0.6753
vn -0.0273 0.2574 -0.9659
vn -0.0107 0.2538 -0.9672
vn -0.0034 0.2527 -0.9675
vn -0.0024 0.7349 -0.6782
vn -0.0005 0.2525 -0.9676
vn -0.0003 0.7343 -0.6788
vn -0.0010 0.9537 -0.3007
vn -0.0001 0.9537 -0.3008
vn -0.0002 0.9913 -0.1317
vn -0.0000 0.9914 -0.1308
vn 0.0001 0.9537 -0.3008
vn 0.0010 0.9537 -0.3007
vn 0.0002 0.9913 -0.1317
vn 0.0003 0.7343 -0.6788
vn 0.0024 0.7349 -0.6782
vn 0.0005 0.2525 -0.9676
vn 0.0034 0.2527 -0.9675
vn 0.0107 0.2538 -0.9672
vn 0.0075 0.7375 -0.6753
vn 0.0273 0.2574 -0.9659
vn 0.0188 0.7458 -0.6659
vn 0.0032 0.9541 -0.2994
vn 0.0082 0.9561 -0.2929
vn 0.0010 0.9910 -0.1337
vn 0.0033 0.9911 -0.1327
vn 0.0204 0.9628 -0.2694
vn 0.0096 0.9929 -0.1187
vn 0.0484 0.9773 -0.2065
vn 0.0217 0.9962 -0.0841
vn 0.0479 0.7711 -0.6349
vn 0.1239 0.8364 -0.5340
vn 0.0726 0.2695 -0.9603
vn 0.2155 0.3094 -0.9262
vn 0.6454 0.3966 -0.6528
vn 0.2714 0.9223 -0.2752
vn 0.9361 0.3511 -0.0216
vn 0.3803 0.9248 -0.0088
vn 0.0933 0.9912 -0.0940
vn 0.1264 0.9920 -0.0028
vn 0.0378 0.9987 -0.0353
vn 0.0489 0.9988 -0.0008
vn 0.1314 0.9912 0.0123
vn 0.0506 0.9987 0.0046
vn 0.1321 0.9911 0.0144
vn 0.0509 0.9987 0.0053
vn 0.3948 0.9180 0.0369
vn 0.3965 0.9170 0.0433
vn 0.9407 0.3277 0.0877
vn 0.9403 0.3246 0.1025
vn 0.9390 0.3196 0.1272
vn 0.3991 0.9153 0.0542
vn 0.9361 0.3130 0.1605
vn 0.4020 0.9130 0.0691
vn 0.1332 0.9909 0.0180
vn 0.1345 0.9906 0.0230
vn 0.0514 0.9987 0.0065
vn 0.0521 0.9986 0.0082
vn 0.0532 0.9985 0.0103
vn 0.1359 0.9903 0.0291
vn 0.1373 0.9899 0.0353
vn 0.0546 0.9984 0.0122
vn 0.4048 0.9102 0.0875
vn 0.4065 0.9075 0.1060
vn 0.9309 0.3054 0.2006
vn 0.9238 0.2982 0.2402
vn 0.9149 0.2916 0.2791
vn 0.4073 0.9047 0.1246
vn 0.9039 0.2853 0.3188
vn 0.4071 0.9020 0.1440
vn 0.1387 0.9895 0.0418
vn 0.1396 0.9890 0.0491
vn 0.0567 0.9983 0.0144
vn 0.0588 0.9981 0.0192
vn 0.1394 0.9886 0.0571
vn 0.0587 0.9980 0.0255
vn 0.1381 0.9883 0.0645
vn 0.0566 0.9980 0.0291
vn 0.4056 0.8991 0.1646
vn 0.4029 0.8962 0.1857
vn 0.8901 0.2791 0.3602
vn 0.8741 0.2733 0.4017
vn 0.8558 0.2679 0.4425
vn 0.3989 0.8934 0.2068
vn 0.8353 0.2629 0.4828
vn 0.3936 0.8905 0.2281
vn 0.1364 0.9881 0.0713
vn 0.1346 0.9878 0.0783
vn 0.0546 0.9981 0.0302
vn 0.0534 0.9981 0.0316
vn 0.0529 0.9980 0.0337
vn 0.1327 0.9875 0.0855
vn 0.1307 0.9871 0.0930
vn 0.0531 0.9979 0.0361
vn 0.3868 0.8878 0.2494
vn 0.3787 0.8851 0.2705
vn 0.8126 0.2584 0.5224
vn 0.7877 0.2543 0.5612
vn 0.7606 0.2506 0.5989
vn 0.3691 0.8825 0.2914
vn 0.7314 0.2473 0.6356
vn 0.3580 0.8800 0.3120
vn 0.1285 0.9866 0.1008
vn 0.1255 0.9861 0.1091
vn 0.0540 0.9978 0.0393
vn 0.0537 0.9975 0.0449
vn 0.1211 0.9857 0.1172
vn 0.0505 0.9974 0.0509
vn 0.1158 0.9855 0.1241
vn 0.0465 0.9975 0.0534
vn 0.3455 0.8776 0.3322
vn 0.3316 0.8754 0.3518
vn 0.6999 0.2444 0.6711
vn 0.6664 0.2418 0.7053
vn 0.6309 0.2396 0.7379
vn 0.3162 0.8732 0.3708
vn 0.5934 0.2376 0.7690
vn 0.2994 0.8712 0.3891
vn 0.1103 0.9853 0.1302
vn 0.1046 0.9851 0.1364
vn 0.0437 0.9976 0.0539
vn 0.0416 0.9976 0.0549
vn 0.0987 0.9848 0.1427
vn 0.0398 0.9976 0.0569
vn 0.0925 0.9845 0.1490
vn 0.0386 0.9975 0.0594
vn 0.2812 0.8693 0.4065
vn 0.2618 0.8675 0.4230
vn 0.5539 0.2359 0.7985
vn 0.5126 0.2345 0.8260
vn 0.4696 0.2333 0.8515
vn 0.2410 0.8659 0.4383
vn 0.4249 0.2323 0.8749
vn 0.2191 0.8645 0.4524
vn 0.0861 0.9841 0.1554
vn 0.0786 0.9837 0.1618
vn 0.0377 0.9973 0.0630
vn 0.0346 0.9971 0.0680
vn 0.0285 0.9970 0.0718
vn 0.0699 0.9835 0.1671
vn 0.0608 0.9834 0.1708
vn 0.0231 0.9971 0.0721
vn 0.1961 0.8632 0.4653
vn 0.1721 0.8620 0.4768
vn 0.3786 0.2314 0.8961
vn 0.3311 0.2308 0.9149
vn 0.2824 0.2302 0.9313
vn 0.1472 0.8610 0.4868
vn 0.2325 0.2298 0.9450
vn 0.1215 0.8602 0.4953
vn 0.0520 0.9834 0.1737
vn 0.0431 0.9834 0.1764
vn 0.0198 0.9973 0.0712
vn 0.0169 0.9973 0.0711
vn 0.0340 0.9833 0.1790
vn 0.0140 0.9973 0.0720
vn 0.0248 0.9831 0.1814
vn 0.0115 0.9972 0.0736
vn 0.0952 0.8595 0.5021
vn 0.0683 0.8590 0.5073
vn 0.1817 0.2295 0.9562
vn 0.1303 0.2293 0.9646
vn 0.0784 0.2292 0.9702
vn 0.0412 0.8587 0.5108
vn 0.0154 0.9829 0.1836
vn 0.0056 0.9997 0.0247
vn 0.0052 0.9997 0.0240
vn 0.0014 1.0000 0.0035
vn 0.0009 1.0000 0.0034
vn 0.0006 1.0000 0.0035
vn 0.0051 0.9997 0.0249
vn 0.0003 1.0000 0.0039
vn -0.0033 1.0000 0.0023
vn -0.0025 1.0000 0.0024
vn -0.0144 0.9997 0.0189
vn -0.0158 0.9997 0.0201
vn -0.0136 0.9997 0.0186
vn -0.0021 1.0000 0.0026
vn -0.0135 0.9997 0.0187
vn -0.0019 1.0000 0.0028
vn -0.0137 0.9997 0.0197
vn -0.0017 1.0000 0.0033
vn -0.0034 1.0000 0.0005
vn -0.0028 1.0000 0.0010
vn -0.0185 0.9998 0.0104
vn -0.0201 0.9997 0.0107
vn -0.0177 0.9998 0.0107
vn -0.0026 1.0000 0.0014
vn -0.0176 0.9998 0.0110
vn -0.0025 1.0000 0.0017
vn -0.0181 0.9998 0.0120
vn -0.0026 1.0000 0.0023
vn -0.0027 1.0000 -0.0011
vn -0.0024 1.0000 -0.0005
vn -0.0179 0.9998 0.0017
vn -0.0195 0.9998 0.0014
vn -0.0170 0.9999 0.0020
vn -0.0023 1.0000 -0.0002
vn -0.0022 1.0000 -0.0000
vn -0.0165 0.9999 0.0018
vn -0.0162 0.9999 0.0016
vn -0.0021 1.0000 0.0001
vn 0.0021 1.0000 0.0001
vn 0.0162 0.9999 0.0016
vn 0.0160 0.9999 0.0014
vn 0.0165 0.9999 0.0018
vn 0.0022 1.0000 -0.0000
vn 0.0023 1.0000 -0.0002
vn 0.0170 0.9999 0.0020
vn 0.0179 0.9998 0.0017
vn 0.0024 1.0000 -0.0005
vn 0.0028 1.0000 0.0031
vn 0.0026 1.0000 0.0023
vn 0.0181 0.9998 0.0120
vn 0.0195 0.9997 0.0135
vn 0.0176 0.9998 0.0110
vn 0.0025 1.0000 0.0017
vn 0.0026 1.0000 0.0014
vn 0.0177 0.9998 0.0107
vn 0.0185 0.9998 0.0104
vn 0.0028 1.0000 0.0010
vn 0.0016 1.0000 0.0042
vn 0.0017 1.0000 0.0033
vn 0.0137 0.9997 0.0197
vn 0.0146 0.9997 0.0215
vn 0.0135 0.9997 0.0187
vn 0.0019 1.0000 0.0028
vn 0.0136 0.9997 0.0186
vn 0.0021 1.0000 0.0026
vn 0.0144 0.9997 0.0189
vn 0.0025 1.0000 0.0024
vn -0.0002 1.0000 0.0058
vn -0.0002 1.0000 0.0045
vn 0.0086 0.9996 0.0279
vn 0.0052 0.9996 0.0269
vn 0.0042 1.0000 0.0030
vn 0.0148 0.9996 0.0239
vn 0.0158 0.9997 0.0201
vn 0.0033 1.0000 0.0023
vn 0.0175 0.9996 0.0209
vn 0.0021 1.0000 0.0053
vn 0.0209 0.9997 0.0144
vn 0.0044 1.0000 0.0007
vn 0.0201 0.9997 0.0107
vn 0.0034 1.0000 0.0005
vn 0.0215 0.9997 0.0118
vn 0.0036 1.0000 0.0040
vn 0.0216 0.9998 0.0046
vn 0.0036 1.0000 -0.0012
vn 0.0195 0.9998 0.0014
vn 0.0027 1.0000 -0.0011
vn 0.0159 0.9999 0.0013
vn 0.0155 0.9999 -0.0000
vn 0.0131 0.9999 -0.0092
vn 0.0020 1.0000 -0.0007
vn -0.0001 1.0000 -0.0078
vn -0.0003 1.0000 -0.0088
vn -0.0003 0.9987 -0.0508
vn -0.0002 0.9989 -0.0479
vn 0.0007 0.9986 -0.0527
vn -0.0004 0.9999 -0.0111
vn 0.0045 0.9991 -0.0430
vn 0.0015 1.0000 -0.0053
vn 0.0091 0.9996 -0.0251
vn 0.0018 1.0000 -0.0021
vn -0.0000 0.9989 -0.0469
vn -0.0000 1.0000 -0.0075
vn 0.0002 0.9988 -0.0479
vn 0.0001 1.0000 -0.0078
vn -0.0018 1.0000 -0.0021
vn -0.0015 1.0000 -0.0053
vn -0.0045 0.9991 -0.0430
vn -0.0091 0.9996 -0.0251
vn 0.0004 0.9999 -0.0111
vn -0.0007 0.9986 -0.0527
vn 0.0003 0.9987 -0.0508
vn 0.0003 1.0000 -0.0088
vn -0.0131 0.9999 -0.0092
vn -0.0020 1.0000 -0.0007
vn -0.0155 0.9999 -0.0000
vn -0.0021 1.0000 -0.0000
vn -0.0159 0.9999 0.0014
vn -0.0021 1.0000 0.0002
vn -0.0160 0.9999 0.0014
vn -0.0216 0.9998 0.0046
vn -0.0036 1.0000 -0.0012
vn -0.0215 0.9997 0.0118
vn -0.0036 1.0000 0.0040
vn -0.0195 0.9997 0.0135
vn -0.0028 1.0000 0.0031
vn -0.0209 0.9997 0.0144
vn -0.0044 1.0000 0.0007
vn -0.0021 1.0000 0.0053
vn -0.0175 0.9996 0.0209
vn -0.0146 0.9997 0.0215
vn -0.0016 1.0000 0.0042
vn -0.0148 0.9996 0.0239
vn -0.0042 1.0000 0.0030
vn 0.0002 1.0000 0.0058
vn -0.0086 0.9996 0.0279
vn -0.0052 0.9996 0.0269
vn 0.0002 1.0000 0.0045
vn -0.0285 0.9970 0.0718
vn -0.0231 0.9971 0.0721
vn -0.0608 0.9834 0.1708
vn -0.0699 0.9835 0.1671
vn -0.0346 0.9971 0.0680
vn -0.0786 0.9837 0.1618
vn -0.0861 0.9841 0.1554
vn -0.0377 0.9973 0.0630
vn -0.2191 0.8645 0.4524
vn -0.2410 0.8659 0.4383
vn -0.4249 0.2323 0.8749
vn -0.4696 0.2333 0.8515
vn -0.3786 0.2314 0.8961
vn -0.1961 0.8631 0.4653
vn -0.1721 0.8620 0.4768
vn -0.3311 0.2308 0.9149
vn 0.0021 1.0000 0.0039
vn 0.0026 1.0000 0.0050
vn 0.0037 0.9996 0.0293
vn 0.0064 0.9996 0.0265
vn -0.0026 1.0000 0.0050
vn -0.0037 0.9996 0.0293
vn 0.0037 0.9969 0.0789
vn -0.0037 0.9969 0.0789
vn 0.0089 0.9971 0.0762
vt 0.423473 0.584190
vt 0.423510 0.585659
vt 0.422381 0.585736
vt 0.422340 0.584189
vt 0.425143 0.584192
vt 0.425183 0.585539
vt 0.423513 0.582722
vt 0.422385 0.582642
vt 0.425187 0.582846
vt 0.846980 0.162851
vt 0.845441 0.162851
vt 0.845435 0.161595
vt 0.846980 0.161599
vt 0.848520 0.162851
vt 0.848526 0.161595
vt 0.843898 0.162849
vt 0.843887 0.161591
vt 0.423626 0.587124
vt 0.422505 0.587278
vt 0.842352 0.162844
vt 0.842336 0.161585
vt 0.423821 0.588582
vt 0.422711 0.588812
vt 0.425300 0.586883
vt 0.425485 0.588223
vt 0.427213 0.585369
vt 0.427388 0.586551
vt 0.427596 0.587744
vt 0.429259 0.585140
vt 0.429603 0.586131
vt 0.429902 0.587176
vt 0.431045 0.584784
vt 0.431681 0.585610
vt 0.432140 0.586549
vt 0.432404 0.584201
vt 0.433413 0.584972
vt 0.434109 0.585879
vt 0.433414 0.583432
vt 0.434803 0.584204
vt 0.435865 0.585126
vt 0.436444 0.586258
vt 0.434497 0.586913
vt 0.432433 0.587566
vt 0.432590 0.588639
vt 0.434579 0.588066
vt 0.436405 0.587637
vt 0.432573 0.589759
vt 0.434348 0.589317
vt 0.435871 0.589165
vt 0.430151 0.588258
vt 0.430372 0.589360
vt 0.430537 0.590473
vt 0.427835 0.588944
vt 0.428112 0.590141
vt 0.428417 0.591331
vt 0.425737 0.589556
vt 0.426057 0.590876
vt 0.424094 0.590029
vt 0.424443 0.591461
vt 0.426442 0.592181
vt 0.424869 0.592876
vt 0.423368 0.591841
vt 0.422999 0.590334
vt 0.423817 0.593330
vt 0.840802 0.162836
vt 0.839247 0.162824
vt 0.839223 0.161562
vt 0.840782 0.161575
vt 0.837688 0.162808
vt 0.837660 0.161545
vt 0.840795 0.159239
vt 0.842345 0.159251
vt 0.839242 0.159224
vt 0.843892 0.159258
vt 0.842378 0.155247
vt 0.843914 0.155257
vt 0.840840 0.155233
vt 0.842430 0.149096
vt 0.843948 0.149107
vt 0.840910 0.149081
vt 0.842505 0.140679
vt 0.843998 0.140690
vt 0.841009 0.140665
vt 0.839385 0.149062
vt 0.839510 0.140647
vt 0.839297 0.155216
vt 0.837857 0.149038
vt 0.838007 0.140625
vt 0.837751 0.155193
vt 0.837683 0.159205
vt 0.836090 0.161523
vt 0.836118 0.159181
vt 0.836199 0.155167
vt 0.834515 0.161497
vt 0.834548 0.159153
vt 0.834640 0.155136
vt 0.832970 0.159120
vt 0.833076 0.155100
vt 0.832932 0.161467
vt 0.831342 0.161431
vt 0.831385 0.159082
vt 0.831504 0.155059
vt 0.833239 0.148939
vt 0.834784 0.148977
vt 0.831687 0.148897
vt 0.833464 0.140534
vt 0.834984 0.140569
vt 0.831938 0.140496
vt 0.836323 0.149010
vt 0.836498 0.140599
vt 0.836711 0.129982
vt 0.838190 0.130001
vt 0.835227 0.129959
vt 0.836934 0.117361
vt 0.838383 0.117372
vt 0.835479 0.117349
vt 0.833736 0.129933
vt 0.834016 0.117335
vt 0.832238 0.129904
vt 0.832545 0.117319
vt 0.834282 0.103301
vt 0.835720 0.103309
vt 0.832834 0.103292
vt 0.834549 0.089128
vt 0.835963 0.089146
vt 0.833124 0.089108
vt 0.837149 0.103317
vt 0.837365 0.089161
vt 0.838569 0.103323
vt 0.838758 0.089175
vt 0.837641 0.076110
vt 0.838996 0.076144
vt 0.836275 0.076070
vt 0.837978 0.064957
vt 0.839285 0.065023
vt 0.836661 0.064882
vt 0.834897 0.076025
vt 0.835332 0.064797
vt 0.833505 0.075974
vt 0.833990 0.064701
vt 0.835777 0.055651
vt 0.837051 0.055775
vt 0.834491 0.055513
vt 0.836235 0.047949
vt 0.837451 0.048101
vt 0.835012 0.047779
vt 0.838315 0.055883
vt 0.838658 0.048235
vt 0.839570 0.055978
vt 0.839859 0.048351
vt 0.839060 0.041419
vt 0.840199 0.041548
vt 0.837918 0.041270
vt 0.839590 0.035067
vt 0.840649 0.035202
vt 0.838530 0.034911
vt 0.836771 0.041101
vt 0.837469 0.034734
vt 0.835619 0.040912
vt 0.836405 0.034535
vt 0.838397 0.028700
vt 0.839350 0.028879
vt 0.837444 0.028500
vt 0.839495 0.023149
vt 0.840322 0.023323
vt 0.838669 0.022954
vt 0.840303 0.029036
vt 0.841150 0.023476
vt 0.841256 0.029172
vt 0.841981 0.023609
vt 0.842053 0.018575
vt 0.842753 0.018700
vt 0.841356 0.018431
vt 0.842918 0.014471
vt 0.843494 0.014584
vt 0.842345 0.014340
vt 0.840660 0.018267
vt 0.841775 0.014192
vt 0.839967 0.018084
vt 0.841208 0.014026
vt 0.842289 0.010806
vt 0.842747 0.010951
vt 0.843208 0.011081
vt 0.843212 0.008258
vt 0.843576 0.008381
vt 0.843945 0.008490
vt 0.844317 0.008587
vt 0.843672 0.011196
vt 0.844140 0.011295
vt 0.844692 0.008671
vt 0.844867 0.006503
vt 0.845164 0.006571
vt 0.844574 0.006425
vt 0.845325 0.004888
vt 0.845557 0.004941
vt 0.845096 0.004827
vt 0.844283 0.006336
vt 0.844870 0.004758
vt 0.843997 0.006237
vt 0.844647 0.004680
vt 0.845151 0.003578
vt 0.845324 0.003639
vt 0.845499 0.003693
vt 0.845517 0.002863
vt 0.845649 0.002919
vt 0.845785 0.002966
vt 0.845928 0.002998
vt 0.845679 0.003740
vt 0.845861 0.003780
vt 0.846077 0.003021
vt 0.846086 0.002563
vt 0.846219 0.002560
vt 0.845967 0.002554
vt 0.846170 0.002316
vt 0.846305 0.002275
vt 0.846064 0.002366
vt 0.845872 0.002503
vt 0.846037 0.002279
vt 0.845780 0.002436
vt 0.845986 0.002184
vt 0.846179 0.002012
vt 0.846196 0.002144
vt 0.846369 0.001894
vt 0.846354 0.002063
vt 0.846556 0.001825
vt 0.846507 0.002026
vt 0.846441 0.002262
vt 0.846354 0.002566
vt 0.846648 0.002027
vt 0.846572 0.002271
vt 0.846488 0.002582
vt 0.846228 0.003044
vt 0.846379 0.003065
vt 0.846695 0.002297
vt 0.846619 0.002602
vt 0.846531 0.003085
vt 0.846746 0.002631
vt 0.846682 0.003103
vt 0.846809 0.002345
vt 0.846775 0.002064
vt 0.846886 0.002137
vt 0.846867 0.001869
vt 0.846980 0.001981
vt 0.846726 0.001814
vt 0.846583 0.001646
vt 0.846817 0.001604
vt 0.846980 0.001704
vt 0.846344 0.001761
vt 0.846254 0.001672
vt 0.846514 0.001511
vt 0.846980 0.001309
vt 0.846242 0.001478
vt 0.846289 0.001338
vt 0.846076 0.001633
vt 0.845840 0.001643
vt 0.845910 0.001514
vt 0.845885 0.001405
vt 0.846320 0.001140
vt 0.846048 0.001232
vt 0.845732 0.001318
vt 0.845823 0.001076
vt 0.845680 0.001166
vt 0.845483 0.001258
vt 0.846980 0.001046
vt 0.846426 0.001016
vt 0.845897 0.000980
vt 0.846980 0.000906
vt 0.846448 0.000897
vt 0.845921 0.000884
vt 0.847512 0.000897
vt 0.847535 0.001016
vt 0.847640 0.001140
vt 0.848040 0.000884
vt 0.848064 0.000980
vt 0.848137 0.001076
vt 0.847672 0.001338
vt 0.847912 0.001232
vt 0.848280 0.001166
vt 0.848075 0.001405
vt 0.848228 0.001318
vt 0.848477 0.001258
vt 0.847719 0.001478
vt 0.848051 0.001514
vt 0.847447 0.001511
vt 0.847707 0.001672
vt 0.847884 0.001633
vt 0.848120 0.001643
vt 0.847143 0.001604
vt 0.847378 0.001646
vt 0.847616 0.001761
vt 0.847234 0.001814
vt 0.847404 0.001825
vt 0.847591 0.001894
vt 0.847094 0.001869
vt 0.847185 0.002064
vt 0.847312 0.002027
vt 0.847074 0.002137
vt 0.846980 0.002253
vt 0.847051 0.002418
vt 0.847151 0.002345
vt 0.847265 0.002297
vt 0.847094 0.002669
vt 0.847214 0.002631
vt 0.847341 0.002602
vt 0.847278 0.003103
vt 0.847429 0.003085
vt 0.847129 0.003120
vt 0.847473 0.002582
vt 0.847581 0.003065
vt 0.847389 0.002271
vt 0.847519 0.002262
vt 0.847606 0.002566
vt 0.847732 0.003043
vt 0.847742 0.002560
vt 0.847883 0.003021
vt 0.847655 0.002275
vt 0.847454 0.002026
vt 0.847606 0.002063
vt 0.847765 0.002144
vt 0.847791 0.002316
vt 0.847782 0.002012
vt 0.847837 0.001914
vt 0.847975 0.002184
vt 0.847923 0.002279
vt 0.848052 0.002108
vt 0.848088 0.002503
vt 0.848180 0.002436
vt 0.848283 0.002375
vt 0.848443 0.002863
vt 0.848576 0.002806
vt 0.848311 0.002919
vt 0.848396 0.002320
vt 0.848710 0.002747
vt 0.848153 0.002051
vt 0.848274 0.002006
vt 0.848515 0.002269
vt 0.848843 0.002685
vt 0.848641 0.002227
vt 0.848976 0.002623
vt 0.848414 0.001982
vt 0.847933 0.001846
vt 0.848070 0.001804
vt 0.848244 0.001796
vt 0.848447 0.001828
vt 0.848568 0.001983
vt 0.848383 0.001698
vt 0.848374 0.001591
vt 0.848670 0.001807
vt 0.848674 0.001911
vt 0.848700 0.001714
vt 0.848943 0.002079
vt 0.848995 0.001989
vt 0.849060 0.001902
vt 0.849431 0.002318
vt 0.849529 0.002226
vt 0.849333 0.002408
vt 0.849139 0.001819
vt 0.849627 0.002132
vt 0.848764 0.001631
vt 0.848858 0.001555
vt 0.849227 0.001737
vt 0.849725 0.002036
vt 0.849328 0.001661
vt 0.849822 0.001938
vt 0.848984 0.001491
vt 0.848424 0.001500
vt 0.848537 0.001422
vt 0.848709 0.001364
vt 0.848931 0.001335
vt 0.849137 0.001449
vt 0.848782 0.001233
vt 0.848675 0.001141
vt 0.849131 0.001253
vt 0.849200 0.001350
vt 0.849090 0.001161
vt 0.849543 0.001433
vt 0.849543 0.001333
vt 0.849551 0.001236
vt 0.850107 0.001514
vt 0.850152 0.001401
vt 0.850060 0.001628
vt 0.849567 0.001142
vt 0.850194 0.001291
vt 0.849072 0.001074
vt 0.849068 0.000989
vt 0.849585 0.001052
vt 0.850229 0.001185
vt 0.849603 0.000968
vt 0.850258 0.001086
vt 0.849072 0.000909
vt 0.848606 0.001054
vt 0.848571 0.000968
vt 0.848559 0.000885
vt 0.849081 0.000838
vt 0.848560 0.000810
vt 0.848037 0.000800
vt 0.847509 0.000799
vt 0.848568 0.000747
vt 0.848041 0.000731
vt 0.847512 0.000724
vt 0.848047 0.000678
vt 0.847516 0.000667
vt 0.848575 0.000700
vt 0.854693 0.418132
vt 0.854703 0.418101
vt 0.855123 0.418088
vt 0.855116 0.418121
vt 0.854285 0.418144
vt 0.854289 0.418117
vt 0.855548 0.418080
vt 0.855548 0.418114
vt 0.846980 0.000722
vt 0.846980 0.000663
vt 0.855973 0.418088
vt 0.855980 0.418121
vt 0.846449 0.000723
vt 0.846445 0.000667
vt 0.856393 0.418101
vt 0.856403 0.418132
vt 0.845919 0.000731
vt 0.845913 0.000678
vt 0.846451 0.000799
vt 0.845924 0.000800
vt 0.846980 0.000801
vt 0.845400 0.000810
vt 0.845393 0.000747
vt 0.845402 0.000885
vt 0.845389 0.000968
vt 0.844889 0.000909
vt 0.844879 0.000838
vt 0.844893 0.000989
vt 0.844341 0.000893
vt 0.844357 0.000968
vt 0.844375 0.001052
vt 0.843702 0.001086
vt 0.843731 0.001185
vt 0.843678 0.000999
vt 0.844393 0.001142
vt 0.843767 0.001291
vt 0.844888 0.001074
vt 0.844870 0.001161
vt 0.844409 0.001236
vt 0.843808 0.001401
vt 0.844418 0.001333
vt 0.843853 0.001514
vt 0.844829 0.001253
vt 0.845354 0.001054
vt 0.845285 0.001141
vt 0.845179 0.001233
vt 0.845029 0.001335
vt 0.844760 0.001350
vt 0.845251 0.001364
vt 0.845423 0.001422
vt 0.844976 0.001491
vt 0.844824 0.001449
vt 0.845102 0.001555
vt 0.844523 0.001593
vt 0.844632 0.001661
vt 0.844733 0.001737
vt 0.844139 0.001938
vt 0.844235 0.002036
vt 0.844044 0.001840
vt 0.844822 0.001819
vt 0.844333 0.002132
vt 0.845196 0.001631
vt 0.845260 0.001714
vt 0.844900 0.001902
vt 0.844431 0.002226
vt 0.844965 0.001989
vt 0.844529 0.002318
vt 0.845291 0.001807
vt 0.845536 0.001500
vt 0.845586 0.001591
vt 0.845577 0.001699
vt 0.845286 0.001911
vt 0.845513 0.001828
vt 0.845717 0.001796
vt 0.845891 0.001804
vt 0.845393 0.001983
vt 0.845547 0.001982
vt 0.845686 0.002006
vt 0.845189 0.002194
vt 0.845319 0.002227
vt 0.845445 0.002269
vt 0.844985 0.002623
vt 0.845117 0.002685
vt 0.844854 0.002560
vt 0.845564 0.002320
vt 0.845250 0.002746
vt 0.845807 0.002051
vt 0.845677 0.002375
vt 0.845384 0.002806
vt 0.845908 0.002108
vt 0.846028 0.001846
vt 0.846123 0.001914
vt 0.844814 0.003439
vt 0.844980 0.003512
vt 0.844429 0.004595
vt 0.844214 0.004502
vt 0.844003 0.004401
vt 0.844650 0.003361
vt 0.843798 0.004292
vt 0.844491 0.003278
vt 0.842895 0.005739
vt 0.843163 0.005879
vt 0.843436 0.006009
vt 0.842145 0.007814
vt 0.842495 0.007975
vt 0.841800 0.007640
vt 0.843714 0.006128
vt 0.842851 0.008123
vt 0.841387 0.010469
vt 0.841836 0.010646
vt 0.840645 0.013842
vt 0.840086 0.013640
vt 0.839531 0.013421
vt 0.840943 0.010278
vt 0.838981 0.013183
vt 0.840504 0.010071
vt 0.837908 0.017415
vt 0.837228 0.017152
vt 0.838591 0.017658
vt 0.837024 0.022500
vt 0.836204 0.022242
vt 0.835387 0.021962
vt 0.839277 0.017881
vt 0.837845 0.022737
vt 0.836491 0.028278
vt 0.835539 0.028035
vt 0.835339 0.034316
vt 0.834271 0.034074
vt 0.834462 0.040703
vt 0.833298 0.040473
vt 0.833779 0.047592
vt 0.832536 0.047386
vt 0.832128 0.040222
vt 0.833200 0.033812
vt 0.831282 0.047161
vt 0.830017 0.046919
vt 0.830951 0.039951
vt 0.832126 0.033527
vt 0.834587 0.027769
vt 0.833635 0.027482
vt 0.832683 0.027172
vt 0.834573 0.021660
vt 0.831048 0.033220
vt 0.831731 0.026839
vt 0.833761 0.021336
vt 0.829967 0.032890
vt 0.829765 0.039659
vt 0.828572 0.039346
vt 0.828738 0.046658
vt 0.827446 0.046378
vt 0.827369 0.039012
vt 0.828883 0.032538
vt 0.826139 0.046080
vt 0.824818 0.045763
vt 0.826157 0.038656
vt 0.827794 0.032163
vt 0.830780 0.026483
vt 0.829828 0.026104
vt 0.832952 0.020990
vt 0.832146 0.020621
vt 0.828877 0.025701
vt 0.831344 0.020230
vt 0.826700 0.031764
vt 0.827925 0.025275
vt 0.830544 0.019815
vt 0.825602 0.031342
vt 0.824934 0.038278
vt 0.823701 0.037878
vt 0.823480 0.045427
vt 0.822125 0.045072
vt 0.822456 0.037455
vt 0.824498 0.030895
vt 0.820752 0.044698
vt 0.819361 0.044304
vt 0.821199 0.037009
vt 0.823388 0.030423
vt 0.826973 0.024823
vt 0.826021 0.024346
vt 0.829749 0.019377
vt 0.828957 0.018915
vt 0.825069 0.023844
vt 0.828169 0.018428
vt 0.822273 0.029926
vt 0.824116 0.023315
vt 0.827385 0.017916
vt 0.821151 0.029402
vt 0.819928 0.036539
vt 0.818644 0.036045
vt 0.817950 0.043891
vt 0.816518 0.043457
vt 0.817348 0.035528
vt 0.820025 0.028853
vt 0.815067 0.043005
vt 0.813613 0.042539
vt 0.816054 0.034993
vt 0.818905 0.028285
vt 0.823165 0.022761
vt 0.822225 0.022188
vt 0.826607 0.017381
vt 0.825843 0.016827
vt 0.821309 0.021604
vt 0.825103 0.016265
vt 0.817809 0.027706
vt 0.820431 0.021019
vt 0.824398 0.015703
vt 0.816750 0.027125
vt 0.814778 0.034449
vt 0.813541 0.033905
vt 0.812175 0.042068
vt 0.810775 0.041598
vt 0.812363 0.033370
vt 0.815748 0.026555
vt 0.809438 0.041139
vt 0.808198 0.040706
vt 0.811275 0.032864
vt 0.814827 0.026013
vt 0.819605 0.020445
vt 0.818852 0.019902
vt 0.823740 0.015151
vt 0.823141 0.014629
vt 0.818189 0.019411
vt 0.822617 0.014158
vt 0.814016 0.025526
vt 0.817640 0.018997
vt 0.822184 0.013762
vt 0.813340 0.025113
vt 0.810310 0.032407
vt 0.809506 0.032022
vt 0.807096 0.040317
vt 0.806176 0.039990
vt 0.808900 0.031708
vt 0.812838 0.024776
vt 0.805477 0.039728
vt 0.884868 0.457905
vt 0.884176 0.457940
vt 0.882497 0.450284
vt 0.883138 0.450232
vt 0.880227 0.443496
vt 0.880804 0.443433
vt 0.817239 0.018659
vt 0.877488 0.437289
vt 0.877996 0.437221
vt 0.821874 0.013439
vt 0.874456 0.431772
vt 0.874890 0.431700
vt 0.876363 0.437326
vt 0.873483 0.431813
vt 0.878964 0.443527
vt 0.874190 0.437377
vt 0.871605 0.431874
vt 0.876526 0.443569
vt 0.881120 0.450309
vt 0.878465 0.450343
vt 0.882712 0.457960
vt 0.879897 0.457988
vt 0.874230 0.450392
vt 0.872642 0.443629
vt 0.875404 0.458029
vt 0.869542 0.458074
vt 0.868709 0.450447
vt 0.867584 0.443698
vt 0.870730 0.437452
vt 0.866232 0.437536
vt 0.868617 0.431962
vt 0.864738 0.432060
vt 0.861055 0.437603
vt 0.860283 0.432137
vt 0.861756 0.443753
vt 0.855548 0.437628
vt 0.855548 0.432165
vt 0.855548 0.443774
vt 0.862339 0.450492
vt 0.855548 0.450509
vt 0.862771 0.458109
vt 0.855548 0.458123
vt 0.848757 0.450492
vt 0.849340 0.443753
vt 0.848325 0.458109
vt 0.841554 0.458073
vt 0.842387 0.450447
vt 0.843512 0.443698
vt 0.850041 0.437603
vt 0.844864 0.437536
vt 0.850813 0.432137
vt 0.846358 0.432060
vt 0.840365 0.437452
vt 0.842479 0.431962
vt 0.838454 0.443629
vt 0.836906 0.437377
vt 0.839491 0.431874
vt 0.834570 0.443569
vt 0.836866 0.450392
vt 0.832631 0.450343
vt 0.835692 0.458029
vt 0.831199 0.457988
vt 0.829976 0.450309
vt 0.832133 0.443527
vt 0.828384 0.457960
vt 0.826920 0.457940
vt 0.828598 0.450284
vt 0.830869 0.443496
vt 0.834733 0.437326
vt 0.833608 0.437289
vt 0.837613 0.431813
vt 0.836640 0.431772
vt 0.833101 0.437221
vt 0.836206 0.431700
vt 0.830292 0.443433
vt 0.876721 0.018659
vt 0.876321 0.018997
vt 0.871776 0.013762
vt 0.872086 0.013439
vt 0.881122 0.024776
vt 0.880620 0.025114
vt 0.827958 0.450232
vt 0.885060 0.031708
vt 0.884454 0.032022
vt 0.826228 0.457905
vt 0.888484 0.039728
vt 0.887784 0.039990
vt 0.883650 0.032407
vt 0.879944 0.025526
vt 0.886864 0.040317
vt 0.885762 0.040706
vt 0.882686 0.032864
vt 0.879133 0.026013
vt 0.875771 0.019411
vt 0.875108 0.019902
vt 0.871343 0.014158
vt 0.870820 0.014629
vt 0.874355 0.020445
vt 0.870220 0.015151
vt 0.878212 0.026555
vt 0.873529 0.021019
vt 0.869562 0.015703
vt 0.877210 0.027125
vt 0.881597 0.033370
vt 0.880419 0.033905
vt 0.884522 0.041139
vt 0.883185 0.041598
vt 0.879182 0.034449
vt 0.876152 0.027706
vt 0.881785 0.042068
vt 0.880347 0.042540
vt 0.877906 0.034993
vt 0.875055 0.028285
vt 0.872651 0.021604
vt 0.871735 0.022188
vt 0.868857 0.016265
vt 0.868117 0.016827
vt 0.870795 0.022761
vt 0.867353 0.017381
vt 0.873936 0.028853
vt 0.869844 0.023315
vt 0.866575 0.017916
vt 0.872809 0.029402
vt 0.876612 0.035528
vt 0.875316 0.036045
vt 0.878893 0.043005
vt 0.877442 0.043457
vt 0.874032 0.036539
vt 0.871687 0.029926
vt 0.876010 0.043891
vt 0.874599 0.044304
vt 0.872762 0.037009
vt 0.870572 0.030423
vt 0.868892 0.023844
vt 0.867939 0.024347
vt 0.865791 0.018428
vt 0.865004 0.018915
vt 0.866987 0.024823
vt 0.864211 0.019377
vt 0.869462 0.030895
vt 0.866035 0.025275
vt 0.863416 0.019815
vt 0.868359 0.031342
vt 0.871504 0.037455
vt 0.870259 0.037878
vt 0.873208 0.044698
vt 0.871835 0.045072
vt 0.869026 0.038278
vt 0.867260 0.031764
vt 0.870480 0.045427
vt 0.869142 0.045763
vt 0.867803 0.038656
vt 0.866167 0.032163
vt 0.865084 0.025702
vt 0.864132 0.026104
vt 0.862617 0.020230
vt 0.861814 0.020621
vt 0.863180 0.026483
vt 0.861008 0.020990
vt 0.865077 0.032538
vt 0.862229 0.026839
vt 0.860199 0.021336
vt 0.863993 0.032890
vt 0.866591 0.039012
vt 0.865388 0.039346
vt 0.867821 0.046080
vt 0.866514 0.046378
vt 0.864195 0.039659
vt 0.862912 0.033220
vt 0.865222 0.046658
vt 0.863944 0.046919
vt 0.863009 0.039951
vt 0.861834 0.033527
vt 0.861277 0.027172
vt 0.860325 0.027482
vt 0.859387 0.021660
vt 0.858573 0.021962
vt 0.859373 0.027769
vt 0.857756 0.022242
vt 0.860760 0.033812
vt 0.858421 0.028035
vt 0.856937 0.022500
vt 0.859689 0.034075
vt 0.861832 0.040222
vt 0.860662 0.040473
vt 0.862678 0.047162
vt 0.861424 0.047386
vt 0.859499 0.040703
vt 0.858621 0.034316
vt 0.860181 0.047592
vt 0.858948 0.047779
vt 0.858341 0.040912
vt 0.857555 0.034535
vt 0.857469 0.028278
vt 0.856516 0.028500
vt 0.856115 0.022737
vt 0.855291 0.022954
vt 0.855564 0.028700
vt 0.854466 0.023149
vt 0.856492 0.034734
vt 0.854611 0.028879
vt 0.853639 0.023323
vt 0.855430 0.034911
vt 0.857189 0.041101
vt 0.856042 0.041270
vt 0.857725 0.047949
vt 0.856509 0.048101
vt 0.854900 0.041419
vt 0.854370 0.035067
vt 0.855302 0.048235
vt 0.854101 0.048351
vt 0.853761 0.041548
vt 0.853312 0.035202
vt 0.853657 0.029036
vt 0.852704 0.029173
vt 0.852810 0.023476
vt 0.851979 0.023609
vt 0.851750 0.029288
vt 0.851148 0.023721
vt 0.852254 0.035316
vt 0.850796 0.029382
vt 0.850316 0.023813
vt 0.851198 0.035409
vt 0.852626 0.041657
vt 0.851494 0.041746
vt 0.852905 0.048449
vt 0.851715 0.048529
vt 0.850363 0.041815
vt 0.850143 0.035481
vt 0.850528 0.048592
vt 0.849343 0.048636
vt 0.849235 0.041865
vt 0.849088 0.035533
vt 0.849842 0.029455
vt 0.848888 0.029507
vt 0.849483 0.023884
vt 0.848649 0.023935
vt 0.847934 0.029538
vt 0.847815 0.023966
vt 0.848034 0.035564
vt 0.846980 0.029548
vt 0.846980 0.023976
vt 0.846980 0.035574
vt 0.848107 0.041895
vt 0.846980 0.041905
vt 0.848161 0.048664
vt 0.846980 0.048673
vt 0.845799 0.048664
vt 0.845853 0.041895
vt 0.845926 0.035564
vt 0.844616 0.048636
vt 0.844725 0.041865
vt 0.844872 0.035533
vt 0.846026 0.029538
vt 0.845072 0.029507
vt 0.846146 0.023966
vt 0.845311 0.023935
vt 0.844118 0.029455
vt 0.844478 0.023884
vt 0.843817 0.035481
vt 0.843164 0.029382
vt 0.843645 0.023813
vt 0.842762 0.035409
vt 0.843597 0.041815
vt 0.842466 0.041746
vt 0.843432 0.048592
vt 0.842246 0.048529
vt 0.841334 0.041657
vt 0.841706 0.035316
vt 0.841055 0.048449
vt 0.842210 0.029288
vt 0.842812 0.023721
vt 0.843455 0.018805
vt 0.844158 0.018891
vt 0.844863 0.018958
vt 0.844071 0.014680
vt 0.844651 0.014758
vt 0.845232 0.014819
vt 0.845568 0.019006
vt 0.845814 0.014862
vt 0.845081 0.011447
vt 0.845554 0.011501
vt 0.846029 0.011539
vt 0.845831 0.008844
vt 0.846213 0.008877
vt 0.845449 0.008799
vt 0.844609 0.011379
vt 0.845069 0.008741
vt 0.845463 0.006629
vt 0.845764 0.006676
vt 0.845790 0.004987
vt 0.846026 0.005023
vt 0.846044 0.003814
vt 0.846230 0.003843
vt 0.846417 0.003865
vt 0.846263 0.005052
vt 0.846604 0.003882
vt 0.846502 0.005073
vt 0.846066 0.006712
vt 0.846370 0.006739
vt 0.846675 0.006754
vt 0.846596 0.008896
vt 0.846741 0.005085
vt 0.846980 0.006760
vt 0.846980 0.008903
vt 0.846980 0.005089
vt 0.846792 0.003893
vt 0.846980 0.003897
vt 0.846832 0.003120
vt 0.846980 0.003128
vt 0.847168 0.003893
vt 0.847220 0.005085
vt 0.847356 0.003882
vt 0.847459 0.005073
vt 0.847285 0.006754
vt 0.847590 0.006739
vt 0.847364 0.008896
vt 0.847747 0.008877
vt 0.847894 0.006712
vt 0.848130 0.008844
vt 0.847697 0.005052
vt 0.848197 0.006676
vt 0.848511 0.008799
vt 0.847934 0.005023
vt 0.847544 0.003865
vt 0.847730 0.003843
vt 0.847916 0.003814
vt 0.848170 0.004987
vt 0.848100 0.003780
vt 0.848404 0.004941
vt 0.848497 0.006629
vt 0.848796 0.006571
vt 0.848891 0.008741
vt 0.849268 0.008671
vt 0.849093 0.006503
vt 0.849643 0.008587
vt 0.848635 0.004888
vt 0.849387 0.006425
vt 0.850015 0.008490
vt 0.848864 0.004827
vt 0.848282 0.003740
vt 0.848461 0.003693
vt 0.848032 0.002998
vt 0.848176 0.002966
vt 0.848637 0.003639
vt 0.849090 0.004758
vt 0.848810 0.003578
vt 0.849313 0.004680
vt 0.849677 0.006336
vt 0.849963 0.006237
vt 0.850384 0.008381
vt 0.850749 0.008258
vt 0.850246 0.006128
vt 0.851109 0.008123
vt 0.849532 0.004595
vt 0.850524 0.006009
vt 0.851465 0.007975
vt 0.849746 0.004502
vt 0.848980 0.003512
vt 0.849147 0.003439
vt 0.849310 0.003361
vt 0.849957 0.004401
vt 0.849470 0.003278
vt 0.850162 0.004292
vt 0.850797 0.005879
vt 0.851065 0.005739
vt 0.851816 0.007814
vt 0.852161 0.007640
vt 0.851327 0.005589
vt 0.852500 0.007454
vt 0.850362 0.004176
vt 0.851582 0.005429
vt 0.852833 0.007254
vt 0.850557 0.004052
vt 0.849625 0.003189
vt 0.849775 0.003095
vt 0.849106 0.002560
vt 0.849227 0.002491
vt 0.849918 0.002993
vt 0.850746 0.003920
vt 0.850056 0.002886
vt 0.850928 0.003781
vt 0.851832 0.005258
vt 0.852074 0.005078
vt 0.853158 0.007042
vt 0.853477 0.006817
vt 0.852308 0.004888
vt 0.853787 0.006578
vt 0.851104 0.003634
vt 0.852535 0.004688
vt 0.854090 0.006327
vt 0.851272 0.003481
vt 0.850188 0.002773
vt 0.850315 0.002656
vt 0.850436 0.002533
vt 0.851433 0.003320
vt 0.850551 0.002406
vt 0.851586 0.003152
vt 0.852753 0.004478
vt 0.852962 0.004259
vt 0.854383 0.006064
vt 0.854667 0.005787
vt 0.853162 0.004030
vt 0.854941 0.005497
vt 0.851731 0.002978
vt 0.853352 0.003792
vt 0.855205 0.005195
vt 0.851868 0.002796
vt 0.850660 0.002274
vt 0.850760 0.002138
vt 0.849917 0.001840
vt 0.849999 0.001738
vt 0.850851 0.001997
vt 0.851995 0.002609
vt 0.850933 0.001853
vt 0.852112 0.002418
vt 0.853532 0.003545
vt 0.853699 0.003292
vt 0.855458 0.004880
vt 0.855697 0.004557
vt 0.853852 0.003038
vt 0.855919 0.004232
vt 0.852217 0.002227
vt 0.853989 0.002787
vt 0.856121 0.003908
vt 0.852310 0.002039
vt 0.851007 0.001709
vt 0.851070 0.001568
vt 0.851124 0.001432
vt 0.852388 0.001857
vt 0.851167 0.001306
vt 0.852454 0.001688
vt 0.854108 0.002543
vt 0.854209 0.002315
vt 0.856300 0.003594
vt 0.856456 0.003298
vt 0.854292 0.002112
vt 0.856587 0.003033
vt 0.852506 0.001537
vt 0.854358 0.001942
vt 0.856692 0.002812
vt 0.852548 0.001411
vt 0.851202 0.001194
vt 0.851229 0.001101
vt 0.850282 0.000999
vt 0.850301 0.000926
vt 0.851239 0.001028
vt 0.852565 0.001312
vt 0.850307 0.000870
vt 0.851110 0.418501
vt 0.852192 0.418291
vt 0.852254 0.418324
vt 0.851196 0.418544
vt 0.852939 0.418189
vt 0.852983 0.418217
vt 0.854391 0.001807
vt 0.849604 0.418898
vt 0.849723 0.418952
vt 0.856752 0.002635
vt 0.847655 0.419688
vt 0.847821 0.419752
vt 0.850020 0.418980
vt 0.848218 0.419788
vt 0.851417 0.418565
vt 0.850598 0.419013
vt 0.848988 0.419834
vt 0.851849 0.418588
vt 0.852419 0.418341
vt 0.852742 0.418357
vt 0.853099 0.418231
vt 0.853341 0.418240
vt 0.853254 0.418375
vt 0.852534 0.418620
vt 0.853733 0.418247
vt 0.853918 0.418383
vt 0.853419 0.418647
vt 0.854257 0.418242
vt 0.851519 0.419058
vt 0.852713 0.419106
vt 0.850210 0.419898
vt 0.851796 0.419967
vt 0.854079 0.419130
vt 0.853613 0.420013
vt 0.854439 0.418651
vt 0.855548 0.419129
vt 0.855548 0.420022
vt 0.855548 0.418644
vt 0.854699 0.418376
vt 0.855548 0.418368
vt 0.854876 0.418233
vt 0.855548 0.418225
vt 0.856397 0.418376
vt 0.856657 0.418651
vt 0.856219 0.418233
vt 0.857178 0.418383
vt 0.857677 0.418647
vt 0.856839 0.418242
vt 0.857017 0.419130
vt 0.858383 0.419106
vt 0.857483 0.420013
vt 0.859300 0.419967
vt 0.859577 0.419058
vt 0.860886 0.419898
vt 0.858562 0.418620
vt 0.860498 0.419013
vt 0.862108 0.419834
vt 0.859247 0.418588
vt 0.857841 0.418375
vt 0.858354 0.418357
vt 0.857363 0.418247
vt 0.857755 0.418240
vt 0.857996 0.418231
vt 0.858677 0.418341
vt 0.859679 0.418565
vt 0.858842 0.418324
vt 0.859900 0.418544
vt 0.858113 0.418217
vt 0.861076 0.418980
vt 0.861373 0.418952
vt 0.862878 0.419788
vt 0.863275 0.419752
vt 0.861492 0.418898
vt 0.863441 0.419688
vt 0.859986 0.418501
vt 0.837208 0.002635
vt 0.839569 0.001807
vt 0.839602 0.001942
vt 0.837268 0.002812
vt 0.841395 0.001312
vt 0.841413 0.001411
vt 0.858904 0.418291
vt 0.842722 0.001028
vt 0.842731 0.001101
vt 0.858156 0.418189
vt 0.843653 0.000870
vt 0.843659 0.000926
vt 0.842758 0.001194
vt 0.841454 0.001537
vt 0.842793 0.001306
vt 0.841507 0.001688
vt 0.839668 0.002112
vt 0.839752 0.002315
vt 0.837374 0.003033
vt 0.837504 0.003298
vt 0.839852 0.002543
vt 0.837660 0.003594
vt 0.841572 0.001857
vt 0.839971 0.002787
vt 0.837839 0.003908
vt 0.841650 0.002039
vt 0.842836 0.001432
vt 0.842890 0.001568
vt 0.842954 0.001709
vt 0.841743 0.002227
vt 0.843027 0.001853
vt 0.841848 0.002418
vt 0.840108 0.003038
vt 0.840261 0.003292
vt 0.838041 0.004232
vt 0.838263 0.004557
vt 0.840428 0.003545
vt 0.838502 0.004880
vt 0.841965 0.002609
vt 0.840608 0.003792
vt 0.838755 0.005195
vt 0.842092 0.002796
vt 0.843109 0.001997
vt 0.843200 0.002138
vt 0.843901 0.001628
vt 0.843962 0.001738
vt 0.843301 0.002274
vt 0.842229 0.002978
vt 0.843409 0.002406
vt 0.842374 0.003152
vt 0.840798 0.004030
vt 0.840998 0.004259
vt 0.839019 0.005497
vt 0.839293 0.005787
vt 0.841208 0.004478
vt 0.839577 0.006064
vt 0.842527 0.003320
vt 0.841426 0.004688
vt 0.839871 0.006327
vt 0.842688 0.003481
vt 0.843524 0.002533
vt 0.843646 0.002656
vt 0.843772 0.002773
vt 0.842857 0.003634
vt 0.843905 0.002886
vt 0.843032 0.003781
vt 0.841652 0.004888
vt 0.841887 0.005078
vt 0.840173 0.006578
vt 0.840483 0.006817
vt 0.842129 0.005258
vt 0.840802 0.007042
vt 0.843215 0.003920
vt 0.842378 0.005429
vt 0.841128 0.007254
vt 0.843403 0.004052
vt 0.844042 0.002993
vt 0.844186 0.003095
vt 0.844627 0.002408
vt 0.844733 0.002491
vt 0.844335 0.003189
vt 0.843598 0.004176
vt 0.842633 0.005589
vt 0.841460 0.007454
vt 0.839645 0.009609
vt 0.840072 0.009848
vt 0.839225 0.009355
vt 0.837363 0.012361
vt 0.837897 0.012653
vt 0.838436 0.012927
vt 0.836836 0.012049
vt 0.838812 0.009085
vt 0.835217 0.016241
vt 0.834555 0.015896
vt 0.835883 0.016565
vt 0.836553 0.016869
vt 0.833900 0.015530
vt 0.836316 0.011720
vt 0.833250 0.015142
vt 0.835803 0.011371
vt 0.832606 0.014732
vt 0.835297 0.011002
vt 0.831968 0.014301
vt 0.834799 0.010615
vt 0.837242 0.007845
vt 0.837621 0.008179
vt 0.838010 0.008497
vt 0.838407 0.008799
vt 0.834310 0.010208
vt 0.836872 0.007494
vt 0.836512 0.007127
vt 0.833830 0.009781
vt 0.833360 0.009335
vt 0.836163 0.006743
vt 0.832904 0.008875
vt 0.835829 0.006350
vt 0.830097 0.012872
vt 0.829496 0.012357
vt 0.830712 0.013370
vt 0.831337 0.013847
vt 0.828918 0.011835
vt 0.832470 0.008409
vt 0.828371 0.011314
vt 0.832063 0.007944
vt 0.827863 0.010803
vt 0.831689 0.007490
vt 0.827406 0.010321
vt 0.831354 0.007061
vt 0.834725 0.004802
vt 0.834958 0.005167
vt 0.835222 0.005554
vt 0.835514 0.005951
vt 0.831065 0.006675
vt 0.834526 0.004475
vt 0.834363 0.004199
vt 0.830828 0.006351
vt 0.830670 0.006089
vt 0.834262 0.003978
vt 0.868308 0.423592
vt 0.865597 0.421202
vt 0.865820 0.421132
vt 0.868597 0.423520
vt 0.871687 0.427071
vt 0.871326 0.427144
vt 0.826679 0.009521
vt 0.826450 0.009225
vt 0.827007 0.009886
vt 0.870511 0.427189
vt 0.867647 0.423639
vt 0.868939 0.427256
vt 0.866373 0.423706
vt 0.866441 0.427353
vt 0.864350 0.423803
vt 0.863203 0.427460
vt 0.861731 0.423907
vt 0.862481 0.421389
vt 0.864073 0.421305
vt 0.860420 0.421479
vt 0.865077 0.421245
vt 0.858731 0.423985
vt 0.858056 0.421544
vt 0.855548 0.421563
vt 0.855548 0.424011
vt 0.853040 0.421544
vt 0.852365 0.423986
vt 0.849365 0.423907
vt 0.850676 0.421479
vt 0.855548 0.427571
vt 0.851607 0.427542
vt 0.847893 0.427460
vt 0.859490 0.427542
vt 0.844655 0.427353
vt 0.846746 0.423803
vt 0.842157 0.427256
vt 0.844723 0.423706
vt 0.840585 0.427189
vt 0.843449 0.423639
vt 0.839770 0.427144
vt 0.842788 0.423592
vt 0.845499 0.421202
vt 0.846019 0.421245
vt 0.847023 0.421305
vt 0.848615 0.421390
vt 0.842500 0.423520
vt 0.845277 0.421132
vt 0.859597 0.004200
vt 0.859699 0.003978
vt 0.863132 0.006351
vt 0.863290 0.006089
vt 0.862895 0.006675
vt 0.859435 0.004475
vt 0.862606 0.007061
vt 0.859235 0.004802
vt 0.866953 0.009887
vt 0.866555 0.010321
vt 0.867281 0.009521
vt 0.867510 0.009225
vt 0.839409 0.427071
vt 0.866097 0.010803
vt 0.862271 0.007490
vt 0.865590 0.011314
vt 0.861898 0.007944
vt 0.865043 0.011835
vt 0.861490 0.008409
vt 0.864464 0.012357
vt 0.861056 0.008875
vt 0.858131 0.006350
vt 0.858447 0.005951
vt 0.858738 0.005554
vt 0.859002 0.005167
vt 0.860601 0.009335
vt 0.857797 0.006744
vt 0.857448 0.007127
vt 0.860130 0.009781
vt 0.859650 0.010208
vt 0.857089 0.007494
vt 0.859161 0.010615
vt 0.856718 0.007845
vt 0.862624 0.013847
vt 0.861992 0.014301
vt 0.863248 0.013370
vt 0.863863 0.012872
vt 0.861355 0.014732
vt 0.858663 0.011002
vt 0.860711 0.015142
vt 0.858158 0.011371
vt 0.860061 0.015530
vt 0.857644 0.011720
vt 0.859405 0.015896
vt 0.857124 0.012049
vt 0.855148 0.009085
vt 0.855553 0.008799
vt 0.855950 0.008497
vt 0.856339 0.008179
vt 0.856597 0.012361
vt 0.854735 0.009355
vt 0.854315 0.009609
vt 0.856063 0.012653
vt 0.853889 0.009848
vt 0.855524 0.012927
vt 0.854979 0.013183
vt 0.853456 0.010071
vt 0.857407 0.016869
vt 0.856732 0.017152
vt 0.858078 0.016566
vt 0.858744 0.016241
vt 0.856052 0.017415
vt 0.854429 0.013421
vt 0.855369 0.017658
vt 0.853875 0.013640
vt 0.854683 0.017881
vt 0.853315 0.013842
vt 0.853993 0.018084
vt 0.852752 0.014026
vt 0.851671 0.010806
vt 0.852124 0.010646
vt 0.852573 0.010469
vt 0.853017 0.010278
vt 0.852185 0.014192
vt 0.851213 0.010951
vt 0.850752 0.011081
vt 0.851615 0.014340
vt 0.850288 0.011196
vt 0.851042 0.014471
vt 0.850467 0.014584
vt 0.849821 0.011295
vt 0.851907 0.018575
vt 0.851207 0.018700
vt 0.852605 0.018431
vt 0.853300 0.018267
vt 0.850505 0.018805
vt 0.849889 0.014680
vt 0.849802 0.018891
vt 0.849309 0.014758
vt 0.849097 0.018958
vt 0.848728 0.014819
vt 0.848392 0.019006
vt 0.848146 0.014862
vt 0.847931 0.011539
vt 0.848406 0.011501
vt 0.848879 0.011447
vt 0.849351 0.011379
vt 0.847563 0.014888
vt 0.847456 0.011562
vt 0.846980 0.011569
vt 0.846980 0.014897
vt 0.846504 0.011562
vt 0.846397 0.014888
vt 0.846274 0.019035
vt 0.846980 0.019044
vt 0.847686 0.019035
vt 0.845081 0.002153
vt 0.845017 0.002079
vt 0.845265 0.002002
vt 0.844439 0.001523
vt 0.844417 0.001433
vt 0.844690 0.001431
vt 0.844328 0.000831
vt 0.844322 0.000783
vt 0.844862 0.000733
vt 0.844869 0.000778
vt 0.857607 0.418175
vt 0.857631 0.418150
vt 0.857205 0.418157
vt 0.857213 0.418132
vt 0.856811 0.418144
vt 0.856807 0.418117
vt 0.845385 0.000700
vt 0.856826 0.418163
vt 0.857182 0.418174
vt 0.856430 0.418154
vt 0.855999 0.418145
vt 0.856038 0.418162
vt 0.856495 0.418170
vt 0.856888 0.418177
vt 0.856622 0.418186
vt 0.857058 0.418193
vt 0.856106 0.418179
vt 0.857371 0.418195
vt 0.857149 0.418182
vt 0.857535 0.418190
vt 0.855548 0.418172
vt 0.855548 0.418156
vt 0.854990 0.418179
vt 0.855058 0.418162
vt 0.854474 0.418186
vt 0.854601 0.418170
vt 0.855097 0.418145
vt 0.855548 0.418139
vt 0.854666 0.418154
vt 0.854208 0.418177
vt 0.854270 0.418163
vt 0.853914 0.418174
vt 0.853891 0.418157
vt 0.853947 0.418182
vt 0.853489 0.418175
vt 0.853561 0.418190
vt 0.853725 0.418195
vt 0.854038 0.418193
vt 0.853465 0.418150
vt 0.853883 0.418132
vt 0.849633 0.000831
vt 0.849639 0.000783
vt 0.849091 0.000778
vt 0.849098 0.000733
vt 0.849619 0.000893
vt 0.849521 0.001523
vt 0.849437 0.001593
vt 0.849270 0.001431
vt 0.848880 0.002153
vt 0.848771 0.002194
vt 0.848695 0.002002
vt 0.847993 0.002554
vt 0.847875 0.002563
vt 0.847896 0.002366
vt 0.846980 0.002691
vt 0.846866 0.002669
vt 0.846980 0.002491
vt 0.846910 0.002418
vt 0.842058 0.056123
vt 0.840817 0.056058
vt 0.840582 0.065078
vt 0.841871 0.065123
vt 0.841679 0.076195
vt 0.840342 0.076172
vt 0.841518 0.089195
vt 0.840141 0.089186
vt 0.843010 0.076212
vt 0.843154 0.065158
vt 0.842889 0.089202
vt 0.844336 0.076224
vt 0.844432 0.065183
vt 0.844255 0.089207
vt 0.843293 0.056174
vt 0.844524 0.056211
vt 0.845707 0.065198
vt 0.845753 0.056233
vt 0.846980 0.056241
vt 0.846980 0.065204
vt 0.846980 0.076230
vt 0.845659 0.076230
vt 0.846980 0.089212
vt 0.845618 0.089211
vt 0.848342 0.089211
vt 0.848301 0.076230
vt 0.848253 0.065198
vt 0.849624 0.076224
vt 0.849528 0.065183
vt 0.849705 0.089207
vt 0.848207 0.056233
vt 0.849436 0.056211
vt 0.850806 0.065158
vt 0.850667 0.056174
vt 0.851903 0.056123
vt 0.852089 0.065123
vt 0.852281 0.076195
vt 0.850950 0.076212
vt 0.852442 0.089195
vt 0.851071 0.089202
vt 0.853619 0.076172
vt 0.853378 0.065078
vt 0.853819 0.089186
vt 0.854964 0.076144
vt 0.854675 0.065023
vt 0.855203 0.089175
vt 0.853143 0.056058
vt 0.854390 0.055978
vt 0.855982 0.064957
vt 0.855645 0.055883
vt 0.856909 0.055775
vt 0.857299 0.064882
vt 0.857685 0.076070
vt 0.856319 0.076110
vt 0.857997 0.089146
vt 0.856595 0.089161
vt 0.859064 0.076025
vt 0.858628 0.064797
vt 0.859411 0.089128
vt 0.860455 0.075974
vt 0.859971 0.064701
vt 0.860836 0.089108
vt 0.858184 0.055651
vt 0.859469 0.055513
vt 0.861328 0.064596
vt 0.860768 0.055361
vt 0.862080 0.055193
vt 0.862701 0.064480
vt 0.863283 0.075856
vt 0.861862 0.075918
vt 0.863726 0.089060
vt 0.862274 0.089085
vt 0.864722 0.075788
vt 0.864091 0.064354
vt 0.865192 0.089033
vt 0.866178 0.075715
vt 0.865499 0.064219
vt 0.866674 0.089003
vt 0.863407 0.055011
vt 0.864750 0.054815
vt 0.866926 0.064073
vt 0.866110 0.054604
vt 0.867487 0.054378
vt 0.868372 0.063917
vt 0.869145 0.075553
vt 0.867652 0.075637
vt 0.869683 0.088938
vt 0.868170 0.088972
vt 0.870658 0.075465
vt 0.869840 0.063752
vt 0.871211 0.088902
vt 0.872190 0.075372
vt 0.871329 0.063577
vt 0.872756 0.088865
vt 0.868884 0.054137
vt 0.870300 0.053882
vt 0.872841 0.063393
vt 0.871736 0.053612
vt 0.873195 0.053328
vt 0.874376 0.063200
vt 0.875317 0.075173
vt 0.873743 0.075274
vt 0.875894 0.088786
vt 0.874317 0.088826
vt 0.876912 0.075067
vt 0.875934 0.062998
vt 0.877486 0.088745
vt 0.878528 0.074959
vt 0.877516 0.062788
vt 0.879095 0.088704
vt 0.874675 0.053030
vt 0.876179 0.052717
vt 0.879123 0.062571
vt 0.877707 0.052391
vt 0.879261 0.052050
vt 0.880756 0.062347
vt 0.881822 0.074736
vt 0.880164 0.074849
vt 0.882355 0.088624
vt 0.880717 0.088664
vt 0.883497 0.074623
vt 0.882410 0.062117
vt 0.884002 0.088586
vt 0.885167 0.074511
vt 0.884068 0.061884
vt 0.885641 0.088551
vt 0.880837 0.051698
vt 0.882418 0.051337
vt 0.885707 0.061654
vt 0.883984 0.050974
vt 0.885510 0.050616
vt 0.887301 0.061429
vt 0.888405 0.074299
vt 0.886811 0.074402
vt 0.888797 0.088491
vt 0.887247 0.088519
vt 0.889920 0.074206
vt 0.888822 0.061217
vt 0.890262 0.088468
vt 0.891316 0.074123
vt 0.890229 0.061021
vt 0.891606 0.088450
vt 0.886969 0.050270
vt 0.888322 0.049947
vt 0.891477 0.060850
vt 0.889524 0.049660
vt 0.890528 0.049419
vt 0.892516 0.060708
vt 0.893571 0.073996
vt 0.892548 0.074053
vt 0.893766 0.088428
vt 0.892789 0.088437
vt 0.894350 0.073960
vt 0.893309 0.060604
vt 0.894508 0.088429
vt 0.826563 0.489912
vt 0.825840 0.489927
vt 0.825091 0.477457
vt 0.825828 0.477454
vt 0.827765 0.503524
vt 0.827071 0.503542
vt 0.825229 0.466846
vt 0.825955 0.466862
vt 0.891294 0.049232
vt 0.827348 0.477463
vt 0.827468 0.466876
vt 0.830376 0.466900
vt 0.830266 0.477485
vt 0.830889 0.489935
vt 0.828044 0.489918
vt 0.831910 0.503540
vt 0.829183 0.503527
vt 0.835432 0.489961
vt 0.834924 0.477516
vt 0.836265 0.503559
vt 0.841365 0.489987
vt 0.841007 0.477548
vt 0.841952 0.503578
vt 0.835016 0.466935
vt 0.841074 0.466973
vt 0.848040 0.477573
vt 0.848076 0.467002
vt 0.855548 0.467013
vt 0.855548 0.477584
vt 0.855548 0.490013
vt 0.848225 0.490006
vt 0.855548 0.503597
vt 0.848528 0.503592
vt 0.862871 0.490006
vt 0.863056 0.477573
vt 0.862568 0.503592
vt 0.869731 0.489987
vt 0.870089 0.477548
vt 0.869144 0.503578
vt 0.863020 0.467002
vt 0.870022 0.466973
vt 0.876172 0.477516
vt 0.876080 0.466935
vt 0.880720 0.466900
vt 0.880830 0.477485
vt 0.880207 0.489935
vt 0.875664 0.489961
vt 0.879185 0.503540
vt 0.874831 0.503559
vt 0.883052 0.489918
vt 0.883748 0.477463
vt 0.881913 0.503527
vt 0.884533 0.489912
vt 0.885268 0.477454
vt 0.883331 0.503525
vt 0.883627 0.466876
vt 0.885140 0.466862
vt 0.886005 0.477457
vt 0.885867 0.466847
vt 0.803432 0.049419
vt 0.802666 0.049232
vt 0.801444 0.060708
vt 0.800651 0.060604
vt 0.800389 0.073996
vt 0.799610 0.073960
vt 0.885256 0.489927
vt 0.800194 0.088428
vt 0.799452 0.088429
vt 0.884025 0.503543
vt 0.801412 0.074053
vt 0.802483 0.060850
vt 0.801171 0.088437
vt 0.802644 0.074123
vt 0.803731 0.061021
vt 0.802354 0.088450
vt 0.804436 0.049660
vt 0.805638 0.049947
vt 0.805138 0.061217
vt 0.806991 0.050270
vt 0.808450 0.050616
vt 0.806659 0.061429
vt 0.805555 0.074299
vt 0.804040 0.074206
vt 0.805163 0.088491
vt 0.803698 0.088468
vt 0.807149 0.074402
vt 0.808253 0.061653
vt 0.806713 0.088519
vt 0.808793 0.074511
vt 0.809892 0.061884
vt 0.808319 0.088551
vt 0.809976 0.050974
vt 0.811542 0.051337
vt 0.811550 0.062117
vt 0.813123 0.051697
vt 0.814700 0.052050
vt 0.813204 0.062347
vt 0.812138 0.074736
vt 0.810463 0.074623
vt 0.811605 0.088624
vt 0.809958 0.088586
vt 0.813796 0.074849
vt 0.814837 0.062571
vt 0.813243 0.088664
vt 0.815433 0.074959
vt 0.816444 0.062788
vt 0.814866 0.088704
vt 0.816253 0.052391
vt 0.817781 0.052717
vt 0.818026 0.062998
vt 0.819285 0.053030
vt 0.820766 0.053328
vt 0.819585 0.063200
vt 0.818643 0.075173
vt 0.817048 0.075067
vt 0.818066 0.088786
vt 0.816474 0.088745
vt 0.820217 0.075274
vt 0.821119 0.063393
vt 0.819643 0.088826
vt 0.821770 0.075372
vt 0.822631 0.063577
vt 0.821204 0.088865
vt 0.822224 0.053612
vt 0.823661 0.053882
vt 0.824120 0.063752
vt 0.825077 0.054137
vt 0.826473 0.054378
vt 0.825588 0.063917
vt 0.824815 0.075553
vt 0.823302 0.075465
vt 0.824277 0.088938
vt 0.822749 0.088902
vt 0.826308 0.075637
vt 0.827035 0.064073
vt 0.825790 0.088972
vt 0.827782 0.075715
vt 0.828461 0.064219
vt 0.827287 0.089003
vt 0.827851 0.054604
vt 0.829210 0.054815
vt 0.829869 0.064354
vt 0.830553 0.055011
vt 0.831880 0.055193
vt 0.831259 0.064480
vt 0.830677 0.075856
vt 0.829238 0.075788
vt 0.830234 0.089060
vt 0.828768 0.089033
vt 0.832099 0.075918
vt 0.832632 0.064596
vt 0.831686 0.089085
vt 0.833192 0.055361
vt 0.831375 0.103281
vt 0.829905 0.103269
vt 0.831065 0.117301
vt 0.829577 0.117281
vt 0.830732 0.129872
vt 0.829219 0.129837
vt 0.830404 0.140453
vt 0.828863 0.140405
vt 0.827698 0.129798
vt 0.828080 0.117259
vt 0.827315 0.140353
vt 0.825759 0.140296
vt 0.826170 0.129756
vt 0.826572 0.117235
vt 0.828424 0.103256
vt 0.826930 0.103241
vt 0.825425 0.103225
vt 0.825056 0.117209
vt 0.823907 0.103208
vt 0.823531 0.117181
vt 0.824633 0.129710
vt 0.823089 0.129660
vt 0.824195 0.140234
vt 0.822624 0.140167
vt 0.821537 0.129607
vt 0.821996 0.117150
vt 0.821046 0.140096
vt 0.819461 0.140018
vt 0.819979 0.129550
vt 0.820453 0.117118
vt 0.822377 0.103189
vt 0.820835 0.103170
vt 0.819282 0.103150
vt 0.818902 0.117083
vt 0.817717 0.103129
vt 0.817344 0.117047
vt 0.818414 0.129489
vt 0.816843 0.129424
vt 0.817870 0.139936
vt 0.816273 0.139848
vt 0.815266 0.129356
vt 0.815778 0.117009
vt 0.814671 0.139754
vt 0.813064 0.139654
vt 0.813686 0.129283
vt 0.814206 0.116969
vt 0.816142 0.103107
vt 0.814557 0.103086
vt 0.812962 0.103065
vt 0.812630 0.116928
vt 0.811360 0.103044
vt 0.811049 0.116885
vt 0.812102 0.129207
vt 0.810516 0.129127
vt 0.811454 0.139548
vt 0.809841 0.139435
vt 0.808932 0.129043
vt 0.809469 0.116842
vt 0.808230 0.139317
vt 0.806640 0.139194
vt 0.807369 0.128957
vt 0.807907 0.116799
vt 0.809753 0.103025
vt 0.808161 0.103007
vt 0.806607 0.102992
vt 0.806387 0.116756
vt 0.805114 0.102979
vt 0.804931 0.116715
vt 0.805849 0.128871
vt 0.804394 0.128784
vt 0.805093 0.139068
vt 0.803612 0.138942
vt 0.803028 0.128700
vt 0.803562 0.116676
vt 0.802220 0.138816
vt 0.800953 0.138698
vt 0.801784 0.128621
vt 0.802314 0.116642
vt 0.803707 0.102970
vt 0.802421 0.102963
vt 0.801293 0.102959
vt 0.801222 0.116612
vt 0.800363 0.102957
vt 0.800324 0.116588
vt 0.800697 0.128551
vt 0.799803 0.128493
vt 0.799844 0.138591
vt 0.798933 0.138502
vt 0.799129 0.128444
vt 0.799646 0.116570
vt 0.798246 0.138423
vt 0.883703 0.551510
vt 0.883031 0.551534
vt 0.881967 0.541871
vt 0.882617 0.541860
vt 0.881607 0.530395
vt 0.882252 0.530397
vt 0.799660 0.102961
vt 0.882180 0.517338
vt 0.882844 0.517351
vt 0.880822 0.517339
vt 0.880276 0.530395
vt 0.878207 0.517347
vt 0.877716 0.530398
vt 0.880619 0.541870
vt 0.878024 0.541865
vt 0.881630 0.551531
vt 0.878930 0.551518
vt 0.873880 0.541859
vt 0.873630 0.530401
vt 0.874620 0.551502
vt 0.868994 0.551487
vt 0.868471 0.541853
vt 0.868295 0.530404
vt 0.874032 0.517360
vt 0.868580 0.517372
vt 0.862276 0.517380
vt 0.862129 0.530407
vt 0.855548 0.517383
vt 0.855548 0.530407
vt 0.862220 0.541849
vt 0.855548 0.541847
vt 0.862490 0.551477
vt 0.855548 0.551474
vt 0.848876 0.541849
vt 0.848967 0.530407
vt 0.848606 0.551477
vt 0.842102 0.551487
vt 0.842624 0.541853
vt 0.842801 0.530404
vt 0.848819 0.517380
vt 0.842516 0.517372
vt 0.837063 0.517359
vt 0.837465 0.530401
vt 0.832889 0.517347
vt 0.833379 0.530397
vt 0.837215 0.541859
vt 0.833072 0.541865
vt 0.836475 0.551502
vt 0.832165 0.551518
vt 0.830476 0.541870
vt 0.830819 0.530395
vt 0.829465 0.551531
vt 0.828065 0.551534
vt 0.829129 0.541871
vt 0.829488 0.530395
vt 0.830274 0.517339
vt 0.828916 0.517338
vt 0.828252 0.517351
vt 0.828843 0.530397
vt 0.894300 0.102961
vt 0.893597 0.102957
vt 0.894314 0.116570
vt 0.893636 0.116588
vt 0.828478 0.541860
vt 0.894831 0.128444
vt 0.894157 0.128493
vt 0.827392 0.551510
vt 0.895714 0.138423
vt 0.895028 0.138501
vt 0.893263 0.128551
vt 0.892738 0.116612
vt 0.894116 0.138591
vt 0.893008 0.138698
vt 0.892176 0.128621
vt 0.891646 0.116642
vt 0.892667 0.102959
vt 0.891540 0.102963
vt 0.890253 0.102970
vt 0.890398 0.116676
vt 0.888846 0.102979
vt 0.889029 0.116715
vt 0.890933 0.128700
vt 0.889566 0.128784
vt 0.891740 0.138816
vt 0.890349 0.138941
vt 0.888111 0.128871
vt 0.887573 0.116756
vt 0.888867 0.139068
vt 0.887320 0.139194
vt 0.886591 0.128957
vt 0.886053 0.116798
vt 0.887353 0.102991
vt 0.885799 0.103007
vt 0.884207 0.103025
vt 0.884492 0.116842
vt 0.882601 0.103044
vt 0.882911 0.116885
vt 0.885028 0.129043
vt 0.883444 0.129127
vt 0.885730 0.139317
vt 0.884119 0.139435
vt 0.881858 0.129207
vt 0.881330 0.116928
vt 0.882506 0.139548
vt 0.880896 0.139654
vt 0.880274 0.129283
vt 0.879754 0.116969
vt 0.880998 0.103065
vt 0.879403 0.103086
vt 0.877818 0.103107
vt 0.878182 0.117009
vt 0.876243 0.103129
vt 0.876617 0.117047
vt 0.878694 0.129356
vt 0.877118 0.129424
vt 0.879290 0.139754
vt 0.877687 0.139848
vt 0.875547 0.129489
vt 0.875058 0.117083
vt 0.876090 0.139936
vt 0.874499 0.140018
vt 0.873981 0.129550
vt 0.873507 0.117118
vt 0.874678 0.103150
vt 0.873125 0.103170
vt 0.871583 0.103189
vt 0.871964 0.117150
vt 0.870053 0.103208
vt 0.870429 0.117180
vt 0.872423 0.129607
vt 0.870871 0.129660
vt 0.872914 0.140096
vt 0.871336 0.140167
vt 0.869327 0.129710
vt 0.868904 0.117209
vt 0.869765 0.140234
vt 0.868202 0.140296
vt 0.867791 0.129756
vt 0.867388 0.117235
vt 0.868535 0.103225
vt 0.867030 0.103241
vt 0.865536 0.103256
vt 0.865881 0.117259
vt 0.864055 0.103269
vt 0.864383 0.117281
vt 0.866262 0.129798
vt 0.864741 0.129837
vt 0.866646 0.140353
vt 0.865097 0.140405
vt 0.863228 0.129872
vt 0.862895 0.117301
vt 0.863556 0.140453
vt 0.862023 0.140496
vt 0.861723 0.129904
vt 0.861415 0.117319
vt 0.862585 0.103281
vt 0.861126 0.103292
vt 0.859678 0.103301
vt 0.859944 0.117335
vt 0.858240 0.103309
vt 0.858481 0.117349
vt 0.860225 0.129933
vt 0.858734 0.129959
vt 0.860496 0.140534
vt 0.858976 0.140569
vt 0.857249 0.129982
vt 0.857026 0.117361
vt 0.857462 0.140599
vt 0.855954 0.140625
vt 0.855771 0.130001
vt 0.855578 0.117372
vt 0.856811 0.103317
vt 0.855391 0.103323
vt 0.853977 0.103328
vt 0.854135 0.117381
vt 0.852570 0.103332
vt 0.852698 0.117388
vt 0.854297 0.130017
vt 0.852828 0.130031
vt 0.854450 0.140647
vt 0.852951 0.140665
vt 0.851363 0.130042
vt 0.851264 0.117394
vt 0.851455 0.140679
vt 0.849962 0.140690
vt 0.849900 0.130049
vt 0.849835 0.117398
vt 0.851168 0.103335
vt 0.849770 0.103338
vt 0.848374 0.103339
vt 0.848407 0.117401
vt 0.846980 0.103340
vt 0.846980 0.117403
vt 0.848440 0.130054
vt 0.846980 0.130057
vt 0.848471 0.140696
vt 0.846980 0.140699
vt 0.845490 0.140696
vt 0.845520 0.130054
vt 0.845553 0.117401
vt 0.844060 0.130049
vt 0.844126 0.117398
vt 0.845586 0.103339
vt 0.844190 0.103338
vt 0.842792 0.103335
vt 0.842696 0.117394
vt 0.841390 0.103332
vt 0.841263 0.117388
vt 0.842597 0.130042
vt 0.841132 0.130031
vt 0.839663 0.130017
vt 0.839825 0.117381
vt 0.839983 0.103328
vt 0.845465 0.149114
vt 0.846980 0.149117
vt 0.845447 0.155263
vt 0.846980 0.155265
vt 0.846980 0.159263
vt 0.845436 0.159263
vt 0.848524 0.159262
vt 0.848513 0.155263
vt 0.850068 0.159258
vt 0.850046 0.155257
vt 0.850073 0.161591
vt 0.848495 0.149114
vt 0.850012 0.149107
vt 0.851582 0.155247
vt 0.851530 0.149096
vt 0.853050 0.149081
vt 0.853120 0.155233
vt 0.853165 0.159239
vt 0.851615 0.159251
vt 0.853178 0.161575
vt 0.851624 0.161585
vt 0.854719 0.159224
vt 0.854663 0.155216
vt 0.854737 0.161562
vt 0.856278 0.159205
vt 0.856210 0.155193
vt 0.856300 0.161545
vt 0.854575 0.149062
vt 0.856103 0.149038
vt 0.857762 0.155167
vt 0.857637 0.149010
vt 0.859176 0.148977
vt 0.859320 0.155136
vt 0.859413 0.159153
vt 0.857842 0.159181
vt 0.859446 0.161497
vt 0.857870 0.161523
vt 0.860990 0.159120
vt 0.860885 0.155100
vt 0.861028 0.161467
vt 0.862575 0.159082
vt 0.862456 0.155059
vt 0.862618 0.161432
vt 0.860722 0.148939
vt 0.862274 0.148897
vt 0.864036 0.155013
vt 0.863833 0.148850
vt 0.865400 0.148798
vt 0.865623 0.154962
vt 0.865768 0.158991
vt 0.864168 0.159039
vt 0.865821 0.161345
vt 0.864215 0.161391
vt 0.867378 0.158937
vt 0.867218 0.154905
vt 0.867435 0.161294
vt 0.868996 0.158878
vt 0.868822 0.154842
vt 0.869058 0.161237
vt 0.866974 0.148740
vt 0.868557 0.148677
vt 0.870435 0.154774
vt 0.870148 0.148608
vt 0.871746 0.148534
vt 0.872055 0.154699
vt 0.872258 0.158740
vt 0.870622 0.158812
vt 0.872330 0.161104
vt 0.870690 0.161173
vt 0.873902 0.158661
vt 0.873684 0.154618
vt 0.873980 0.161027
vt 0.875555 0.158576
vt 0.875322 0.154530
vt 0.875638 0.160944
vt 0.873352 0.148453
vt 0.874965 0.148366
vt 0.876967 0.154434
vt 0.876586 0.148273
vt 0.878213 0.148173
vt 0.878620 0.154332
vt 0.878886 0.158382
vt 0.877217 0.158483
vt 0.878980 0.160755
vt 0.877304 0.160854
vt 0.880564 0.158274
vt 0.880281 0.154222
vt 0.880663 0.160649
vt 0.882249 0.158157
vt 0.881948 0.154103
vt 0.882355 0.160534
vt 0.879846 0.148066
vt 0.881485 0.147951
vt 0.883621 0.153976
vt 0.883129 0.147828
vt 0.884777 0.147698
vt 0.885300 0.153840
vt 0.885640 0.157896
vt 0.883942 0.158031
vt 0.885759 0.160278
vt 0.884053 0.160411
vt 0.887341 0.157752
vt 0.886979 0.153696
vt 0.887468 0.160136
vt 0.889025 0.157600
vt 0.888641 0.153543
vt 0.889161 0.159986
vt 0.886424 0.147559
vt 0.888052 0.147415
vt 0.890263 0.153386
vt 0.889638 0.147266
vt 0.891158 0.147115
vt 0.891819 0.153227
vt 0.892247 0.157283
vt 0.890669 0.157443
vt 0.892399 0.159671
vt 0.890812 0.159830
vt 0.893736 0.157123
vt 0.893285 0.153067
vt 0.893896 0.159513
vt 0.895098 0.156969
vt 0.894626 0.152914
vt 0.895265 0.159362
vt 0.892588 0.146964
vt 0.893893 0.146819
vt 0.895801 0.152774
vt 0.895035 0.146689
vt 0.895975 0.146579
vt 0.896771 0.152656
vt 0.897283 0.156715
vt 0.896293 0.156831
vt 0.897453 0.159104
vt 0.896466 0.159223
vt 0.898030 0.156611
vt 0.897502 0.152548
vt 0.898207 0.159019
vt 0.824557 0.568983
vt 0.823808 0.568974
vt 0.824672 0.565090
vt 0.825402 0.565125
vt 0.824268 0.571225
vt 0.823536 0.571280
vt 0.825988 0.559276
vt 0.826689 0.559310
vt 0.896683 0.146480
vt 0.826931 0.565110
vt 0.828158 0.559302
vt 0.830991 0.559281
vt 0.829880 0.565083
vt 0.829111 0.568946
vt 0.826107 0.568961
vt 0.828831 0.571260
vt 0.825801 0.571236
vt 0.833956 0.568934
vt 0.834595 0.565057
vt 0.833731 0.571264
vt 0.840314 0.568921
vt 0.840767 0.565039
vt 0.840158 0.571255
vt 0.835514 0.559256
vt 0.841421 0.559236
vt 0.847914 0.565026
vt 0.848253 0.559224
vt 0.855548 0.559220
vt 0.855548 0.565022
vt 0.855548 0.568907
vt 0.847680 0.568911
vt 0.855548 0.571242
vt 0.847599 0.571246
vt 0.863416 0.568911
vt 0.863181 0.565027
vt 0.863496 0.571246
vt 0.870781 0.568921
vt 0.870328 0.565039
vt 0.870938 0.571255
vt 0.862843 0.559224
vt 0.869675 0.559236
vt 0.876501 0.565057
vt 0.875582 0.559256
vt 0.880104 0.559281
vt 0.881216 0.565083
vt 0.881985 0.568946
vt 0.877140 0.568934
vt 0.882265 0.571260
vt 0.877364 0.571264
vt 0.884989 0.568961
vt 0.884164 0.565110
vt 0.885295 0.571236
vt 0.886539 0.568983
vt 0.885693 0.565125
vt 0.886827 0.571225
vt 0.882937 0.559302
vt 0.884406 0.559310
vt 0.886423 0.565090
vt 0.885108 0.559276
vt 0.797985 0.146579
vt 0.797277 0.146480
vt 0.797190 0.152656
vt 0.796459 0.152548
vt 0.796677 0.156715
vt 0.795930 0.156611
vt 0.887287 0.568974
vt 0.796507 0.159104
vt 0.795754 0.159019
vt 0.887560 0.571280
vt 0.797667 0.156831
vt 0.798159 0.152774
vt 0.797494 0.159223
vt 0.798863 0.156969
vt 0.799335 0.152914
vt 0.798695 0.159362
vt 0.798926 0.146689
vt 0.800068 0.146819
vt 0.800675 0.153067
vt 0.801372 0.146964
vt 0.802802 0.147115
vt 0.802141 0.153227
vt 0.801713 0.157283
vt 0.800225 0.157123
vt 0.801561 0.159671
vt 0.800065 0.159513
vt 0.803292 0.157443
vt 0.803698 0.153386
vt 0.803148 0.159830
vt 0.804935 0.157600
vt 0.805319 0.153543
vt 0.804800 0.159986
vt 0.804322 0.147266
vt 0.805908 0.147415
vt 0.806981 0.153696
vt 0.807536 0.147559
vt 0.809183 0.147698
vt 0.808661 0.153840
vt 0.808320 0.157896
vt 0.806619 0.157752
vt 0.808201 0.160278
vt 0.806492 0.160136
vt 0.810019 0.158031
vt 0.810339 0.153976
vt 0.809907 0.160411
vt 0.811711 0.158157
vt 0.812013 0.154103
vt 0.811606 0.160534
vt 0.810831 0.147828
vt 0.812475 0.147951
vt 0.813680 0.154222
vt 0.814114 0.148066
vt 0.815747 0.148173
vt 0.815340 0.154332
vt 0.815074 0.158382
vt 0.813396 0.158274
vt 0.814981 0.160755
vt 0.813297 0.160649
vt 0.816744 0.158483
vt 0.816993 0.154434
vt 0.816656 0.160854
vt 0.818405 0.158576
vt 0.818638 0.154530
vt 0.818323 0.160944
vt 0.817375 0.148273
vt 0.818995 0.148366
vt 0.820276 0.154618
vt 0.820609 0.148453
vt 0.822214 0.148534
vt 0.821905 0.154699
vt 0.821702 0.158740
vt 0.820058 0.158661
vt 0.821630 0.161104
vt 0.819981 0.161027
vt 0.823338 0.158812
vt 0.823526 0.154774
vt 0.823271 0.161173
vt 0.824965 0.158878
vt 0.825138 0.154842
vt 0.824902 0.161237
vt 0.823813 0.148608
vt 0.825403 0.148677
vt 0.826742 0.154905
vt 0.826986 0.148740
vt 0.828560 0.148798
vt 0.828337 0.154962
vt 0.828192 0.158991
vt 0.826582 0.158937
vt 0.828139 0.161345
vt 0.826525 0.161294
vt 0.829793 0.159039
vt 0.829925 0.155013
vt 0.829745 0.161391
vt 0.830127 0.148850
vt 0.831389 0.162702
vt 0.829797 0.162663
vt 0.828196 0.162620
vt 0.427310 0.598297
vt 0.428098 0.599576
vt 0.427225 0.600377
vt 0.426394 0.599032
vt 0.428953 0.600818
vt 0.428128 0.601682
vt 0.428678 0.597155
vt 0.429407 0.598328
vt 0.430195 0.599470
vt 0.430374 0.595686
vt 0.431061 0.596703
vt 0.431780 0.597724
vt 0.431041 0.600579
vt 0.429874 0.602020
vt 0.432536 0.598737
vt 0.431941 0.601653
vt 0.430858 0.603180
vt 0.433316 0.599743
vt 0.429099 0.602946
vt 0.430137 0.604165
vt 0.826588 0.162571
vt 0.824971 0.162516
vt 0.823345 0.162455
vt 0.431903 0.604294
vt 0.431240 0.605335
vt 0.821711 0.162389
vt 0.433007 0.605360
vt 0.432404 0.606455
vt 0.432894 0.602686
vt 0.433902 0.603670
vt 0.434116 0.600730
vt 0.434973 0.601631
vt 0.435922 0.602394
vt 0.434967 0.604594
vt 0.434167 0.606375
vt 0.436084 0.605466
vt 0.435380 0.607336
vt 0.436940 0.603081
vt 0.433627 0.607520
vt 0.434906 0.608530
vt 0.820068 0.162316
vt 0.818417 0.162236
vt 0.816756 0.162150
vt 0.436643 0.608242
vt 0.436238 0.609481
vt 0.815088 0.162055
vt 0.437954 0.609089
vt 0.437620 0.610370
vt 0.437247 0.606292
vt 0.438453 0.607071
vt 0.437997 0.603767
vt 0.439087 0.604454
vt 0.439698 0.607799
vt 0.439309 0.609877
vt 0.440208 0.605128
vt 0.440980 0.608475
vt 0.440705 0.610602
vt 0.441351 0.605795
vt 0.439048 0.611196
vt 0.440519 0.611956
vt 0.813411 0.161954
vt 0.811725 0.161844
vt 0.810033 0.161726
vt 0.442138 0.611263
vt 0.442030 0.612649
vt 0.808333 0.161599
vt 0.443605 0.611858
vt 0.443576 0.613272
vt 0.442294 0.609096
vt 0.443637 0.609650
vt 0.442507 0.606444
vt 0.443677 0.606985
vt 0.445004 0.610126
vt 0.445100 0.612385
vt 0.444867 0.607343
vt 0.446377 0.610530
vt 0.446600 0.612840
vt 0.446067 0.607591
vt 0.445151 0.613824
vt 0.446733 0.614300
vt 0.806630 0.161463
vt 0.804943 0.161319
vt 0.803296 0.161169
vt 0.448081 0.613221
vt 0.448294 0.614697
vt 0.801712 0.161017
vt 0.449517 0.613523
vt 0.449810 0.615011
vt 0.447733 0.610871
vt 0.449050 0.611146
vt 0.447266 0.607817
vt 0.448440 0.608019
vt 0.449564 0.608180
vt 0.450300 0.611352
vt 0.450880 0.613747
vt 0.451448 0.611501
vt 0.452132 0.613903
vt 0.450601 0.608303
vt 0.451250 0.615243
vt 0.452575 0.615401
vt 0.800219 0.160866
vt 0.798853 0.160721
vt 0.797655 0.160586
vt 0.453230 0.614006
vt 0.453741 0.615501
vt 0.796667 0.160468
vt 0.454132 0.614071
vt 0.454706 0.615557
vt 0.452457 0.611605
vt 0.453288 0.611677
vt 0.451516 0.608394
vt 0.452274 0.608461
vt 0.453918 0.611659
vt 0.454811 0.614039
vt 0.452851 0.608454
vt 0.454372 0.611205
vt 0.455296 0.613543
vt 0.453277 0.608087
vt 0.455440 0.615510
vt 0.455970 0.614980
vt 0.795915 0.160398
vt 0.887283 0.572607
vt 0.886529 0.572504
vt 0.884943 0.572512
vt 0.455638 0.612116
vt 0.456403 0.613453
vt 0.881908 0.572532
vt 0.455884 0.609265
vt 0.456699 0.610447
vt 0.454688 0.609890
vt 0.454900 0.607272
vt 0.453589 0.606997
vt 0.453789 0.604747
vt 0.453884 0.601018
vt 0.455035 0.603048
vt 0.456042 0.604674
vt 0.455111 0.597506
vt 0.456133 0.598654
vt 0.453917 0.596082
vt 0.456878 0.605633
vt 0.456979 0.599329
vt 0.877060 0.572536
vt 0.870719 0.572528
vt 0.863382 0.572519
vt 0.456178 0.591680
vt 0.457028 0.592029
vt 0.855548 0.572516
vt 0.456194 0.584229
vt 0.457046 0.584230
vt 0.455148 0.591087
vt 0.455162 0.584228
vt 0.453933 0.590352
vt 0.453942 0.584226
vt 0.455164 0.577368
vt 0.456195 0.576777
vt 0.453947 0.578100
vt 0.455142 0.570949
vt 0.456167 0.569803
vt 0.453945 0.572370
vt 0.457046 0.576430
vt 0.457014 0.569130
vt 0.847713 0.572519
vt 0.840377 0.572528
vt 0.834036 0.572536
vt 0.456090 0.563783
vt 0.456928 0.562826
vt 0.829188 0.572532
vt 0.455943 0.559191
vt 0.456760 0.558012
vt 0.455079 0.565407
vt 0.454954 0.561183
vt 0.453924 0.567434
vt 0.453837 0.563705
vt 0.454748 0.558564
vt 0.455704 0.556340
vt 0.453642 0.561454
vt 0.454435 0.557248
vt 0.455365 0.554913
vt 0.453333 0.560364
vt 0.456472 0.555005
vt 0.456042 0.553477
vt 0.826153 0.572512
vt 0.824567 0.572504
vt 0.823813 0.572607
vt 0.454881 0.554415
vt 0.455513 0.552945
vt 0.898045 0.160398
vt 0.897293 0.160468
vt 0.454201 0.554381
vt 0.454780 0.552897
vt 0.453982 0.556793
vt 0.453352 0.556774
vt 0.452908 0.559996
vt 0.452331 0.559987
vt 0.452521 0.556844
vt 0.453299 0.554444
vt 0.451573 0.560052
vt 0.451512 0.556945
vt 0.452202 0.554545
vt 0.450657 0.560142
vt 0.453814 0.552951
vt 0.452647 0.553048
vt 0.896306 0.160586
vt 0.895108 0.160721
vt 0.893741 0.160866
vt 0.450950 0.554698
vt 0.451322 0.553203
vt 0.892248 0.161017
vt 0.449586 0.554919
vt 0.449882 0.553431
vt 0.450364 0.557091
vt 0.449113 0.557295
vt 0.449620 0.560262
vt 0.448496 0.560420
vt 0.447321 0.560620
vt 0.447796 0.557567
vt 0.448149 0.555218
vt 0.446438 0.557904
vt 0.446667 0.555595
vt 0.446122 0.560843
vt 0.448366 0.553742
vt 0.446803 0.554136
vt 0.890664 0.161169
vt 0.889017 0.161319
vt 0.887330 0.161463
vt 0.445166 0.556047
vt 0.445221 0.554608
vt 0.885627 0.161599
vt 0.443670 0.556570
vt 0.443644 0.555156
vt 0.445065 0.558305
vt 0.443696 0.558778
vt 0.444921 0.561088
vt 0.443731 0.561443
vt 0.442352 0.559329
vt 0.442201 0.557162
vt 0.442559 0.561981
vt 0.441037 0.559947
vt 0.440766 0.557819
vt 0.441402 0.562627
vt 0.442096 0.555775
vt 0.440584 0.556464
vt 0.883927 0.161726
vt 0.882235 0.161844
vt 0.880550 0.161954
vt 0.439369 0.558541
vt 0.439111 0.557222
vt 0.878873 0.162055
vt 0.438012 0.559325
vt 0.437681 0.558044
vt 0.439754 0.560620
vt 0.438506 0.561345
vt 0.440257 0.563292
vt 0.439134 0.563964
vt 0.438042 0.564648
vt 0.437299 0.562121
vt 0.436700 0.560170
vt 0.436134 0.562944
vt 0.435434 0.561073
vt 0.436984 0.565331
vt 0.436297 0.558930
vt 0.434963 0.559878
vt 0.877204 0.162150
vt 0.875544 0.162236
vt 0.873892 0.162316
vt 0.434219 0.562031
vt 0.433682 0.560884
vt 0.872249 0.162389
vt 0.433057 0.563043
vt 0.432456 0.561947
vt 0.435015 0.563813
vt 0.433948 0.564735
vt 0.435965 0.566016
vt 0.435014 0.566777
vt 0.432938 0.565717
vt 0.431950 0.564107
vt 0.434154 0.567676
vt 0.431982 0.566748
vt 0.430902 0.565218
vt 0.433352 0.568661
vt 0.431289 0.563064
vt 0.430184 0.564232
vt 0.870615 0.162455
vt 0.868989 0.162516
vt 0.867372 0.162571
vt 0.429915 0.566375
vt 0.429143 0.565448
vt 0.865764 0.162620
vt 0.428992 0.567576
vt 0.428169 0.566709
vt 0.431079 0.567819
vt 0.430231 0.568926
vt 0.432570 0.569665
vt 0.431812 0.570676
vt 0.429440 0.570067
vt 0.428134 0.568816
vt 0.431090 0.571695
vt 0.428708 0.571238
vt 0.427343 0.570093
vt 0.430400 0.572711
vt 0.427263 0.568013
vt 0.426429 0.569356
vt 0.864164 0.162663
vt 0.862571 0.162702
vt 0.860986 0.162735
vt 0.426621 0.571404
vt 0.425667 0.570734
vt 0.859409 0.162764
vt 0.425971 0.572745
vt 0.424981 0.572145
vt 0.428038 0.572435
vt 0.427438 0.573663
vt 0.429749 0.573721
vt 0.429190 0.574768
vt 0.428768 0.575890
vt 0.426914 0.574921
vt 0.425393 0.574114
vt 0.426461 0.576207
vt 0.424889 0.575508
vt 0.428433 0.577062
vt 0.424371 0.573585
vt 0.423839 0.575051
vt 0.857837 0.162788
vt 0.856272 0.162808
vt 0.854713 0.162824
vt 0.424460 0.576922
vt 0.423386 0.576539
vt 0.853159 0.162836
vt 0.424107 0.578354
vt 0.423013 0.578046
vt 0.426072 0.577511
vt 0.425749 0.578830
vt 0.428126 0.578251
vt 0.427846 0.579447
vt 0.425494 0.580162
vt 0.423832 0.579800
vt 0.427604 0.580646
vt 0.425306 0.581502
vt 0.423633 0.581257
vt 0.427393 0.581840
vt 0.422722 0.579568
vt 0.422512 0.581101
vt 0.851609 0.162844
vt 0.850063 0.162849
vt 0.429909 0.581220
vt 0.429607 0.582264
vt 0.430160 0.580138
vt 0.432145 0.581852
vt 0.431684 0.582790
vt 0.432441 0.580836
vt 0.430384 0.579037
vt 0.432600 0.579763
vt 0.430552 0.577925
vt 0.432586 0.578643
vt 0.434360 0.579089
vt 0.434588 0.580340
vt 0.434503 0.581494
vt 0.435883 0.579245
vt 0.436413 0.580774
vt 0.436449 0.582153
vt 0.434113 0.582526
vt 0.435867 0.583284
vt 0.437461 0.584207
vt 0.438485 0.582898
vt 0.438482 0.585518
vt 0.441536 0.584212
vt 0.438157 0.581013
vt 0.439579 0.580480
vt 0.438163 0.578362
vt 0.437183 0.579073
vt 0.438733 0.576947
vt 0.440127 0.578314
vt 0.441564 0.578723
vt 0.438946 0.575043
vt 0.440150 0.575649
vt 0.441315 0.575490
vt 0.442439 0.574308
vt 0.442953 0.576845
vt 0.443735 0.579019
vt 0.443479 0.572357
vt 0.444153 0.573963
vt 0.444988 0.575131
vt 0.445131 0.579877
vt 0.446039 0.575741
vt 0.444615 0.584215
vt 0.446332 0.584217
vt 0.446576 0.580075
vt 0.447161 0.575965
vt 0.446566 0.588360
vt 0.445121 0.588554
vt 0.443723 0.589409
vt 0.447142 0.592472
vt 0.446020 0.592693
vt 0.444967 0.593300
vt 0.442935 0.591581
vt 0.444129 0.594467
vt 0.441551 0.589701
vt 0.441295 0.592932
vt 0.442416 0.594117
vt 0.443451 0.596070
vt 0.440130 0.592770
vt 0.440113 0.590106
vt 0.439570 0.587938
vt 0.438924 0.593374
vt 0.438715 0.591469
vt 0.438149 0.590053
vt 0.437171 0.589339
vt 0.438149 0.587402
vt 0.435972 0.591166
vt 0.436748 0.591923
vt 0.434988 0.590741
vt 0.433789 0.590632
vt 0.432844 0.591968
vt 0.433745 0.592367
vt 0.434540 0.592981
vt 0.431427 0.593315
vt 0.432143 0.594047
vt 0.432846 0.594866
vt 0.429724 0.594674
vt 0.433524 0.595766
vt 0.435228 0.593787
vt 0.434189 0.596719
vt 0.435827 0.594755
vt 0.434815 0.597732
vt 0.436298 0.595887
vt 0.437318 0.593022
vt 0.437661 0.594427
vt 0.436599 0.597146
vt 0.437746 0.596089
vt 0.438845 0.595518
vt 0.439896 0.595396
vt 0.437499 0.597975
vt 0.438466 0.597885
vt 0.439438 0.598082
vt 0.436834 0.600110
vt 0.437788 0.600471
vt 0.438770 0.600939
vt 0.439768 0.601518
vt 0.440402 0.598554
vt 0.440783 0.602179
vt 0.441365 0.599269
vt 0.441792 0.602936
vt 0.442292 0.600240
vt 0.440913 0.595757
vt 0.441908 0.596628
vt 0.442845 0.597969
vt 0.443670 0.599727
vt 0.443125 0.601439
vt 0.444354 0.598474
vt 0.445131 0.597577
vt 0.445093 0.601265
vt 0.444297 0.601880
vt 0.445973 0.600878
vt 0.444659 0.604482
vt 0.445653 0.604393
vt 0.446681 0.604378
vt 0.447716 0.604430
vt 0.446897 0.600678
vt 0.447836 0.600587
vt 0.448725 0.604498
vt 0.449672 0.604568
vt 0.448742 0.600569
vt 0.445995 0.596991
vt 0.446935 0.596668
vt 0.447886 0.596532
vt 0.449567 0.600595
vt 0.448770 0.596509
vt 0.448162 0.592418
vt 0.447769 0.588320
vt 0.449522 0.596534
vt 0.449010 0.592430
vt 0.448714 0.588325
vt 0.449672 0.592461
vt 0.449442 0.588344
vt 0.450111 0.596565
vt 0.450246 0.592563
vt 0.450069 0.588419
vt 0.450621 0.596615
vt 0.449378 0.584221
vt 0.450027 0.584221
vt 0.448622 0.584220
vt 0.449451 0.580097
vt 0.450079 0.580024
vt 0.448724 0.580115
vt 0.449691 0.575981
vt 0.450266 0.575880
vt 0.449030 0.576011
vt 0.447778 0.580118
vt 0.448181 0.576021
vt 0.447631 0.584219
vt 0.448799 0.571932
vt 0.449551 0.571908
vt 0.447915 0.571906
vt 0.446964 0.571768
vt 0.448780 0.567871
vt 0.449605 0.567847
vt 0.447874 0.567851
vt 0.450563 0.563811
vt 0.449719 0.563875
vt 0.448773 0.563942
vt 0.447763 0.564008
vt 0.446936 0.567758
vt 0.446012 0.567555
vt 0.446728 0.564057
vt 0.445700 0.564040
vt 0.445133 0.567166
vt 0.446025 0.571442
vt 0.445162 0.570854
vt 0.444388 0.569956
vt 0.444338 0.566549
vt 0.443706 0.568701
vt 0.442877 0.570457
vt 0.441937 0.571796
vt 0.443166 0.566988
vt 0.442329 0.568185
vt 0.441401 0.569154
vt 0.442813 0.564664
vt 0.441836 0.565488
vt 0.440825 0.566243
vt 0.439808 0.566901
vt 0.440436 0.569866
vt 0.439470 0.570336
vt 0.438809 0.567478
vt 0.437826 0.567944
vt 0.438498 0.570531
vt 0.440940 0.572665
vt 0.439922 0.573023
vt 0.438872 0.572899
vt 0.437531 0.570439
vt 0.437774 0.572325
vt 0.437685 0.573987
vt 0.437339 0.575392
vt 0.436630 0.571265
vt 0.436325 0.572524
vt 0.435852 0.573654
vt 0.435419 0.569634
vt 0.434846 0.570676
vt 0.434219 0.571687
vt 0.433551 0.572639
vt 0.435251 0.574621
vt 0.432871 0.573537
vt 0.434561 0.575425
vt 0.432166 0.574354
vt 0.433764 0.576038
vt 0.436766 0.576489
vt 0.435988 0.577244
vt 0.435003 0.577667
vt 0.433804 0.577773
vt 0.432863 0.576435
vt 0.432374 0.577515
vt 0.432092 0.576629
vt 0.430886 0.575849
vt 0.430661 0.576825
vt 0.431448 0.575084
vt 0.436042 0.568773
vt 0.436767 0.570213
vt 0.436872 0.568302
vt 0.443756 0.564050
vt 0.443761 0.565930
vt 0.444707 0.563949
vt 0.451267 0.563756
vt 0.450302 0.567807
vt 0.451808 0.563751
vt 0.450843 0.567786
vt 0.452232 0.563977
vt 0.451296 0.567857
vt 0.450650 0.571829
vt 0.450140 0.571878
vt 0.451190 0.571680
vt 0.451731 0.568085
vt 0.450885 0.575606
vt 0.450745 0.579834
vt 0.451590 0.579453
vt 0.451681 0.574960
vt 0.451872 0.571057
vt 0.452698 0.578841
vt 0.452738 0.573807
vt 0.452806 0.569492
vt 0.452798 0.566353
vt 0.452094 0.568414
vt 0.452581 0.564690
vt 0.452686 0.584225
vt 0.451566 0.584223
vt 0.452686 0.589608
vt 0.451579 0.588993
vt 0.452714 0.594642
vt 0.451659 0.593487
vt 0.450865 0.592839
vt 0.450735 0.588611
vt 0.450709 0.584222
vt 0.451842 0.597390
vt 0.451161 0.596765
vt 0.451693 0.600362
vt 0.451257 0.600589
vt 0.452057 0.600034
vt 0.452184 0.604471
vt 0.452535 0.603759
vt 0.452756 0.602096
vt 0.452771 0.598958
vt 0.451760 0.604697
vt 0.450804 0.600658
vt 0.451219 0.604690
vt 0.450263 0.600637
vt 0.450516 0.604633
vt 0.443709 0.604379
vt 0.443718 0.602498
vt 0.442768 0.603762
vt 0.436006 0.599638
vt 0.436734 0.598199
vt 0.435385 0.598775
vt 0.429168 0.593626
vt 0.430866 0.592549
vt 0.432074 0.591772
vt 0.430644 0.591573
vt 0.432359 0.590887
vt 0.428749 0.592504
vt 0.426892 0.593468
vt 0.427413 0.594728
vt 0.425370 0.594271
vt 0.425944 0.595642
vt 0.428011 0.595956
vt 0.426591 0.596985
vt 0.425636 0.597652
vt 0.424953 0.596239
vt 0.834552 0.162764
vt 0.832974 0.162735
vt 0.836123 0.162788
vt 0.424346 0.594798
vt 0.431047 0.583615
vt 0.429262 0.583255
vt 0.430444 0.584199
vt 0.429069 0.584197
vt 0.427216 0.583021
vt 0.427138 0.584195
s 0
usemtl lay_figure_material
f 1/1/1 2/2/1 3/3/1 4/4/1
f 1/1/2 5/5/2 6/6/2 2/2/2
f 7/7/3 1/1/3 4/4/3 8/8/3
f 7/7/4 9/9/4 5/5/4 1/1/4
f 4/10/5 3/11/5 10/12/5 11/13/5
f 8/14/6 4/10/6 11/13/6 12/15/6
f 3/11/7 13/16/7 14/17/7 10/12/7
f 2/2/8 15/18/8 13/19/8 3/3/8
f 13/16/9 16/20/9 17/21/9 14/17/9
f 15/18/10 18/22/10 16/23/10 13/19/10
f 2/2/11 6/6/11 19/24/11 15/18/11
f 15/18/12 19/24/12 20/25/12 18/22/12
f 6/6/13 21/26/13 22/27/13 19/24/13
f 19/24/14 22/27/14 23/28/14 20/25/14
f 21/26/15 24/29/15 25/30/15 22/27/15
f 22/27/16 25/30/16 26/31/16 23/28/16
f 24/29/17 27/32/17 28/33/17 25/30/17
f 25/30/18 28/33/18 29/34/18 26/31/18
f 30/35/19 31/36/19 28/33/19 27/32/19
f 31/36/19 32/37/19 29/34/19 28/33/19
f 33/38/19 34/39/19 31/36/19 30/35/19
f 34/39/19 35/40/19 32/37/19 31/36/19
f 35/40/19 36/41/19 37/42/19 32/37/19
f 32/37/19 37/42/19 38/43/19 29/34/19
f 39/44/19 38/43/19 37/42/19 40/45/19
f 40/45/19 37/42/19 36/41/19 41/46/19
f 42/47/19 39/44/19 40/45/19 43/48/19
f 43/48/19 40/45/19 41/46/19 44/49/19
f 45/50/20 38/43/20 39/44/20 46/51/20
f 46/51/21 39/44/21 42/47/21 47/52/21
f 48/53/22 45/50/22 46/51/22 49/54/22
f 49/54/23 46/51/23 47/52/23 50/55/23
f 23/28/24 26/31/24 45/50/24 48/53/24
f 26/31/25 29/34/25 38/43/25 45/50/25
f 51/56/26 48/53/26 49/54/26 52/57/26
f 20/25/27 23/28/27 48/53/27 51/56/27
f 53/58/28 51/56/28 52/57/28 54/59/28
f 18/22/29 20/25/29 51/56/29 53/58/29
f 54/59/30 52/57/30 55/60/30 56/61/30
f 52/57/31 49/54/31 50/55/31 55/60/31
f 53/58/32 54/59/32 57/62/32 58/63/32
f 54/59/33 56/61/33 59/64/33 57/62/33
f 58/65/34 57/66/34 60/67/34 61/68/34
f 57/66/35 59/69/35 62/70/35 60/67/35
f 16/20/36 58/65/36 61/68/36 17/21/36
f 18/22/37 53/58/37 58/63/37 16/23/37
f 17/21/38 61/68/38 63/71/38 64/72/38
f 61/68/39 60/67/39 65/73/39 63/71/39
f 14/17/40 17/21/40 64/72/40 66/74/40
f 66/74/41 64/72/41 67/75/41 68/76/41
f 64/72/42 63/71/42 69/77/42 67/75/42
f 68/76/43 67/75/43 70/78/43 71/79/43
f 67/75/44 69/77/44 72/80/44 70/78/44
f 71/79/45 70/78/45 73/81/45 74/82/45
f 70/78/46 72/80/46 75/83/46 73/81/46
f 72/80/47 76/84/47 77/85/47 75/83/47
f 69/77/48 78/86/48 76/84/48 72/80/48
f 76/84/49 79/87/49 80/88/49 77/85/49
f 78/86/50 81/89/50 79/87/50 76/84/50
f 63/71/51 65/73/51 78/86/51 69/77/51
f 65/73/52 82/90/52 81/89/52 78/86/52
f 60/67/53 62/70/53 82/90/53 65/73/53
f 62/70/54 83/91/54 84/92/54 82/90/54
f 82/90/55 84/92/55 85/93/55 81/89/55
f 83/91/56 86/94/56 87/95/56 84/92/56
f 84/92/57 87/95/57 88/96/57 85/93/57
f 87/95/58 89/97/58 90/98/58 88/96/58
f 86/94/59 91/99/59 89/97/59 87/95/59
f 91/99/60 92/100/60 93/101/60 89/97/60
f 89/97/61 93/101/61 94/102/61 90/98/61
f 88/96/62 90/98/62 95/103/62 96/104/62
f 90/98/63 94/102/63 97/105/63 95/103/63
f 96/104/64 95/103/64 98/106/64 99/107/64
f 95/103/65 97/105/65 100/108/65 98/106/65
f 101/109/66 96/104/66 99/107/66 102/110/66
f 85/93/67 88/96/67 96/104/67 101/109/67
f 81/89/68 85/93/68 101/109/68 79/87/68
f 79/87/69 101/109/69 102/110/69 80/88/69
f 80/88/70 102/110/70 103/111/70 104/112/70
f 102/110/71 99/107/71 105/113/71 103/111/71
f 104/112/72 103/111/72 106/114/72 107/115/72
f 103/111/73 105/113/73 108/116/73 106/114/73
f 105/113/74 109/117/74 110/118/74 108/116/74
f 99/107/75 98/106/75 109/117/75 105/113/75
f 98/106/76 100/108/76 111/119/76 109/117/76
f 109/117/77 111/119/77 112/120/77 110/118/77
f 108/116/78 110/118/78 113/121/78 114/122/78
f 110/118/79 112/120/79 115/123/79 113/121/79
f 114/122/80 113/121/80 116/124/80 117/125/80
f 113/121/81 115/123/81 118/126/81 116/124/81
f 119/127/82 114/122/82 117/125/82 120/128/82
f 106/114/83 108/116/83 114/122/83 119/127/83
f 107/115/84 106/114/84 119/127/84 121/129/84
f 121/129/85 119/127/85 120/128/85 122/130/85
f 122/130/86 120/128/86 123/131/86 124/132/86
f 120/128/87 117/125/87 125/133/87 123/131/87
f 124/132/88 123/131/88 126/134/88 127/135/88
f 123/131/89 125/133/89 128/136/89 126/134/89
f 125/133/90 129/137/90 130/138/90 128/136/90
f 117/125/91 116/124/91 129/137/91 125/133/91
f 116/124/92 118/126/92 131/139/92 129/137/92
f 129/137/93 131/139/93 132/140/93 130/138/93
f 128/136/94 130/138/94 133/141/94 134/142/94
f 130/138/95 132/140/95 135/143/95 133/141/95
f 134/142/96 133/141/96 136/144/96 137/145/96
f 133/141/97 135/143/97 138/146/97 136/144/97
f 139/147/98 134/142/98 137/145/98 140/148/98
f 126/134/99 128/136/99 134/142/99 139/147/99
f 127/135/100 126/134/100 139/147/100 141/149/100
f 141/149/101 139/147/101 140/148/101 142/150/101
f 142/150/102 140/148/102 143/151/102 144/152/102
f 140/148/103 137/145/103 145/153/103 143/151/103
f 144/152/104 143/151/104 146/154/104 147/155/104
f 143/151/105 145/153/105 148/156/105 146/154/105
f 145/153/106 149/157/106 150/158/106 148/156/106
f 137/145/107 136/144/107 149/157/107 145/153/107
f 136/144/108 138/146/108 151/159/108 149/157/108
f 149/157/109 151/159/109 152/160/109 150/158/109
f 148/156/110 150/158/110 153/161/110 154/162/110
f 150/158/111 152/160/111 155/163/111 153/161/111
f 154/162/112 153/161/112 156/164/112 157/165/112
f 153/161/113 155/163/113 158/166/113 156/164/113
f 159/167/114 154/162/114 157/165/114 160/168/114
f 146/154/115 148/156/115 154/162/115 159/167/115
f 147/155/116 146/154/116 159/167/116 161/169/116
f 161/169/117 159/167/117 160/168/117 162/170/117
f 162/170/118 160/168/118 163/171/118 164/172/118
f 160/168/119 157/165/119 165/173/119 163/171/119
f 164/172/120 163/171/120 166/174/120 167/175/120
f 163/171/121 165/173/121 168/176/121 166/174/121
f 165/173/122 169/177/122 170/178/122 168/176/122
f 157/165/123 156/164/123 169/177/123 165/173/123
f 156/164/124 158/166/124 171/179/124 169/177/124
f 169/177/125 171/179/125 172/180/125 170/178/125
f 172/180/126 173/181/126 174/182/126 170/178/126
f 170/178/127 174/182/127 175/183/127 168/176/127
f 173/181/128 176/184/128 177/185/128 174/182/128
f 174/182/129 177/185/129 178/186/129 175/183/129
f 175/183/130 178/186/130 179/187/130 180/188/130
f 168/176/131 175/183/131 180/188/131 166/174/131
f 166/174/132 180/188/132 181/189/132 167/175/132
f 180/188/133 179/187/133 182/190/133 181/189/133
f 179/187/134 183/191/134 184/192/134 182/190/134
f 178/186/135 185/193/135 183/191/135 179/187/135
f 183/191/136 186/194/136 187/195/136 184/192/136
f 185/193/137 188/196/137 186/194/137 183/191/137
f 189/197/138 190/198/138 188/196/138 185/193/138
f 177/185/139 189/197/139 185/193/139 178/186/139
f 176/184/140 191/199/140 189/197/140 177/185/140
f 191/199/141 192/200/141 190/198/141 189/197/141
f 192/200/142 193/201/142 194/202/142 190/198/142
f 190/198/143 194/202/143 195/203/143 188/196/143
f 193/201/144 196/204/144 197/205/144 194/202/144
f 194/202/145 197/205/145 198/206/145 195/203/145
f 195/203/146 198/206/146 199/207/146 200/208/146
f 188/196/147 195/203/147 200/208/147 186/194/147
f 186/194/148 200/208/148 201/209/148 187/195/148
f 200/208/149 199/207/149 202/210/149 201/209/149
f 199/207/150 203/211/150 204/212/150 202/210/150
f 198/206/151 205/213/151 203/211/151 199/207/151
f 203/211/152 206/214/152 207/215/152 204/212/152
f 205/213/153 208/216/153 206/214/153 203/211/153
f 209/217/154 210/218/154 208/216/154 205/213/154
f 197/205/155 209/217/155 205/213/155 198/206/155
f 196/204/156 211/219/156 209/217/156 197/205/156
f 211/219/157 212/220/157 210/218/157 209/217/157
f 212/220/158 213/221/158 214/222/158 210/218/158
f 210/218/158 214/222/158 206/214/158 208/216/158
f 213/221/159 215/223/159 216/224/159 214/222/159
f 214/222/159 216/224/159 207/215/159 206/214/159
f 215/223/160 217/225/160 218/226/160 216/224/160
f 216/224/161 218/226/161 219/227/161 207/215/161
f 204/212/162 207/215/162 219/227/162 220/228/162
f 218/226/163 221/229/163 222/230/163 219/227/163
f 220/228/164 219/227/164 222/230/164 223/231/164
f 224/232/165 220/228/165 223/231/165 225/233/165
f 202/210/166 204/212/166 220/228/166 224/232/166
f 223/231/167 222/230/167 226/234/167 227/235/167
f 225/233/168 223/231/168 227/235/168 228/236/168
f 228/236/169 227/235/169 229/237/169 230/238/169
f 227/235/170 226/234/170 231/239/170 229/237/170
f 226/234/158 222/230/158 221/229/158 232/240/158
f 231/239/171 226/234/171 232/240/171 233/241/171
f 233/241/172 232/240/172 234/242/172 235/243/172
f 232/240/163 221/229/163 236/244/163 234/242/163
f 217/225/159 236/244/159 221/229/159 218/226/159
f 237/245/158 238/246/158 236/244/158 217/225/158
f 234/242/161 236/244/161 238/246/161 239/247/161
f 240/248/173 237/245/173 217/225/173 215/223/173
f 241/249/171 242/250/171 237/245/171 240/248/171
f 242/250/163 243/251/163 238/246/163 237/245/163
f 244/252/158 245/253/158 243/251/158 242/250/158
f 246/254/158 244/252/158 242/250/158 241/249/158
f 247/255/174 248/256/174 244/252/174 246/254/174
f 248/256/159 249/257/159 245/253/159 244/252/159
f 250/258/175 243/251/175 245/253/175 251/259/175
f 251/259/158 245/253/158 249/257/158 252/260/158
f 253/261/158 250/258/158 251/259/158 254/262/158
f 254/262/158 251/259/158 252/260/158 255/263/158
f 256/264/158 243/251/158 250/258/158 257/265/158
f 257/265/158 250/258/158 253/261/158 258/266/158
f 259/267/158 256/264/158 257/265/158 260/268/158
f 260/268/159 257/265/159 258/266/159 261/269/159
f 262/270/158 263/271/158 256/264/158 259/267/158
f 263/271/158 264/272/158 243/251/158 256/264/158
f 265/273/175 266/274/175 263/271/175 262/270/175
f 266/274/163 267/275/163 264/272/163 263/271/163
f 268/276/163 243/251/163 264/272/163 269/277/163
f 269/277/159 264/272/159 267/275/159 270/278/159
f 271/279/159 268/276/159 269/277/159 272/280/159
f 272/280/158 269/277/158 270/278/158 273/281/158
f 274/282/163 268/276/163 271/279/163 275/283/163
f 276/284/163 243/251/163 268/276/163 274/282/163
f 277/285/158 276/284/158 274/282/158 278/286/158
f 278/286/158 274/282/158 275/283/158 279/287/158
f 280/288/171 243/251/171 276/284/171 281/289/171
f 281/289/158 276/284/158 277/285/158 282/290/158
f 283/291/163 280/288/163 281/289/163 284/292/163
f 284/292/161 281/289/161 282/290/161 285/293/161
f 239/247/158 238/246/158 243/251/158 280/288/158
f 286/294/171 239/247/171 280/288/171 283/291/171
f 235/243/176 234/242/176 239/247/176 286/294/176
f 287/295/177 286/294/177 283/291/177 288/296/177
f 289/297/178 235/243/178 286/294/178 287/295/178
f 290/298/161 233/241/161 235/243/161 289/297/161
f 291/299/173 290/298/173 289/297/173 292/300/173
f 292/300/174 289/297/174 287/295/174 293/301/174
f 294/302/179 291/299/179 292/300/179 295/303/179
f 295/303/180 292/300/180 293/301/180 296/304/180
f 297/305/181 295/303/181 296/304/181 298/306/181
f 299/307/182 294/302/182 295/303/182 297/305/182
f 298/306/183 296/304/183 300/308/183 301/309/183
f 296/304/184 293/301/184 302/310/184 300/308/184
f 300/308/185 302/310/185 303/311/185 304/312/185
f 301/309/186 300/308/186 304/312/186 305/313/186
f 305/313/187 304/312/187 306/314/187 307/315/187
f 304/312/188 303/311/188 308/316/188 306/314/188
f 302/310/174 288/296/174 309/317/174 303/311/174
f 303/311/189 309/317/189 310/318/189 308/316/189
f 309/317/172 284/292/172 285/293/172 310/318/172
f 288/296/190 283/291/190 284/292/190 309/317/190
f 293/301/171 287/295/171 288/296/171 302/310/171
f 308/316/158 310/318/158 311/319/158 312/320/158
f 310/318/161 285/293/161 313/321/161 311/319/161
f 285/293/191 282/290/191 314/322/191 313/321/191
f 311/319/171 313/321/171 315/323/171 316/324/171
f 313/321/174 314/322/174 317/325/174 315/323/174
f 318/326/192 316/324/192 315/323/192 319/327/192
f 319/327/193 315/323/193 317/325/193 320/328/193
f 321/329/194 319/327/194 320/328/194 322/330/194
f 323/331/195 318/326/195 319/327/195 321/329/195
f 322/330/196 320/328/196 324/332/196 325/333/196
f 320/328/197 317/325/197 326/334/197 324/332/197
f 324/332/198 326/334/198 327/335/198 328/336/198
f 325/333/199 324/332/199 328/336/199 329/337/199
f 329/337/200 328/336/200 330/338/200 331/339/200
f 328/336/201 327/335/201 332/340/201 330/338/201
f 326/334/202 333/341/202 334/342/202 327/335/202
f 327/335/177 334/342/177 335/343/177 332/340/177
f 334/342/203 278/286/203 279/287/203 335/343/203
f 333/341/204 277/285/204 278/286/204 334/342/204
f 282/290/159 277/285/159 333/341/159 314/322/159
f 314/322/171 333/341/171 326/334/171 317/325/171
f 332/340/163 335/343/163 336/344/163 337/345/163
f 335/343/174 279/287/174 338/346/174 336/344/174
f 279/287/202 275/283/202 339/347/202 338/346/202
f 336/344/177 338/346/177 340/348/177 341/349/177
f 338/346/205 339/347/205 342/350/205 340/348/205
f 343/351/206 341/349/206 340/348/206 344/352/206
f 344/352/207 340/348/207 342/350/207 345/353/207
f 346/354/208 344/352/208 345/353/208 347/355/208
f 348/356/209 343/351/209 344/352/209 346/354/209
f 347/355/210 345/353/210 349/357/210 350/358/210
f 345/353/211 342/350/211 351/359/211 349/357/211
f 349/357/212 351/359/212 352/360/212 353/361/212
f 350/358/213 349/357/213 353/361/213 354/362/213
f 354/362/214 353/361/214 355/363/214 356/364/214
f 353/361/215 352/360/215 357/365/215 355/363/215
f 351/359/176 358/366/176 359/367/176 352/360/176
f 352/360/216 359/367/216 360/368/216 357/365/216
f 359/367/217 272/280/217 273/281/217 360/368/217
f 358/366/174 271/279/174 272/280/174 359/367/174
f 339/347/177 358/366/177 351/359/177 342/350/177
f 275/283/159 271/279/159 358/366/159 339/347/159
f 357/365/176 360/368/176 361/369/176 362/370/176
f 360/368/174 273/281/174 363/371/174 361/369/174
f 273/281/218 270/278/218 364/372/218 363/371/218
f 361/369/177 363/371/177 365/373/177 366/374/177
f 363/371/173 364/372/173 367/375/173 365/373/173
f 368/376/219 366/374/219 365/373/219 369/377/219
f 369/377/220 365/373/220 367/375/220 370/378/220
f 371/379/221 369/377/221 370/378/221 372/380/221
f 373/381/222 368/376/222 369/377/222 371/379/222
f 372/380/223 370/378/223 374/382/223 375/383/223
f 370/378/224 367/375/224 376/384/224 374/382/224
f 374/382/225 376/384/225 377/385/225 378/386/225
f 375/383/226 374/382/226 378/386/226 379/387/226
f 379/387/227 378/386/227 380/388/227 381/389/227
f 378/386/228 377/385/228 382/390/228 380/388/228
f 377/385/176 376/384/176 383/391/176 384/392/176
f 382/390/175 377/385/175 384/392/175 385/393/175
f 385/393/229 384/392/229 266/274/229 265/273/229
f 384/392/205 383/391/205 267/275/205 266/274/205
f 270/278/158 267/275/158 383/391/158 364/372/158
f 364/372/159 383/391/159 376/384/159 367/375/159
f 386/394/176 382/390/176 385/393/176 387/395/176
f 387/395/230 385/393/230 265/273/230 388/396/230
f 388/396/163 265/273/163 262/270/163 389/397/163
f 390/398/175 387/395/175 388/396/175 391/399/175
f 391/399/159 388/396/159 389/397/159 392/400/159
f 393/401/163 391/399/163 392/400/163 394/402/163
f 395/403/218 390/398/218 391/399/218 393/401/218
f 396/404/175 393/405/175 394/406/175 397/407/175
f 398/408/231 395/409/231 393/405/231 396/404/231
f 397/407/232 394/406/232 399/410/232 400/411/232
f 394/402/233 392/400/233 401/412/233 399/413/233
f 400/411/234 399/410/234 402/414/234 403/415/234
f 399/413/230 401/412/230 404/416/230 402/417/230
f 403/415/235 402/414/235 405/418/235 406/419/235
f 402/417/236 404/416/236 407/420/236 405/421/236
f 404/416/159 408/422/159 409/423/159 407/420/159
f 401/412/232 410/424/232 408/422/232 404/416/232
f 408/422/176 260/268/176 261/269/176 409/423/176
f 410/424/176 259/267/176 260/268/176 408/422/176
f 392/400/232 389/397/232 410/424/232 401/412/232
f 389/397/163 262/270/163 259/267/163 410/424/163
f 407/420/237 409/423/237 411/425/237 412/426/237
f 409/423/218 261/269/218 413/427/218 411/425/218
f 261/269/238 258/266/238 414/428/238 413/427/238
f 411/425/163 413/427/163 415/429/163 416/430/163
f 413/427/175 414/428/175 417/431/175 415/429/175
f 418/432/239 416/430/239 415/429/239 419/433/239
f 419/433/240 415/429/240 417/431/240 420/434/240
f 421/435/241 419/433/241 420/434/241 422/436/241
f 423/437/242 418/432/242 419/433/242 421/435/242
f 422/436/243 420/434/243 424/438/243 425/439/243
f 420/434/244 417/431/244 426/440/244 424/438/244
f 424/438/245 426/440/245 427/441/245 428/442/245
f 425/439/246 424/438/246 428/442/246 429/443/246
f 429/443/247 428/442/247 430/444/247 431/445/247
f 428/442/248 427/441/248 432/446/248 430/444/248
f 426/440/175 433/447/175 434/448/175 427/441/175
f 427/441/218 434/448/218 435/449/218 432/446/218
f 434/448/205 254/262/205 255/263/205 435/449/205
f 433/447/173 253/261/173 254/262/173 434/448/173
f 258/266/176 253/261/176 433/447/176 414/428/176
f 414/428/176 433/447/176 426/440/176 417/431/176
f 432/446/158 435/449/158 436/450/158 437/451/158
f 435/449/159 255/263/159 438/452/159 436/450/159
f 255/263/235 252/260/235 439/453/235 438/452/235
f 436/450/163 438/452/163 440/454/163 441/455/163
f 438/452/204 439/453/204 442/456/204 440/454/204
f 443/457/249 441/455/249 440/454/249 444/458/249
f 444/458/250 440/454/250 442/456/250 445/459/250
f 446/460/251 444/458/251 445/459/251 447/461/251
f 448/462/252 443/457/252 444/458/252 446/460/252
f 447/461/253 445/459/253 449/463/253 450/464/253
f 445/459/254 442/456/254 451/465/254 449/463/254
f 449/463/255 451/465/255 452/466/255 453/467/255
f 450/464/256 449/463/256 453/467/256 454/468/256
f 454/468/257 453/467/257 455/469/257 456/470/257
f 453/467/258 452/466/258 457/471/258 455/469/258
f 452/466/204 451/465/204 458/472/204 459/473/204
f 457/471/163 452/466/163 459/473/163 460/474/163
f 460/474/259 459/473/259 248/256/259 247/255/259
f 459/473/175 458/472/175 249/257/175 248/256/175
f 252/260/163 249/257/163 458/472/163 439/453/163
f 439/453/158 458/472/158 451/465/158 442/456/158
f 461/475/260 457/471/260 460/474/260 462/476/260
f 462/476/158 460/474/158 247/255/158 463/477/158
f 463/477/261 247/255/261 246/254/261 464/478/261
f 465/479/161 462/476/161 463/477/161 466/480/161
f 466/480/161 463/477/161 464/478/161 467/481/161
f 468/482/262 465/479/262 466/480/262 469/483/262
f 469/483/263 466/480/263 467/481/263 470/484/263
f 471/485/264 469/483/264 470/484/264 472/486/264
f 473/487/265 468/482/265 469/483/265 471/485/265
f 472/486/266 470/484/266 474/488/266 475/489/266
f 470/484/267 467/481/267 476/490/267 474/488/267
f 475/489/268 474/488/268 477/491/268 478/492/268
f 474/488/269 476/490/269 479/493/269 477/491/269
f 478/492/270 477/491/270 211/219/270 196/204/270
f 477/491/271 479/493/271 212/220/271 211/219/271
f 476/490/161 480/494/161 481/495/161 479/493/161
f 479/493/260 481/495/260 213/221/260 212/220/260
f 481/495/272 240/248/272 215/223/272 213/221/272
f 480/494/159 241/249/159 240/248/159 481/495/159
f 464/478/163 246/254/163 241/249/163 480/494/163
f 467/481/260 464/478/260 480/494/260 476/490/260
f 482/496/273 475/489/273 478/492/273 483/497/273
f 483/497/274 478/492/274 196/204/274 193/201/274
f 484/498/275 483/497/275 193/201/275 192/200/275
f 485/499/276 482/496/276 483/497/276 484/498/276
f 486/500/277 487/501/277 482/496/277 485/499/277
f 487/501/278 472/486/278 475/489/278 482/496/278
f 488/502/279 489/503/279 487/501/279 486/500/279
f 489/503/280 471/485/280 472/486/280 487/501/280
f 490/504/281 488/502/281 486/500/281 491/505/281
f 491/505/282 486/500/282 485/499/282 492/506/282
f 493/507/283 491/505/283 492/506/283 494/508/283
f 495/509/284 490/504/284 491/505/284 493/507/284
f 494/508/285 492/506/285 496/510/285 497/511/285
f 492/506/286 485/499/286 484/498/286 496/510/286
f 497/511/287 496/510/287 191/199/287 176/184/287
f 496/510/288 484/498/288 192/200/288 191/199/288
f 498/512/289 494/508/289 497/511/289 499/513/289
f 499/513/290 497/511/290 176/184/290 173/181/290
f 500/514/291 499/513/291 173/181/291 172/180/291
f 501/515/292 498/512/292 499/513/292 500/514/292
f 502/516/293 503/517/293 498/512/293 501/515/293
f 503/517/294 493/507/294 494/508/294 498/512/294
f 504/518/295 505/519/295 503/517/295 502/516/295
f 505/519/296 495/509/296 493/507/296 503/517/296
f 506/520/297 507/521/297 504/518/297 502/516/297
f 508/522/298 506/520/298 502/516/298 501/515/298
f 509/523/299 510/524/299 506/520/299 508/522/299
f 510/524/300 511/525/300 507/521/300 506/520/300
f 512/526/301 508/522/301 501/515/301 500/514/301
f 513/527/302 509/523/302 508/522/302 512/526/302
f 171/179/303 512/526/303 500/514/303 172/180/303
f 158/166/304 513/527/304 512/526/304 171/179/304
f 155/163/305 514/528/305 513/527/305 158/166/305
f 514/528/306 515/529/306 509/523/306 513/527/306
f 152/160/307 516/530/307 514/528/307 155/163/307
f 516/530/308 517/531/308 515/529/308 514/528/308
f 151/159/309 518/532/309 516/530/309 152/160/309
f 518/532/310 519/533/310 517/531/310 516/530/310
f 138/146/311 520/534/311 518/532/311 151/159/311
f 520/534/312 521/535/312 519/533/312 518/532/312
f 519/533/313 522/536/313 523/537/313 517/531/313
f 521/535/314 524/538/314 522/536/314 519/533/314
f 524/538/315 525/539/315 526/540/315 522/536/315
f 522/536/316 526/540/316 527/541/316 523/537/316
f 517/531/317 523/537/317 528/542/317 515/529/317
f 523/537/318 527/541/318 529/543/318 528/542/318
f 515/529/319 528/542/319 510/524/319 509/523/319
f 528/542/320 529/543/320 511/525/320 510/524/320
f 529/543/321 530/544/321 531/545/321 511/525/321
f 527/541/322 532/546/322 530/544/322 529/543/322
f 530/544/323 533/547/323 534/548/323 531/545/323
f 532/546/324 535/549/324 533/547/324 530/544/324
f 526/540/325 536/550/325 532/546/325 527/541/325
f 536/550/326 537/551/326 535/549/326 532/546/326
f 525/539/327 538/552/327 536/550/327 526/540/327
f 538/552/328 539/553/328 537/551/328 536/550/328
f 537/551/329 540/554/329 541/555/329 535/549/329
f 539/553/330 542/556/330 540/554/330 537/551/330
f 542/556/331 543/557/331 544/558/331 540/554/331
f 540/554/332 544/558/332 545/559/332 541/555/332
f 535/549/333 541/555/333 546/560/333 533/547/333
f 541/555/334 545/559/334 547/561/334 546/560/334
f 533/547/335 546/560/335 548/562/335 534/548/335
f 546/560/336 547/561/336 549/563/336 548/562/336
f 547/561/337 550/564/337 551/565/337 549/563/337
f 545/559/338 552/566/338 550/564/338 547/561/338
f 550/564/339 553/567/339 554/568/339 551/565/339
f 552/566/340 555/569/340 553/567/340 550/564/340
f 544/558/341 556/570/341 552/566/341 545/559/341
f 556/570/342 557/571/342 555/569/342 552/566/342
f 543/557/343 558/572/343 556/570/343 544/558/343
f 558/572/344 559/573/344 557/571/344 556/570/344
f 557/571/345 560/574/345 561/575/345 555/569/345
f 559/573/346 562/576/346 560/574/346 557/571/346
f 562/576/347 563/577/347 564/578/347 560/574/347
f 560/574/348 564/578/348 565/579/348 561/575/348
f 555/569/349 561/575/349 566/580/349 553/567/349
f 561/575/350 565/579/350 567/581/350 566/580/350
f 553/567/351 566/580/351 568/582/351 554/568/351
f 566/580/352 567/581/352 569/583/352 568/582/352
f 567/581/353 570/584/353 571/585/353 569/583/353
f 565/579/354 572/586/354 570/584/354 567/581/354
f 570/584/355 573/587/355 574/588/355 571/585/355
f 572/586/356 575/589/356 573/587/356 570/584/356
f 564/578/357 576/590/357 572/586/357 565/579/357
f 576/590/358 577/591/358 575/589/358 572/586/358
f 563/577/359 578/592/359 576/590/359 564/578/359
f 578/592/360 579/593/360 577/591/360 576/590/360
f 577/591/361 580/594/361 581/595/361 575/589/361
f 579/593/362 582/596/362 580/594/362 577/591/362
f 582/596/363 583/597/363 584/598/363 580/594/363
f 580/594/364 584/598/364 585/599/364 581/595/364
f 575/589/365 581/595/365 586/600/365 573/587/365
f 581/595/366 585/599/366 587/601/366 586/600/366
f 573/587/367 586/600/367 588/602/367 574/588/367
f 586/600/368 587/601/368 589/603/368 588/602/368
f 587/601/369 590/604/369 591/605/369 589/603/369
f 585/599/370 592/606/370 590/604/370 587/601/370
f 590/604/371 593/607/371 594/608/371 591/605/371
f 592/606/372 595/609/372 593/607/372 590/604/372
f 584/598/373 596/610/373 592/606/373 585/599/373
f 596/610/374 597/611/374 595/609/374 592/606/374
f 583/597/375 598/612/375 596/610/375 584/598/375
f 598/612/376 599/613/376 597/611/376 596/610/376
f 597/611/377 600/614/377 601/615/377 595/609/377
f 599/613/378 602/616/378 600/614/378 597/611/378
f 602/616/379 603/617/379 604/618/379 600/614/379
f 600/614/380 604/618/380 605/619/380 601/615/380
f 595/609/381 601/615/381 606/620/381 593/607/381
f 601/615/382 605/619/382 607/621/382 606/620/382
f 593/607/383 606/620/383 608/622/383 594/608/383
f 606/620/384 607/621/384 609/623/384 608/622/384
f 607/621/385 610/624/385 611/625/385 609/623/385
f 605/619/386 612/626/386 610/624/386 607/621/386
f 610/624/387 613/627/387 614/628/387 611/625/387
f 612/626/388 615/629/388 613/627/388 610/624/388
f 604/618/389 616/630/389 612/626/389 605/619/389
f 616/630/390 617/631/390 615/629/390 612/626/390
f 603/617/391 618/632/391 616/630/391 604/618/391
f 618/632/392 619/633/392 617/631/392 616/630/392
f 617/631/393 620/634/393 621/635/393 615/629/393
f 619/633/394 622/636/394 620/634/394 617/631/394
f 622/637/395 623/638/395 624/639/395 620/640/395
f 620/640/396 624/639/396 625/641/396 621/642/396
f 615/629/397 621/635/397 626/643/397 613/627/397
f 621/642/398 625/641/398 627/644/398 626/645/398
f 613/627/399 626/643/399 628/646/399 614/628/399
f 626/645/400 627/644/400 629/647/400 628/648/400
f 627/644/401 630/649/401 631/650/401 629/647/401
f 625/641/402 632/651/402 630/649/402 627/644/402
f 630/649/403 633/652/403 634/653/403 631/650/403
f 632/651/404 635/654/404 633/652/404 630/649/404
f 624/639/405 636/655/405 632/651/405 625/641/405
f 636/655/406 637/656/406 635/654/406 632/651/406
f 623/638/407 638/657/407 636/655/407 624/639/407
f 638/657/408 639/658/408 637/656/408 636/655/408
f 637/656/409 640/659/409 641/660/409 635/654/409
f 639/658/410 642/661/410 640/659/410 637/656/410
f 642/661/411 643/662/411 644/663/411 640/659/411
f 640/659/412 644/663/412 645/664/412 641/660/412
f 635/654/413 641/660/413 646/665/413 633/652/413
f 641/660/414 645/664/414 647/666/414 646/665/414
f 633/652/415 646/665/415 648/667/415 634/653/415
f 646/665/416 647/666/416 649/668/416 648/667/416
f 647/666/417 650/669/417 651/670/417 649/668/417
f 645/664/418 652/671/418 650/669/418 647/666/418
f 650/669/419 653/672/419 654/673/419 651/670/419
f 652/671/420 655/674/420 653/672/420 650/669/420
f 644/663/421 656/675/421 652/671/421 645/664/421
f 656/675/422 657/676/422 655/674/422 652/671/422
f 643/662/423 658/677/423 656/675/423 644/663/423
f 658/677/424 659/678/424 657/676/424 656/675/424
f 657/676/425 660/679/425 661/680/425 655/674/425
f 659/678/426 662/681/426 660/679/426 657/676/426
f 662/681/427 663/682/427 664/683/427 660/679/427
f 660/679/428 664/683/428 665/684/428 661/680/428
f 655/674/429 661/680/429 666/685/429 653/672/429
f 661/680/430 665/684/430 667/686/430 666/685/430
f 653/672/431 666/685/431 668/687/431 654/673/431
f 666/685/432 667/686/432 669/688/432 668/687/432
f 667/686/433 670/689/433 671/690/433 669/688/433
f 665/684/434 672/691/434 670/689/434 667/686/434
f 670/689/435 673/692/435 674/693/435 671/690/435
f 672/691/436 675/694/436 673/692/436 670/689/436
f 664/683/437 676/695/437 672/691/437 665/684/437
f 676/695/438 677/696/438 675/694/438 672/691/438
f 663/682/439 678/697/439 676/695/439 664/683/439
f 678/697/440 679/698/440 677/696/440 676/695/440
f 677/696/441 680/699/441 681/700/441 675/694/441
f 679/698/442 682/701/442 680/699/442 677/696/442
f 682/701/443 683/702/443 684/703/443 680/699/443
f 680/699/444 684/703/444 685/704/444 681/700/444
f 675/694/445 681/700/445 686/705/445 673/692/445
f 681/700/446 685/704/446 687/706/446 686/705/446
f 673/692/447 686/705/447 688/707/447 674/693/447
f 686/705/448 687/706/448 689/708/448 688/707/448
f 687/706/449 690/709/449 691/710/449 689/708/449
f 685/704/450 692/711/450 690/709/450 687/706/450
f 690/712/451 693/713/451 694/714/451 691/715/451
f 692/716/452 695/717/452 693/713/452 690/712/452
f 684/703/453 696/718/453 692/711/453 685/704/453
f 696/719/454 697/720/454 695/717/454 692/716/454
f 683/702/455 698/721/455 696/718/455 684/703/455
f 698/722/456 699/723/456 697/720/456 696/719/456
f 697/720/457 700/724/457 701/725/457 695/717/457
f 699/723/458 702/726/458 700/724/458 697/720/458
f 702/726/459 703/727/459 704/728/459 700/724/459
f 700/724/460 704/728/460 705/729/460 701/725/460
f 695/717/461 701/725/461 706/730/461 693/713/461
f 701/725/462 705/729/462 707/731/462 706/730/462
f 693/713/463 706/730/463 708/732/463 694/714/463
f 706/730/464 707/731/464 709/733/464 708/732/464
f 707/731/465 710/734/465 711/735/465 709/733/465
f 705/729/466 712/736/466 710/734/466 707/731/466
f 710/734/467 713/737/467 714/738/467 711/735/467
f 712/736/468 715/739/468 713/737/468 710/734/468
f 704/728/469 716/740/469 712/736/469 705/729/469
f 716/740/470 717/741/470 715/739/470 712/736/470
f 703/727/471 718/742/471 716/740/471 704/728/471
f 718/742/472 719/743/472 717/741/472 716/740/472
f 717/741/473 720/744/473 721/745/473 715/739/473
f 719/743/474 722/746/474 720/744/474 717/741/474
f 722/746/475 723/747/475 724/748/475 720/744/475
f 720/744/476 724/748/476 725/749/476 721/745/476
f 715/739/477 721/745/477 726/750/477 713/737/477
f 721/745/478 725/749/478 727/751/478 726/750/478
f 713/737/479 726/750/479 728/752/479 714/738/479
f 726/750/480 727/751/480 729/753/480 728/752/480
f 727/751/481 730/754/481 731/755/481 729/753/481
f 725/749/482 732/756/482 730/754/482 727/751/482
f 730/754/483 733/757/483 734/758/483 731/755/483
f 732/756/484 735/759/484 733/757/484 730/754/484
f 724/748/485 736/760/485 732/756/485 725/749/485
f 736/760/486 737/761/486 735/759/486 732/756/486
f 723/747/487 738/762/487 736/760/487 724/748/487
f 738/762/488 739/763/488 737/761/488 736/760/488
f 737/761/489 740/764/489 741/765/489 735/759/489
f 739/763/490 742/766/490 740/764/490 737/761/490
f 742/766/491 743/767/491 744/768/491 740/764/491
f 740/764/492 744/768/492 745/769/492 741/765/492
f 735/759/493 741/765/493 746/770/493 733/757/493
f 741/765/494 745/769/494 747/771/494 746/770/494
f 733/757/495 746/770/495 748/772/495 734/758/495
f 746/770/496 747/771/496 749/773/496 748/772/496
f 747/771/497 750/774/497 751/775/497 749/773/497
f 745/769/498 752/776/498 750/774/498 747/771/498
f 750/774/499 753/777/499 754/778/499 751/775/499
f 752/776/500 755/779/500 753/777/500 750/774/500
f 744/768/501 756/780/501 752/776/501 745/769/501
f 756/780/502 757/781/502 755/779/502 752/776/502
f 743/767/503 758/782/503 756/780/503 744/768/503
f 758/782/504 759/783/504 757/781/504 756/780/504
f 757/781/505 760/784/505 761/785/505 755/779/505
f 759/783/506 762/786/506 760/784/506 757/781/506
f 762/786/507 763/787/507 764/788/507 760/784/507
f 760/784/508 764/788/508 765/789/508 761/785/508
f 755/779/509 761/785/509 766/790/509 753/777/509
f 761/785/510 765/789/510 767/791/510 766/790/510
f 753/777/511 766/790/511 768/792/511 754/778/511
f 766/790/512 767/791/512 769/793/512 768/792/512
f 767/791/513 770/794/513 771/795/513 769/793/513
f 765/789/514 772/796/514 770/794/514 767/791/514
f 770/794/515 773/797/515 774/798/515 771/795/515
f 772/796/516 775/799/516 773/797/516 770/794/516
f 764/788/517 776/800/517 772/796/517 765/789/517
f 776/800/518 777/801/518 775/799/518 772/796/518
f 763/787/519 778/802/519 776/800/519 764/788/519
f 778/802/520 779/803/520 777/801/520 776/800/520
f 777/801/521 780/804/521 781/805/521 775/799/521
f 779/803/522 782/806/522 780/804/522 777/801/522
f 782/806/523 783/807/523 784/808/523 780/804/523
f 780/804/524 784/808/524 785/809/524 781/805/524
f 775/799/525 781/805/525 786/810/525 773/797/525
f 781/805/526 785/809/526 787/811/526 786/810/526
f 773/797/527 786/810/527 788/812/527 774/798/527
f 786/810/528 787/811/528 789/813/528 788/812/528
f 787/811/529 790/814/529 791/815/529 789/813/529
f 785/809/530 792/816/530 790/814/530 787/811/530
f 790/814/531 793/817/531 794/818/531 791/815/531
f 792/816/532 795/819/532 793/817/532 790/814/532
f 784/808/533 796/820/533 792/816/533 785/809/533
f 796/820/534 797/821/534 795/819/534 792/816/534
f 783/807/535 798/822/535 796/820/535 784/808/535
f 798/822/536 799/823/536 797/821/536 796/820/536
f 797/821/537 800/824/537 801/825/537 795/819/537
f 799/823/538 802/826/538 800/824/538 797/821/538
f 802/826/539 803/827/539 804/828/539 800/824/539
f 800/824/540 804/828/540 805/829/540 801/825/540
f 795/819/541 801/825/541 806/830/541 793/817/541
f 801/825/542 805/829/542 807/831/542 806/830/542
f 793/817/543 806/830/543 808/832/543 794/818/543
f 806/830/544 807/831/544 809/833/544 808/832/544
f 807/831/545 810/834/545 811/835/545 809/833/545
f 805/829/546 812/836/546 810/834/546 807/831/546
f 810/834/547 813/837/547 814/838/547 811/835/547
f 812/836/548 815/839/548 813/837/548 810/834/548
f 804/828/549 816/840/549 812/836/549 805/829/549
f 816/840/550 817/841/550 815/839/550 812/836/550
f 803/827/551 818/842/551 816/840/551 804/828/551
f 818/842/552 819/843/552 817/841/552 816/840/552
f 817/841/553 820/844/553 821/845/553 815/839/553
f 819/843/554 822/846/554 820/844/554 817/841/554
f 822/846/555 823/847/555 824/848/555 820/844/555
f 820/844/556 824/848/556 825/849/556 821/845/556
f 815/839/557 821/845/557 826/850/557 813/837/557
f 821/845/558 825/849/558 827/851/558 826/850/558
f 813/837/559 826/850/559 828/852/559 814/838/559
f 826/850/560 827/851/560 829/853/560 828/852/560
f 827/851/561 830/854/561 831/855/561 829/853/561
f 825/849/562 832/856/562 830/854/562 827/851/562
f 830/854/563 833/857/563 834/858/563 831/855/563
f 832/856/564 835/859/564 833/857/564 830/854/564
f 824/848/565 836/860/565 832/856/565 825/849/565
f 836/860/566 837/861/566 835/859/566 832/856/566
f 823/847/567 838/862/567 836/860/567 824/848/567
f 838/862/568 839/863/568 837/861/568 836/860/568
f 837/861/569 840/864/569 841/865/569 835/859/569
f 839/863/570 842/866/570 840/864/570 837/861/570
f 842/866/571 843/867/571 844/868/571 840/864/571
f 840/864/572 844/868/572 845/869/572 841/865/572
f 835/859/573 841/865/573 846/870/573 833/857/573
f 841/865/574 845/869/574 847/871/574 846/870/574
f 833/857/575 846/870/575 848/872/575 834/858/575
f 846/870/576 847/871/576 849/873/576 848/872/576
f 847/871/577 850/874/577 851/875/577 849/873/577
f 845/869/578 852/876/578 850/874/578 847/871/578
f 850/874/579 853/877/579 854/878/579 851/875/579
f 852/876/580 855/879/580 853/877/580 850/874/580
f 844/868/581 856/880/581 852/876/581 845/869/581
f 856/880/582 857/881/582 855/879/582 852/876/582
f 843/867/583 858/882/583 856/880/583 844/868/583
f 858/882/584 859/883/584 857/881/584 856/880/584
f 859/883/585 860/884/585 861/885/585 857/881/585
f 857/881/586 861/885/586 862/886/586 855/879/586
f 860/884/587 863/887/587 864/888/587 861/885/587
f 861/885/588 864/888/588 865/889/588 862/886/588
f 855/879/589 862/886/589 866/890/589 853/877/589
f 862/886/590 865/889/590 867/891/590 866/890/590
f 853/877/591 866/890/591 868/892/591 854/878/591
f 866/890/592 867/891/592 869/893/592 868/892/592
f 867/891/593 870/894/593 871/895/593 869/893/593
f 865/889/594 872/896/594 870/894/594 867/891/594
f 870/894/595 873/897/595 874/898/595 871/895/595
f 872/896/596 875/899/596 873/897/596 870/894/596
f 864/888/597 876/900/597 872/896/597 865/889/597
f 876/900/598 877/901/598 875/899/598 872/896/598
f 863/887/599 878/902/599 876/900/599 864/888/599
f 878/902/600 879/903/600 877/901/600 876/900/600
f 877/901/601 880/904/601 881/905/601 875/899/601
f 879/903/602 882/906/602 880/904/602 877/901/602
f 882/906/603 142/150/603 144/152/603 880/904/603
f 880/904/604 144/152/604 147/155/604 881/905/604
f 875/899/605 881/905/605 883/907/605 873/897/605
f 881/905/606 147/155/606 161/169/606 883/907/606
f 873/897/607 883/907/607 884/908/607 874/898/607
f 883/907/608 161/169/608 162/170/608 884/908/608
f 874/898/609 884/908/609 885/909/609 886/910/609
f 884/908/610 162/170/610 164/172/610 885/909/610
f 871/895/611 874/898/611 886/910/611 887/911/611
f 886/910/612 885/909/612 888/912/612 889/913/612
f 887/911/613 886/910/613 889/913/613 890/914/613
f 891/915/614 887/911/614 890/914/614 892/916/614
f 869/893/615 871/895/615 887/911/615 891/915/615
f 889/913/616 893/917/616 894/918/616 890/914/616
f 890/914/617 894/918/617 895/919/617 892/916/617
f 894/918/618 896/920/618 897/921/618 895/919/618
f 893/917/619 898/922/619 896/920/619 894/918/619
f 888/912/620 899/923/620 893/917/620 889/913/620
f 899/923/621 900/924/621 898/922/621 893/917/621
f 167/175/622 181/189/622 899/923/622 888/912/622
f 181/189/623 182/190/623 900/924/623 899/923/623
f 885/909/624 164/172/624 167/175/624 888/912/624
f 182/190/625 184/192/625 901/925/625 900/924/625
f 900/924/626 901/925/626 902/926/626 898/922/626
f 184/192/627 187/195/627 903/927/627 901/925/627
f 901/925/628 903/927/628 904/928/628 902/926/628
f 187/195/629 201/209/629 905/929/629 903/927/629
f 903/927/630 905/929/630 906/930/630 904/928/630
f 201/209/631 202/210/631 224/232/631 905/929/631
f 905/929/632 224/232/632 225/233/632 906/930/632
f 906/930/633 225/233/633 228/236/633 907/931/633
f 904/928/634 906/930/634 907/931/634 908/932/634
f 908/932/635 907/931/635 909/933/635 910/934/635
f 907/931/636 228/236/636 230/238/636 909/933/636
f 902/926/637 904/928/637 908/932/637 911/935/637
f 911/935/638 908/932/638 910/934/638 912/936/638
f 898/922/639 902/926/639 911/935/639 896/920/639
f 896/920/640 911/935/640 912/936/640 897/921/640
f 897/921/641 912/936/641 913/937/641 914/938/641
f 912/936/642 910/934/642 915/939/642 913/937/642
f 914/938/643 913/937/643 916/940/643 917/941/643
f 913/937/644 915/939/644 918/942/644 916/940/644
f 910/934/645 909/933/645 919/943/645 915/939/645
f 915/939/646 919/943/646 920/944/646 918/942/646
f 909/933/647 230/238/647 921/945/647 919/943/647
f 919/943/648 921/945/648 922/946/648 920/944/648
f 918/942/649 920/944/649 923/947/649 924/948/649
f 920/944/650 922/946/650 299/307/650 923/947/650
f 924/948/651 923/947/651 925/949/651 926/950/651
f 923/947/652 299/307/652 297/305/652 925/949/652
f 916/940/653 918/942/653 924/948/653 927/951/653
f 927/951/654 924/948/654 926/950/654 928/952/654
f 917/941/655 916/940/655 927/951/655 929/953/655
f 929/953/656 927/951/656 928/952/656 930/954/656
f 930/954/657 928/952/657 931/955/657 932/956/657
f 928/952/658 926/950/658 933/957/658 931/955/658
f 932/956/659 931/955/659 934/958/659 935/959/659
f 931/955/660 933/957/660 936/960/660 934/958/660
f 926/950/661 925/949/661 937/961/661 933/957/661
f 933/957/662 937/961/662 938/962/662 936/960/662
f 925/949/663 297/305/663 298/306/663 937/961/663
f 937/961/664 298/306/664 301/309/664 938/962/664
f 938/962/665 301/309/665 305/313/665 939/963/665
f 936/960/666 938/962/666 939/963/666 940/964/666
f 940/964/667 939/963/667 941/965/667 942/966/667
f 939/963/668 305/313/668 307/315/668 941/965/668
f 934/958/669 936/960/669 940/964/669 943/967/669
f 943/967/670 940/964/670 942/966/670 944/968/670
f 935/959/671 934/958/671 943/967/671 945/969/671
f 945/969/672 943/967/672 944/968/672 946/970/672
f 946/970/673 944/968/673 947/971/673 948/972/673
f 944/968/674 942/966/674 949/973/674 947/971/674
f 948/972/675 947/971/675 950/974/675 951/975/675
f 947/971/676 949/973/676 952/976/676 950/974/676
f 942/966/677 941/965/677 953/977/677 949/973/677
f 949/973/678 953/977/678 954/978/678 952/976/678
f 941/965/679 307/315/679 955/979/679 953/977/679
f 953/977/680 955/979/680 956/980/680 954/978/680
f 954/978/681 956/980/681 323/331/681 957/981/681
f 952/976/682 954/978/682 957/981/682 958/982/682
f 958/982/683 957/981/683 959/983/683 960/984/683
f 957/981/684 323/331/684 321/329/684 959/983/684
f 950/974/685 952/976/685 958/982/685 961/985/685
f 961/985/686 958/982/686 960/984/686 962/986/686
f 951/975/687 950/974/687 961/985/687 963/987/687
f 963/987/688 961/985/688 962/986/688 964/988/688
f 964/988/689 962/986/689 965/989/689 966/990/689
f 962/986/690 960/984/690 967/991/690 965/989/690
f 966/990/691 965/989/691 968/992/691 969/993/691
f 965/989/692 967/991/692 970/994/692 968/992/692
f 960/984/693 959/983/693 971/995/693 967/991/693
f 967/991/694 971/995/694 972/996/694 970/994/694
f 959/983/695 321/329/695 322/330/695 971/995/695
f 971/995/696 322/330/696 325/333/696 972/996/696
f 972/996/697 325/333/697 329/337/697 973/997/697
f 970/994/698 972/996/698 973/997/698 974/998/698
f 974/998/699 973/997/699 975/999/699 976/1000/699
f 973/997/700 329/337/700 331/339/700 975/999/700
f 968/992/701 970/994/701 974/998/701 977/1001/701
f 977/1001/702 974/998/702 976/1000/702 978/1002/702
f 969/993/703 968/992/703 977/1001/703 979/1003/703
f 979/1003/704 977/1001/704 978/1002/704 980/1004/704
f 980/1004/705 978/1002/705 981/1005/705 982/1006/705
f 978/1002/706 976/1000/706 983/1007/706 981/1005/706
f 982/1006/707 981/1005/707 984/1008/707 985/1009/707
f 981/1005/708 983/1007/708 986/1010/708 984/1008/708
f 976/1000/709 975/999/709 987/1011/709 983/1007/709
f 983/1007/710 987/1011/710 988/1012/710 986/1010/710
f 975/999/711 331/339/711 989/1013/711 987/1011/711
f 987/1011/712 989/1013/712 990/1014/712 988/1012/712
f 988/1012/713 990/1014/713 348/356/713 991/1015/713
f 986/1010/714 988/1012/714 991/1015/714 992/1016/714
f 992/1016/715 991/1015/715 993/1017/715 994/1018/715
f 991/1015/716 348/356/716 346/354/716 993/1017/716
f 984/1008/717 986/1010/717 992/1016/717 995/1019/717
f 995/1019/718 992/1016/718 994/1018/718 996/1020/718
f 985/1009/719 984/1008/719 995/1019/719 997/1021/719
f 997/1021/720 995/1019/720 996/1020/720 998/1022/720
f 998/1022/721 996/1020/721 999/1023/721 1000/1024/721
f 996/1020/722 994/1018/722 1001/1025/722 999/1023/722
f 1000/1024/723 999/1023/723 1002/1026/723 1003/1027/723
f 999/1023/724 1001/1025/724 1004/1028/724 1002/1026/724
f 994/1018/725 993/1017/725 1005/1029/725 1001/1025/725
f 1001/1025/726 1005/1029/726 1006/1030/726 1004/1028/726
f 993/1017/727 346/354/727 347/355/727 1005/1029/727
f 1005/1029/728 347/355/728 350/358/728 1006/1030/728
f 1006/1030/729 350/358/729 354/362/729 1007/1031/729
f 1004/1028/730 1006/1030/730 1007/1031/730 1008/1032/730
f 1008/1032/731 1007/1031/731 1009/1033/731 1010/1034/731
f 1007/1031/732 354/362/732 356/364/732 1009/1033/732
f 1002/1026/733 1004/1028/733 1008/1032/733 1011/1035/733
f 1011/1035/734 1008/1032/734 1010/1034/734 1012/1036/734
f 1003/1027/735 1002/1026/735 1011/1035/735 1013/1037/735
f 1013/1037/736 1011/1035/736 1012/1036/736 1014/1038/736
f 1014/1038/737 1012/1036/737 1015/1039/737 1016/1040/737
f 1012/1036/738 1010/1034/738 1017/1041/738 1015/1039/738
f 1016/1040/739 1015/1039/739 1018/1042/739 1019/1043/739
f 1015/1039/740 1017/1041/740 1020/1044/740 1018/1042/740
f 1010/1034/741 1009/1033/741 1021/1045/741 1017/1041/741
f 1017/1041/742 1021/1045/742 1022/1046/742 1020/1044/742
f 1009/1033/743 356/364/743 1023/1047/743 1021/1045/743
f 1021/1045/744 1023/1047/744 1024/1048/744 1022/1046/744
f 1020/1044/745 1022/1046/745 1025/1049/745 1026/1050/745
f 1022/1046/746 1024/1048/746 373/381/746 1025/1049/746
f 1026/1050/747 1025/1049/747 1027/1051/747 1028/1052/747
f 1025/1049/748 373/381/748 371/379/748 1027/1051/748
f 1018/1042/749 1020/1044/749 1026/1050/749 1029/1053/749
f 1029/1053/750 1026/1050/750 1028/1052/750 1030/1054/750
f 1019/1043/751 1018/1042/751 1029/1053/751 1031/1055/751
f 1031/1055/752 1029/1053/752 1030/1054/752 1032/1056/752
f 1032/1056/753 1030/1054/753 1033/1057/753 1034/1058/753
f 1030/1054/754 1028/1052/754 1035/1059/754 1033/1057/754
f 1034/1058/755 1033/1057/755 1036/1060/755 1037/1061/755
f 1033/1057/756 1035/1059/756 1038/1062/756 1036/1060/756
f 1028/1052/757 1027/1051/757 1039/1063/757 1035/1059/757
f 1035/1059/758 1039/1063/758 1040/1064/758 1038/1062/758
f 1027/1051/759 371/379/759 372/380/759 1039/1063/759
f 1039/1063/760 372/380/760 375/383/760 1040/1064/760
f 1040/1064/761 375/383/761 379/387/761 1041/1065/761
f 1038/1062/762 1040/1064/762 1041/1065/762 1042/1066/762
f 1042/1066/763 1041/1065/763 1043/1067/763 1044/1068/763
f 1041/1065/764 379/387/764 381/389/764 1043/1067/764
f 1036/1060/765 1038/1062/765 1042/1066/765 1045/1069/765
f 1045/1069/766 1042/1066/766 1044/1068/766 1046/1070/766
f 1037/1061/767 1036/1060/767 1045/1069/767 1047/1071/767
f 1047/1071/768 1045/1069/768 1046/1070/768 1048/1072/768
f 1048/1072/769 1046/1070/769 1049/1073/769 1050/1074/769
f 1046/1070/770 1044/1068/770 1051/1075/770 1049/1073/770
f 1050/1074/771 1049/1073/771 1052/1076/771 1053/1077/771
f 1049/1073/772 1051/1075/772 1054/1078/772 1052/1076/772
f 1044/1068/773 1043/1067/773 1055/1079/773 1051/1075/773
f 1051/1075/774 1055/1079/774 1056/1080/774 1054/1078/774
f 1043/1067/775 381/389/775 1057/1081/775 1055/1079/775
f 1055/1079/776 1057/1081/776 1058/1082/776 1056/1080/776
f 1054/1078/777 1056/1080/777 1059/1083/777 1060/1084/777
f 1056/1080/778 1058/1082/778 1061/1085/778 1059/1083/778
f 1060/1086/779 1059/1087/779 1062/1088/779 1063/1089/779
f 1059/1087/780 1061/1090/780 1064/1091/780 1062/1088/780
f 1052/1076/781 1054/1078/781 1060/1084/781 1065/1092/781
f 1065/1093/782 1060/1086/782 1063/1089/782 1066/1094/782
f 1053/1077/783 1052/1076/783 1065/1092/783 1067/1095/783
f 1067/1096/784 1065/1093/784 1066/1094/784 1068/1097/784
f 1068/1097/785 1066/1094/785 1069/1098/785 1070/1099/785
f 1066/1094/786 1063/1089/786 1071/1100/786 1069/1098/786
f 1070/1099/787 1069/1098/787 1072/1101/787 1073/1102/787
f 1069/1098/788 1071/1100/788 1074/1103/788 1072/1101/788
f 1063/1089/789 1062/1088/789 1075/1104/789 1071/1100/789
f 1071/1100/790 1075/1104/790 1076/1105/790 1074/1103/790
f 1062/1088/791 1064/1091/791 1077/1106/791 1075/1104/791
f 1075/1104/792 1077/1106/792 1078/1107/792 1076/1105/792
f 1074/1103/793 1076/1105/793 1079/1108/793 1080/1109/793
f 1076/1105/794 1078/1107/794 1081/1110/794 1079/1108/794
f 1080/1109/795 1079/1108/795 1082/1111/795 1083/1112/795
f 1079/1108/796 1081/1110/796 1084/1113/796 1082/1111/796
f 1085/1114/797 1080/1109/797 1083/1112/797 1086/1115/797
f 1072/1101/798 1074/1103/798 1080/1109/798 1085/1114/798
f 1073/1102/799 1072/1101/799 1085/1114/799 1087/1116/799
f 1087/1116/800 1085/1114/800 1086/1115/800 1088/1117/800
f 1088/1117/801 1086/1115/801 1089/1118/801 1090/1119/801
f 1086/1115/802 1083/1112/802 1091/1120/802 1089/1118/802
f 1090/1119/803 1089/1118/803 1092/1121/803 1093/1122/803
f 1089/1118/804 1091/1120/804 1094/1123/804 1092/1121/804
f 1091/1120/805 1095/1124/805 1096/1125/805 1094/1123/805
f 1083/1112/806 1082/1111/806 1095/1124/806 1091/1120/806
f 1082/1111/807 1084/1113/807 1097/1126/807 1095/1124/807
f 1095/1124/808 1097/1126/808 1098/1127/808 1096/1125/808
f 1094/1123/809 1096/1125/809 1099/1128/809 1100/1129/809
f 1096/1125/810 1098/1127/810 1101/1130/810 1099/1128/810
f 1100/1129/811 1099/1128/811 1102/1131/811 1103/1132/811
f 1099/1128/812 1101/1130/812 1104/1133/812 1102/1131/812
f 1105/1134/813 1100/1129/813 1103/1132/813 1106/1135/813
f 1092/1121/814 1094/1123/814 1100/1129/814 1105/1134/814
f 1093/1122/815 1092/1121/815 1105/1134/815 1107/1136/815
f 1107/1136/816 1105/1134/816 1106/1135/816 1108/1137/816
f 1108/1137/817 1106/1135/817 1109/1138/817 1110/1139/817
f 1106/1135/818 1103/1132/818 1111/1140/818 1109/1138/818
f 1110/1139/819 1109/1138/819 1112/1141/819 1113/1142/819
f 1109/1138/820 1111/1140/820 1114/1143/820 1112/1141/820
f 1111/1140/821 1115/1144/821 1116/1145/821 1114/1143/821
f 1103/1132/822 1102/1131/822 1115/1144/822 1111/1140/822
f 1102/1131/823 1104/1133/823 1117/1146/823 1115/1144/823
f 1115/1144/824 1117/1146/824 1118/1147/824 1116/1145/824
f 1116/1145/825 1118/1147/825 1119/1148/825 1120/1149/825
f 1114/1143/826 1116/1145/826 1120/1149/826 1121/1150/826
f 1121/1150/827 1120/1149/827 1122/1151/827 1123/1152/827
f 1120/1149/828 1119/1148/828 1124/1153/828 1122/1151/828
f 1112/1141/829 1114/1143/829 1121/1150/829 1125/1154/829
f 1125/1154/830 1121/1150/830 1123/1152/830 1126/1155/830
f 1113/1142/831 1112/1141/831 1125/1154/831 1127/1156/831
f 1127/1156/832 1125/1154/832 1126/1155/832 1128/1157/832
f 1128/1157/833 1126/1155/833 1129/1158/833 1130/1159/833
f 1126/1155/834 1123/1152/834 1131/1160/834 1129/1158/834
f 1130/1161/835 1129/1162/835 1132/1163/835 1133/1164/835
f 1129/1162/836 1131/1165/836 1134/1166/836 1132/1163/836
f 1123/1152/837 1122/1151/837 1135/1167/837 1131/1160/837
f 1131/1165/838 1135/1168/838 1136/1169/838 1134/1166/838
f 1122/1151/839 1124/1153/839 1137/1170/839 1135/1167/839
f 1135/1168/840 1137/1171/840 1138/1172/840 1136/1169/840
f 1134/1166/841 1136/1169/841 1139/1173/841 1140/1174/841
f 1136/1169/842 1138/1172/842 423/437/842 1139/1173/842
f 1140/1174/843 1139/1173/843 1141/1175/843 1142/1176/843
f 1139/1173/844 423/437/844 421/435/844 1141/1175/844
f 1132/1163/845 1134/1166/845 1140/1174/845 1143/1177/845
f 1143/1177/846 1140/1174/846 1142/1176/846 1144/1178/846
f 1133/1164/847 1132/1163/847 1143/1177/847 1145/1179/847
f 1145/1179/848 1143/1177/848 1144/1178/848 1146/1180/848
f 1146/1180/849 1144/1178/849 1147/1181/849 1148/1182/849
f 1144/1178/850 1142/1176/850 1149/1183/850 1147/1181/850
f 1148/1182/851 1147/1181/851 1150/1184/851 1151/1185/851
f 1147/1181/852 1149/1183/852 1152/1186/852 1150/1184/852
f 1142/1176/853 1141/1175/853 1153/1187/853 1149/1183/853
f 1149/1183/854 1153/1187/854 1154/1188/854 1152/1186/854
f 1141/1175/855 421/435/855 422/436/855 1153/1187/855
f 1153/1187/856 422/436/856 425/439/856 1154/1188/856
f 1154/1188/857 425/439/857 429/443/857 1155/1189/857
f 1152/1186/858 1154/1188/858 1155/1189/858 1156/1190/858
f 1156/1190/859 1155/1189/859 1157/1191/859 1158/1192/859
f 1155/1189/860 429/443/860 431/445/860 1157/1191/860
f 1150/1184/861 1152/1186/861 1156/1190/861 1159/1193/861
f 1159/1193/862 1156/1190/862 1158/1192/862 1160/1194/862
f 1151/1185/863 1150/1184/863 1159/1193/863 1161/1195/863
f 1161/1195/864 1159/1193/864 1160/1194/864 1162/1196/864
f 1162/1196/865 1160/1194/865 1163/1197/865 1164/1198/865
f 1160/1194/866 1158/1192/866 1165/1199/866 1163/1197/866
f 1164/1198/867 1163/1197/867 1166/1200/867 1167/1201/867
f 1163/1197/868 1165/1199/868 1168/1202/868 1166/1200/868
f 1158/1192/869 1157/1191/869 1169/1203/869 1165/1199/869
f 1165/1199/870 1169/1203/870 1170/1204/870 1168/1202/870
f 1157/1191/871 431/445/871 1171/1205/871 1169/1203/871
f 1169/1203/872 1171/1205/872 1172/1206/872 1170/1204/872
f 1170/1204/873 1172/1206/873 448/462/873 1173/1207/873
f 1168/1202/874 1170/1204/874 1173/1207/874 1174/1208/874
f 1174/1208/875 1173/1207/875 1175/1209/875 1176/1210/875
f 1173/1207/876 448/462/876 446/460/876 1175/1209/876
f 1166/1200/877 1168/1202/877 1174/1208/877 1177/1211/877
f 1177/1211/878 1174/1208/878 1176/1210/878 1178/1212/878
f 1167/1201/879 1166/1200/879 1177/1211/879 1179/1213/879
f 1179/1213/880 1177/1211/880 1178/1212/880 1180/1214/880
f 1180/1214/881 1178/1212/881 1181/1215/881 1182/1216/881
f 1178/1212/882 1176/1210/882 1183/1217/882 1181/1215/882
f 1182/1216/883 1181/1215/883 1184/1218/883 1185/1219/883
f 1181/1215/884 1183/1217/884 1186/1220/884 1184/1218/884
f 1176/1210/885 1175/1209/885 1187/1221/885 1183/1217/885
f 1183/1217/886 1187/1221/886 1188/1222/886 1186/1220/886
f 1175/1209/887 446/460/887 447/461/887 1187/1221/887
f 1187/1221/888 447/461/888 450/464/888 1188/1222/888
f 1188/1222/889 450/464/889 454/468/889 1189/1223/889
f 1186/1220/890 1188/1222/890 1189/1223/890 1190/1224/890
f 1190/1224/891 1189/1223/891 1191/1225/891 1192/1226/891
f 1189/1223/892 454/468/892 456/470/892 1191/1225/892
f 1184/1218/893 1186/1220/893 1190/1224/893 1193/1227/893
f 1193/1227/894 1190/1224/894 1192/1226/894 1194/1228/894
f 1185/1219/895 1184/1218/895 1193/1227/895 1195/1229/895
f 1195/1229/896 1193/1227/896 1194/1228/896 1196/1230/896
f 1196/1230/897 1194/1228/897 1197/1231/897 1198/1232/897
f 1194/1228/898 1192/1226/898 1199/1233/898 1197/1231/898
f 1198/1232/899 1197/1231/899 1200/1234/899 1201/1235/899
f 1197/1231/900 1199/1233/900 1202/1236/900 1200/1234/900
f 1192/1226/901 1191/1225/901 1203/1237/901 1199/1233/901
f 1199/1233/902 1203/1237/902 1204/1238/902 1202/1236/902
f 1191/1225/903 456/470/903 1205/1239/903 1203/1237/903
f 1203/1237/904 1205/1239/904 1206/1240/904 1204/1238/904
f 1204/1238/905 1206/1240/905 473/487/905 1207/1241/905
f 1202/1236/906 1204/1238/906 1207/1241/906 1208/1242/906
f 1208/1242/907 1207/1241/907 489/503/907 488/502/907
f 1207/1241/908 473/487/908 471/485/908 489/503/908
f 1200/1234/909 1202/1236/909 1208/1242/909 1209/1243/909
f 1209/1243/910 1208/1242/910 488/502/910 490/504/910
f 1201/1235/911 1200/1234/911 1209/1243/911 1210/1244/911
f 1210/1244/912 1209/1243/912 490/504/912 495/509/912
f 1211/1245/913 1201/1235/913 1210/1244/913 1212/1246/913
f 1212/1246/914 1210/1244/914 495/509/914 505/519/914
f 1213/1247/915 1198/1232/915 1201/1235/915 1211/1245/915
f 1214/1248/916 1213/1247/916 1211/1245/916 1215/1249/916
f 1215/1249/917 1211/1245/917 1212/1246/917 1216/1250/917
f 1217/1251/918 1218/1252/918 1213/1247/918 1214/1248/918
f 1218/1252/919 1196/1230/919 1198/1232/919 1213/1247/919
f 1219/1253/920 1220/1254/920 1217/1251/920 1214/1248/920
f 1221/1255/921 1219/1253/921 1214/1248/921 1215/1249/921
f 534/548/922 548/562/922 1219/1253/922 1221/1255/922
f 548/562/923 549/563/923 1220/1254/923 1219/1253/923
f 1222/1256/924 1221/1255/924 1215/1249/924 1216/1250/924
f 531/545/925 534/548/925 1221/1255/925 1222/1256/925
f 507/521/926 1222/1256/926 1216/1250/926 504/518/926
f 511/525/927 531/545/927 1222/1256/927 507/521/927
f 1216/1250/928 1212/1246/928 505/519/928 504/518/928
f 549/563/929 551/565/929 1223/1257/929 1220/1254/929
f 1220/1254/930 1223/1257/930 1224/1258/930 1217/1251/930
f 551/565/931 554/568/931 1225/1259/931 1223/1257/931
f 1223/1257/932 1225/1259/932 1226/1260/932 1224/1258/932
f 1225/1259/933 1227/1261/933 1228/1262/933 1226/1260/933
f 554/568/934 568/582/934 1227/1261/934 1225/1259/934
f 568/582/935 569/583/935 1229/1263/935 1227/1261/935
f 1227/1261/936 1229/1263/936 1230/1264/936 1228/1262/936
f 1230/1264/937 1231/1265/937 1232/1266/937 1228/1262/937
f 1228/1262/938 1232/1266/938 1233/1267/938 1226/1260/938
f 1231/1265/939 1180/1214/939 1182/1216/939 1232/1266/939
f 1232/1266/940 1182/1216/940 1185/1219/940 1233/1267/940
f 1233/1267/941 1185/1219/941 1195/1229/941 1234/1268/941
f 1226/1260/942 1233/1267/942 1234/1268/942 1224/1258/942
f 1224/1258/943 1234/1268/943 1218/1252/943 1217/1251/943
f 1234/1268/944 1195/1229/944 1196/1230/944 1218/1252/944
f 1235/1269/945 1236/1270/945 1231/1265/945 1230/1264/945
f 1236/1270/946 1179/1213/946 1180/1214/946 1231/1265/946
f 1237/1271/947 1167/1201/947 1179/1213/947 1236/1270/947
f 1238/1272/948 1237/1271/948 1236/1270/948 1235/1269/948
f 1239/1273/949 1240/1274/949 1237/1271/949 1238/1272/949
f 1240/1274/950 1164/1198/950 1167/1201/950 1237/1271/950
f 1241/1275/951 1242/1276/951 1240/1274/951 1239/1273/951
f 1242/1276/952 1162/1196/952 1164/1198/952 1240/1274/952
f 1243/1277/953 1244/1278/953 1241/1275/953 1239/1273/953
f 1245/1279/954 1243/1277/954 1239/1273/954 1238/1272/954
f 574/588/955 588/602/955 1243/1277/955 1245/1279/955
f 588/602/956 589/603/956 1244/1278/956 1243/1277/956
f 1246/1280/957 1245/1279/957 1238/1272/957 1235/1269/957
f 571/585/958 574/588/958 1245/1279/958 1246/1280/958
f 1229/1263/959 1246/1280/959 1235/1269/959 1230/1264/959
f 569/583/960 571/585/960 1246/1280/960 1229/1263/960
f 589/603/961 591/605/961 1247/1281/961 1244/1278/961
f 1244/1278/962 1247/1281/962 1248/1282/962 1241/1275/962
f 591/605/963 594/608/963 1249/1283/963 1247/1281/963
f 1247/1281/964 1249/1283/964 1250/1284/964 1248/1282/964
f 1249/1283/965 1251/1285/965 1252/1286/965 1250/1284/965
f 594/608/966 608/622/966 1251/1285/966 1249/1283/966
f 608/622/967 609/623/967 1253/1287/967 1251/1285/967
f 1251/1285/968 1253/1287/968 1254/1288/968 1252/1286/968
f 1254/1288/969 1255/1289/969 1256/1290/969 1252/1286/969
f 1252/1286/970 1256/1290/970 1257/1291/970 1250/1284/970
f 1255/1289/971 1146/1180/971 1148/1182/971 1256/1290/971
f 1256/1290/972 1148/1182/972 1151/1185/972 1257/1291/972
f 1257/1291/973 1151/1185/973 1161/1195/973 1258/1292/973
f 1250/1284/974 1257/1291/974 1258/1292/974 1248/1282/974
f 1248/1282/975 1258/1292/975 1242/1276/975 1241/1275/975
f 1258/1292/976 1161/1195/976 1162/1196/976 1242/1276/976
f 1259/1293/977 1260/1294/977 1255/1289/977 1254/1288/977
f 1260/1294/978 1145/1179/978 1146/1180/978 1255/1289/978
f 1261/1295/979 1133/1164/979 1145/1179/979 1260/1294/979
f 1262/1296/980 1261/1295/980 1260/1294/980 1259/1293/980
f 1263/1297/981 1264/1298/981 1261/1295/981 1262/1296/981
f 1264/1298/982 1130/1161/982 1133/1164/982 1261/1295/982
f 1265/1299/983 1266/1300/983 1264/1301/983 1263/1302/983
f 1266/1300/984 1128/1157/984 1130/1159/984 1264/1301/984
f 1267/1303/985 1268/1304/985 1265/1299/985 1263/1302/985
f 1269/1305/986 1267/1306/986 1263/1297/986 1262/1296/986
f 614/628/987 628/646/987 1267/1306/987 1269/1305/987
f 628/648/988 629/647/988 1268/1304/988 1267/1303/988
f 1270/1307/989 1269/1305/989 1262/1296/989 1259/1293/989
f 611/625/990 614/628/990 1269/1305/990 1270/1307/990
f 1253/1287/991 1270/1307/991 1259/1293/991 1254/1288/991
f 609/623/992 611/625/992 1270/1307/992 1253/1287/992
f 629/647/993 631/650/993 1271/1308/993 1268/1304/993
f 1268/1304/994 1271/1308/994 1272/1309/994 1265/1299/994
f 631/650/995 634/653/995 1273/1310/995 1271/1308/995
f 1271/1308/996 1273/1310/996 1274/1311/996 1272/1309/996
f 1273/1310/997 1275/1312/997 1276/1313/997 1274/1311/997
f 634/653/998 648/667/998 1275/1312/998 1273/1310/998
f 648/667/999 649/668/999 1277/1314/999 1275/1312/999
f 1275/1312/1000 1277/1314/1000 1278/1315/1000 1276/1313/1000
f 1276/1313/1001 1279/1316/1001 1280/1317/1001 1274/1311/1001
f 1278/1315/1002 1281/1318/1002 1279/1316/1002 1276/1313/1002
f 1281/1318/1003 1108/1137/1003 1110/1139/1003 1279/1316/1003
f 1279/1316/1004 1110/1139/1004 1113/1142/1004 1280/1317/1004
f 1274/1311/1005 1280/1317/1005 1282/1319/1005 1272/1309/1005
f 1280/1317/1006 1113/1142/1006 1127/1156/1006 1282/1319/1006
f 1272/1309/1007 1282/1319/1007 1266/1300/1007 1265/1299/1007
f 1282/1319/1008 1127/1156/1008 1128/1157/1008 1266/1300/1008
f 1283/1320/1009 1284/1321/1009 1281/1318/1009 1278/1315/1009
f 1284/1321/1010 1107/1136/1010 1108/1137/1010 1281/1318/1010
f 1285/1322/419 1093/1122/419 1107/1136/419 1284/1321/419
f 1286/1323/1011 1285/1322/1011 1284/1321/1011 1283/1320/1011
f 1287/1324/431 1090/1119/431 1093/1122/431 1285/1322/431
f 1288/1325/1012 1287/1324/1012 1285/1322/1012 1286/1323/1012
f 1289/1326/1013 1290/1327/1013 1287/1324/1013 1288/1325/1013
f 1290/1327/1014 1088/1117/1014 1090/1119/1014 1287/1324/1014
f 1291/1328/1015 1292/1329/1015 1288/1325/1015 1286/1323/1015
f 1292/1329/1016 1293/1330/1016 1289/1326/1016 1288/1325/1016
f 654/673/1017 668/687/1017 1292/1329/1017 1291/1328/1017
f 668/687/1018 669/688/1018 1293/1330/1018 1292/1329/1018
f 1294/1331/1019 1291/1328/1019 1286/1323/1019 1283/1320/1019
f 651/670/1020 654/673/1020 1291/1328/1020 1294/1331/1020
f 1277/1314/1021 1294/1331/1021 1283/1320/1021 1278/1315/1021
f 649/668/1022 651/670/1022 1294/1331/1022 1277/1314/1022
f 669/688/1023 671/690/1023 1295/1332/1023 1293/1330/1023
f 1293/1330/1024 1295/1332/1024 1296/1333/1024 1289/1326/1024
f 671/690/1025 674/693/1025 1297/1334/1025 1295/1332/1025
f 1295/1332/1026 1297/1334/1026 1298/1335/1026 1296/1333/1026
f 1297/1334/1027 1299/1336/1027 1300/1337/1027 1298/1335/1027
f 674/693/1028 688/707/1028 1299/1336/1028 1297/1334/1028
f 688/707/1029 689/708/1029 1301/1338/1029 1299/1336/1029
f 1299/1336/1030 1301/1338/1030 1302/1339/1030 1300/1337/1030
f 1302/1339/1031 1303/1340/1031 1304/1341/1031 1300/1337/1031
f 1300/1337/1032 1304/1341/1032 1305/1342/1032 1298/1335/1032
f 1303/1340/1033 1068/1097/1033 1070/1099/1033 1304/1341/1033
f 1304/1341/1034 1070/1099/1034 1073/1102/1034 1305/1342/1034
f 1305/1342/1035 1073/1102/1035 1087/1116/1035 1306/1343/1035
f 1298/1335/1036 1305/1342/1036 1306/1343/1036 1296/1333/1036
f 1296/1333/1037 1306/1343/1037 1290/1327/1037 1289/1326/1037
f 1306/1343/1038 1087/1116/1038 1088/1117/1038 1290/1327/1038
f 1307/1344/1039 1308/1345/1039 1303/1340/1039 1302/1339/1039
f 1308/1345/1040 1067/1096/1040 1068/1097/1040 1303/1340/1040
f 1309/1346/1041 1053/1077/1041 1067/1095/1041 1308/1347/1041
f 1310/1348/1042 1309/1346/1042 1308/1347/1042 1307/1349/1042
f 1311/1350/1043 1312/1351/1043 1309/1346/1043 1310/1348/1043
f 1312/1351/1044 1050/1074/1044 1053/1077/1044 1309/1346/1044
f 1313/1352/1045 1314/1353/1045 1312/1351/1045 1311/1350/1045
f 1314/1353/1046 1048/1072/1046 1050/1074/1046 1312/1351/1046
f 1315/1354/1047 1316/1355/1047 1313/1352/1047 1311/1350/1047
f 1317/1356/1048 1315/1354/1048 1311/1350/1048 1310/1348/1048
f 694/714/1049 708/732/1049 1315/1354/1049 1317/1356/1049
f 708/732/1050 709/733/1050 1316/1355/1050 1315/1354/1050
f 1318/1357/1051 1317/1356/1051 1310/1348/1051 1307/1349/1051
f 691/715/1052 694/714/1052 1317/1356/1052 1318/1357/1052
f 1301/1338/1053 1318/1358/1053 1307/1344/1053 1302/1339/1053
f 689/708/1054 691/710/1054 1318/1358/1054 1301/1338/1054
f 709/733/1055 711/735/1055 1319/1359/1055 1316/1355/1055
f 1316/1355/1056 1319/1359/1056 1320/1360/1056 1313/1352/1056
f 711/735/1057 714/738/1057 1321/1361/1057 1319/1359/1057
f 1319/1359/1058 1321/1361/1058 1322/1362/1058 1320/1360/1058
f 1321/1361/1059 1323/1363/1059 1324/1364/1059 1322/1362/1059
f 714/738/1060 728/752/1060 1323/1363/1060 1321/1361/1060
f 728/752/1061 729/753/1061 1325/1365/1061 1323/1363/1061
f 1323/1363/1062 1325/1365/1062 1326/1366/1062 1324/1364/1062
f 1326/1366/1063 1327/1367/1063 1328/1368/1063 1324/1364/1063
f 1324/1364/1064 1328/1368/1064 1329/1369/1064 1322/1362/1064
f 1327/1367/1065 1032/1056/1065 1034/1058/1065 1328/1368/1065
f 1328/1368/1066 1034/1058/1066 1037/1061/1066 1329/1369/1066
f 1329/1369/1067 1037/1061/1067 1047/1071/1067 1330/1370/1067
f 1322/1362/1068 1329/1369/1068 1330/1370/1068 1320/1360/1068
f 1320/1360/1069 1330/1370/1069 1314/1353/1069 1313/1352/1069
f 1330/1370/1070 1047/1071/1070 1048/1072/1070 1314/1353/1070
f 1331/1371/1071 1332/1372/1071 1327/1367/1071 1326/1366/1071
f 1332/1372/1072 1031/1055/1072 1032/1056/1072 1327/1367/1072
f 1333/1373/1073 1019/1043/1073 1031/1055/1073 1332/1372/1073
f 1334/1374/1074 1333/1373/1074 1332/1372/1074 1331/1371/1074
f 1335/1375/1075 1336/1376/1075 1333/1373/1075 1334/1374/1075
f 1336/1376/1076 1016/1040/1076 1019/1043/1076 1333/1373/1076
f 1337/1377/1077 1338/1378/1077 1336/1376/1077 1335/1375/1077
f 1338/1378/1078 1014/1038/1078 1016/1040/1078 1336/1376/1078
f 1339/1379/1079 1340/1380/1079 1337/1377/1079 1335/1375/1079
f 1341/1381/1080 1339/1379/1080 1335/1375/1080 1334/1374/1080
f 734/758/1081 748/772/1081 1339/1379/1081 1341/1381/1081
f 748/772/1082 749/773/1082 1340/1380/1082 1339/1379/1082
f 1342/1382/1083 1341/1381/1083 1334/1374/1083 1331/1371/1083
f 731/755/1084 734/758/1084 1341/1381/1084 1342/1382/1084
f 1325/1365/1085 1342/1382/1085 1331/1371/1085 1326/1366/1085
f 729/753/1086 731/755/1086 1342/1382/1086 1325/1365/1086
f 749/773/1087 751/775/1087 1343/1383/1087 1340/1380/1087
f 1340/1380/1088 1343/1383/1088 1344/1384/1088 1337/1377/1088
f 751/775/1089 754/778/1089 1345/1385/1089 1343/1383/1089
f 1343/1383/1090 1345/1385/1090 1346/1386/1090 1344/1384/1090
f 1345/1385/1091 1347/1387/1091 1348/1388/1091 1346/1386/1091
f 754/778/1092 768/792/1092 1347/1387/1092 1345/1385/1092
f 768/792/1093 769/793/1093 1349/1389/1093 1347/1387/1093
f 1347/1387/1094 1349/1389/1094 1350/1390/1094 1348/1388/1094
f 1350/1390/1095 1351/1391/1095 1352/1392/1095 1348/1388/1095
f 1348/1388/1096 1352/1392/1096 1353/1393/1096 1346/1386/1096
f 1351/1391/1097 998/1022/1097 1000/1024/1097 1352/1392/1097
f 1352/1392/1098 1000/1024/1098 1003/1027/1098 1353/1393/1098
f 1353/1393/1099 1003/1027/1099 1013/1037/1099 1354/1394/1099
f 1346/1386/1100 1353/1393/1100 1354/1394/1100 1344/1384/1100
f 1344/1384/1101 1354/1394/1101 1338/1378/1101 1337/1377/1101
f 1354/1394/1102 1013/1037/1102 1014/1038/1102 1338/1378/1102
f 1355/1395/1103 1356/1396/1103 1351/1391/1103 1350/1390/1103
f 1356/1396/1104 997/1021/1104 998/1022/1104 1351/1391/1104
f 1357/1397/1105 985/1009/1105 997/1021/1105 1356/1396/1105
f 1358/1398/1106 1357/1397/1106 1356/1396/1106 1355/1395/1106
f 1359/1399/1107 982/1006/1107 985/1009/1107 1357/1397/1107
f 1360/1400/1108 1359/1399/1108 1357/1397/1108 1358/1398/1108
f 1361/1401/1109 1362/1402/1109 1359/1399/1109 1360/1400/1109
f 1362/1402/1110 980/1004/1110 982/1006/1110 1359/1399/1110
f 1363/1403/1111 1364/1404/1111 1361/1401/1111 1360/1400/1111
f 1365/1405/1112 1363/1403/1112 1360/1400/1112 1358/1398/1112
f 774/798/1113 788/812/1113 1363/1403/1113 1365/1405/1113
f 788/812/1114 789/813/1114 1364/1404/1114 1363/1403/1114
f 1366/1406/1115 1365/1405/1115 1358/1398/1115 1355/1395/1115
f 771/795/1116 774/798/1116 1365/1405/1116 1366/1406/1116
f 1349/1389/1117 1366/1406/1117 1355/1395/1117 1350/1390/1117
f 769/793/1118 771/795/1118 1366/1406/1118 1349/1389/1118
f 789/813/1119 791/815/1119 1367/1407/1119 1364/1404/1119
f 1364/1404/1120 1367/1407/1120 1368/1408/1120 1361/1401/1120
f 791/815/1121 794/818/1121 1369/1409/1121 1367/1407/1121
f 1367/1407/1122 1369/1409/1122 1370/1410/1122 1368/1408/1122
f 1369/1409/1123 1371/1411/1123 1372/1412/1123 1370/1410/1123
f 794/818/1124 808/832/1124 1371/1411/1124 1369/1409/1124
f 808/832/1125 809/833/1125 1373/1413/1125 1371/1411/1125
f 1371/1411/1126 1373/1413/1126 1374/1414/1126 1372/1412/1126
f 1374/1414/1127 1375/1415/1127 1376/1416/1127 1372/1412/1127
f 1372/1412/1128 1376/1416/1128 1377/1417/1128 1370/1410/1128
f 1375/1415/1129 964/988/1129 966/990/1129 1376/1416/1129
f 1376/1416/1130 966/990/1130 969/993/1130 1377/1417/1130
f 1370/1410/1131 1377/1417/1131 1378/1418/1131 1368/1408/1131
f 1377/1417/1132 969/993/1132 979/1003/1132 1378/1418/1132
f 1368/1408/1133 1378/1418/1133 1362/1402/1133 1361/1401/1133
f 1378/1418/1134 979/1003/1134 980/1004/1134 1362/1402/1134
f 1379/1419/1135 1380/1420/1135 1375/1415/1135 1374/1414/1135
f 1380/1420/1136 963/987/1136 964/988/1136 1375/1415/1136
f 1381/1421/1137 951/975/1137 963/987/1137 1380/1420/1137
f 1382/1422/1138 1381/1421/1138 1380/1420/1138 1379/1419/1138
f 1383/1423/1139 948/972/1139 951/975/1139 1381/1421/1139
f 1384/1424/1140 1383/1423/1140 1381/1421/1140 1382/1422/1140
f 1385/1425/1141 1386/1426/1141 1383/1423/1141 1384/1424/1141
f 1386/1426/1142 946/970/1142 948/972/1142 1383/1423/1142
f 1387/1427/1143 1388/1428/1143 1385/1425/1143 1384/1424/1143
f 1389/1429/1144 1387/1427/1144 1384/1424/1144 1382/1422/1144
f 814/838/1145 828/852/1145 1387/1427/1145 1389/1429/1145
f 828/852/1146 829/853/1146 1388/1428/1146 1387/1427/1146
f 1390/1430/1147 1389/1429/1147 1382/1422/1147 1379/1419/1147
f 811/835/1148 814/838/1148 1389/1429/1148 1390/1430/1148
f 1373/1413/1149 1390/1430/1149 1379/1419/1149 1374/1414/1149
f 809/833/1150 811/835/1150 1390/1430/1150 1373/1413/1150
f 829/853/1151 831/855/1151 1391/1431/1151 1388/1428/1151
f 1388/1428/1152 1391/1431/1152 1392/1432/1152 1385/1425/1152
f 831/855/1153 834/858/1153 1393/1433/1153 1391/1431/1153
f 1391/1431/1154 1393/1433/1154 1394/1434/1154 1392/1432/1154
f 1393/1433/1155 1395/1435/1155 1396/1436/1155 1394/1434/1155
f 834/858/1156 848/872/1156 1395/1435/1156 1393/1433/1156
f 848/872/1157 849/873/1157 1397/1437/1157 1395/1435/1157
f 1395/1435/1158 1397/1437/1158 1398/1438/1158 1396/1436/1158
f 1398/1438/1159 1399/1439/1159 1400/1440/1159 1396/1436/1159
f 1396/1436/1160 1400/1440/1160 1401/1441/1160 1394/1434/1160
f 1399/1439/1161 930/954/1161 932/956/1161 1400/1440/1161
f 1400/1440/1162 932/956/1162 935/959/1162 1401/1441/1162
f 1394/1434/1163 1401/1441/1163 1402/1442/1163 1392/1432/1163
f 1401/1441/1164 935/959/1164 945/969/1164 1402/1442/1164
f 1392/1432/1165 1402/1442/1165 1386/1426/1165 1385/1425/1165
f 1402/1442/1166 945/969/1166 946/970/1166 1386/1426/1166
f 1403/1443/1167 1404/1444/1167 1399/1439/1167 1398/1438/1167
f 1404/1444/1168 929/953/1168 930/954/1168 1399/1439/1168
f 1405/1445/1169 917/941/1169 929/953/1169 1404/1444/1169
f 1406/1446/1170 1405/1445/1170 1404/1444/1170 1403/1443/1170
f 1407/1447/1171 914/938/1171 917/941/1171 1405/1445/1171
f 1408/1448/1172 1407/1447/1172 1405/1445/1172 1406/1446/1172
f 892/916/1173 895/919/1173 1407/1447/1173 1408/1448/1173
f 895/919/1174 897/921/1174 914/938/1174 1407/1447/1174
f 1409/1449/1175 891/915/1175 892/916/1175 1408/1448/1175
f 1410/1450/1176 1409/1449/1176 1408/1448/1176 1406/1446/1176
f 854/878/1177 868/892/1177 1409/1449/1177 1410/1450/1177
f 868/892/1178 869/893/1178 891/915/1178 1409/1449/1178
f 851/875/1179 854/878/1179 1410/1450/1179 1411/1451/1179
f 1411/1451/1180 1410/1450/1180 1406/1446/1180 1403/1443/1180
f 1397/1437/1181 1411/1451/1181 1403/1443/1181 1398/1438/1181
f 849/873/1182 851/875/1182 1411/1451/1182 1397/1437/1182
f 1206/1240/1183 1412/1452/1183 468/482/1183 473/487/1183
f 1205/1239/1184 1413/1453/1184 1412/1452/1184 1206/1240/1184
f 1413/1453/1185 461/475/1185 1414/1454/1185 1412/1452/1185
f 1412/1452/1186 1414/1454/1186 465/479/1186 468/482/1186
f 456/470/1187 455/469/1187 1413/1453/1187 1205/1239/1187
f 455/469/1188 457/471/1188 461/475/1188 1413/1453/1188
f 1414/1454/159 461/475/159 462/476/159 465/479/159
f 1172/1206/1189 1415/1455/1189 443/457/1189 448/462/1189
f 1171/1205/1190 1416/1456/1190 1415/1455/1190 1172/1206/1190
f 1416/1456/1191 437/451/1191 1417/1457/1191 1415/1455/1191
f 1415/1455/1192 1417/1457/1192 441/455/1192 443/457/1192
f 431/445/1193 430/444/1193 1416/1456/1193 1171/1205/1193
f 430/444/1194 432/446/1194 437/451/1194 1416/1456/1194
f 437/451/159 436/450/159 441/455/159 1417/1457/159
f 1138/1172/1195 1418/1458/1195 418/432/1195 423/437/1195
f 1137/1171/1196 1419/1459/1196 1418/1458/1196 1138/1172/1196
f 1419/1459/1197 1420/1460/1197 1421/1461/1197 1418/1458/1197
f 1418/1458/1198 1421/1461/1198 416/430/1198 418/432/1198
f 1124/1153/1199 1422/1462/1199 1419/1463/1199 1137/1170/1199
f 1422/1462/1200 1423/1464/1200 1420/1465/1200 1419/1463/1200
f 1424/1466/231 1425/1467/231 1420/1465/231 1423/1464/231
f 1425/1468/218 412/426/218 1421/1461/218 1420/1460/218
f 406/419/231 405/418/231 1425/1467/231 1424/1466/231
f 405/421/1201 407/420/1201 412/426/1201 1425/1468/1201
f 412/426/232 411/425/232 416/430/232 1421/1461/232
f 1426/1469/158 1424/1466/158 1423/1464/158 1427/1470/158
f 1428/1471/1202 406/419/1202 1424/1466/1202 1426/1469/1202
f 1429/1472/1203 403/415/1203 406/419/1203 1428/1471/1203
f 1430/1473/231 1429/1472/231 1428/1471/231 1431/1474/231
f 1431/1474/232 1428/1471/232 1426/1469/232 1432/1475/232
f 1433/1476/1204 1431/1474/1204 1432/1475/1204 1434/1477/1204
f 1435/1478/1205 1430/1473/1205 1431/1474/1205 1433/1476/1205
f 1104/1133/1206 1433/1476/1206 1434/1477/1206 1117/1146/1206
f 1101/1130/1207 1435/1478/1207 1433/1476/1207 1104/1133/1207
f 1117/1146/1208 1434/1477/1208 1436/1479/1208 1118/1147/1208
f 1434/1477/1209 1432/1475/1209 1437/1480/1209 1436/1479/1209
f 1436/1479/1210 1437/1480/1210 1427/1470/1210 1438/1481/1210
f 1118/1147/1211 1436/1479/1211 1438/1481/1211 1119/1148/1211
f 1119/1148/1212 1438/1481/1212 1422/1462/1212 1124/1153/1212
f 1438/1481/1213 1427/1470/1213 1423/1464/1213 1422/1462/1213
f 1432/1475/231 1426/1469/231 1427/1470/231 1437/1480/231
f 1098/1127/1214 1439/1482/1214 1435/1478/1214 1101/1130/1214
f 1439/1482/1215 1440/1483/1215 1430/1473/1215 1435/1478/1215
f 1097/1126/1216 1441/1484/1216 1439/1482/1216 1098/1127/1216
f 1441/1484/1217 1442/1485/1217 1440/1483/1217 1439/1482/1217
f 1084/1113/1218 1443/1486/1218 1441/1484/1218 1097/1126/1218
f 1443/1486/1219 1444/1487/1219 1442/1485/1219 1441/1484/1219
f 1442/1485/1220 1445/1488/1220 1446/1489/1220 1440/1483/1220
f 1444/1487/1221 1447/1490/1221 1445/1488/1221 1442/1485/1221
f 1447/1490/233 396/404/233 397/407/233 1445/1488/233
f 1445/1488/1203 397/407/1203 400/411/1203 1446/1489/1203
f 1440/1483/1202 1446/1489/1202 1429/1472/1202 1430/1473/1202
f 1446/1489/1201 400/411/1201 403/415/1201 1429/1472/1201
f 1448/1491/234 1449/1492/234 1447/1490/234 1444/1487/234
f 1449/1492/175 398/408/175 396/404/175 1447/1490/175
f 1450/1493/158 1451/1494/158 398/408/158 1449/1492/158
f 1452/1495/1222 1450/1493/1222 1449/1492/1222 1448/1491/1222
f 1453/1496/1223 1451/1494/1223 1450/1493/1223 1454/1497/1223
f 1454/1497/1224 1450/1493/1224 1452/1495/1224 1455/1498/1224
f 1077/1106/1225 1454/1497/1225 1455/1498/1225 1078/1107/1225
f 1064/1091/1226 1453/1496/1226 1454/1497/1226 1077/1106/1226
f 1078/1107/1227 1455/1498/1227 1456/1499/1227 1081/1110/1227
f 1455/1498/1228 1452/1495/1228 1448/1491/1228 1456/1499/1228
f 1081/1110/1229 1456/1499/1229 1443/1486/1229 1084/1113/1229
f 1456/1499/1230 1448/1491/1230 1444/1487/1230 1443/1486/1230
f 1061/1090/1231 1457/1500/1231 1453/1496/1231 1064/1091/1231
f 1457/1500/1232 1458/1501/1232 1451/1494/1232 1453/1496/1232
f 1058/1082/1233 1459/1502/1233 1457/1503/1233 1061/1085/1233
f 1459/1502/1234 1460/1504/1234 1458/1505/1234 1457/1503/1234
f 1057/1081/1235 1461/1506/1235 1459/1502/1235 1058/1082/1235
f 1461/1506/1236 386/394/1236 1460/1504/1236 1459/1502/1236
f 381/389/1237 380/388/1237 1461/1506/1237 1057/1081/1237
f 380/388/1238 382/390/1238 386/394/1238 1461/1506/1238
f 1460/1504/232 386/394/232 387/395/232 390/398/232
f 1458/1505/205 1460/1504/205 390/398/205 395/403/205
f 1451/1494/1222 1458/1501/1222 395/409/1222 398/408/1222
f 1024/1048/1239 1462/1507/1239 368/376/1239 373/381/1239
f 1023/1047/1240 1463/1508/1240 1462/1507/1240 1024/1048/1240
f 1462/1507/1241 1464/1509/1241 366/374/1241 368/376/1241
f 1463/1508/1242 362/370/1242 1464/1509/1242 1462/1507/1242
f 356/364/1243 355/363/1243 1463/1508/1243 1023/1047/1243
f 355/363/1244 357/365/1244 362/370/1244 1463/1508/1244
f 362/370/158 361/369/158 366/374/158 1464/1509/158
f 990/1014/1245 1465/1510/1245 343/351/1245 348/356/1245
f 989/1013/1246 1466/1511/1246 1465/1510/1246 990/1014/1246
f 1466/1511/1247 337/345/1247 1467/1512/1247 1465/1510/1247
f 1465/1510/1248 1467/1512/1248 341/349/1248 343/351/1248
f 331/339/1249 330/338/1249 1466/1511/1249 989/1013/1249
f 330/338/1250 332/340/1250 337/345/1250 1466/1511/1250
f 337/345/159 336/344/159 341/349/159 1467/1512/159
f 956/980/1251 1468/1513/1251 318/326/1251 323/331/1251
f 955/979/1252 1469/1514/1252 1468/1513/1252 956/980/1252
f 1469/1514/1253 312/320/1253 1470/1515/1253 1468/1513/1253
f 1468/1513/1254 1470/1515/1254 316/324/1254 318/326/1254
f 307/315/1255 306/314/1255 1469/1514/1255 955/979/1255
f 306/314/1256 308/316/1256 312/320/1256 1469/1514/1256
f 312/320/158 311/319/158 316/324/158 1470/1515/158
f 922/946/1257 1471/1516/1257 294/302/1257 299/307/1257
f 921/945/1258 1472/1517/1258 1471/1516/1258 922/946/1258
f 1471/1516/1259 1473/1518/1259 291/299/1259 294/302/1259
f 1472/1517/1260 1474/1519/1260 1473/1518/1260 1471/1516/1260
f 230/238/1261 229/237/1261 1472/1517/1261 921/945/1261
f 229/237/1262 231/239/1262 1474/1519/1262 1472/1517/1262
f 1474/1519/159 231/239/159 233/241/159 290/298/159
f 1473/1518/158 1474/1519/158 290/298/158 291/299/158
f 1475/1520/1263 1476/1521/1263 882/906/1263 879/903/1263
f 1476/1521/1264 141/149/1264 142/150/1264 882/906/1264
f 1477/1522/1265 127/135/1265 141/149/1265 1476/1521/1265
f 1478/1523/1266 1477/1522/1266 1476/1521/1266 1475/1520/1266
f 1479/1524/1267 1480/1525/1267 1477/1522/1267 1478/1523/1267
f 1480/1525/1268 124/132/1268 127/135/1268 1477/1522/1268
f 1481/1526/1269 1482/1527/1269 1480/1525/1269 1479/1524/1269
f 1482/1527/1270 122/130/1270 124/132/1270 1480/1525/1270
f 1483/1528/1271 1479/1524/1271 1478/1523/1271 1484/1529/1271
f 1485/1530/1272 1481/1526/1272 1479/1524/1272 1483/1528/1272
f 1486/1531/1273 1483/1528/1273 1484/1529/1273 1487/1532/1273
f 1488/1533/1274 1485/1530/1274 1483/1528/1274 1486/1531/1274
f 1487/1532/1275 1484/1529/1275 1489/1534/1275 1490/1535/1275
f 1484/1529/1276 1478/1523/1276 1475/1520/1276 1489/1534/1276
f 1490/1535/1277 1489/1534/1277 878/902/1277 863/887/1277
f 1489/1534/1278 1475/1520/1278 879/903/1278 878/902/1278
f 1491/1536/1279 1487/1532/1279 1490/1535/1279 1492/1537/1279
f 1492/1537/1280 1490/1535/1280 863/887/1280 860/884/1280
f 1493/1538/1281 1492/1537/1281 860/884/1281 859/883/1281
f 1494/1539/1282 1491/1536/1282 1492/1537/1282 1493/1538/1282
f 1495/1540/1283 1496/1541/1283 1491/1536/1283 1494/1539/1283
f 1496/1541/1284 1486/1531/1284 1487/1532/1284 1491/1536/1284
f 1497/1542/1285 1498/1543/1285 1496/1541/1285 1495/1540/1285
f 1498/1543/1286 1488/1533/1286 1486/1531/1286 1496/1541/1286
f 1499/1544/1287 1497/1542/1287 1495/1540/1287 1500/1545/1287
f 1500/1545/1288 1495/1540/1288 1494/1539/1288 1501/1546/1288
f 1502/1547/1289 1500/1545/1289 1501/1546/1289 1503/1548/1289
f 1504/1549/1290 1499/1544/1290 1500/1545/1290 1502/1547/1290
f 1503/1548/1291 1501/1546/1291 1505/1550/1291 1506/1551/1291
f 1501/1546/1292 1494/1539/1292 1493/1538/1292 1505/1550/1292
f 1506/1551/1293 1505/1550/1293 858/882/1293 843/867/1293
f 1505/1550/1294 1493/1538/1294 859/883/1294 858/882/1294
f 1507/1552/1295 1503/1548/1295 1506/1551/1295 1508/1553/1295
f 1508/1553/1296 1506/1551/1296 843/867/1296 842/866/1296
f 1509/1554/1297 1508/1553/1297 842/866/1297 839/863/1297
f 1510/1555/1298 1507/1552/1298 1508/1553/1298 1509/1554/1298
f 1511/1556/1299 1512/1557/1299 1507/1552/1299 1510/1555/1299
f 1512/1557/1300 1502/1547/1300 1503/1548/1300 1507/1552/1300
f 1513/1558/1301 1514/1559/1301 1512/1557/1301 1511/1556/1301
f 1514/1559/1302 1504/1549/1302 1502/1547/1302 1512/1557/1302
f 1515/1560/1303 1511/1556/1303 1510/1555/1303 1516/1561/1303
f 1517/1562/1304 1513/1558/1304 1511/1556/1304 1515/1560/1304
f 1518/1563/1305 1515/1560/1305 1516/1561/1305 1519/1564/1305
f 1520/1565/1306 1517/1562/1306 1515/1560/1306 1518/1563/1306
f 1519/1564/1307 1516/1561/1307 1521/1566/1307 1522/1567/1307
f 1516/1561/1308 1510/1555/1308 1509/1554/1308 1521/1566/1308
f 1522/1567/1309 1521/1566/1309 838/862/1309 823/847/1309
f 1521/1566/1310 1509/1554/1310 839/863/1310 838/862/1310
f 1523/1568/1311 1519/1564/1311 1522/1567/1311 1524/1569/1311
f 1524/1569/1312 1522/1567/1312 823/847/1312 822/846/1312
f 1525/1570/1313 1524/1569/1313 822/846/1313 819/843/1313
f 1526/1571/1314 1523/1568/1314 1524/1569/1314 1525/1570/1314
f 1527/1572/1315 1528/1573/1315 1523/1568/1315 1526/1571/1315
f 1528/1573/1316 1518/1563/1316 1519/1564/1316 1523/1568/1316
f 1529/1574/1317 1530/1575/1317 1528/1573/1317 1527/1572/1317
f 1530/1575/1318 1520/1565/1318 1518/1563/1318 1528/1573/1318
f 1531/1576/1319 1527/1572/1319 1526/1571/1319 1532/1577/1319
f 1533/1578/1320 1529/1574/1320 1527/1572/1320 1531/1576/1320
f 1534/1579/1321 1531/1576/1321 1532/1577/1321 1535/1580/1321
f 1536/1581/1322 1533/1578/1322 1531/1576/1322 1534/1579/1322
f 1535/1580/1323 1532/1577/1323 1537/1582/1323 1538/1583/1323
f 1532/1577/1324 1526/1571/1324 1525/1570/1324 1537/1582/1324
f 1538/1583/1325 1537/1582/1325 818/842/1325 803/827/1325
f 1537/1582/1326 1525/1570/1326 819/843/1326 818/842/1326
f 1539/1584/1327 1535/1580/1327 1538/1583/1327 1540/1585/1327
f 1540/1585/1328 1538/1583/1328 803/827/1328 802/826/1328
f 1541/1586/1329 1540/1585/1329 802/826/1329 799/823/1329
f 1542/1587/1330 1539/1584/1330 1540/1585/1330 1541/1586/1330
f 1543/1588/1331 1544/1589/1331 1539/1584/1331 1542/1587/1331
f 1544/1589/1332 1534/1579/1332 1535/1580/1332 1539/1584/1332
f 1545/1590/1333 1546/1591/1333 1544/1589/1333 1543/1588/1333
f 1546/1591/1334 1536/1581/1334 1534/1579/1334 1544/1589/1334
f 1547/1592/1335 1543/1588/1335 1542/1587/1335 1548/1593/1335
f 1549/1594/1336 1545/1590/1336 1543/1588/1336 1547/1592/1336
f 1550/1595/1337 1547/1592/1337 1548/1593/1337 1551/1596/1337
f 1552/1597/1338 1549/1594/1338 1547/1592/1338 1550/1595/1338
f 1551/1596/1339 1548/1593/1339 1553/1598/1339 1554/1599/1339
f 1548/1593/1340 1542/1587/1340 1541/1586/1340 1553/1598/1340
f 1554/1599/1341 1553/1598/1341 798/822/1341 783/807/1341
f 1553/1598/1342 1541/1586/1342 799/823/1342 798/822/1342
f 1555/1600/1343 1551/1596/1343 1554/1599/1343 1556/1601/1343
f 1556/1601/1344 1554/1599/1344 783/807/1344 782/806/1344
f 1557/1602/1345 1556/1601/1345 782/806/1345 779/803/1345
f 1558/1603/1346 1555/1600/1346 1556/1601/1346 1557/1602/1346
f 1559/1604/1347 1560/1605/1347 1555/1600/1347 1558/1603/1347
f 1560/1605/1348 1550/1595/1348 1551/1596/1348 1555/1600/1348
f 1561/1606/1349 1562/1607/1349 1560/1605/1349 1559/1604/1349
f 1562/1607/1350 1552/1597/1350 1550/1595/1350 1560/1605/1350
f 1563/1608/1351 1559/1604/1351 1558/1603/1351 1564/1609/1351
f 1565/1610/1352 1561/1606/1352 1559/1604/1352 1563/1608/1352
f 1566/1611/1353 1563/1608/1353 1564/1609/1353 1567/1612/1353
f 1568/1613/1354 1565/1610/1354 1563/1608/1354 1566/1611/1354
f 1567/1612/1355 1564/1609/1355 1569/1614/1355 1570/1615/1355
f 1564/1609/1356 1558/1603/1356 1557/1602/1356 1569/1614/1356
f 1570/1615/1357 1569/1614/1357 778/802/1357 763/787/1357
f 1569/1614/1358 1557/1602/1358 779/803/1358 778/802/1358
f 1571/1616/1359 1567/1612/1359 1570/1615/1359 1572/1617/1359
f 1572/1617/1360 1570/1615/1360 763/787/1360 762/786/1360
f 1573/1618/1361 1572/1617/1361 762/786/1361 759/783/1361
f 1574/1619/1362 1571/1616/1362 1572/1617/1362 1573/1618/1362
f 1575/1620/1363 1576/1621/1363 1571/1616/1363 1574/1619/1363
f 1576/1621/1364 1566/1611/1364 1567/1612/1364 1571/1616/1364
f 1577/1622/1365 1578/1623/1365 1576/1621/1365 1575/1620/1365
f 1578/1623/1366 1568/1613/1366 1566/1611/1366 1576/1621/1366
f 1579/1624/1367 1575/1620/1367 1574/1619/1367 1580/1625/1367
f 1581/1626/1368 1577/1622/1368 1575/1620/1368 1579/1624/1368
f 1582/1627/1369 1579/1624/1369 1580/1625/1369 1583/1628/1369
f 1584/1629/1370 1581/1626/1370 1579/1624/1370 1582/1627/1370
f 1583/1628/1371 1580/1625/1371 1585/1630/1371 1586/1631/1371
f 1580/1625/1372 1574/1619/1372 1573/1618/1372 1585/1630/1372
f 1586/1631/1373 1585/1630/1373 758/782/1373 743/767/1373
f 1585/1630/1374 1573/1618/1374 759/783/1374 758/782/1374
f 1587/1632/1375 1583/1628/1375 1586/1631/1375 1588/1633/1375
f 1588/1633/1376 1586/1631/1376 743/767/1376 742/766/1376
f 1589/1634/1377 1588/1633/1377 742/766/1377 739/763/1377
f 1590/1635/1378 1587/1632/1378 1588/1633/1378 1589/1634/1378
f 1591/1636/1379 1592/1637/1379 1587/1632/1379 1590/1635/1379
f 1592/1637/1380 1582/1627/1380 1583/1628/1380 1587/1632/1380
f 1593/1638/1381 1594/1639/1381 1592/1637/1381 1591/1636/1381
f 1594/1639/1382 1584/1629/1382 1582/1627/1382 1592/1637/1382
f 1595/1640/1383 1591/1636/1383 1590/1635/1383 1596/1641/1383
f 1597/1642/1384 1593/1638/1384 1591/1636/1384 1595/1640/1384
f 1598/1643/1385 1595/1640/1385 1596/1641/1385 1599/1644/1385
f 1600/1645/1386 1597/1642/1386 1595/1640/1386 1598/1643/1386
f 1599/1644/1387 1596/1641/1387 1601/1646/1387 1602/1647/1387
f 1596/1641/1388 1590/1635/1388 1589/1634/1388 1601/1646/1388
f 1602/1647/1389 1601/1646/1389 738/762/1389 723/747/1389
f 1601/1646/1390 1589/1634/1390 739/763/1390 738/762/1390
f 1603/1648/1391 1599/1644/1391 1602/1647/1391 1604/1649/1391
f 1604/1649/1392 1602/1647/1392 723/747/1392 722/746/1392
f 1605/1650/1393 1604/1649/1393 722/746/1393 719/743/1393
f 1606/1651/1394 1603/1648/1394 1604/1649/1394 1605/1650/1394
f 1607/1652/1395 1608/1653/1395 1603/1648/1395 1606/1651/1395
f 1608/1653/1396 1598/1643/1396 1599/1644/1396 1603/1648/1396
f 1609/1654/1397 1610/1655/1397 1608/1653/1397 1607/1652/1397
f 1610/1655/1398 1600/1645/1398 1598/1643/1398 1608/1653/1398
f 1611/1656/1399 1607/1652/1399 1606/1651/1399 1612/1657/1399
f 1613/1658/1400 1609/1654/1400 1607/1652/1400 1611/1656/1400
f 1614/1659/1401 1611/1656/1401 1612/1657/1401 1615/1660/1401
f 1616/1661/1402 1613/1658/1402 1611/1656/1402 1614/1659/1402
f 1615/1660/1403 1612/1657/1403 1617/1662/1403 1618/1663/1403
f 1612/1657/1404 1606/1651/1404 1605/1650/1404 1617/1662/1404
f 1618/1663/1405 1617/1662/1405 718/742/1405 703/727/1405
f 1617/1662/1406 1605/1650/1406 719/743/1406 718/742/1406
f 1619/1664/1407 1615/1660/1407 1618/1663/1407 1620/1665/1407
f 1620/1665/1408 1618/1663/1408 703/727/1408 702/726/1408
f 1621/1666/1409 1620/1665/1409 702/726/1409 699/723/1409
f 1622/1667/1410 1619/1664/1410 1620/1665/1410 1621/1666/1410
f 1623/1668/1411 1624/1669/1411 1619/1664/1411 1622/1667/1411
f 1624/1669/1412 1614/1659/1412 1615/1660/1412 1619/1664/1412
f 1625/1670/1413 1626/1671/1413 1624/1669/1413 1623/1668/1413
f 1626/1671/1414 1616/1661/1414 1614/1659/1414 1624/1669/1414
f 1627/1672/1415 1623/1668/1415 1622/1667/1415 1628/1673/1415
f 1629/1674/1416 1625/1670/1416 1623/1668/1416 1627/1672/1416
f 1630/1675/1417 1627/1676/1417 1628/1677/1417 1631/1678/1417
f 1632/1679/1418 1629/1680/1418 1627/1676/1418 1630/1675/1418
f 1631/1678/1419 1628/1677/1419 1633/1681/1419 1634/1682/1419
f 1628/1673/1420 1622/1667/1420 1621/1666/1420 1633/1683/1420
f 1634/1682/1421 1633/1681/1421 698/721/1421 683/702/1421
f 1633/1683/1422 1621/1666/1422 699/723/1422 698/722/1422
f 1635/1684/1423 1631/1678/1423 1634/1682/1423 1636/1685/1423
f 1636/1685/1424 1634/1682/1424 683/702/1424 682/701/1424
f 1637/1686/1425 1636/1685/1425 682/701/1425 679/698/1425
f 1638/1687/1426 1635/1684/1426 1636/1685/1426 1637/1686/1426
f 1639/1688/1427 1640/1689/1427 1635/1684/1427 1638/1687/1427
f 1640/1689/1428 1630/1675/1428 1631/1678/1428 1635/1684/1428
f 1641/1690/1429 1642/1691/1429 1640/1689/1429 1639/1688/1429
f 1642/1691/1430 1632/1679/1430 1630/1675/1430 1640/1689/1430
f 1643/1692/1431 1639/1688/1431 1638/1687/1431 1644/1693/1431
f 1645/1694/1432 1641/1690/1432 1639/1688/1432 1643/1692/1432
f 1646/1695/1433 1643/1692/1433 1644/1693/1433 1647/1696/1433
f 1648/1697/1434 1645/1694/1434 1643/1692/1434 1646/1695/1434
f 1647/1696/1435 1644/1693/1435 1649/1698/1435 1650/1699/1435
f 1644/1693/1436 1638/1687/1436 1637/1686/1436 1649/1698/1436
f 1650/1699/1437 1649/1698/1437 678/697/1437 663/682/1437
f 1649/1698/1438 1637/1686/1438 679/698/1438 678/697/1438
f 1651/1700/1439 1647/1696/1439 1650/1699/1439 1652/1701/1439
f 1652/1701/1440 1650/1699/1440 663/682/1440 662/681/1440
f 1653/1702/1441 1652/1701/1441 662/681/1441 659/678/1441
f 1654/1703/1442 1651/1700/1442 1652/1701/1442 1653/1702/1442
f 1655/1704/1443 1656/1705/1443 1651/1700/1443 1654/1703/1443
f 1656/1705/1444 1646/1695/1444 1647/1696/1444 1651/1700/1444
f 1657/1706/1445 1658/1707/1445 1656/1705/1445 1655/1704/1445
f 1658/1707/1446 1648/1697/1446 1646/1695/1446 1656/1705/1446
f 1659/1708/1447 1655/1704/1447 1654/1703/1447 1660/1709/1447
f 1661/1710/1448 1657/1706/1448 1655/1704/1448 1659/1708/1448
f 1662/1711/1449 1659/1708/1449 1660/1709/1449 1663/1712/1449
f 1664/1713/1450 1661/1710/1450 1659/1708/1450 1662/1711/1450
f 1663/1712/1451 1660/1709/1451 1665/1714/1451 1666/1715/1451
f 1660/1709/1452 1654/1703/1452 1653/1702/1452 1665/1714/1452
f 1666/1715/1453 1665/1714/1453 658/677/1453 643/662/1453
f 1665/1714/1454 1653/1702/1454 659/678/1454 658/677/1454
f 1667/1716/1455 1663/1712/1455 1666/1715/1455 1668/1717/1455
f 1668/1717/1456 1666/1715/1456 643/662/1456 642/661/1456
f 1669/1718/1457 1668/1717/1457 642/661/1457 639/658/1457
f 1670/1719/1458 1667/1716/1458 1668/1717/1458 1669/1718/1458
f 1671/1720/1459 1672/1721/1459 1667/1716/1459 1670/1719/1459
f 1672/1721/1460 1662/1711/1460 1663/1712/1460 1667/1716/1460
f 1673/1722/1461 1674/1723/1461 1672/1721/1461 1671/1720/1461
f 1674/1723/1462 1664/1713/1462 1662/1711/1462 1672/1721/1462
f 1675/1724/1463 1671/1720/1463 1670/1719/1463 1676/1725/1463
f 1677/1726/1464 1673/1722/1464 1671/1720/1464 1675/1724/1464
f 1678/1727/1465 1675/1724/1465 1676/1725/1465 1679/1728/1465
f 1680/1729/1466 1677/1726/1466 1675/1724/1466 1678/1727/1466
f 1679/1728/1467 1676/1725/1467 1681/1730/1467 1682/1731/1467
f 1676/1725/1468 1670/1719/1468 1669/1718/1468 1681/1730/1468
f 1682/1731/1469 1681/1730/1469 638/657/1469 623/638/1469
f 1681/1730/1470 1669/1718/1470 639/658/1470 638/657/1470
f 1683/1732/1471 1679/1728/1471 1682/1731/1471 1684/1733/1471
f 1684/1733/1472 1682/1731/1472 623/638/1472 622/637/1472
f 1685/1734/1473 1684/1735/1473 622/636/1473 619/633/1473
f 1686/1736/1474 1683/1737/1474 1684/1735/1474 1685/1734/1474
f 1687/1738/1475 1688/1739/1475 1683/1737/1475 1686/1736/1475
f 1688/1740/1476 1678/1727/1476 1679/1728/1476 1683/1732/1476
f 1689/1741/1477 1690/1742/1477 1688/1739/1477 1687/1738/1477
f 1690/1743/1478 1680/1729/1478 1678/1727/1478 1688/1740/1478
f 1691/1744/1479 1687/1738/1479 1686/1736/1479 1692/1745/1479
f 1693/1746/1480 1689/1741/1480 1687/1738/1480 1691/1744/1480
f 1694/1747/1481 1691/1744/1481 1692/1745/1481 1695/1748/1481
f 1696/1749/1482 1693/1746/1482 1691/1744/1482 1694/1747/1482
f 1695/1748/1483 1692/1745/1483 1697/1750/1483 1698/1751/1483
f 1692/1745/1484 1686/1736/1484 1685/1734/1484 1697/1750/1484
f 1698/1751/1485 1697/1750/1485 618/632/1485 603/617/1485
f 1697/1750/1486 1685/1734/1486 619/633/1486 618/632/1486
f 1699/1752/1487 1695/1748/1487 1698/1751/1487 1700/1753/1487
f 1700/1753/1488 1698/1751/1488 603/617/1488 602/616/1488
f 1701/1754/1489 1700/1753/1489 602/616/1489 599/613/1489
f 1702/1755/1490 1699/1752/1490 1700/1753/1490 1701/1754/1490
f 1703/1756/1491 1704/1757/1491 1699/1752/1491 1702/1755/1491
f 1704/1757/1492 1694/1747/1492 1695/1748/1492 1699/1752/1492
f 1705/1758/1493 1706/1759/1493 1704/1757/1493 1703/1756/1493
f 1706/1759/1494 1696/1749/1494 1694/1747/1494 1704/1757/1494
f 1707/1760/1495 1703/1756/1495 1702/1755/1495 1708/1761/1495
f 1709/1762/1496 1705/1758/1496 1703/1756/1496 1707/1760/1496
f 1710/1763/1497 1707/1760/1497 1708/1761/1497 1711/1764/1497
f 1712/1765/1498 1709/1762/1498 1707/1760/1498 1710/1763/1498
f 1711/1764/1499 1708/1761/1499 1713/1766/1499 1714/1767/1499
f 1708/1761/1500 1702/1755/1500 1701/1754/1500 1713/1766/1500
f 1714/1767/1501 1713/1766/1501 598/612/1501 583/597/1501
f 1713/1766/1502 1701/1754/1502 599/613/1502 598/612/1502
f 1715/1768/1503 1711/1764/1503 1714/1767/1503 1716/1769/1503
f 1716/1769/1504 1714/1767/1504 583/597/1504 582/596/1504
f 1717/1770/1505 1716/1769/1505 582/596/1505 579/593/1505
f 1718/1771/1506 1715/1768/1506 1716/1769/1506 1717/1770/1506
f 1719/1772/1507 1720/1773/1507 1715/1768/1507 1718/1771/1507
f 1720/1773/1508 1710/1763/1508 1711/1764/1508 1715/1768/1508
f 1721/1774/1509 1722/1775/1509 1720/1773/1509 1719/1772/1509
f 1722/1775/1510 1712/1765/1510 1710/1763/1510 1720/1773/1510
f 1723/1776/1511 1719/1772/1511 1718/1771/1511 1724/1777/1511
f 1725/1778/1512 1721/1774/1512 1719/1772/1512 1723/1776/1512
f 1726/1779/1513 1723/1776/1513 1724/1777/1513 1727/1780/1513
f 1728/1781/1514 1725/1778/1514 1723/1776/1514 1726/1779/1514
f 1727/1780/1515 1724/1777/1515 1729/1782/1515 1730/1783/1515
f 1724/1777/1516 1718/1771/1516 1717/1770/1516 1729/1782/1516
f 1730/1783/1517 1729/1782/1517 578/592/1517 563/577/1517
f 1729/1782/1518 1717/1770/1518 579/593/1518 578/592/1518
f 1731/1784/1519 1727/1780/1519 1730/1783/1519 1732/1785/1519
f 1732/1785/1520 1730/1783/1520 563/577/1520 562/576/1520
f 1733/1786/1521 1732/1785/1521 562/576/1521 559/573/1521
f 1734/1787/1522 1731/1784/1522 1732/1785/1522 1733/1786/1522
f 1735/1788/1523 1736/1789/1523 1731/1784/1523 1734/1787/1523
f 1736/1789/1524 1726/1779/1524 1727/1780/1524 1731/1784/1524
f 1737/1790/1525 1738/1791/1525 1736/1789/1525 1735/1788/1525
f 1738/1791/1526 1728/1781/1526 1726/1779/1526 1736/1789/1526
f 1739/1792/1527 1735/1788/1527 1734/1787/1527 1740/1793/1527
f 1741/1794/1528 1737/1790/1528 1735/1788/1528 1739/1792/1528
f 1742/1795/1529 1739/1792/1529 1740/1793/1529 1743/1796/1529
f 1744/1797/1530 1741/1794/1530 1739/1792/1530 1742/1795/1530
f 1743/1796/1531 1740/1793/1531 1745/1798/1531 1746/1799/1531
f 1740/1793/1532 1734/1787/1532 1733/1786/1532 1745/1798/1532
f 1746/1799/1533 1745/1798/1533 558/572/1533 543/557/1533
f 1745/1798/1534 1733/1786/1534 559/573/1534 558/572/1534
f 1747/1800/1535 1743/1796/1535 1746/1799/1535 1748/1801/1535
f 1748/1801/1536 1746/1799/1536 543/557/1536 542/556/1536
f 1749/1802/1537 1748/1801/1537 542/556/1537 539/553/1537
f 1750/1803/1538 1747/1800/1538 1748/1801/1538 1749/1802/1538
f 1751/1804/1539 1752/1805/1539 1747/1800/1539 1750/1803/1539
f 1752/1805/1540 1742/1795/1540 1743/1796/1540 1747/1800/1540
f 1753/1806/1541 1754/1807/1541 1752/1805/1541 1751/1804/1541
f 1754/1807/1542 1744/1797/1542 1742/1795/1542 1752/1805/1542
f 1755/1808/1543 1751/1804/1543 1750/1803/1543 1756/1809/1543
f 1757/1810/1544 1753/1806/1544 1751/1804/1544 1755/1808/1544
f 1758/1811/1545 1755/1808/1545 1756/1809/1545 1759/1812/1545
f 1760/1813/1546 1757/1810/1546 1755/1808/1546 1758/1811/1546
f 1759/1812/1547 1756/1809/1547 1761/1814/1547 1762/1815/1547
f 1756/1809/1548 1750/1803/1548 1749/1802/1548 1761/1814/1548
f 1762/1815/1549 1761/1814/1549 538/552/1549 525/539/1549
f 1761/1814/1550 1749/1802/1550 539/553/1550 538/552/1550
f 1763/1816/1551 1759/1812/1551 1762/1815/1551 1764/1817/1551
f 1764/1817/1552 1762/1815/1552 525/539/1552 524/538/1552
f 1765/1818/1553 1764/1817/1553 524/538/1553 521/535/1553
f 1766/1819/1554 1763/1816/1554 1764/1817/1554 1765/1818/1554
f 1767/1820/1555 1768/1821/1555 1763/1816/1555 1766/1819/1555
f 1768/1821/1556 1758/1811/1556 1759/1812/1556 1763/1816/1556
f 1769/1822/1557 1770/1823/1557 1768/1821/1557 1767/1820/1557
f 1770/1823/1558 1760/1813/1558 1758/1811/1558 1768/1821/1558
f 1771/1824/1559 1767/1820/1559 1766/1819/1559 1772/1825/1559
f 1773/1826/1560 1769/1822/1560 1767/1820/1560 1771/1824/1560
f 131/139/1561 1771/1824/1561 1772/1825/1561 132/140/1561
f 118/126/1562 1773/1826/1562 1771/1824/1562 131/139/1562
f 132/140/1563 1772/1825/1563 1774/1827/1563 135/143/1563
f 1772/1825/1564 1766/1819/1564 1765/1818/1564 1774/1827/1564
f 135/143/1565 1774/1827/1565 520/534/1565 138/146/1565
f 1774/1827/1566 1765/1818/1566 521/535/1566 520/534/1566
f 115/123/1567 1775/1828/1567 1773/1826/1567 118/126/1567
f 1775/1828/1568 1776/1829/1568 1769/1822/1568 1773/1826/1568
f 112/120/1569 1777/1830/1569 1775/1828/1569 115/123/1569
f 1777/1830/1570 1778/1831/1570 1776/1829/1570 1775/1828/1570
f 111/119/1571 1779/1832/1571 1777/1830/1571 112/120/1571
f 1779/1832/1572 1780/1833/1572 1778/1831/1572 1777/1830/1572
f 100/108/1573 1781/1834/1573 1779/1832/1573 111/119/1573
f 1781/1834/1574 1782/1835/1574 1780/1833/1574 1779/1832/1574
f 1780/1833/1575 1783/1836/1575 1784/1837/1575 1778/1831/1575
f 1782/1835/1576 1785/1838/1576 1783/1836/1576 1780/1833/1576
f 1785/1838/1577 1786/1839/1577 1787/1840/1577 1783/1836/1577
f 1783/1836/1578 1787/1840/1578 1788/1841/1578 1784/1837/1578
f 1778/1831/1579 1784/1837/1579 1789/1842/1579 1776/1829/1579
f 1784/1837/1580 1788/1841/1580 1790/1843/1580 1789/1842/1580
f 1776/1829/1581 1789/1842/1581 1770/1823/1581 1769/1822/1581
f 1789/1842/1582 1790/1843/1582 1760/1813/1582 1770/1823/1582
f 1790/1843/1583 1791/1844/1583 1757/1810/1583 1760/1813/1583
f 1788/1841/1584 1792/1845/1584 1791/1844/1584 1790/1843/1584
f 1791/1844/1585 1793/1846/1585 1753/1806/1585 1757/1810/1585
f 1792/1845/1586 1794/1847/1586 1793/1846/1586 1791/1844/1586
f 1787/1840/1587 1795/1848/1587 1792/1845/1587 1788/1841/1587
f 1795/1848/1588 1796/1849/1588 1794/1847/1588 1792/1845/1588
f 1786/1839/1589 1797/1850/1589 1795/1848/1589 1787/1840/1589
f 1797/1850/1590 1798/1851/1590 1796/1849/1590 1795/1848/1590
f 1796/1849/1591 1799/1852/1591 1800/1853/1591 1794/1847/1591
f 1798/1851/1592 1801/1854/1592 1799/1852/1592 1796/1849/1592
f 1801/1854/1593 1802/1855/1593 1803/1856/1593 1799/1852/1593
f 1799/1852/1594 1803/1856/1594 1804/1857/1594 1800/1853/1594
f 1794/1847/1595 1800/1853/1595 1805/1858/1595 1793/1846/1595
f 1800/1853/1596 1804/1857/1596 1806/1859/1596 1805/1858/1596
f 1793/1846/1597 1805/1858/1597 1754/1807/1597 1753/1806/1597
f 1805/1858/1598 1806/1859/1598 1744/1797/1598 1754/1807/1598
f 1806/1859/1599 1807/1860/1599 1741/1794/1599 1744/1797/1599
f 1804/1857/1600 1808/1861/1600 1807/1860/1600 1806/1859/1600
f 1807/1860/1601 1809/1862/1601 1737/1790/1601 1741/1794/1601
f 1808/1861/1602 1810/1863/1602 1809/1862/1602 1807/1860/1602
f 1803/1856/1603 1811/1864/1603 1808/1861/1603 1804/1857/1603
f 1811/1864/1604 1812/1865/1604 1810/1863/1604 1808/1861/1604
f 1802/1855/1605 1813/1866/1605 1811/1864/1605 1803/1856/1605
f 1813/1866/1606 1814/1867/1606 1812/1865/1606 1811/1864/1606
f 1812/1865/1607 1815/1868/1607 1816/1869/1607 1810/1863/1607
f 1814/1867/1608 1817/1870/1608 1815/1868/1608 1812/1865/1608
f 1817/1870/1609 1818/1871/1609 1819/1872/1609 1815/1868/1609
f 1815/1868/1610 1819/1872/1610 1820/1873/1610 1816/1869/1610
f 1810/1863/1611 1816/1869/1611 1821/1874/1611 1809/1862/1611
f 1816/1869/1612 1820/1873/1612 1822/1875/1612 1821/1874/1612
f 1809/1862/1613 1821/1874/1613 1738/1791/1613 1737/1790/1613
f 1821/1874/1614 1822/1875/1614 1728/1781/1614 1738/1791/1614
f 1822/1875/1615 1823/1876/1615 1725/1778/1615 1728/1781/1615
f 1820/1873/1616 1824/1877/1616 1823/1876/1616 1822/1875/1616
f 1823/1876/1617 1825/1878/1617 1721/1774/1617 1725/1778/1617
f 1824/1877/1618 1826/1879/1618 1825/1878/1618 1823/1876/1618
f 1819/1872/1619 1827/1880/1619 1824/1877/1619 1820/1873/1619
f 1827/1880/1620 1828/1881/1620 1826/1879/1620 1824/1877/1620
f 1818/1871/1621 1829/1882/1621 1827/1880/1621 1819/1872/1621
f 1829/1882/1622 1830/1883/1622 1828/1881/1622 1827/1880/1622
f 1828/1881/1623 1831/1884/1623 1832/1885/1623 1826/1879/1623
f 1830/1883/1624 1833/1886/1624 1831/1884/1624 1828/1881/1624
f 1833/1886/1625 1834/1887/1625 1835/1888/1625 1831/1884/1625
f 1831/1884/1626 1835/1888/1626 1836/1889/1626 1832/1885/1626
f 1826/1879/1627 1832/1885/1627 1837/1890/1627 1825/1878/1627
f 1832/1885/1628 1836/1889/1628 1838/1891/1628 1837/1890/1628
f 1825/1878/1629 1837/1890/1629 1722/1775/1629 1721/1774/1629
f 1837/1890/1630 1838/1891/1630 1712/1765/1630 1722/1775/1630
f 1838/1891/1631 1839/1892/1631 1709/1762/1631 1712/1765/1631
f 1836/1889/1632 1840/1893/1632 1839/1892/1632 1838/1891/1632
f 1839/1892/1633 1841/1894/1633 1705/1758/1633 1709/1762/1633
f 1840/1893/1634 1842/1895/1634 1841/1894/1634 1839/1892/1634
f 1835/1888/1635 1843/1896/1635 1840/1893/1635 1836/1889/1635
f 1843/1896/1636 1844/1897/1636 1842/1895/1636 1840/1893/1636
f 1834/1887/1637 1845/1898/1637 1843/1896/1637 1835/1888/1637
f 1845/1898/1638 1846/1899/1638 1844/1897/1638 1843/1896/1638
f 1844/1897/1639 1847/1900/1639 1848/1901/1639 1842/1895/1639
f 1846/1899/1640 1849/1902/1640 1847/1900/1640 1844/1897/1640
f 1849/1902/1641 1850/1903/1641 1851/1904/1641 1847/1900/1641
f 1847/1900/1642 1851/1904/1642 1852/1905/1642 1848/1901/1642
f 1842/1895/1643 1848/1901/1643 1853/1906/1643 1841/1894/1643
f 1848/1901/1644 1852/1905/1644 1854/1907/1644 1853/1906/1644
f 1841/1894/1645 1853/1906/1645 1706/1759/1645 1705/1758/1645
f 1853/1906/1646 1854/1907/1646 1696/1749/1646 1706/1759/1646
f 1854/1907/1647 1855/1908/1647 1693/1746/1647 1696/1749/1647
f 1852/1905/1648 1856/1909/1648 1855/1908/1648 1854/1907/1648
f 1855/1908/1649 1857/1910/1649 1689/1741/1649 1693/1746/1649
f 1856/1909/1650 1858/1911/1650 1857/1910/1650 1855/1908/1650
f 1851/1904/1651 1859/1912/1651 1856/1909/1651 1852/1905/1651
f 1859/1912/1652 1860/1913/1652 1858/1911/1652 1856/1909/1652
f 1850/1903/1653 1861/1914/1653 1859/1912/1653 1851/1904/1653
f 1861/1914/1654 1862/1915/1654 1860/1913/1654 1859/1912/1654
f 1860/1913/1655 1863/1916/1655 1864/1917/1655 1858/1911/1655
f 1862/1915/1656 1865/1918/1656 1863/1916/1656 1860/1913/1656
f 1865/1919/1657 1866/1920/1657 1867/1921/1657 1863/1922/1657
f 1863/1922/1658 1867/1921/1658 1868/1923/1658 1864/1924/1658
f 1858/1911/1659 1864/1917/1659 1869/1925/1659 1857/1910/1659
f 1864/1924/1660 1868/1923/1660 1870/1926/1660 1869/1927/1660
f 1857/1910/1661 1869/1925/1661 1690/1742/1661 1689/1741/1661
f 1869/1927/1662 1870/1926/1662 1680/1729/1662 1690/1743/1662
f 1870/1926/1663 1871/1928/1663 1677/1726/1663 1680/1729/1663
f 1868/1923/1664 1872/1929/1664 1871/1928/1664 1870/1926/1664
f 1871/1928/1665 1873/1930/1665 1673/1722/1665 1677/1726/1665
f 1872/1929/1666 1874/1931/1666 1873/1930/1666 1871/1928/1666
f 1867/1921/1667 1875/1932/1667 1872/1929/1667 1868/1923/1667
f 1875/1932/1668 1876/1933/1668 1874/1931/1668 1872/1929/1668
f 1866/1920/1669 1877/1934/1669 1875/1932/1669 1867/1921/1669
f 1877/1934/1670 1878/1935/1670 1876/1933/1670 1875/1932/1670
f 1876/1933/1671 1879/1936/1671 1880/1937/1671 1874/1931/1671
f 1878/1935/1672 1881/1938/1672 1879/1936/1672 1876/1933/1672
f 1881/1938/1673 1882/1939/1673 1883/1940/1673 1879/1936/1673
f 1879/1936/1674 1883/1940/1674 1884/1941/1674 1880/1937/1674
f 1874/1931/1675 1880/1937/1675 1885/1942/1675 1873/1930/1675
f 1880/1937/1676 1884/1941/1676 1886/1943/1676 1885/1942/1676
f 1873/1930/1677 1885/1942/1677 1674/1723/1677 1673/1722/1677
f 1885/1942/1678 1886/1943/1678 1664/1713/1678 1674/1723/1678
f 1886/1943/1679 1887/1944/1679 1661/1710/1679 1664/1713/1679
f 1884/1941/1680 1888/1945/1680 1887/1944/1680 1886/1943/1680
f 1887/1944/1681 1889/1946/1681 1657/1706/1681 1661/1710/1681
f 1888/1945/1682 1890/1947/1682 1889/1946/1682 1887/1944/1682
f 1883/1940/1683 1891/1948/1683 1888/1945/1683 1884/1941/1683
f 1891/1948/1684 1892/1949/1684 1890/1947/1684 1888/1945/1684
f 1882/1939/1685 1893/1950/1685 1891/1948/1685 1883/1940/1685
f 1893/1950/1686 1894/1951/1686 1892/1949/1686 1891/1948/1686
f 1892/1949/1687 1895/1952/1687 1896/1953/1687 1890/1947/1687
f 1894/1951/1688 1897/1954/1688 1895/1952/1688 1892/1949/1688
f 1897/1954/1689 1898/1955/1689 1899/1956/1689 1895/1952/1689
f 1895/1952/1690 1899/1956/1690 1900/1957/1690 1896/1953/1690
f 1890/1947/1691 1896/1953/1691 1901/1958/1691 1889/1946/1691
f 1896/1953/1692 1900/1957/1692 1902/1959/1692 1901/1958/1692
f 1889/1946/1693 1901/1958/1693 1658/1707/1693 1657/1706/1693
f 1901/1958/1694 1902/1959/1694 1648/1697/1694 1658/1707/1694
f 1902/1959/1695 1903/1960/1695 1645/1694/1695 1648/1697/1695
f 1900/1957/1696 1904/1961/1696 1903/1960/1696 1902/1959/1696
f 1903/1960/1697 1905/1962/1697 1641/1690/1697 1645/1694/1697
f 1904/1961/1698 1906/1963/1698 1905/1962/1698 1903/1960/1698
f 1899/1956/1699 1907/1964/1699 1904/1961/1699 1900/1957/1699
f 1907/1964/1700 1908/1965/1700 1906/1963/1700 1904/1961/1700
f 1898/1955/1701 1909/1966/1701 1907/1964/1701 1899/1956/1701
f 1909/1966/1702 1910/1967/1702 1908/1965/1702 1907/1964/1702
f 1908/1965/1703 1911/1968/1703 1912/1969/1703 1906/1963/1703
f 1910/1967/1704 1913/1970/1704 1911/1968/1704 1908/1965/1704
f 1913/1970/1705 1914/1971/1705 1915/1972/1705 1911/1968/1705
f 1911/1968/1706 1915/1972/1706 1916/1973/1706 1912/1969/1706
f 1906/1963/1707 1912/1969/1707 1917/1974/1707 1905/1962/1707
f 1912/1969/1708 1916/1973/1708 1918/1975/1708 1917/1974/1708
f 1905/1962/1709 1917/1974/1709 1642/1691/1709 1641/1690/1709
f 1917/1974/1710 1918/1975/1710 1632/1679/1710 1642/1691/1710
f 1918/1975/1711 1919/1976/1711 1629/1680/1711 1632/1679/1711
f 1916/1973/1712 1920/1977/1712 1919/1976/1712 1918/1975/1712
f 1919/1978/1713 1921/1979/1713 1625/1670/1713 1629/1674/1713
f 1920/1980/1714 1922/1981/1714 1921/1979/1714 1919/1978/1714
f 1915/1972/1715 1923/1982/1715 1920/1977/1715 1916/1973/1715
f 1923/1983/1716 1924/1984/1716 1922/1981/1716 1920/1980/1716
f 1914/1971/1717 1925/1985/1717 1923/1982/1717 1915/1972/1717
f 1925/1986/1718 1926/1987/1718 1924/1984/1718 1923/1983/1718
f 1924/1984/1719 1927/1988/1719 1928/1989/1719 1922/1981/1719
f 1926/1987/1720 1929/1990/1720 1927/1988/1720 1924/1984/1720
f 1929/1990/1721 1930/1991/1721 1931/1992/1721 1927/1988/1721
f 1927/1988/1722 1931/1992/1722 1932/1993/1722 1928/1989/1722
f 1922/1981/1723 1928/1989/1723 1933/1994/1723 1921/1979/1723
f 1928/1989/1724 1932/1993/1724 1934/1995/1724 1933/1994/1724
f 1921/1979/1725 1933/1994/1725 1626/1671/1725 1625/1670/1725
f 1933/1994/1726 1934/1995/1726 1616/1661/1726 1626/1671/1726
f 1934/1995/1727 1935/1996/1727 1613/1658/1727 1616/1661/1727
f 1932/1993/1728 1936/1997/1728 1935/1996/1728 1934/1995/1728
f 1935/1996/1729 1937/1998/1729 1609/1654/1729 1613/1658/1729
f 1936/1997/1730 1938/1999/1730 1937/1998/1730 1935/1996/1730
f 1931/1992/1731 1939/2000/1731 1936/1997/1731 1932/1993/1731
f 1939/2000/1732 1940/2001/1732 1938/1999/1732 1936/1997/1732
f 1930/1991/1733 1941/2002/1733 1939/2000/1733 1931/1992/1733
f 1941/2002/1734 1942/2003/1734 1940/2001/1734 1939/2000/1734
f 1940/2001/1735 1943/2004/1735 1944/2005/1735 1938/1999/1735
f 1942/2003/1736 1945/2006/1736 1943/2004/1736 1940/2001/1736
f 1945/2006/1737 1946/2007/1737 1947/2008/1737 1943/2004/1737
f 1943/2004/1738 1947/2008/1738 1948/2009/1738 1944/2005/1738
f 1938/1999/1739 1944/2005/1739 1949/2010/1739 1937/1998/1739
f 1944/2005/1740 1948/2009/1740 1950/2011/1740 1949/2010/1740
f 1937/1998/1741 1949/2010/1741 1610/1655/1741 1609/1654/1741
f 1949/2010/1742 1950/2011/1742 1600/1645/1742 1610/1655/1742
f 1950/2011/1743 1951/2012/1743 1597/1642/1743 1600/1645/1743
f 1948/2009/1744 1952/2013/1744 1951/2012/1744 1950/2011/1744
f 1951/2012/1745 1953/2014/1745 1593/1638/1745 1597/1642/1745
f 1952/2013/1746 1954/2015/1746 1953/2014/1746 1951/2012/1746
f 1947/2008/1747 1955/2016/1747 1952/2013/1747 1948/2009/1747
f 1955/2016/1748 1956/2017/1748 1954/2015/1748 1952/2013/1748
f 1946/2007/1749 1957/2018/1749 1955/2016/1749 1947/2008/1749
f 1957/2018/1750 1958/2019/1750 1956/2017/1750 1955/2016/1750
f 1956/2017/1751 1959/2020/1751 1960/2021/1751 1954/2015/1751
f 1958/2019/1752 1961/2022/1752 1959/2020/1752 1956/2017/1752
f 1961/2022/1753 1962/2023/1753 1963/2024/1753 1959/2020/1753
f 1959/2020/1754 1963/2024/1754 1964/2025/1754 1960/2021/1754
f 1954/2015/1755 1960/2021/1755 1965/2026/1755 1953/2014/1755
f 1960/2021/1756 1964/2025/1756 1966/2027/1756 1965/2026/1756
f 1953/2014/1757 1965/2026/1757 1594/1639/1757 1593/1638/1757
f 1965/2026/1758 1966/2027/1758 1584/1629/1758 1594/1639/1758
f 1966/2027/1759 1967/2028/1759 1581/1626/1759 1584/1629/1759
f 1964/2025/1760 1968/2029/1760 1967/2028/1760 1966/2027/1760
f 1967/2028/1761 1969/2030/1761 1577/1622/1761 1581/1626/1761
f 1968/2029/1762 1970/2031/1762 1969/2030/1762 1967/2028/1762
f 1963/2024/1763 1971/2032/1763 1968/2029/1763 1964/2025/1763
f 1971/2032/1764 1972/2033/1764 1970/2031/1764 1968/2029/1764
f 1962/2023/1765 1973/2034/1765 1971/2032/1765 1963/2024/1765
f 1973/2034/1766 1974/2035/1766 1972/2033/1766 1971/2032/1766
f 1972/2033/1767 1975/2036/1767 1976/2037/1767 1970/2031/1767
f 1974/2035/1768 1977/2038/1768 1975/2036/1768 1972/2033/1768
f 1977/2038/1769 1978/2039/1769 1979/2040/1769 1975/2036/1769
f 1975/2036/1770 1979/2040/1770 1980/2041/1770 1976/2037/1770
f 1970/2031/1771 1976/2037/1771 1981/2042/1771 1969/2030/1771
f 1976/2037/1772 1980/2041/1772 1982/2043/1772 1981/2042/1772
f 1969/2030/1773 1981/2042/1773 1578/1623/1773 1577/1622/1773
f 1981/2042/1774 1982/2043/1774 1568/1613/1774 1578/1623/1774
f 1982/2043/1775 1983/2044/1775 1565/1610/1775 1568/1613/1775
f 1980/2041/1776 1984/2045/1776 1983/2044/1776 1982/2043/1776
f 1983/2044/1777 1985/2046/1777 1561/1606/1777 1565/1610/1777
f 1984/2045/1778 1986/2047/1778 1985/2046/1778 1983/2044/1778
f 1979/2040/1779 1987/2048/1779 1984/2045/1779 1980/2041/1779
f 1987/2048/1780 1988/2049/1780 1986/2047/1780 1984/2045/1780
f 1978/2039/1781 1989/2050/1781 1987/2048/1781 1979/2040/1781
f 1989/2050/1782 1990/2051/1782 1988/2049/1782 1987/2048/1782
f 1988/2049/1783 1991/2052/1783 1992/2053/1783 1986/2047/1783
f 1990/2051/1784 1993/2054/1784 1991/2052/1784 1988/2049/1784
f 1993/2054/1785 1994/2055/1785 1995/2056/1785 1991/2052/1785
f 1991/2052/1786 1995/2056/1786 1996/2057/1786 1992/2053/1786
f 1986/2047/1787 1992/2053/1787 1997/2058/1787 1985/2046/1787
f 1992/2053/1788 1996/2057/1788 1998/2059/1788 1997/2058/1788
f 1985/2046/1789 1997/2058/1789 1562/1607/1789 1561/1606/1789
f 1997/2058/1790 1998/2059/1790 1552/1597/1790 1562/1607/1790
f 1998/2059/1791 1999/2060/1791 1549/1594/1791 1552/1597/1791
f 1996/2057/1792 2000/2061/1792 1999/2060/1792 1998/2059/1792
f 1999/2060/1793 2001/2062/1793 1545/1590/1793 1549/1594/1793
f 2000/2061/1794 2002/2063/1794 2001/2062/1794 1999/2060/1794
f 1995/2056/1795 2003/2064/1795 2000/2061/1795 1996/2057/1795
f 2003/2064/1796 2004/2065/1796 2002/2063/1796 2000/2061/1796
f 1994/2055/1797 2005/2066/1797 2003/2064/1797 1995/2056/1797
f 2005/2066/1798 2006/2067/1798 2004/2065/1798 2003/2064/1798
f 2004/2065/1799 2007/2068/1799 2008/2069/1799 2002/2063/1799
f 2006/2067/1800 2009/2070/1800 2007/2068/1800 2004/2065/1800
f 2009/2070/1801 2010/2071/1801 2011/2072/1801 2007/2068/1801
f 2007/2068/1802 2011/2072/1802 2012/2073/1802 2008/2069/1802
f 2002/2063/1803 2008/2069/1803 2013/2074/1803 2001/2062/1803
f 2008/2069/1804 2012/2073/1804 2014/2075/1804 2013/2074/1804
f 2001/2062/1805 2013/2074/1805 1546/1591/1805 1545/1590/1805
f 2013/2074/1806 2014/2075/1806 1536/1581/1806 1546/1591/1806
f 2014/2075/1807 2015/2076/1807 1533/1578/1807 1536/1581/1807
f 2012/2073/1808 2016/2077/1808 2015/2076/1808 2014/2075/1808
f 2015/2076/1809 2017/2078/1809 1529/1574/1809 1533/1578/1809
f 2016/2077/1810 2018/2079/1810 2017/2078/1810 2015/2076/1810
f 2011/2072/1811 2019/2080/1811 2016/2077/1811 2012/2073/1811
f 2019/2080/1812 2020/2081/1812 2018/2079/1812 2016/2077/1812
f 2010/2071/1813 2021/2082/1813 2019/2080/1813 2011/2072/1813
f 2021/2082/1814 2022/2083/1814 2020/2081/1814 2019/2080/1814
f 2020/2081/1815 2023/2084/1815 2024/2085/1815 2018/2079/1815
f 2022/2083/1816 2025/2086/1816 2023/2084/1816 2020/2081/1816
f 2025/2086/1817 2026/2087/1817 2027/2088/1817 2023/2084/1817
f 2023/2084/1818 2027/2088/1818 2028/2089/1818 2024/2085/1818
f 2018/2079/1819 2024/2085/1819 2029/2090/1819 2017/2078/1819
f 2024/2085/1820 2028/2089/1820 2030/2091/1820 2029/2090/1820
f 2017/2078/1821 2029/2090/1821 1530/1575/1821 1529/1574/1821
f 2029/2090/1822 2030/2091/1822 1520/1565/1822 1530/1575/1822
f 2030/2091/1823 2031/2092/1823 1517/1562/1823 1520/1565/1823
f 2028/2089/1824 2032/2093/1824 2031/2092/1824 2030/2091/1824
f 2031/2092/1825 2033/2094/1825 1513/1558/1825 1517/1562/1825
f 2032/2093/1826 2034/2095/1826 2033/2094/1826 2031/2092/1826
f 2027/2088/1827 2035/2096/1827 2032/2093/1827 2028/2089/1827
f 2035/2096/1828 2036/2097/1828 2034/2095/1828 2032/2093/1828
f 2026/2087/1829 2037/2098/1829 2035/2096/1829 2027/2088/1829
f 2037/2098/1830 2038/2099/1830 2036/2097/1830 2035/2096/1830
f 2036/2097/1831 2039/2100/1831 2040/2101/1831 2034/2095/1831
f 2038/2099/1832 2041/2102/1832 2039/2100/1832 2036/2097/1832
f 2041/2102/1833 2042/2103/1833 2043/2104/1833 2039/2100/1833
f 2039/2100/1834 2043/2104/1834 2044/2105/1834 2040/2101/1834
f 2034/2095/1835 2040/2101/1835 2045/2106/1835 2033/2094/1835
f 2040/2101/1836 2044/2105/1836 2046/2107/1836 2045/2106/1836
f 2033/2094/1837 2045/2106/1837 1514/1559/1837 1513/1558/1837
f 2045/2106/1838 2046/2107/1838 1504/1549/1838 1514/1559/1838
f 2046/2107/1839 2047/2108/1839 1499/1544/1839 1504/1549/1839
f 2044/2105/1840 2048/2109/1840 2047/2108/1840 2046/2107/1840
f 2047/2108/1841 2049/2110/1841 1497/1542/1841 1499/1544/1841
f 2048/2109/1842 2050/2111/1842 2049/2110/1842 2047/2108/1842
f 2043/2104/1843 2051/2112/1843 2048/2109/1843 2044/2105/1843
f 2051/2112/1844 2052/2113/1844 2050/2111/1844 2048/2109/1844
f 2042/2103/1845 2053/2114/1845 2051/2112/1845 2043/2104/1845
f 2053/2114/1846 2054/2115/1846 2052/2113/1846 2051/2112/1846
f 2054/2115/1847 2055/2116/1847 2056/2117/1847 2052/2113/1847
f 2052/2113/1848 2056/2117/1848 2057/2118/1848 2050/2111/1848
f 2055/2116/1849 74/82/1849 2058/2119/1849 2056/2117/1849
f 2056/2117/1850 2058/2119/1850 2059/2120/1850 2057/2118/1850
f 2050/2111/1851 2057/2118/1851 2060/2121/1851 2049/2110/1851
f 2057/2118/1852 2059/2120/1852 2061/2122/1852 2060/2121/1852
f 2049/2110/1853 2060/2121/1853 1498/1543/1853 1497/1542/1853
f 2060/2121/1854 2061/2122/1854 1488/1533/1854 1498/1543/1854
f 2061/2122/1855 2062/2123/1855 1485/1530/1855 1488/1533/1855
f 2059/2120/1856 2063/2124/1856 2062/2123/1856 2061/2122/1856
f 2062/2123/1857 2064/2125/1857 1481/1526/1857 1485/1530/1857
f 2063/2124/1858 2065/2126/1858 2064/2125/1858 2062/2123/1858
f 2058/2119/1859 2066/2127/1859 2063/2124/1859 2059/2120/1859
f 2066/2127/1860 2067/2128/1860 2065/2126/1860 2063/2124/1860
f 74/82/1861 73/81/1861 2066/2127/1861 2058/2119/1861
f 73/81/1862 75/83/1862 2067/2128/1862 2066/2127/1862
f 2067/2128/1863 2068/2129/1863 2069/2130/1863 2065/2126/1863
f 75/83/1864 77/85/1864 2068/2129/1864 2067/2128/1864
f 77/85/1865 80/88/1865 104/112/1865 2068/2129/1865
f 2068/2129/1866 104/112/1866 107/115/1866 2069/2130/1866
f 2065/2126/1867 2069/2130/1867 2070/2131/1867 2064/2125/1867
f 2069/2130/1868 107/115/1868 121/129/1868 2070/2131/1868
f 2064/2125/1869 2070/2131/1869 1482/1527/1869 1481/1526/1869
f 2070/2131/1870 121/129/1870 122/130/1870 1482/1527/1870
f 2071/2132/1871 71/79/1871 74/82/1871 2055/2116/1871
f 2072/2133/1872 2071/2132/1872 2055/2116/1872 2054/2115/1872
f 2073/2134/1873 68/76/1873 71/79/1873 2071/2132/1873
f 2074/2135/1874 2073/2134/1874 2071/2132/1874 2072/2133/1874
f 2075/2136/1875 2076/2137/1875 2073/2134/1875 2074/2135/1875
f 2076/2137/1876 66/74/1876 68/76/1876 2073/2134/1876
f 11/13/1877 10/12/1877 2076/2137/1877 2075/2136/1877
f 10/12/1878 14/17/1878 66/74/1878 2076/2137/1878
f 12/15/1879 11/13/1879 2075/2136/1879 2077/2138/1879
f 2077/2138/1880 2075/2136/1880 2074/2135/1880 2078/2139/1880
f 2079/2140/1881 2077/2138/1881 2078/2139/1881 2080/2141/1881
f 2081/2142/1882 12/15/1882 2077/2138/1882 2079/2140/1882
f 2080/2141/1883 2078/2139/1883 2082/2143/1883 2083/2144/1883
f 2078/2139/1884 2074/2135/1884 2072/2133/1884 2082/2143/1884
f 2083/2144/1885 2082/2143/1885 2053/2114/1885 2042/2103/1885
f 2082/2143/1886 2072/2133/1886 2054/2115/1886 2053/2114/1886
f 2084/2145/1887 2080/2141/1887 2083/2144/1887 2085/2146/1887
f 2085/2146/1888 2083/2144/1888 2042/2103/1888 2041/2102/1888
f 2086/2147/1889 2085/2146/1889 2041/2102/1889 2038/2099/1889
f 2087/2148/1890 2084/2145/1890 2085/2146/1890 2086/2147/1890
f 2088/2149/1891 2089/2150/1891 2084/2145/1891 2087/2148/1891
f 2089/2150/1892 2079/2140/1892 2080/2141/1892 2084/2145/1892
f 2090/2151/1893 2091/2152/1893 2089/2150/1893 2088/2149/1893
f 2091/2152/1894 2081/2142/1894 2079/2140/1894 2089/2150/1894
f 2092/2153/1895 2088/2149/1895 2087/2148/1895 2093/2154/1895
f 2094/2155/1896 2090/2151/1896 2088/2149/1896 2092/2153/1896
f 2095/2156/1897 2092/2153/1897 2093/2154/1897 2096/2157/1897
f 2097/2158/1898 2094/2155/1898 2092/2153/1898 2095/2156/1898
f 2096/2157/1899 2093/2154/1899 2098/2159/1899 2099/2160/1899
f 2093/2154/1900 2087/2148/1900 2086/2147/1900 2098/2159/1900
f 2099/2160/1901 2098/2159/1901 2037/2098/1901 2026/2087/1901
f 2098/2159/1902 2086/2147/1902 2038/2099/1902 2037/2098/1902
f 2100/2161/1903 2096/2157/1903 2099/2160/1903 2101/2162/1903
f 2101/2162/1904 2099/2160/1904 2026/2087/1904 2025/2086/1904
f 2102/2163/1905 2101/2162/1905 2025/2086/1905 2022/2083/1905
f 2103/2164/1906 2100/2161/1906 2101/2162/1906 2102/2163/1906
f 2104/2165/1907 2105/2166/1907 2100/2161/1907 2103/2164/1907
f 2105/2166/1908 2095/2156/1908 2096/2157/1908 2100/2161/1908
f 2106/2167/1909 2107/2168/1909 2105/2166/1909 2104/2165/1909
f 2107/2168/1910 2097/2158/1910 2095/2156/1910 2105/2166/1910
f 2108/2169/1911 2104/2165/1911 2103/2164/1911 2109/2170/1911
f 2110/2171/1912 2106/2167/1912 2104/2165/1912 2108/2169/1912
f 2111/2172/1913 2108/2169/1913 2109/2170/1913 2112/2173/1913
f 2113/2174/1914 2110/2171/1914 2108/2169/1914 2111/2172/1914
f 2112/2173/1915 2109/2170/1915 2114/2175/1915 2115/2176/1915
f 2109/2170/1916 2103/2164/1916 2102/2163/1916 2114/2175/1916
f 2115/2176/1917 2114/2175/1917 2021/2082/1917 2010/2071/1917
f 2114/2175/1918 2102/2163/1918 2022/2083/1918 2021/2082/1918
f 2116/2177/1919 2112/2173/1919 2115/2176/1919 2117/2178/1919
f 2117/2178/1920 2115/2176/1920 2010/2071/1920 2009/2070/1920
f 2118/2179/1921 2117/2178/1921 2009/2070/1921 2006/2067/1921
f 2119/2180/1922 2116/2177/1922 2117/2178/1922 2118/2179/1922
f 2120/2181/1923 2121/2182/1923 2116/2177/1923 2119/2180/1923
f 2121/2182/1924 2111/2172/1924 2112/2173/1924 2116/2177/1924
f 2122/2183/1925 2123/2184/1925 2121/2182/1925 2120/2181/1925
f 2123/2184/1926 2113/2174/1926 2111/2172/1926 2121/2182/1926
f 2124/2185/1927 2120/2181/1927 2119/2180/1927 2125/2186/1927
f 2126/2187/1928 2122/2183/1928 2120/2181/1928 2124/2185/1928
f 2127/2188/1929 2124/2185/1929 2125/2186/1929 2128/2189/1929
f 2129/2190/1930 2126/2187/1930 2124/2185/1930 2127/2188/1930
f 2128/2189/1931 2125/2186/1931 2130/2191/1931 2131/2192/1931
f 2125/2186/1932 2119/2180/1932 2118/2179/1932 2130/2191/1932
f 2131/2192/1933 2130/2191/1933 2005/2066/1933 1994/2055/1933
f 2130/2191/1934 2118/2179/1934 2006/2067/1934 2005/2066/1934
f 2132/2193/1935 2128/2189/1935 2131/2192/1935 2133/2194/1935
f 2133/2194/1936 2131/2192/1936 1994/2055/1936 1993/2054/1936
f 2134/2195/1937 2133/2194/1937 1993/2054/1937 1990/2051/1937
f 2135/2196/1938 2132/2193/1938 2133/2194/1938 2134/2195/1938
f 2136/2197/1939 2137/2198/1939 2132/2193/1939 2135/2196/1939
f 2137/2198/1940 2127/2188/1940 2128/2189/1940 2132/2193/1940
f 2138/2199/1941 2139/2200/1941 2137/2198/1941 2136/2197/1941
f 2139/2200/1942 2129/2190/1942 2127/2188/1942 2137/2198/1942
f 2140/2201/1943 2136/2197/1943 2135/2196/1943 2141/2202/1943
f 2142/2203/1944 2138/2199/1944 2136/2197/1944 2140/2201/1944
f 2143/2204/1945 2140/2201/1945 2141/2202/1945 2144/2205/1945
f 2145/2206/1946 2142/2203/1946 2140/2201/1946 2143/2204/1946
f 2144/2205/1947 2141/2202/1947 2146/2207/1947 2147/2208/1947
f 2141/2202/1948 2135/2196/1948 2134/2195/1948 2146/2207/1948
f 2147/2208/1949 2146/2207/1949 1989/2050/1949 1978/2039/1949
f 2146/2207/1950 2134/2195/1950 1990/2051/1950 1989/2050/1950
f 2148/2209/1951 2144/2205/1951 2147/2208/1951 2149/2210/1951
f 2149/2210/1952 2147/2208/1952 1978/2039/1952 1977/2038/1952
f 2150/2211/1953 2149/2210/1953 1977/2038/1953 1974/2035/1953
f 2151/2212/1954 2148/2209/1954 2149/2210/1954 2150/2211/1954
f 2152/2213/1955 2153/2214/1955 2148/2209/1955 2151/2212/1955
f 2153/2214/1956 2143/2204/1956 2144/2205/1956 2148/2209/1956
f 2154/2215/1957 2155/2216/1957 2153/2214/1957 2152/2213/1957
f 2155/2216/1958 2145/2206/1958 2143/2204/1958 2153/2214/1958
f 2156/2217/1959 2152/2213/1959 2151/2212/1959 2157/2218/1959
f 2158/2219/1960 2154/2215/1960 2152/2213/1960 2156/2217/1960
f 2159/2220/1961 2156/2217/1961 2157/2218/1961 2160/2221/1961
f 2161/2222/1962 2158/2219/1962 2156/2217/1962 2159/2220/1962
f 2160/2221/1963 2157/2218/1963 2162/2223/1963 2163/2224/1963
f 2157/2218/1964 2151/2212/1964 2150/2211/1964 2162/2223/1964
f 2163/2224/1965 2162/2223/1965 1973/2034/1965 1962/2023/1965
f 2162/2223/1966 2150/2211/1966 1974/2035/1966 1973/2034/1966
f 2164/2225/1967 2160/2221/1967 2163/2224/1967 2165/2226/1967
f 2165/2226/1968 2163/2224/1968 1962/2023/1968 1961/2022/1968
f 2166/2227/1969 2165/2226/1969 1961/2022/1969 1958/2019/1969
f 2167/2228/1970 2164/2225/1970 2165/2226/1970 2166/2227/1970
f 2168/2229/1971 2169/2230/1971 2164/2225/1971 2167/2228/1971
f 2169/2230/1972 2159/2220/1972 2160/2221/1972 2164/2225/1972
f 2170/2231/1973 2171/2232/1973 2169/2230/1973 2168/2229/1973
f 2171/2232/1974 2161/2222/1974 2159/2220/1974 2169/2230/1974
f 2172/2233/1975 2168/2229/1975 2167/2228/1975 2173/2234/1975
f 2174/2235/1976 2170/2231/1976 2168/2229/1976 2172/2233/1976
f 2175/2236/1977 2172/2233/1977 2173/2234/1977 2176/2237/1977
f 2177/2238/1978 2174/2235/1978 2172/2233/1978 2175/2236/1978
f 2176/2237/1979 2173/2234/1979 2178/2239/1979 2179/2240/1979
f 2173/2234/1980 2167/2228/1980 2166/2227/1980 2178/2239/1980
f 2179/2240/1981 2178/2239/1981 1957/2018/1981 1946/2007/1981
f 2178/2239/1982 2166/2227/1982 1958/2019/1982 1957/2018/1982
f 2180/2241/1983 2176/2237/1983 2179/2240/1983 2181/2242/1983
f 2181/2242/1984 2179/2240/1984 1946/2007/1984 1945/2006/1984
f 2182/2243/1985 2181/2242/1985 1945/2006/1985 1942/2003/1985
f 2183/2244/1986 2180/2241/1986 2181/2242/1986 2182/2243/1986
f 2184/2245/1987 2185/2246/1987 2180/2241/1987 2183/2244/1987
f 2185/2246/1988 2175/2236/1988 2176/2237/1988 2180/2241/1988
f 2186/2247/1989 2187/2248/1989 2185/2246/1989 2184/2245/1989
f 2187/2248/1990 2177/2238/1990 2175/2236/1990 2185/2246/1990
f 2188/2249/1991 2184/2245/1991 2183/2244/1991 2189/2250/1991
f 2190/2251/1992 2186/2247/1992 2184/2245/1992 2188/2249/1992
f 2191/2252/1993 2188/2249/1993 2189/2250/1993 2192/2253/1993
f 2193/2254/1994 2190/2251/1994 2188/2249/1994 2191/2252/1994
f 2192/2253/1995 2189/2250/1995 2194/2255/1995 2195/2256/1995
f 2189/2250/1996 2183/2244/1996 2182/2243/1996 2194/2255/1996
f 2195/2256/1997 2194/2255/1997 1941/2002/1997 1930/1991/1997
f 2194/2255/1998 2182/2243/1998 1942/2003/1998 1941/2002/1998
f 2196/2257/1999 2192/2253/1999 2195/2256/1999 2197/2258/1999
f 2197/2258/2000 2195/2256/2000 1930/1991/2000 1929/1990/2000
f 2198/2259/2001 2197/2258/2001 1929/1990/2001 1926/1987/2001
f 2199/2260/2002 2196/2257/2002 2197/2258/2002 2198/2259/2002
f 2200/2261/2003 2201/2262/2003 2196/2257/2003 2199/2260/2003
f 2201/2262/2004 2191/2252/2004 2192/2253/2004 2196/2257/2004
f 2202/2263/2005 2203/2264/2005 2201/2262/2005 2200/2261/2005
f 2203/2264/2006 2193/2254/2006 2191/2252/2006 2201/2262/2006
f 2204/2265/2007 2200/2261/2007 2199/2260/2007 2205/2266/2007
f 2206/2267/2008 2202/2263/2008 2200/2261/2008 2204/2265/2008
f 2207/2268/2009 2204/2269/2009 2205/2270/2009 2208/2271/2009
f 2209/2272/2010 2206/2273/2010 2204/2269/2010 2207/2268/2010
f 2208/2271/2011 2205/2270/2011 2210/2274/2011 2211/2275/2011
f 2205/2266/2012 2199/2260/2012 2198/2259/2012 2210/2276/2012
f 2211/2275/2013 2210/2274/2013 1925/1985/2013 1914/1971/2013
f 2210/2276/2014 2198/2259/2014 1926/1987/2014 1925/1986/2014
f 2212/2277/2015 2208/2271/2015 2211/2275/2015 2213/2278/2015
f 2213/2278/2016 2211/2275/2016 1914/1971/2016 1913/1970/2016
f 2214/2279/2017 2213/2278/2017 1913/1970/2017 1910/1967/2017
f 2215/2280/2018 2212/2277/2018 2213/2278/2018 2214/2279/2018
f 2216/2281/2019 2217/2282/2019 2212/2277/2019 2215/2280/2019
f 2217/2282/2020 2207/2268/2020 2208/2271/2020 2212/2277/2020
f 2218/2283/2021 2219/2284/2021 2217/2282/2021 2216/2281/2021
f 2219/2284/2022 2209/2272/2022 2207/2268/2022 2217/2282/2022
f 2220/2285/2023 2216/2281/2023 2215/2280/2023 2221/2286/2023
f 2222/2287/2024 2218/2283/2024 2216/2281/2024 2220/2285/2024
f 2223/2288/2025 2220/2285/2025 2221/2286/2025 2224/2289/2025
f 2225/2290/2026 2222/2287/2026 2220/2285/2026 2223/2288/2026
f 2224/2289/2027 2221/2286/2027 2226/2291/2027 2227/2292/2027
f 2221/2286/2028 2215/2280/2028 2214/2279/2028 2226/2291/2028
f 2227/2292/2029 2226/2291/2029 1909/1966/2029 1898/1955/2029
f 2226/2291/2030 2214/2279/2030 1910/1967/2030 1909/1966/2030
f 2228/2293/2031 2224/2289/2031 2227/2292/2031 2229/2294/2031
f 2229/2294/2032 2227/2292/2032 1898/1955/2032 1897/1954/2032
f 2230/2295/2033 2229/2294/2033 1897/1954/2033 1894/1951/2033
f 2231/2296/2034 2228/2293/2034 2229/2294/2034 2230/2295/2034
f 2232/2297/2035 2233/2298/2035 2228/2293/2035 2231/2296/2035
f 2233/2298/2036 2223/2288/2036 2224/2289/2036 2228/2293/2036
f 2234/2299/2037 2235/2300/2037 2233/2298/2037 2232/2297/2037
f 2235/2300/2038 2225/2290/2038 2223/2288/2038 2233/2298/2038
f 2236/2301/2039 2232/2297/2039 2231/2296/2039 2237/2302/2039
f 2238/2303/2040 2234/2299/2040 2232/2297/2040 2236/2301/2040
f 2239/2304/2041 2236/2301/2041 2237/2302/2041 2240/2305/2041
f 2241/2306/2042 2238/2303/2042 2236/2301/2042 2239/2304/2042
f 2240/2305/2043 2237/2302/2043 2242/2307/2043 2243/2308/2043
f 2237/2302/2044 2231/2296/2044 2230/2295/2044 2242/2307/2044
f 2243/2308/2045 2242/2307/2045 1893/1950/2045 1882/1939/2045
f 2242/2307/2046 2230/2295/2046 1894/1951/2046 1893/1950/2046
f 2244/2309/2047 2240/2305/2047 2243/2308/2047 2245/2310/2047
f 2245/2310/2048 2243/2308/2048 1882/1939/2048 1881/1938/2048
f 2246/2311/2049 2245/2310/2049 1881/1938/2049 1878/1935/2049
f 2247/2312/2050 2244/2309/2050 2245/2310/2050 2246/2311/2050
f 2248/2313/2051 2249/2314/2051 2244/2309/2051 2247/2312/2051
f 2249/2314/2052 2239/2304/2052 2240/2305/2052 2244/2309/2052
f 2250/2315/2053 2251/2316/2053 2249/2314/2053 2248/2313/2053
f 2251/2316/2054 2241/2306/2054 2239/2304/2054 2249/2314/2054
f 2252/2317/2055 2248/2313/2055 2247/2312/2055 2253/2318/2055
f 2254/2319/2056 2250/2315/2056 2248/2313/2056 2252/2317/2056
f 2255/2320/2057 2252/2317/2057 2253/2318/2057 2256/2321/2057
f 2257/2322/2058 2254/2319/2058 2252/2317/2058 2255/2320/2058
f 2256/2321/2059 2253/2318/2059 2258/2323/2059 2259/2324/2059
f 2253/2318/2060 2247/2312/2060 2246/2311/2060 2258/2323/2060
f 2259/2324/2061 2258/2323/2061 1877/1934/2061 1866/1920/2061
f 2258/2323/2062 2246/2311/2062 1878/1935/2062 1877/1934/2062
f 2260/2325/2063 2256/2321/2063 2259/2324/2063 2261/2326/2063
f 2261/2326/2064 2259/2324/2064 1866/1920/2064 1865/1919/2064
f 2262/2327/2065 2261/2328/2065 1865/1918/2065 1862/1915/2065
f 2263/2329/2066 2260/2330/2066 2261/2328/2066 2262/2327/2066
f 2264/2331/2067 2265/2332/2067 2260/2330/2067 2263/2329/2067
f 2265/2333/2068 2255/2320/2068 2256/2321/2068 2260/2325/2068
f 2266/2334/2069 2267/2335/2069 2265/2332/2069 2264/2331/2069
f 2267/2336/2070 2257/2322/2070 2255/2320/2070 2265/2333/2070
f 2268/2337/2071 2264/2331/2071 2263/2329/2071 2269/2338/2071
f 2270/2339/2072 2266/2334/2072 2264/2331/2072 2268/2337/2072
f 2271/2340/2073 2268/2337/2073 2269/2338/2073 2272/2341/2073
f 2273/2342/2074 2270/2339/2074 2268/2337/2074 2271/2340/2074
f 2272/2341/2075 2269/2338/2075 2274/2343/2075 2275/2344/2075
f 2269/2338/2076 2263/2329/2076 2262/2327/2076 2274/2343/2076
f 2275/2344/2077 2274/2343/2077 1861/1914/2077 1850/1903/2077
f 2274/2343/2078 2262/2327/2078 1862/1915/2078 1861/1914/2078
f 2276/2345/2079 2272/2341/2079 2275/2344/2079 2277/2346/2079
f 2277/2346/2080 2275/2344/2080 1850/1903/2080 1849/1902/2080
f 2278/2347/2081 2277/2346/2081 1849/1902/2081 1846/1899/2081
f 2279/2348/2082 2276/2345/2082 2277/2346/2082 2278/2347/2082
f 2280/2349/2083 2281/2350/2083 2276/2345/2083 2279/2348/2083
f 2281/2350/2084 2271/2340/2084 2272/2341/2084 2276/2345/2084
f 2282/2351/2085 2283/2352/2085 2281/2350/2085 2280/2349/2085
f 2283/2352/2086 2273/2342/2086 2271/2340/2086 2281/2350/2086
f 2284/2353/2087 2280/2349/2087 2279/2348/2087 2285/2354/2087
f 2286/2355/2088 2282/2351/2088 2280/2349/2088 2284/2353/2088
f 2287/2356/2089 2284/2353/2089 2285/2354/2089 2288/2357/2089
f 2289/2358/2090 2286/2355/2090 2284/2353/2090 2287/2356/2090
f 2288/2357/2091 2285/2354/2091 2290/2359/2091 2291/2360/2091
f 2285/2354/2092 2279/2348/2092 2278/2347/2092 2290/2359/2092
f 2291/2360/2093 2290/2359/2093 1845/1898/2093 1834/1887/2093
f 2290/2359/2094 2278/2347/2094 1846/1899/2094 1845/1898/2094
f 2292/2361/2095 2288/2357/2095 2291/2360/2095 2293/2362/2095
f 2293/2362/2096 2291/2360/2096 1834/1887/2096 1833/1886/2096
f 2294/2363/2097 2293/2362/2097 1833/1886/2097 1830/1883/2097
f 2295/2364/2098 2292/2361/2098 2293/2362/2098 2294/2363/2098
f 2296/2365/2099 2297/2366/2099 2292/2361/2099 2295/2364/2099
f 2297/2366/2100 2287/2356/2100 2288/2357/2100 2292/2361/2100
f 2298/2367/2101 2299/2368/2101 2297/2366/2101 2296/2365/2101
f 2299/2368/2102 2289/2358/2102 2287/2356/2102 2297/2366/2102
f 2300/2369/2103 2296/2365/2103 2295/2364/2103 2301/2370/2103
f 2302/2371/2104 2298/2367/2104 2296/2365/2104 2300/2369/2104
f 2303/2372/2105 2300/2369/2105 2301/2370/2105 2304/2373/2105
f 2305/2374/2106 2302/2371/2106 2300/2369/2106 2303/2372/2106
f 2304/2373/2107 2301/2370/2107 2306/2375/2107 2307/2376/2107
f 2301/2370/2108 2295/2364/2108 2294/2363/2108 2306/2375/2108
f 2307/2376/2109 2306/2375/2109 1829/1882/2109 1818/1871/2109
f 2306/2375/2110 2294/2363/2110 1830/1883/2110 1829/1882/2110
f 2308/2377/2111 2304/2373/2111 2307/2376/2111 2309/2378/2111
f 2309/2378/2112 2307/2376/2112 1818/1871/2112 1817/1870/2112
f 2310/2379/2113 2309/2378/2113 1817/1870/2113 1814/1867/2113
f 2311/2380/2114 2308/2377/2114 2309/2378/2114 2310/2379/2114
f 2312/2381/2115 2313/2382/2115 2308/2377/2115 2311/2380/2115
f 2313/2382/2116 2303/2372/2116 2304/2373/2116 2308/2377/2116
f 2314/2383/2117 2315/2384/2117 2313/2382/2117 2312/2381/2117
f 2315/2384/2118 2305/2374/2118 2303/2372/2118 2313/2382/2118
f 2316/2385/2119 2312/2381/2119 2311/2380/2119 2317/2386/2119
f 2318/2387/2120 2314/2383/2120 2312/2381/2120 2316/2385/2120
f 2319/2388/2121 2316/2385/2121 2317/2386/2121 2320/2389/2121
f 2321/2390/2122 2318/2387/2122 2316/2385/2122 2319/2388/2122
f 2320/2389/2123 2317/2386/2123 2322/2391/2123 2323/2392/2123
f 2317/2386/2124 2311/2380/2124 2310/2379/2124 2322/2391/2124
f 2323/2392/2125 2322/2391/2125 1813/1866/2125 1802/1855/2125
f 2322/2391/2126 2310/2379/2126 1814/1867/2126 1813/1866/2126
f 2324/2393/2127 2320/2389/2127 2323/2392/2127 2325/2394/2127
f 2325/2394/2128 2323/2392/2128 1802/1855/2128 1801/1854/2128
f 2326/2395/2129 2325/2394/2129 1801/1854/2129 1798/1851/2129
f 2327/2396/2130 2324/2393/2130 2325/2394/2130 2326/2395/2130
f 2328/2397/2131 2329/2398/2131 2324/2393/2131 2327/2396/2131
f 2329/2398/2132 2319/2388/2132 2320/2389/2132 2324/2393/2132
f 2330/2399/2133 2331/2400/2133 2329/2398/2133 2328/2397/2133
f 2331/2400/2134 2321/2390/2134 2319/2388/2134 2329/2398/2134
f 2332/2401/2135 2328/2397/2135 2327/2396/2135 2333/2402/2135
f 2334/2403/2136 2330/2399/2136 2328/2397/2136 2332/2401/2136
f 2335/2404/2137 2332/2401/2137 2333/2402/2137 2336/2405/2137
f 2337/2406/2138 2334/2403/2138 2332/2401/2138 2335/2404/2138
f 2336/2405/2139 2333/2402/2139 2338/2407/2139 2339/2408/2139
f 2333/2402/2140 2327/2396/2140 2326/2395/2140 2338/2407/2140
f 2339/2408/2141 2338/2407/2141 1797/1850/2141 1786/1839/2141
f 2338/2407/2142 2326/2395/2142 1798/1851/2142 1797/1850/2142
f 2340/2409/2143 2336/2405/2143 2339/2408/2143 2341/2410/2143
f 2341/2410/2144 2339/2408/2144 1786/1839/2144 1785/1838/2144
f 2342/2411/2145 2341/2410/2145 1785/1838/2145 1782/1835/2145
f 2343/2412/2146 2340/2409/2146 2341/2410/2146 2342/2411/2146
f 2344/2413/2147 2345/2414/2147 2340/2409/2147 2343/2412/2147
f 2345/2414/2148 2335/2404/2148 2336/2405/2148 2340/2409/2148
f 2346/2415/2149 2347/2416/2149 2345/2414/2149 2344/2413/2149
f 2347/2416/2150 2337/2406/2150 2335/2404/2150 2345/2414/2150
f 2348/2417/2151 2344/2413/2151 2343/2412/2151 2349/2418/2151
f 2350/2419/2152 2346/2415/2152 2344/2413/2152 2348/2417/2152
f 93/101/2153 2348/2417/2153 2349/2418/2153 94/102/2153
f 92/100/2154 2350/2419/2154 2348/2417/2154 93/101/2154
f 94/102/2155 2349/2418/2155 2351/2420/2155 97/105/2155
f 2349/2418/2156 2343/2412/2156 2342/2411/2156 2351/2420/2156
f 97/105/2157 2351/2420/2157 1781/1834/2157 100/108/2157
f 2351/2420/2158 2342/2411/2158 1782/1835/2158 1781/1834/2158
f 2352/2421/2159 2353/2422/2159 2350/2419/2159 92/100/2159
f 2353/2422/2160 2354/2423/2160 2346/2415/2160 2350/2419/2160
f 2355/2424/2161 2356/2425/2161 2353/2426/2161 2352/2427/2161
f 2356/2425/2162 2357/2428/2162 2354/2429/2162 2353/2426/2162
f 2355/2424/2163 2358/2430/2163 2359/2431/2163 2356/2425/2163
f 2356/2425/2164 2359/2431/2164 2360/2432/2164 2357/2428/2164
f 2358/2430/2165 2361/2433/2165 2362/2434/2165 2359/2431/2165
f 2359/2431/2166 2362/2434/2166 2363/2435/2166 2360/2432/2166
f 2357/2428/2167 2360/2432/2167 2364/2436/2167 2365/2437/2167
f 2360/2432/2168 2363/2435/2168 2366/2438/2168 2364/2436/2168
f 2365/2437/2169 2364/2436/2169 2367/2439/2169 2368/2440/2169
f 2364/2436/2170 2366/2438/2170 2369/2441/2170 2367/2439/2170
f 2357/2428/2171 2365/2437/2171 2370/2442/2171 2354/2429/2171
f 2365/2437/2172 2368/2440/2172 2371/2443/2172 2370/2442/2172
f 2354/2423/2173 2370/2444/2173 2347/2416/2173 2346/2415/2173
f 2370/2444/2174 2371/2445/2174 2337/2406/2174 2347/2416/2174
f 2371/2445/2175 2372/2446/2175 2334/2403/2175 2337/2406/2175
f 2368/2440/2176 2373/2447/2176 2372/2448/2176 2371/2443/2176
f 2372/2446/2177 2374/2449/2177 2330/2399/2177 2334/2403/2177
f 2373/2447/2178 2375/2450/2178 2374/2451/2178 2372/2448/2178
f 2368/2440/2179 2367/2439/2179 2376/2452/2179 2373/2447/2179
f 2373/2447/2180 2376/2452/2180 2377/2453/2180 2375/2450/2180
f 2367/2439/2181 2369/2441/2181 2378/2454/2181 2376/2452/2181
f 2376/2452/2182 2378/2454/2182 2379/2455/2182 2377/2453/2182
f 2377/2453/2183 2379/2455/2183 2380/2456/2183 2381/2457/2183
f 2375/2450/2184 2377/2453/2184 2381/2457/2184 2382/2458/2184
f 2382/2458/2185 2381/2457/2185 2383/2459/2185 2384/2460/2185
f 2381/2457/2186 2380/2456/2186 2385/2461/2186 2383/2459/2186
f 2375/2450/2187 2382/2458/2187 2386/2462/2187 2374/2451/2187
f 2382/2458/2188 2384/2460/2188 2387/2463/2188 2386/2462/2188
f 2374/2449/2189 2386/2464/2189 2331/2400/2189 2330/2399/2189
f 2386/2464/2190 2387/2465/2190 2321/2390/2190 2331/2400/2190
f 2387/2465/2191 2388/2466/2191 2318/2387/2191 2321/2390/2191
f 2384/2460/2192 2389/2467/2192 2388/2468/2192 2387/2463/2192
f 2388/2466/2193 2390/2469/2193 2314/2383/2193 2318/2387/2193
f 2389/2467/2194 2391/2470/2194 2390/2471/2194 2388/2468/2194
f 2384/2460/2195 2383/2459/2195 2392/2472/2195 2389/2467/2195
f 2389/2467/2196 2392/2472/2196 2393/2473/2196 2391/2470/2196
f 2383/2459/2197 2385/2461/2197 2394/2474/2197 2392/2472/2197
f 2392/2472/2198 2394/2474/2198 2395/2475/2198 2393/2473/2198
f 2391/2470/2199 2393/2473/2199 2396/2476/2199 2397/2477/2199
f 2393/2473/2200 2395/2475/2200 2398/2478/2200 2396/2476/2200
f 2397/2477/2201 2396/2476/2201 2399/2479/2201 2400/2480/2201
f 2396/2476/2202 2398/2478/2202 2401/2481/2202 2399/2479/2202
f 2391/2470/2203 2397/2477/2203 2402/2482/2203 2390/2471/2203
f 2397/2477/2204 2400/2480/2204 2403/2483/2204 2402/2482/2204
f 2390/2469/2205 2402/2484/2205 2315/2384/2205 2314/2383/2205
f 2402/2484/2206 2403/2485/2206 2305/2374/2206 2315/2384/2206
f 2403/2485/2207 2404/2486/2207 2302/2371/2207 2305/2374/2207
f 2400/2480/2208 2405/2487/2208 2404/2488/2208 2403/2483/2208
f 2404/2486/2209 2406/2489/2209 2298/2367/2209 2302/2371/2209
f 2405/2487/2210 2407/2490/2210 2406/2491/2210 2404/2488/2210
f 2400/2480/2211 2399/2479/2211 2408/2492/2211 2405/2487/2211
f 2405/2487/2212 2408/2492/2212 2409/2493/2212 2407/2490/2212
f 2399/2479/2213 2401/2481/2213 2410/2494/2213 2408/2492/2213
f 2408/2492/2214 2410/2494/2214 2411/2495/2214 2409/2493/2214
f 2407/2490/2215 2409/2493/2215 2412/2496/2215 2413/2497/2215
f 2409/2493/2216 2411/2495/2216 2414/2498/2216 2412/2496/2216
f 2413/2497/2217 2412/2496/2217 2415/2499/2217 2416/2500/2217
f 2412/2496/2218 2414/2498/2218 2417/2501/2218 2415/2499/2218
f 2407/2490/2219 2413/2497/2219 2418/2502/2219 2406/2491/2219
f 2413/2497/2220 2416/2500/2220 2419/2503/2220 2418/2502/2220
f 2406/2489/2221 2418/2504/2221 2299/2368/2221 2298/2367/2221
f 2418/2504/2222 2419/2505/2222 2289/2358/2222 2299/2368/2222
f 2419/2505/2223 2420/2506/2223 2286/2355/2223 2289/2358/2223
f 2416/2500/2224 2421/2507/2224 2420/2508/2224 2419/2503/2224
f 2420/2506/2225 2422/2509/2225 2282/2351/2225 2286/2355/2225
f 2421/2507/2226 2423/2510/2226 2422/2511/2226 2420/2508/2226
f 2416/2500/2227 2415/2499/2227 2424/2512/2227 2421/2507/2227
f 2421/2507/2228 2424/2512/2228 2425/2513/2228 2423/2510/2228
f 2415/2499/2229 2417/2501/2229 2426/2514/2229 2424/2512/2229
f 2424/2512/2230 2426/2514/2230 2427/2515/2230 2425/2513/2230
f 2425/2513/2231 2427/2515/2231 2428/2516/2231 2429/2517/2231
f 2423/2510/2232 2425/2513/2232 2429/2517/2232 2430/2518/2232
f 2430/2518/2233 2429/2517/2233 2431/2519/2233 2432/2520/2233
f 2429/2517/2234 2428/2516/2234 2433/2521/2234 2431/2519/2234
f 2423/2510/2235 2430/2518/2235 2434/2522/2235 2422/2511/2235
f 2430/2518/2236 2432/2520/2236 2435/2523/2236 2434/2522/2236
f 2422/2509/2237 2434/2524/2237 2283/2352/2237 2282/2351/2237
f 2434/2524/2238 2435/2525/2238 2273/2342/2238 2283/2352/2238
f 2435/2525/2239 2436/2526/2239 2270/2339/2239 2273/2342/2239
f 2432/2520/2240 2437/2527/2240 2436/2528/2240 2435/2523/2240
f 2436/2526/2241 2438/2529/2241 2266/2334/2241 2270/2339/2241
f 2437/2527/2242 2439/2530/2242 2438/2531/2242 2436/2528/2242
f 2432/2520/2243 2431/2519/2243 2440/2532/2243 2437/2527/2243
f 2437/2527/2244 2440/2532/2244 2441/2533/2244 2439/2530/2244
f 2431/2519/2245 2433/2521/2245 2442/2534/2245 2440/2532/2245
f 2440/2532/2246 2442/2534/2246 2443/2535/2246 2441/2533/2246
f 2439/2530/2247 2441/2533/2247 2444/2536/2247 2445/2537/2247
f 2441/2533/2248 2443/2535/2248 2446/2538/2248 2444/2536/2248
f 2445/2537/2249 2444/2536/2249 2447/2539/2249 2448/2540/2249
f 2444/2536/2250 2446/2538/2250 2449/2541/2250 2447/2539/2250
f 2439/2530/2251 2445/2537/2251 2450/2542/2251 2438/2531/2251
f 2445/2537/2252 2448/2540/2252 2451/2543/2252 2450/2542/2252
f 2438/2529/2253 2450/2544/2253 2267/2335/2253 2266/2334/2253
f 2450/2545/2254 2451/2546/2254 2257/2322/2254 2267/2336/2254
f 2451/2546/2255 2452/2547/2255 2254/2319/2255 2257/2322/2255
f 2448/2540/2256 2453/2548/2256 2452/2549/2256 2451/2543/2256
f 2452/2547/2257 2454/2550/2257 2250/2315/2257 2254/2319/2257
f 2453/2548/2258 2455/2551/2258 2454/2552/2258 2452/2549/2258
f 2448/2540/2259 2447/2539/2259 2456/2553/2259 2453/2548/2259
f 2453/2548/2260 2456/2553/2260 2457/2554/2260 2455/2551/2260
f 2447/2539/2261 2449/2541/2261 2458/2555/2261 2456/2553/2261
f 2456/2553/2262 2458/2555/2262 2459/2556/2262 2457/2554/2262
f 2457/2554/2263 2459/2556/2263 2460/2557/2263 2461/2558/2263
f 2455/2551/2264 2457/2554/2264 2461/2558/2264 2462/2559/2264
f 2462/2559/2265 2461/2558/2265 2463/2560/2265 2464/2561/2265
f 2461/2558/2266 2460/2557/2266 2465/2562/2266 2463/2560/2266
f 2455/2551/2267 2462/2559/2267 2466/2563/2267 2454/2552/2267
f 2462/2559/2268 2464/2561/2268 2467/2564/2268 2466/2563/2268
f 2454/2550/2269 2466/2565/2269 2251/2316/2269 2250/2315/2269
f 2466/2565/2270 2467/2566/2270 2241/2306/2270 2251/2316/2270
f 2467/2566/2271 2468/2567/2271 2238/2303/2271 2241/2306/2271
f 2464/2561/2272 2469/2568/2272 2468/2569/2272 2467/2564/2272
f 2468/2567/2273 2470/2570/2273 2234/2299/2273 2238/2303/2273
f 2469/2568/2274 2471/2571/2274 2470/2572/2274 2468/2569/2274
f 2464/2561/2275 2463/2560/2275 2472/2573/2275 2469/2568/2275
f 2469/2568/2276 2472/2573/2276 2473/2574/2276 2471/2571/2276
f 2463/2560/2277 2465/2562/2277 2474/2575/2277 2472/2573/2277
f 2472/2573/2278 2474/2575/2278 2475/2576/2278 2473/2574/2278
f 2471/2571/2279 2473/2574/2279 2476/2577/2279 2477/2578/2279
f 2473/2574/2278 2475/2576/2278 2478/2579/2278 2476/2577/2278
f 2477/2578/2280 2476/2577/2280 2479/2580/2280 2480/2581/2280
f 2476/2577/2281 2478/2579/2281 2481/2582/2281 2479/2580/2281
f 2471/2571/2282 2477/2578/2282 2482/2583/2282 2470/2572/2282
f 2477/2578/2283 2480/2581/2283 2483/2584/2283 2482/2583/2283
f 2470/2570/2284 2482/2585/2284 2235/2300/2284 2234/2299/2284
f 2482/2585/2285 2483/2586/2285 2225/2290/2285 2235/2300/2285
f 2483/2586/2286 2484/2587/2286 2222/2287/2286 2225/2290/2286
f 2480/2581/2287 2485/2588/2287 2484/2589/2287 2483/2584/2287
f 2484/2587/2288 2486/2590/2288 2218/2283/2288 2222/2287/2288
f 2485/2588/2289 2487/2591/2289 2486/2592/2289 2484/2589/2289
f 2480/2581/2290 2479/2580/2290 2488/2593/2290 2485/2588/2290
f 2485/2588/2291 2488/2593/2291 2489/2594/2291 2487/2591/2291
f 2479/2580/2292 2481/2582/2292 2490/2595/2292 2488/2593/2292
f 2488/2593/2293 2490/2595/2293 2491/2596/2293 2489/2594/2293
f 2487/2591/2294 2489/2594/2294 2492/2597/2294 2493/2598/2294
f 2489/2594/2295 2491/2596/2295 2494/2599/2295 2492/2597/2295
f 2493/2598/2296 2492/2597/2296 2495/2600/2296 2496/2601/2296
f 2492/2597/2297 2494/2599/2297 2497/2602/2297 2495/2600/2297
f 2487/2591/2298 2493/2598/2298 2498/2603/2298 2486/2592/2298
f 2493/2598/2299 2496/2601/2299 2499/2604/2299 2498/2603/2299
f 2486/2590/2300 2498/2605/2300 2219/2284/2300 2218/2283/2300
f 2498/2605/2301 2499/2606/2301 2209/2272/2301 2219/2284/2301
f 2499/2606/2302 2500/2607/2302 2206/2273/2302 2209/2272/2302
f 2496/2601/2303 2501/2608/2303 2500/2609/2303 2499/2604/2303
f 2500/2610/2304 2502/2611/2304 2202/2263/2304 2206/2267/2304
f 2501/2608/2305 2503/2612/2305 2502/2613/2305 2500/2609/2305
f 2496/2601/2306 2495/2600/2306 2504/2614/2306 2501/2608/2306
f 2501/2608/2307 2504/2614/2307 2505/2615/2307 2503/2612/2307
f 2495/2600/2308 2497/2602/2308 2506/2616/2308 2504/2614/2308
f 2504/2614/2309 2506/2616/2309 2507/2617/2309 2505/2615/2309
f 2503/2612/2310 2505/2615/2310 2508/2618/2310 2509/2619/2310
f 2505/2615/2311 2507/2617/2311 2510/2620/2311 2508/2618/2311
f 2509/2619/2312 2508/2618/2312 2511/2621/2312 2512/2622/2312
f 2508/2618/2313 2510/2620/2313 2513/2623/2313 2511/2621/2313
f 2503/2612/2314 2509/2619/2314 2514/2624/2314 2502/2613/2314
f 2509/2619/2315 2512/2622/2315 2515/2625/2315 2514/2624/2315
f 2502/2611/2316 2514/2626/2316 2203/2264/2316 2202/2263/2316
f 2514/2626/2317 2515/2627/2317 2193/2254/2317 2203/2264/2317
f 2515/2627/2318 2516/2628/2318 2190/2251/2318 2193/2254/2318
f 2512/2622/2319 2517/2629/2319 2516/2630/2319 2515/2625/2319
f 2516/2628/2320 2518/2631/2320 2186/2247/2320 2190/2251/2320
f 2517/2629/2321 2519/2632/2321 2518/2633/2321 2516/2630/2321
f 2512/2622/2322 2511/2621/2322 2520/2634/2322 2517/2629/2322
f 2517/2629/2323 2520/2634/2323 2521/2635/2323 2519/2632/2323
f 2511/2621/2324 2513/2623/2324 2522/2636/2324 2520/2634/2324
f 2520/2634/2325 2522/2636/2325 2523/2637/2325 2521/2635/2325
f 2521/2635/2326 2523/2637/2326 2524/2638/2326 2525/2639/2326
f 2519/2632/2327 2521/2635/2327 2525/2639/2327 2526/2640/2327
f 2526/2640/2328 2525/2639/2328 2527/2641/2328 2528/2642/2328
f 2525/2639/2329 2524/2638/2329 2529/2643/2329 2527/2641/2329
f 2519/2632/2330 2526/2640/2330 2530/2644/2330 2518/2633/2330
f 2526/2640/2331 2528/2642/2331 2531/2645/2331 2530/2644/2331
f 2518/2631/2332 2530/2646/2332 2187/2248/2332 2186/2247/2332
f 2530/2646/2333 2531/2647/2333 2177/2238/2333 2187/2248/2333
f 2531/2647/2334 2532/2648/2334 2174/2235/2334 2177/2238/2334
f 2528/2642/2335 2533/2649/2335 2532/2650/2335 2531/2645/2335
f 2532/2648/2336 2534/2651/2336 2170/2231/2336 2174/2235/2336
f 2533/2649/2337 2535/2652/2337 2534/2653/2337 2532/2650/2337
f 2528/2642/2338 2527/2641/2338 2536/2654/2338 2533/2649/2338
f 2533/2649/2339 2536/2654/2339 2537/2655/2339 2535/2652/2339
f 2527/2641/2340 2529/2643/2340 2538/2656/2340 2536/2654/2340
f 2536/2654/2341 2538/2656/2341 2539/2657/2341 2537/2655/2341
f 2535/2652/2342 2537/2655/2342 2540/2658/2342 2541/2659/2342
f 2537/2655/2343 2539/2657/2343 2542/2660/2343 2540/2658/2343
f 2541/2659/2344 2540/2658/2344 2543/2661/2344 2544/2662/2344
f 2540/2658/2345 2542/2660/2345 2545/2663/2345 2543/2661/2345
f 2535/2652/2346 2541/2659/2346 2546/2664/2346 2534/2653/2346
f 2541/2659/2347 2544/2662/2347 2547/2665/2347 2546/2664/2347
f 2534/2651/2348 2546/2666/2348 2171/2232/2348 2170/2231/2348
f 2546/2666/2349 2547/2667/2349 2161/2222/2349 2171/2232/2349
f 2547/2667/2350 2548/2668/2350 2158/2219/2350 2161/2222/2350
f 2544/2662/2351 2549/2669/2351 2548/2670/2351 2547/2665/2351
f 2548/2668/2352 2550/2671/2352 2154/2215/2352 2158/2219/2352
f 2549/2669/2353 2551/2672/2353 2550/2673/2353 2548/2670/2353
f 2544/2662/2354 2543/2661/2354 2552/2674/2354 2549/2669/2354
f 2549/2669/2355 2552/2674/2355 2553/2675/2355 2551/2672/2355
f 2543/2661/2356 2545/2663/2356 2554/2676/2356 2552/2674/2356
f 2552/2674/2357 2554/2676/2357 2555/2677/2357 2553/2675/2357
f 2553/2675/2358 2555/2677/2358 2556/2678/2358 2557/2679/2358
f 2551/2672/2359 2553/2675/2359 2557/2679/2359 2558/2680/2359
f 2558/2680/2360 2557/2679/2360 2559/2681/2360 2560/2682/2360
f 2557/2679/2361 2556/2678/2361 2561/2683/2361 2559/2681/2361
f 2551/2672/2362 2558/2680/2362 2562/2684/2362 2550/2673/2362
f 2558/2680/2363 2560/2682/2363 2563/2685/2363 2562/2684/2363
f 2550/2671/2364 2562/2686/2364 2155/2216/2364 2154/2215/2364
f 2562/2686/2365 2563/2687/2365 2145/2206/2365 2155/2216/2365
f 2563/2687/2366 2564/2688/2366 2142/2203/2366 2145/2206/2366
f 2560/2682/2367 2565/2689/2367 2564/2690/2367 2563/2685/2367
f 2564/2688/2368 2566/2691/2368 2138/2199/2368 2142/2203/2368
f 2565/2689/2369 2567/2692/2369 2566/2693/2369 2564/2690/2369
f 2560/2682/2370 2559/2681/2370 2568/2694/2370 2565/2689/2370
f 2565/2689/2371 2568/2694/2371 2569/2695/2371 2567/2692/2371
f 2559/2681/2372 2561/2683/2372 2570/2696/2372 2568/2694/2372
f 2568/2694/2373 2570/2696/2373 2571/2697/2373 2569/2695/2373
f 2567/2692/2374 2569/2695/2374 2572/2698/2374 2573/2699/2374
f 2569/2695/2375 2571/2697/2375 2574/2700/2375 2572/2698/2375
f 2573/2699/2376 2572/2698/2376 2575/2701/2376 2576/2702/2376
f 2572/2698/2377 2574/2700/2377 2577/2703/2377 2575/2701/2377
f 2567/2692/2378 2573/2699/2378 2578/2704/2378 2566/2693/2378
f 2573/2699/2379 2576/2702/2379 2579/2705/2379 2578/2704/2379
f 2566/2691/2380 2578/2706/2380 2139/2200/2380 2138/2199/2380
f 2578/2706/2381 2579/2707/2381 2129/2190/2381 2139/2200/2381
f 2579/2707/2382 2580/2708/2382 2126/2187/2382 2129/2190/2382
f 2576/2702/2383 2581/2709/2383 2580/2710/2383 2579/2705/2383
f 2580/2708/2384 2582/2711/2384 2122/2183/2384 2126/2187/2384
f 2581/2709/2385 2583/2712/2385 2582/2713/2385 2580/2710/2385
f 2576/2702/2386 2575/2701/2386 2584/2714/2386 2581/2709/2386
f 2581/2709/2387 2584/2714/2387 2585/2715/2387 2583/2712/2387
f 2575/2701/2388 2577/2703/2388 2586/2716/2388 2584/2714/2388
f 2584/2714/2389 2586/2716/2389 2587/2717/2389 2585/2715/2389
f 2583/2712/2390 2585/2715/2390 2588/2718/2390 2589/2719/2390
f 2585/2715/2391 2587/2717/2391 2590/2720/2391 2588/2718/2391
f 2589/2719/2392 2588/2718/2392 2591/2721/2392 2592/2722/2392
f 2588/2718/2393 2590/2720/2393 2593/2723/2393 2591/2721/2393
f 2583/2712/2394 2589/2719/2394 2594/2724/2394 2582/2713/2394
f 2589/2719/2395 2592/2722/2395 2595/2725/2395 2594/2724/2395
f 2582/2711/2396 2594/2726/2396 2123/2184/2396 2122/2183/2396
f 2594/2726/2397 2595/2727/2397 2113/2174/2397 2123/2184/2397
f 2595/2727/2398 2596/2728/2398 2110/2171/2398 2113/2174/2398
f 2592/2722/2399 2597/2729/2399 2596/2730/2399 2595/2725/2399
f 2596/2728/2400 2598/2731/2400 2106/2167/2400 2110/2171/2400
f 2597/2729/2401 2599/2732/2401 2598/2733/2401 2596/2730/2401
f 2592/2722/2402 2591/2721/2402 2600/2734/2402 2597/2729/2402
f 2597/2729/2403 2600/2734/2403 2601/2735/2403 2599/2732/2403
f 2591/2721/2404 2593/2723/2404 2602/2736/2404 2600/2734/2404
f 2600/2734/2405 2602/2736/2405 2603/2737/2405 2601/2735/2405
f 2601/2735/2406 2603/2737/2406 2604/2738/2406 2605/2739/2406
f 2599/2732/2407 2601/2735/2407 2605/2739/2407 2606/2740/2407
f 2606/2740/2408 2605/2739/2408 2607/2741/2408 2608/2742/2408
f 2605/2739/2409 2604/2738/2409 2609/2743/2409 2607/2741/2409
f 2599/2732/2410 2606/2740/2410 2610/2744/2410 2598/2733/2410
f 2606/2740/2411 2608/2742/2411 2611/2745/2411 2610/2744/2411
f 2598/2731/2412 2610/2746/2412 2107/2168/2412 2106/2167/2412
f 2610/2746/2413 2611/2747/2413 2097/2158/2413 2107/2168/2413
f 2611/2747/2414 2612/2748/2414 2094/2155/2414 2097/2158/2414
f 2608/2742/2415 2613/2749/2415 2612/2750/2415 2611/2745/2415
f 2612/2748/2416 2614/2751/2416 2090/2151/2416 2094/2155/2416
f 2613/2749/2417 2615/2752/2417 2614/2753/2417 2612/2750/2417
f 2608/2742/2418 2607/2741/2418 2616/2754/2418 2613/2749/2418
f 2613/2749/2419 2616/2754/2419 2617/2755/2419 2615/2752/2419
f 2607/2741/2420 2609/2743/2420 2618/2756/2420 2616/2754/2420
f 2616/2754/2421 2618/2756/2421 2619/2757/2421 2617/2755/2421
f 2615/2752/2422 2617/2755/2422 2620/2758/2422 2621/2759/2422
f 2617/2755/2423 2619/2757/2423 2622/2760/2423 2620/2758/2423
f 2621/2759/2424 2620/2758/2424 2623/2761/2424 2624/2762/2424
f 2620/2758/2425 2622/2760/2425 2625/2763/2425 2623/2761/2425
f 2615/2752/2426 2621/2759/2426 2626/2764/2426 2614/2753/2426
f 2621/2759/2427 2624/2762/2427 2627/2765/2427 2626/2764/2427
f 2614/2751/2428 2626/2766/2428 2091/2152/2428 2090/2151/2428
f 2626/2766/2429 2627/2767/2429 2081/2142/2429 2091/2152/2429
f 2627/2767/2430 8/14/2430 12/15/2430 2081/2142/2430
f 2624/2762/2431 7/7/2431 8/8/2431 2627/2765/2431
f 2624/2762/2432 2623/2761/2432 9/9/2432 7/7/2432
f 2622/2760/2433 2628/2768/2433 2629/2769/2433 2625/2763/2433
f 2619/2757/2434 2630/2770/2434 2628/2768/2434 2622/2760/2434
f 2628/2768/2435 2631/2771/2435 2632/2772/2435 2629/2769/2435
f 2630/2770/2436 2633/2773/2436 2631/2771/2436 2628/2768/2436
f 2618/2756/2434 2634/2774/2434 2630/2770/2434 2619/2757/2434
f 2634/2774/2437 2635/2775/2437 2633/2773/2437 2630/2770/2437
f 2609/2743/2438 2636/2776/2438 2634/2774/2438 2618/2756/2438
f 2636/2776/2439 2637/2777/2439 2635/2775/2439 2634/2774/2439
f 2638/2778/19 2639/2779/19 2635/2775/19 2637/2777/19
f 2639/2779/19 2640/2780/19 2633/2773/19 2635/2775/19
f 2641/2781/19 2642/2782/19 2639/2779/19 2638/2778/19
f 2642/2782/19 2643/2783/19 2640/2780/19 2639/2779/19
f 2633/2773/19 2640/2780/19 2644/2784/19 2631/2771/19
f 2640/2780/19 2643/2783/19 2645/2785/19 2644/2784/19
f 2631/2771/19 2644/2784/19 33/38/19 2632/2772/19
f 2644/2784/19 2645/2785/19 34/39/19 33/38/19
f 2645/2785/19 2646/2786/19 35/40/19 34/39/19
f 2643/2783/19 2647/2787/19 2646/2786/19 2645/2785/19
f 2646/2786/19 2648/2788/19 36/41/19 35/40/19
f 2647/2787/19 2649/2789/19 2648/2788/19 2646/2786/19
f 2650/2790/19 2647/2787/19 2643/2783/19 2642/2782/19
f 2651/2791/19 2649/2789/19 2647/2787/19 2650/2790/19
f 2652/2792/19 2651/2791/19 2650/2790/19 2653/2793/19
f 2653/2793/19 2650/2790/19 2642/2782/19 2641/2781/19
f 2654/2794/19 2655/2795/19 2651/2791/19 2652/2792/19
f 2655/2795/19 2656/2796/19 2649/2789/19 2651/2791/19
f 2657/2797/19 2658/2798/19 2655/2795/19 2654/2794/19
f 2658/2798/19 2659/2799/19 2656/2796/19 2655/2795/19
f 2660/2800/19 2661/2801/19 2656/2796/19 2659/2799/19
f 2661/2801/19 2662/2802/19 2649/2789/19 2656/2796/19
f 2663/2803/19 2664/2804/19 2661/2801/19 2660/2800/19
f 2664/2804/19 2665/2805/19 2662/2802/19 2661/2801/19
f 2666/2806/19 2662/2802/19 2665/2805/19 2667/2807/19
f 2668/2808/19 2649/2789/19 2662/2802/19 2666/2806/19
f 2669/2809/19 2668/2808/19 2666/2806/19 2670/2810/19
f 2670/2810/19 2666/2806/19 2667/2807/19 2671/2811/19
f 2672/2812/19 2673/2813/19 2668/2808/19 2669/2809/19
f 2673/2813/19 2674/2814/19 2649/2789/19 2668/2808/19
f 2675/2815/19 2676/2816/19 2673/2813/19 2672/2812/19
f 2676/2816/19 2677/2817/19 2674/2814/19 2673/2813/19
f 2678/2818/19 2674/2814/19 2677/2817/19 2679/2819/19
f 2680/2820/19 2649/2789/19 2674/2814/19 2678/2818/19
f 2681/2821/19 2680/2820/19 2678/2818/19 2682/2822/19
f 2682/2822/19 2678/2818/19 2679/2819/19 2683/2823/19
f 2684/2824/19 2685/2825/19 2680/2820/19 2681/2821/19
f 2685/2825/19 2686/2826/19 2649/2789/19 2680/2820/19
f 2687/2827/19 2688/2828/19 2685/2825/19 2684/2824/19
f 2688/2828/19 2689/2829/19 2686/2826/19 2685/2825/19
f 2690/2830/19 2691/2831/19 2686/2826/19 2689/2829/19
f 2691/2831/19 2648/2788/19 2649/2789/19 2686/2826/19
f 44/49/19 41/46/19 2691/2831/19 2690/2830/19
f 41/46/19 36/41/19 2648/2788/19 2691/2831/19
f 2692/2832/19 2690/2830/19 2689/2829/19 2693/2833/19
f 2694/2834/19 44/49/19 2690/2830/19 2692/2832/19
f 2695/2835/19 43/48/19 44/49/19 2694/2834/19
f 2696/2836/19 2695/2835/19 2694/2834/19 2697/2837/19
f 2697/2837/19 2694/2834/19 2692/2832/19 2698/2838/19
f 2699/2839/2440 2696/2836/2440 2697/2837/2440 2700/2840/2440
f 2700/2840/2441 2697/2837/2441 2698/2838/2441 2701/2841/2441
f 2361/2433/2442 2700/2840/2442 2701/2841/2442 2362/2434/2442
f 2702/2842/2443 2699/2839/2443 2700/2840/2443 2361/2433/2443
f 2362/2434/2444 2701/2841/2444 2703/2843/2444 2363/2435/2444
f 2701/2841/2445 2698/2838/2445 2704/2844/2445 2703/2843/2445
f 2363/2435/2446 2703/2843/2446 2705/2845/2446 2366/2438/2446
f 2703/2843/2447 2704/2844/2447 2706/2846/2447 2705/2845/2447
f 2366/2438/2448 2705/2845/2448 2707/2847/2448 2369/2441/2448
f 2705/2845/2449 2706/2846/2449 2708/2848/2449 2707/2847/2449
f 2706/2846/19 2704/2844/19 2693/2833/19 2709/2849/19
f 2708/2848/19 2706/2846/19 2709/2849/19 2710/2850/19
f 2710/2850/19 2709/2849/19 2688/2828/19 2687/2827/19
f 2709/2849/19 2693/2833/19 2689/2829/19 2688/2828/19
f 2698/2838/19 2692/2832/19 2693/2833/19 2704/2844/19
f 2711/2851/19 2708/2848/19 2710/2850/19 2712/2852/19
f 2712/2852/19 2710/2850/19 2687/2827/19 2713/2853/19
f 2713/2853/19 2687/2827/19 2684/2824/19 2714/2854/19
f 2715/2855/19 2712/2852/19 2713/2853/19 2716/2856/19
f 2716/2856/19 2713/2853/19 2714/2854/19 2717/2857/19
f 2718/2858/2450 2715/2855/2450 2716/2856/2450 2719/2859/2450
f 2719/2859/2451 2716/2856/2451 2717/2857/2451 2720/2860/2451
f 2385/2461/2452 2719/2859/2452 2720/2860/2452 2394/2474/2452
f 2380/2456/2453 2718/2858/2453 2719/2859/2453 2385/2461/2453
f 2394/2474/2454 2720/2860/2454 2721/2861/2454 2395/2475/2454
f 2720/2860/2455 2717/2857/2455 2722/2862/2455 2721/2861/2455
f 2395/2475/2456 2721/2861/2456 2723/2863/2456 2398/2478/2456
f 2721/2861/2457 2722/2862/2457 2724/2864/2457 2723/2863/2457
f 2398/2478/2458 2723/2863/2458 2725/2865/2458 2401/2481/2458
f 2723/2863/2459 2724/2864/2459 2726/2866/2459 2725/2865/2459
f 2722/2862/19 2727/2867/19 2728/2868/19 2724/2864/19
f 2724/2864/19 2728/2868/19 2729/2869/19 2726/2866/19
f 2728/2868/19 2682/2822/19 2683/2823/19 2729/2869/19
f 2727/2867/19 2681/2821/19 2682/2822/19 2728/2868/19
f 2717/2857/19 2714/2854/19 2727/2867/19 2722/2862/19
f 2714/2854/19 2684/2824/19 2681/2821/19 2727/2867/19
f 2726/2866/19 2729/2869/19 2730/2870/19 2731/2871/19
f 2729/2869/19 2683/2823/19 2732/2872/19 2730/2870/19
f 2683/2823/19 2679/2819/19 2733/2873/19 2732/2872/19
f 2730/2870/19 2732/2872/19 2734/2874/19 2735/2875/19
f 2732/2872/19 2733/2873/19 2736/2876/19 2734/2874/19
f 2737/2877/2460 2735/2875/2460 2734/2874/2460 2738/2878/2460
f 2738/2878/2461 2734/2874/2461 2736/2876/2461 2739/2879/2461
f 2417/2501/2462 2738/2878/2462 2739/2879/2462 2426/2514/2462
f 2414/2498/2463 2737/2877/2463 2738/2878/2463 2417/2501/2463
f 2426/2514/2464 2739/2879/2464 2740/2880/2464 2427/2515/2464
f 2739/2879/2465 2736/2876/2465 2741/2881/2465 2740/2880/2465
f 2740/2880/2466 2741/2881/2466 2742/2882/2466 2743/2883/2466
f 2427/2515/2467 2740/2880/2467 2743/2883/2467 2428/2516/2467
f 2428/2516/2468 2743/2883/2468 2744/2884/2468 2433/2521/2468
f 2743/2883/2469 2742/2882/2469 2745/2885/2469 2744/2884/2469
f 2742/2882/19 2741/2881/19 2746/2886/19 2747/2887/19
f 2745/2885/19 2742/2882/19 2747/2887/19 2748/2888/19
f 2748/2888/19 2747/2887/19 2676/2816/19 2675/2815/19
f 2747/2887/19 2746/2886/19 2677/2817/19 2676/2816/19
f 2733/2873/19 2746/2886/19 2741/2881/19 2736/2876/19
f 2679/2819/19 2677/2817/19 2746/2886/19 2733/2873/19
f 2749/2889/19 2745/2885/19 2748/2888/19 2750/2890/19
f 2750/2890/19 2748/2888/19 2675/2815/19 2751/2891/19
f 2751/2891/19 2675/2815/19 2672/2812/19 2752/2892/19
f 2753/2893/19 2750/2890/19 2751/2891/19 2754/2894/19
f 2754/2894/19 2751/2891/19 2752/2892/19 2755/2895/19
f 2756/2896/19 2754/2894/19 2755/2895/19 2757/2897/19
f 2758/2898/19 2753/2893/19 2754/2894/19 2756/2896/19
f 2759/2899/19 2756/2896/19 2757/2897/19 2760/2900/19
f 2761/2901/19 2758/2898/19 2756/2896/19 2759/2899/19
f 2760/2900/19 2757/2897/19 2762/2902/19 2763/2903/19
f 2757/2897/19 2755/2895/19 2764/2904/19 2762/2902/19
f 2763/2903/19 2762/2902/19 2765/2905/19 2766/2906/19
f 2762/2902/19 2764/2904/19 2767/2907/19 2765/2905/19
f 2766/2906/19 2765/2905/19 2768/2908/19 2769/2909/19
f 2765/2905/19 2767/2907/19 2770/2910/19 2768/2908/19
f 2767/2907/19 2771/2911/19 2772/2912/19 2770/2910/19
f 2764/2904/19 2773/2913/19 2771/2911/19 2767/2907/19
f 2771/2911/19 2670/2810/19 2671/2811/19 2772/2912/19
f 2773/2913/19 2669/2809/19 2670/2810/19 2771/2911/19
f 2755/2895/19 2752/2892/19 2773/2913/19 2764/2904/19
f 2752/2892/19 2672/2812/19 2669/2809/19 2773/2913/19
f 2770/2910/19 2772/2912/19 2774/2914/19 2775/2915/19
f 2772/2912/19 2671/2811/19 2776/2916/19 2774/2914/19
f 2671/2811/19 2667/2807/19 2777/2917/19 2776/2916/19
f 2774/2914/19 2776/2916/19 2778/2918/19 2779/2919/19
f 2776/2916/19 2777/2917/19 2780/2920/19 2778/2918/19
f 2781/2921/2470 2779/2919/2470 2778/2918/2470 2782/2922/2470
f 2782/2922/2470 2778/2918/2470 2780/2920/2470 2783/2923/2470
f 2513/2623/2471 2782/2922/2471 2783/2923/2471 2522/2636/2471
f 2510/2620/2472 2781/2921/2472 2782/2922/2472 2513/2623/2472
f 2522/2636/2473 2783/2923/2473 2784/2924/2473 2523/2637/2473
f 2783/2923/2474 2780/2920/2474 2785/2925/2474 2784/2924/2474
f 2784/2924/2475 2785/2925/2475 2786/2926/2475 2787/2927/2475
f 2523/2637/2476 2784/2924/2476 2787/2927/2476 2524/2638/2476
f 2524/2638/2477 2787/2927/2477 2788/2928/2477 2529/2643/2477
f 2787/2927/2478 2786/2926/2478 2789/2929/2478 2788/2928/2478
f 2786/2926/19 2785/2925/19 2790/2930/19 2791/2931/19
f 2789/2929/19 2786/2926/19 2791/2931/19 2792/2932/19
f 2792/2932/19 2791/2931/19 2664/2804/19 2663/2803/19
f 2791/2931/19 2790/2930/19 2665/2805/19 2664/2804/19
f 2777/2917/19 2790/2930/19 2785/2925/19 2780/2920/19
f 2667/2807/19 2665/2805/19 2790/2930/19 2777/2917/19
f 2793/2933/19 2789/2929/19 2792/2932/19 2794/2934/19
f 2794/2934/19 2792/2932/19 2663/2803/19 2795/2935/19
f 2795/2935/19 2663/2803/19 2660/2800/19 2796/2936/19
f 2797/2937/19 2794/2934/19 2795/2935/19 2798/2938/19
f 2798/2938/19 2795/2935/19 2796/2936/19 2799/2939/19
f 2800/2940/2479 2797/2937/2479 2798/2938/2479 2801/2941/2479
f 2801/2941/2480 2798/2938/2480 2799/2939/2480 2802/2942/2480
f 2545/2663/2481 2801/2941/2481 2802/2942/2481 2554/2676/2481
f 2542/2660/2482 2800/2940/2482 2801/2941/2482 2545/2663/2482
f 2554/2676/2483 2802/2942/2483 2803/2943/2483 2555/2677/2483
f 2802/2942/2484 2799/2939/2484 2804/2944/2484 2803/2943/2484
f 2803/2943/2485 2804/2944/2485 2805/2945/2485 2806/2946/2485
f 2555/2677/2486 2803/2943/2486 2806/2946/2486 2556/2678/2486
f 2556/2678/2487 2806/2946/2487 2807/2947/2487 2561/2683/2487
f 2806/2946/2488 2805/2945/2488 2808/2948/2488 2807/2947/2488
f 2805/2945/19 2804/2944/19 2809/2949/19 2810/2950/19
f 2808/2948/19 2805/2945/19 2810/2950/19 2811/2951/19
f 2811/2951/19 2810/2950/19 2658/2798/19 2657/2797/19
f 2810/2950/19 2809/2949/19 2659/2799/19 2658/2798/19
f 2799/2939/19 2796/2936/19 2809/2949/19 2804/2944/19
f 2796/2936/19 2660/2800/19 2659/2799/19 2809/2949/19
f 2812/2952/19 2808/2948/19 2811/2951/19 2813/2953/19
f 2813/2953/19 2811/2951/19 2657/2797/19 2814/2954/19
f 2814/2954/19 2657/2797/19 2654/2794/19 2815/2955/19
f 2816/2956/19 2813/2953/19 2814/2954/19 2817/2957/19
f 2817/2957/19 2814/2954/19 2815/2955/19 2818/2958/19
f 2819/2959/2489 2816/2956/2489 2817/2957/2489 2820/2960/2489
f 2820/2960/2490 2817/2957/2490 2818/2958/2490 2821/2961/2490
f 2577/2703/2491 2820/2960/2491 2821/2961/2491 2586/2716/2491
f 2574/2700/2492 2819/2959/2492 2820/2960/2492 2577/2703/2492
f 2586/2716/2493 2821/2961/2493 2822/2962/2493 2587/2717/2493
f 2821/2961/2494 2818/2958/2494 2823/2963/2494 2822/2962/2494
f 2587/2717/2495 2822/2962/2495 2824/2964/2495 2590/2720/2495
f 2822/2962/2496 2823/2963/2496 2825/2965/2496 2824/2964/2496
f 2590/2720/2497 2824/2964/2497 2826/2966/2497 2593/2723/2497
f 2824/2964/2498 2825/2965/2498 2827/2967/2498 2826/2966/2498
f 2823/2963/19 2828/2968/19 2829/2969/19 2825/2965/19
f 2825/2965/19 2829/2969/19 2830/2970/19 2827/2967/19
f 2829/2969/19 2653/2793/19 2641/2781/19 2830/2970/19
f 2828/2968/19 2652/2792/19 2653/2793/19 2829/2969/19
f 2818/2958/19 2815/2955/19 2828/2968/19 2823/2963/19
f 2815/2955/19 2654/2794/19 2652/2792/19 2828/2968/19
f 2827/2967/19 2830/2970/19 2831/2971/19 2832/2972/19
f 2830/2970/19 2641/2781/19 2638/2778/19 2831/2971/19
f 2831/2971/19 2638/2778/19 2637/2777/19 2833/2973/19
f 2832/2972/19 2831/2971/19 2833/2973/19 2834/2974/19
f 2835/2975/2499 2834/2974/2499 2833/2973/2499 2836/2976/2499
f 2836/2976/2500 2833/2973/2500 2637/2777/2500 2636/2776/2500
f 2603/2737/2501 2835/2975/2501 2836/2976/2501 2604/2738/2501
f 2604/2738/2502 2836/2976/2502 2636/2776/2502 2609/2743/2502
f 2837/2977/2503 2832/2972/2503 2834/2974/2503 2835/2975/2503
f 2602/2736/2504 2837/2977/2504 2835/2975/2504 2603/2737/2504
f 2593/2723/2505 2826/2966/2505 2837/2977/2505 2602/2736/2505
f 2826/2966/2506 2827/2967/2506 2832/2972/2506 2837/2977/2506
f 2571/2697/2507 2838/2978/2507 2819/2959/2507 2574/2700/2507
f 2838/2978/2508 2839/2979/2508 2816/2956/2508 2819/2959/2508
f 2570/2696/2509 2840/2980/2509 2838/2978/2509 2571/2697/2509
f 2840/2980/2510 2812/2952/2510 2839/2979/2510 2838/2978/2510
f 2561/2683/2511 2807/2947/2511 2840/2980/2511 2570/2696/2511
f 2807/2947/2512 2808/2948/2512 2812/2952/2512 2840/2980/2512
f 2839/2979/19 2812/2952/19 2813/2953/19 2816/2956/19
f 2539/2657/2513 2841/2981/2513 2800/2940/2513 2542/2660/2513
f 2841/2981/2514 2842/2982/2514 2797/2937/2514 2800/2940/2514
f 2538/2656/2515 2843/2983/2515 2841/2981/2515 2539/2657/2515
f 2843/2983/2516 2793/2933/2516 2842/2982/2516 2841/2981/2516
f 2529/2643/2517 2788/2928/2517 2843/2983/2517 2538/2656/2517
f 2788/2928/2518 2789/2929/2518 2793/2933/2518 2843/2983/2518
f 2842/2982/19 2793/2933/19 2794/2934/19 2797/2937/19
f 2507/2617/2519 2844/2984/2519 2781/2921/2519 2510/2620/2519
f 2844/2984/2470 2845/2985/2470 2779/2919/2470 2781/2921/2470
f 2506/2616/2520 2846/2986/2520 2844/2984/2520 2507/2617/2520
f 2846/2986/2470 2847/2987/2470 2845/2985/2470 2844/2984/2470
f 2497/2602/2521 2848/2988/2521 2846/2986/2521 2506/2616/2521
f 2848/2988/2522 2849/2989/2522 2847/2987/2522 2846/2986/2522
f 2850/2990/19 2851/2991/19 2847/2987/19 2849/2989/19
f 2851/2991/19 2775/2915/19 2845/2985/19 2847/2987/19
f 2769/2909/19 2768/2908/19 2851/2991/19 2850/2990/19
f 2768/2908/19 2770/2910/19 2775/2915/19 2851/2991/19
f 2775/2915/19 2774/2914/19 2779/2919/19 2845/2985/19
f 2852/2992/19 2850/2990/19 2849/2989/19 2853/2993/19
f 2854/2994/19 2769/2909/19 2850/2990/19 2852/2992/19
f 2855/2995/19 2766/2906/19 2769/2909/19 2854/2994/19
f 2856/2996/19 2855/2995/19 2854/2994/19 2857/2997/19
f 2857/2997/19 2854/2994/19 2852/2992/19 2858/2998/19
f 2859/2999/2523 2856/2996/2523 2857/2997/2523 2860/3000/2523
f 2860/3000/2524 2857/2997/2524 2858/2998/2524 2861/3001/2524
f 2481/2582/2525 2860/3000/2525 2861/3001/2525 2490/2595/2525
f 2478/2579/2526 2859/2999/2526 2860/3000/2526 2481/2582/2526
f 2490/2595/2527 2861/3001/2527 2862/3002/2527 2491/2596/2527
f 2861/3001/2528 2858/2998/2528 2863/3003/2528 2862/3002/2528
f 2491/2596/2529 2862/3002/2529 2864/3004/2529 2494/2599/2529
f 2862/3002/2530 2863/3003/2530 2853/2993/2530 2864/3004/2530
f 2494/2599/2531 2864/3004/2531 2848/2988/2531 2497/2602/2531
f 2864/3004/2532 2853/2993/2532 2849/2989/2532 2848/2988/2532
f 2858/2998/19 2852/2992/19 2853/2993/19 2863/3003/19
f 2475/2576/2533 2865/3005/2533 2859/2999/2533 2478/2579/2533
f 2865/3005/2534 2866/3006/2534 2856/2996/2534 2859/2999/2534
f 2474/2575/2533 2867/3007/2533 2865/3005/2533 2475/2576/2533
f 2867/3007/2534 2868/3008/2534 2866/3006/2534 2865/3005/2534
f 2465/2562/2535 2869/3009/2535 2867/3007/2535 2474/2575/2535
f 2869/3009/2536 2870/3010/2536 2868/3008/2536 2867/3007/2536
f 2870/3010/19 2871/3011/19 2872/3012/19 2868/3008/19
f 2868/3008/19 2872/3012/19 2873/3013/19 2866/3006/19
f 2871/3011/19 2759/2899/19 2760/2900/19 2872/3012/19
f 2872/3012/19 2760/2900/19 2763/2903/19 2873/3013/19
f 2866/3006/19 2873/3013/19 2855/2995/19 2856/2996/19
f 2873/3013/19 2763/2903/19 2766/2906/19 2855/2995/19
f 2874/3014/19 2875/3015/19 2871/3011/19 2870/3010/19
f 2875/3015/19 2761/2901/19 2759/2899/19 2871/3011/19
f 2876/3016/19 2877/3017/19 2761/2901/19 2875/3015/19
f 2878/3018/19 2876/3016/19 2875/3015/19 2874/3014/19
f 2879/3019/2537 2877/3017/2537 2876/3016/2537 2880/3020/2537
f 2880/3020/2538 2876/3016/2538 2878/3018/2538 2881/3021/2538
f 2458/2555/2539 2880/3020/2539 2881/3021/2539 2459/2556/2539
f 2449/2541/2540 2879/3019/2540 2880/3020/2540 2458/2555/2540
f 2881/3021/2541 2878/3018/2541 2874/3014/2541 2882/3022/2541
f 2459/2556/2542 2881/3021/2542 2882/3022/2542 2460/2557/2542
f 2460/2557/2543 2882/3022/2543 2869/3009/2543 2465/2562/2543
f 2882/3022/2544 2874/3014/2544 2870/3010/2544 2869/3009/2544
f 2446/2538/2545 2883/3023/2545 2879/3019/2545 2449/2541/2545
f 2883/3023/2546 2884/3024/2546 2877/3017/2546 2879/3019/2546
f 2443/2535/2547 2885/3025/2547 2883/3023/2547 2446/2538/2547
f 2885/3025/2548 2886/3026/2548 2884/3024/2548 2883/3023/2548
f 2442/2534/2549 2887/3027/2549 2885/3025/2549 2443/2535/2549
f 2887/3027/2550 2749/2889/2550 2886/3026/2550 2885/3025/2550
f 2433/2521/2551 2744/2884/2551 2887/3027/2551 2442/2534/2551
f 2744/2884/2469 2745/2885/2469 2749/2889/2469 2887/3027/2469
f 2886/3026/19 2749/2889/19 2750/2890/19 2753/2893/19
f 2884/3024/19 2886/3026/19 2753/2893/19 2758/2898/19
f 2877/3017/19 2884/3024/19 2758/2898/19 2761/2901/19
f 2411/2495/2552 2888/3028/2552 2737/2877/2552 2414/2498/2552
f 2888/3028/2553 2889/3029/2553 2735/2875/2553 2737/2877/2553
f 2410/2494/2554 2890/3030/2554 2888/3028/2554 2411/2495/2554
f 2890/3030/2555 2731/2871/2555 2889/3029/2555 2888/3028/2555
f 2401/2481/2556 2725/2865/2556 2890/3030/2556 2410/2494/2556
f 2725/2865/2557 2726/2866/2557 2731/2871/2557 2890/3030/2557
f 2731/2871/19 2730/2870/19 2735/2875/19 2889/3029/19
f 2379/2455/2558 2891/3031/2558 2718/2858/2558 2380/2456/2558
f 2891/3031/2559 2892/3032/2559 2715/2855/2559 2718/2858/2559
f 2893/3033/2560 2711/2851/2560 2892/3032/2560 2891/3031/2560
f 2378/2454/2561 2893/3033/2561 2891/3031/2561 2379/2455/2561
f 2369/2441/2562 2707/2847/2562 2893/3033/2562 2378/2454/2562
f 2707/2847/2563 2708/2848/2563 2711/2851/2563 2893/3033/2563
f 2892/3032/19 2711/2851/19 2712/2852/19 2715/2855/19
f 2894/3034/2564 2895/3035/2564 2699/2839/2564 2702/2842/2564
f 2895/3035/2565 2896/3036/2565 2696/2836/2565 2699/2839/2565
f 2897/3037/2566 2898/3038/2566 2896/3036/2566 2895/3035/2566
f 2899/3039/2567 2897/3037/2567 2895/3035/2567 2894/3034/2567
f 50/55/2568 47/52/2568 2897/3037/2568 2899/3039/2568
f 47/52/2569 42/47/2569 2898/3038/2569 2897/3037/2569
f 2898/3038/19 42/47/19 43/48/19 2695/2835/19
f 2896/3036/19 2898/3038/19 2695/2835/19 2696/2836/19
f 2900/3040/2570 2899/3039/2570 2894/3034/2570 2901/3041/2570
f 55/60/2571 50/55/2571 2899/3039/2571 2900/3040/2571
f 56/61/2572 55/60/2572 2900/3040/2572 2902/3042/2572
f 2902/3042/2573 2900/3040/2573 2901/3041/2573 2903/3043/2573
f 2901/3041/2574 2894/3034/2574 2702/2842/2574 2904/3044/2574
f 2903/3043/2575 2901/3041/2575 2904/3044/2575 2905/3045/2575
f 2905/3045/2576 2904/3044/2576 2358/2430/2576 2355/2424/2576
f 2904/3044/2577 2702/2842/2577 2361/2433/2577 2358/2430/2577
f 2903/3043/2578 2905/3045/2578 2906/3046/2578 2907/3047/2578
f 2905/3045/2579 2355/2424/2579 2352/2427/2579 2906/3046/2579
f 2907/3048/2580 2906/3049/2580 91/99/2580 86/94/2580
f 2906/3049/2581 2352/2421/2581 92/100/2581 91/99/2581
f 2908/3050/2582 2907/3048/2582 86/94/2582 83/91/2582
f 2902/3042/2583 2903/3043/2583 2907/3047/2583 2908/3051/2583
f 56/61/2584 2902/3042/2584 2908/3051/2584 59/64/2584
f 59/69/2585 2908/3050/2585 83/91/2585 62/70/2585
f 2632/2772/19 33/38/19 30/35/19 2909/3052/19
f 2629/2769/2586 2632/2772/2586 2909/3052/2586 2910/3053/2586
f 2909/3052/19 30/35/19 27/32/19 2911/3054/19
f 2910/3053/2587 2909/3052/2587 2911/3054/2587 2912/3055/2587
f 2913/3056/2588 2910/3053/2588 2912/3055/2588 2914/3057/2588
f 2625/2763/2589 2629/2769/2589 2910/3053/2589 2913/3056/2589
f 2912/3055/2590 2911/3054/2590 27/32/2590 24/29/2590
f 2914/3057/2591 2912/3055/2591 24/29/2591 21/26/2591
f 9/9/2592 2913/3056/2592 2914/3057/2592 5/5/2592
f 5/5/2593 2914/3057/2593 21/26/2593 6/6/2593
f 2623/2761/2594 2625/2763/2594 2913/3056/2594 9/9/2594
