# Blender 5.1.1
# www.blender.org
mtllib l_hand.mtl
o export_l_hand_part
v 0.133985 0.031386 -0.029713
v 0.127878 0.033291 -0.030275
v 0.126757 0.034701 -0.025319
v 0.133123 0.032716 -0.024733
v 0.121563 0.033178 -0.018886
v 0.127649 0.031280 -0.018326
v 0.120048 0.036352 -0.025936
v 0.115149 0.034756 -0.019477
v 0.121441 0.034875 -0.030867
v 0.033352 -0.020972 -0.038973
v 0.037594 -0.023947 -0.038583
v 0.032647 -0.024962 -0.033979
v 0.028226 -0.021860 -0.034386
v 0.031586 -0.023866 -0.027166
v 0.027359 -0.020901 -0.027555
v 0.037631 -0.027823 -0.033521
v 0.036351 -0.026601 -0.026728
v 0.042375 -0.026692 -0.038143
v 0.065912 0.034875 -0.035977
v 0.059476 0.033291 -0.036569
v 0.055457 0.034701 -0.031880
v 0.062166 0.036352 -0.031263
v 0.053394 0.033178 -0.025160
v 0.059808 0.034756 -0.024569
v 0.049091 0.032716 -0.032466
v 0.047308 0.031280 -0.025720
v 0.053369 0.031386 -0.037131
v 0.166229 -0.000000 -0.026745
v 0.165879 0.003700 -0.026778
v 0.166369 0.003857 -0.021674
v 0.166733 -0.000000 -0.021640
v 0.159436 0.003687 -0.015401
v 0.159784 -0.000000 -0.015369
v 0.165280 0.007676 -0.021774
v 0.158395 0.007339 -0.015497
v 0.164835 0.007364 -0.026874
v 0.079523 -0.037023 -0.034724
v 0.086566 -0.037566 -0.034076
v 0.083694 -0.039158 -0.029282
v 0.076353 -0.038592 -0.029957
v 0.080391 -0.037439 -0.022675
v 0.073372 -0.036897 -0.023321
v 0.091107 -0.039348 -0.028600
v 0.087478 -0.037620 -0.022023
v 0.093677 -0.037748 -0.033422
v 0.026732 0.014445 -0.039582
v 0.024522 0.010958 -0.039786
v 0.019082 0.011422 -0.035227
v 0.021345 0.015058 -0.035019
v 0.018675 0.010920 -0.028354
v 0.020801 0.014396 -0.028159
v 0.017640 0.007676 -0.035360
v 0.017335 0.007339 -0.028478
v 0.023093 0.007364 -0.039917
v 0.144979 0.026692 -0.028701
v 0.139703 0.029179 -0.029186
v 0.139084 0.030416 -0.024185
v 0.144583 0.027823 -0.023679
v 0.133348 0.029080 -0.017802
v 0.138606 0.026601 -0.017318
v 0.133985 -0.031387 -0.029713
v 0.139703 -0.029180 -0.029186
v 0.139084 -0.030416 -0.024185
v 0.133123 -0.032716 -0.024733
v 0.133348 -0.029081 -0.017802
v 0.127649 -0.031280 -0.018326
v 0.144583 -0.027823 -0.023679
v 0.138606 -0.026601 -0.017318
v 0.144979 -0.026692 -0.028701
v 0.026732 -0.014446 -0.039582
v 0.029703 -0.017794 -0.039309
v 0.024424 -0.018548 -0.034736
v 0.021345 -0.015058 -0.035019
v 0.023727 -0.017734 -0.027890
v 0.020801 -0.014397 -0.028159
v 0.079523 0.037023 -0.034724
v 0.072616 0.036122 -0.035360
v 0.069154 0.037653 -0.030620
v 0.076353 0.038591 -0.029957
v 0.066489 0.036000 -0.023955
v 0.073372 0.036897 -0.023321
v 0.164835 -0.007364 -0.026874
v 0.165879 -0.003700 -0.026778
v 0.166369 -0.003857 -0.021674
v 0.165280 -0.007676 -0.021774
v 0.159436 -0.003687 -0.015401
v 0.158395 -0.007339 -0.015497
v 0.065912 -0.034875 -0.035977
v 0.072616 -0.036123 -0.035360
v 0.069154 -0.037653 -0.030620
v 0.062166 -0.036353 -0.031263
v 0.066489 -0.036000 -0.023955
v 0.059808 -0.034756 -0.024569
v 0.033352 0.020972 -0.038973
v 0.029703 0.017794 -0.039309
v 0.024424 0.018548 -0.034736
v 0.028226 0.021860 -0.034386
v 0.023727 0.017734 -0.027890
v 0.027359 0.020900 -0.027555
v 0.154002 0.020972 -0.027871
v 0.149760 0.023947 -0.028261
v 0.149567 0.024962 -0.023220
v 0.153988 0.021860 -0.022813
v 0.143371 0.023866 -0.016880
v 0.147598 0.020900 -0.016491
v 0.121441 -0.034875 -0.030867
v 0.127878 -0.033291 -0.030275
v 0.126757 -0.034701 -0.025319
v 0.120048 -0.036353 -0.025936
v 0.121563 -0.033178 -0.018886
v 0.115149 -0.034756 -0.019477
v 0.023093 -0.007364 -0.039917
v 0.024522 -0.010958 -0.039786
v 0.019082 -0.011422 -0.035227
v 0.017640 -0.007676 -0.035360
v 0.018675 -0.010921 -0.028354
v 0.017335 -0.007339 -0.028478
v 0.107831 0.037023 -0.032119
v 0.100788 0.037566 -0.032767
v 0.098520 0.039158 -0.027917
v 0.105861 0.038591 -0.027242
v 0.094566 0.037438 -0.021371
v 0.101585 0.036897 -0.020725
v 0.091107 0.039348 -0.028600
v 0.087478 0.037620 -0.022023
v 0.093677 0.037748 -0.033422
v 0.086566 0.037566 -0.034076
v 0.083694 0.039158 -0.029282
v 0.080391 0.037438 -0.022675
v 0.160706 -0.014446 -0.027254
v 0.163105 -0.010958 -0.027033
v 0.163477 -0.011422 -0.021940
v 0.160977 -0.015058 -0.022170
v 0.156670 -0.010921 -0.015656
v 0.154280 -0.014397 -0.015876
v 0.053369 -0.031387 -0.037131
v 0.059476 -0.033291 -0.036569
v 0.055457 -0.034701 -0.031880
v 0.049091 -0.032716 -0.032466
v 0.053394 -0.033178 -0.025160
v 0.047308 -0.031280 -0.025720
v 0.042375 0.026692 -0.038143
v 0.037594 0.023947 -0.038583
v 0.032647 0.024962 -0.033979
v 0.037631 0.027823 -0.033521
v 0.031586 0.023866 -0.027166
v 0.036351 0.026601 -0.026728
v 0.160706 0.014445 -0.027254
v 0.157662 0.017794 -0.027534
v 0.157803 0.018548 -0.022462
v 0.160977 0.015058 -0.022170
v 0.151246 0.017734 -0.016155
v 0.154280 0.014396 -0.015876
v 0.107831 -0.037023 -0.032119
v 0.114738 -0.036123 -0.031484
v 0.113060 -0.037653 -0.026579
v 0.105861 -0.038592 -0.027242
v 0.108468 -0.036000 -0.020092
v 0.101585 -0.036897 -0.020725
v 0.022232 -0.000000 -0.039996
v 0.022403 -0.003700 -0.039981
v 0.016960 -0.003857 -0.035423
v 0.016797 -0.000000 -0.035438
v 0.016698 -0.003687 -0.028536
v 0.016543 -0.000000 -0.028551
v 0.114738 0.036122 -0.031484
v 0.113060 0.037653 -0.026579
v 0.108468 0.036000 -0.020092
v 0.154002 -0.020972 -0.027871
v 0.157662 -0.017794 -0.027534
v 0.157803 -0.018548 -0.022462
v 0.153988 -0.021860 -0.022813
v 0.151246 -0.017734 -0.016155
v 0.147598 -0.020901 -0.016491
v 0.047651 -0.029180 -0.037657
v 0.043130 -0.030416 -0.033014
v 0.041609 -0.029081 -0.026244
v 0.047650 0.029179 -0.037657
v 0.043130 0.030416 -0.033015
v 0.041609 0.029080 -0.026244
v 0.163105 0.010958 -0.027033
v 0.163476 0.011422 -0.021940
v 0.156670 0.010920 -0.015656
v 0.100788 -0.037566 -0.032767
v 0.098520 -0.039158 -0.027917
v 0.094566 -0.037439 -0.021371
v 0.022403 0.003700 -0.039981
v 0.016960 0.003857 -0.035423
v 0.016698 0.003687 -0.028536
v 0.143371 -0.023866 -0.016880
v 0.135382 -0.022202 -0.010359
v 0.130949 -0.024747 -0.010767
v 0.126373 -0.020290 -0.004273
v 0.122322 -0.022616 -0.004646
v 0.139315 -0.019444 -0.009997
v 0.129967 -0.017769 -0.003942
v 0.149760 -0.023947 -0.028261
v 0.149567 -0.024962 -0.023220
v 0.077232 0.029822 -0.037013
v 0.071606 0.029038 -0.037531
v 0.081224 0.021853 -0.036943
v 0.076279 0.023357 -0.037398
v 0.083082 0.030451 -0.036475
v 0.086610 0.021614 -0.036447
v 0.027750 -0.017769 -0.013349
v 0.031337 -0.020290 -0.013019
v 0.031318 -0.018138 -0.006816
v 0.028125 -0.015885 -0.007109
v 0.031370 -0.015738 -0.001235
v 0.028609 -0.013782 -0.001489
v 0.034937 -0.020217 -0.006483
v 0.034508 -0.017542 -0.000947
v 0.035387 -0.022616 -0.012646
v 0.051677 0.030865 -0.018062
v 0.057644 0.032333 -0.017513
v 0.049876 0.028207 -0.011313
v 0.055330 0.029549 -0.010811
v 0.046015 0.029099 -0.018583
v 0.044702 0.026593 -0.011789
v 0.115094 0.030865 -0.012226
v 0.120756 0.029099 -0.011705
v 0.107832 0.028207 -0.005980
v 0.113006 0.026593 -0.005503
v 0.109127 0.032333 -0.012775
v 0.102379 0.029549 -0.006481
v 0.031389 -0.022202 -0.019929
v 0.027458 -0.019444 -0.020290
v 0.035822 -0.024747 -0.019521
v 0.126058 0.027053 -0.011217
v 0.130949 0.024747 -0.010767
v 0.117852 0.024723 -0.005057
v 0.122322 0.022616 -0.004646
v 0.024085 -0.016498 -0.020601
v 0.021385 -0.013393 -0.020849
v 0.024684 -0.015077 -0.013631
v 0.022251 -0.012240 -0.013855
v 0.126058 -0.027053 -0.011217
v 0.120756 -0.029100 -0.011705
v 0.117852 -0.024724 -0.005057
v 0.113006 -0.026593 -0.005503
v 0.063860 0.033490 -0.016941
v 0.070263 0.034325 -0.016351
v 0.061010 0.030606 -0.010288
v 0.066862 0.031369 -0.009750
v 0.115094 -0.030865 -0.012226
v 0.109127 -0.032334 -0.012775
v 0.107832 -0.028207 -0.005980
v 0.102379 -0.029549 -0.006481
v 0.076793 0.034829 -0.015751
v 0.083386 0.034997 -0.015144
v 0.072829 0.031829 -0.009201
v 0.078854 0.031983 -0.008646
v 0.135382 0.022202 -0.010359
v 0.139315 0.019444 -0.009997
v 0.126373 0.020290 -0.004273
v 0.129967 0.017769 -0.003942
v 0.019455 -0.010159 -0.021027
v 0.018250 -0.006828 -0.021138
v 0.020538 -0.009284 -0.014012
v 0.019479 -0.006240 -0.014110
v 0.142708 0.016498 -0.009685
v 0.145531 0.013393 -0.009425
v 0.133068 0.015077 -0.003657
v 0.135647 0.012239 -0.003420
v 0.017669 -0.003430 -0.021191
v 0.017522 -0.000000 -0.021205
v 0.018957 -0.003135 -0.014158
v 0.018820 -0.000000 -0.014171
v 0.102912 -0.033491 -0.013347
v 0.096509 -0.034325 -0.013936
v 0.096699 -0.030606 -0.007004
v 0.090847 -0.031369 -0.007542
v 0.089979 -0.034829 -0.014537
v 0.083386 -0.034998 -0.015144
v 0.084879 -0.031829 -0.008092
v 0.078854 -0.031984 -0.008646
v 0.147754 0.010159 -0.009221
v 0.149359 0.006828 -0.009073
v 0.137679 0.009284 -0.003233
v 0.139145 0.006240 -0.003098
v 0.017669 0.003430 -0.021191
v 0.018250 0.006828 -0.021138
v 0.018957 0.003135 -0.014158
v 0.019479 0.006240 -0.014110
v 0.150327 0.003430 -0.008984
v 0.150651 -0.000000 -0.008954
v 0.140030 0.003135 -0.003016
v 0.140327 -0.000000 -0.002989
v 0.019455 0.010159 -0.021027
v 0.021385 0.013393 -0.020849
v 0.020538 0.009284 -0.014012
v 0.022251 0.012239 -0.013855
v 0.076793 -0.034829 -0.015751
v 0.070263 -0.034325 -0.016351
v 0.072829 -0.031829 -0.009201
v 0.066862 -0.031369 -0.009750
v 0.063860 -0.033491 -0.016941
v 0.057644 -0.032334 -0.017513
v 0.061010 -0.030606 -0.010288
v 0.055330 -0.029549 -0.010811
v 0.150327 -0.003430 -0.008984
v 0.149359 -0.006828 -0.009073
v 0.140030 -0.003135 -0.003016
v 0.139145 -0.006240 -0.003098
v 0.024085 0.016498 -0.020601
v 0.027458 0.019443 -0.020290
v 0.024684 0.015077 -0.013631
v 0.027750 0.017769 -0.013349
v 0.147754 -0.010159 -0.009221
v 0.145531 -0.013393 -0.009425
v 0.137679 -0.009284 -0.003233
v 0.135647 -0.012240 -0.003420
v 0.031389 0.022202 -0.019929
v 0.035822 0.024747 -0.019521
v 0.031337 0.020290 -0.013019
v 0.035387 0.022616 -0.012646
v 0.089979 0.034829 -0.014537
v 0.096509 0.034325 -0.013936
v 0.084879 0.031829 -0.008092
v 0.090847 0.031369 -0.007542
v 0.051677 -0.030865 -0.018062
v 0.046015 -0.029100 -0.018583
v 0.049876 -0.028207 -0.011313
v 0.044702 -0.026593 -0.011789
v 0.102912 0.033490 -0.013347
v 0.096699 0.030606 -0.007004
v 0.040713 -0.027053 -0.019071
v 0.039857 -0.024724 -0.012235
v 0.142708 -0.016498 -0.009685
v 0.133068 -0.015077 -0.003657
v 0.040713 0.027053 -0.019071
v 0.039857 0.024723 -0.012235
v 0.021819 -0.000000 -0.002114
v 0.021944 -0.002432 -0.002103
v 0.023479 -0.002025 0.003066
v 0.023353 -0.000000 0.003054
v 0.025124 -0.001604 0.007332
v 0.025002 -0.000000 0.007321
v 0.023885 -0.004031 0.003103
v 0.025503 -0.003193 0.007367
v 0.022369 -0.004840 -0.002064
v 0.128482 0.002802 0.002126
v 0.128747 -0.000000 0.002150
v 0.115673 0.002431 0.006522
v 0.115903 -0.000000 0.006544
v 0.127691 0.005578 0.002053
v 0.114987 0.004840 0.006459
v 0.025416 -0.013478 -0.007359
v 0.023285 -0.010942 -0.007555
v 0.026280 -0.011694 -0.001704
v 0.024453 -0.009494 -0.001872
v 0.128482 -0.002803 0.002126
v 0.127691 -0.005578 0.002053
v 0.115673 -0.002432 0.006522
v 0.114987 -0.004840 0.006459
v 0.021800 -0.008300 -0.007692
v 0.020883 -0.005578 -0.007776
v 0.023173 -0.007201 -0.001990
v 0.126380 -0.008300 0.001932
v 0.124564 -0.010942 0.001765
v 0.113850 -0.007201 0.006355
v 0.112274 -0.009493 0.006210
v 0.020418 -0.002803 -0.007819
v 0.020289 -0.000000 -0.007831
v 0.122258 -0.013478 0.001553
v 0.119486 -0.015885 0.001298
v 0.110273 -0.011694 0.006025
v 0.107867 -0.013782 0.005804
v 0.020418 0.002802 -0.007819
v 0.020883 0.005578 -0.007776
v 0.021944 0.002431 -0.002103
v 0.022369 0.004840 -0.002064
v 0.116273 -0.018138 0.001002
v 0.112652 -0.020217 0.000669
v 0.105080 -0.015738 0.005548
v 0.101938 -0.017542 0.005258
v 0.021800 0.008299 -0.007692
v 0.023285 0.010941 -0.007555
v 0.023173 0.007201 -0.001990
v 0.024453 0.009493 -0.001872
v 0.108656 -0.022101 0.000301
v 0.104324 -0.023773 -0.000097
v 0.098471 -0.019176 0.004939
v 0.094712 -0.020627 0.004593
v 0.025416 0.013478 -0.007359
v 0.028125 0.015884 -0.007109
v 0.026280 0.011694 -0.001704
v 0.028609 0.013782 -0.001489
v 0.099699 -0.025215 -0.000523
v 0.094824 -0.026415 -0.000972
v 0.090699 -0.021878 0.004224
v 0.086469 -0.022919 0.003835
v 0.079180 0.028453 -0.002411
v 0.084515 0.028042 -0.001920
v 0.072896 0.024688 0.002586
v 0.077525 0.024331 0.003012
v 0.073794 0.028591 -0.002907
v 0.068223 0.024807 0.002156
v 0.031318 0.018138 -0.006816
v 0.034937 0.020217 -0.006483
v 0.031370 0.015738 -0.001235
v 0.034508 0.017541 -0.000947
v 0.089746 -0.027360 -0.001439
v 0.084515 -0.028042 -0.001920
v 0.082064 -0.023739 0.003430
v 0.077525 -0.024331 0.003012
v 0.089746 0.027360 -0.001439
v 0.094824 0.026415 -0.000972
v 0.082064 0.023739 0.003430
v 0.086469 0.022919 0.003835
v 0.038933 0.022101 -0.006115
v 0.043264 0.023773 -0.005716
v 0.037975 0.019176 -0.000628
v 0.041733 0.020627 -0.000282
v 0.079180 -0.028454 -0.002411
v 0.073794 -0.028591 -0.002907
v 0.072896 -0.024688 0.002586
v 0.068223 -0.024808 0.002156
v 0.099699 0.025215 -0.000523
v 0.104324 0.023773 -0.000097
v 0.090699 0.021878 0.004224
v 0.094712 0.020627 0.004593
v 0.047890 0.025215 -0.005291
v 0.052765 0.026415 -0.004842
v 0.045747 0.021878 0.000088
v 0.049977 0.022919 0.000477
v 0.068408 -0.028454 -0.003402
v 0.063073 -0.028042 -0.003893
v 0.063549 -0.024688 0.001726
v 0.058921 -0.024331 0.001300
v 0.108656 0.022101 0.000301
v 0.112652 0.020217 0.000669
v 0.098471 0.019176 0.004939
v 0.101938 0.017541 0.005258
v 0.057842 0.027360 -0.004375
v 0.063073 0.028042 -0.003893
v 0.054382 0.023739 0.000882
v 0.058921 0.024331 0.001300
v 0.057842 -0.027360 -0.004375
v 0.052765 -0.026415 -0.004842
v 0.054382 -0.023739 0.000882
v 0.049977 -0.022919 0.000477
v 0.116273 0.018138 0.001002
v 0.119486 0.015884 0.001298
v 0.105080 0.015738 0.005548
v 0.107867 0.013782 0.005804
v 0.068408 0.028453 -0.003402
v 0.063549 0.024688 0.001726
v 0.047890 -0.025215 -0.005291
v 0.043264 -0.023773 -0.005716
v 0.045747 -0.021878 0.000088
v 0.041733 -0.020627 -0.000282
v 0.122258 0.013478 0.001553
v 0.124564 0.010941 0.001765
v 0.110273 0.011694 0.006025
v 0.112274 0.009493 0.006210
v 0.038933 -0.022101 -0.006115
v 0.037975 -0.019176 -0.000628
v 0.126380 0.008299 0.001932
v 0.113850 0.007201 0.006355
v 0.029960 0.009091 0.007777
v 0.028392 0.007714 0.007633
v 0.029606 0.005754 0.010567
v 0.030858 0.006773 0.010693
v 0.031255 0.003993 0.012281
v 0.032671 0.004684 0.012471
v 0.028569 0.004723 0.010437
v 0.029919 0.003710 0.011866
v 0.027119 0.006262 0.007516
v 0.097250 -0.009739 0.009855
v 0.095247 -0.011478 0.009670
v 0.083840 -0.007714 0.012735
v 0.082254 -0.009091 0.012590
v 0.098916 -0.007906 0.010008
v 0.085160 -0.006262 0.012857
v 0.023479 0.002025 0.003066
v 0.023885 0.004030 0.003103
v 0.025124 0.001604 0.007332
v 0.025503 0.003192 0.007367
v 0.092926 -0.013106 0.009457
v 0.090309 -0.014608 0.009216
v 0.080415 -0.010381 0.012420
v 0.078342 -0.011571 0.012230
v 0.024619 0.005997 0.003171
v 0.025739 0.007906 0.003274
v 0.026161 0.004750 0.007428
v 0.087422 -0.015970 0.008950
v 0.084292 -0.017178 0.008662
v 0.076055 -0.012649 0.012019
v 0.073576 -0.013606 0.011791
v 0.027289 0.009739 0.003417
v 0.029238 0.011477 0.003596
v 0.080950 -0.018220 0.008355
v 0.077427 -0.019087 0.008031
v 0.070929 -0.014432 0.011547
v 0.068139 -0.015118 0.011291
v 0.066124 0.020559 0.006990
v 0.069978 0.020262 0.007345
v 0.059186 0.016285 0.010467
v 0.062239 0.016049 0.010748
v 0.062232 0.020659 0.006632
v 0.056103 0.016364 0.010183
v 0.031541 0.013106 0.003808
v 0.034155 0.014608 0.004049
v 0.031792 0.010381 0.007946
v 0.033864 0.011571 0.008137
v 0.073758 -0.019770 0.007693
v 0.069978 -0.020262 0.007345
v 0.065233 -0.015659 0.011023
v 0.062239 -0.016049 0.010748
v 0.073758 0.019769 0.007693
v 0.077427 0.019086 0.008031
v 0.065233 0.015659 0.011023
v 0.068139 0.015118 0.011291
v 0.037042 0.015970 0.004314
v 0.040172 0.017177 0.004602
v 0.036151 0.012649 0.008347
v 0.038630 0.013606 0.008575
v 0.066124 -0.020560 0.006990
v 0.062232 -0.020659 0.006632
v 0.059186 -0.016285 0.010467
v 0.056103 -0.016364 0.010183
v 0.080950 0.018220 0.008355
v 0.084292 0.017177 0.008662
v 0.070929 0.014431 0.011547
v 0.073576 0.013606 0.011791
v 0.043514 0.018220 0.004910
v 0.047037 0.019086 0.005234
v 0.041277 0.014431 0.008819
v 0.044067 0.015118 0.009076
v 0.058340 -0.020560 0.006274
v 0.054486 -0.020262 0.005919
v 0.053020 -0.016285 0.009899
v 0.049967 -0.016049 0.009619
v 0.087422 0.015970 0.008950
v 0.090309 0.014608 0.009216
v 0.076055 0.012649 0.012019
v 0.078342 0.011571 0.012230
v 0.050706 0.019769 0.005571
v 0.054486 0.020262 0.005919
v 0.046973 0.015659 0.009343
v 0.049967 0.016049 0.009619
v 0.050706 -0.019770 0.005571
v 0.047037 -0.019087 0.005234
v 0.046973 -0.015659 0.009343
v 0.044067 -0.015118 0.009076
v 0.092926 0.013106 0.009457
v 0.095247 0.011478 0.009670
v 0.080415 0.010381 0.012420
v 0.082254 0.009091 0.012590
v 0.058340 0.020559 0.006274
v 0.053020 0.016285 0.009899
v 0.043514 -0.018220 0.004910
v 0.040172 -0.017178 0.004602
v 0.041277 -0.014432 0.008819
v 0.038630 -0.013606 0.008575
v 0.097250 0.009739 0.009855
v 0.098916 0.007906 0.010008
v 0.083840 0.007714 0.012735
v 0.085160 0.006262 0.012857
v 0.037042 -0.015970 0.004314
v 0.034155 -0.014608 0.004049
v 0.036151 -0.012649 0.008347
v 0.033864 -0.011571 0.008137
v 0.100229 0.005997 0.010129
v 0.101176 0.004030 0.010216
v 0.086200 0.004750 0.012953
v 0.086950 0.003192 0.013022
v 0.031541 -0.013106 0.003808
v 0.029238 -0.011478 0.003596
v 0.031792 -0.010381 0.007946
v 0.029960 -0.009091 0.007777
v 0.101748 0.002025 0.010269
v 0.101939 -0.000000 0.010286
v 0.087402 0.001604 0.013063
v 0.087554 -0.000000 0.013077
v 0.027289 -0.009739 0.003417
v 0.025739 -0.007906 0.003274
v 0.028392 -0.007714 0.007633
v 0.027119 -0.006262 0.007516
v 0.101748 -0.002025 0.010269
v 0.101176 -0.004031 0.010216
v 0.087402 -0.001604 0.013063
v 0.086950 -0.003193 0.013022
v 0.024619 -0.005997 0.003171
v 0.026161 -0.004750 0.007428
v 0.100229 -0.005997 0.010129
v 0.086200 -0.004750 0.012953
v 0.041831 -0.014653 -0.040271
v 0.045107 -0.017249 -0.039970
v 0.055526 -0.010431 -0.039308
v 0.059656 -0.012243 -0.038928
v 0.038962 -0.012028 -0.040535
v 0.050006 -0.009675 -0.039816
v 0.061430 -0.010806 0.013495
v 0.059544 -0.011401 0.013287
v 0.053988 -0.007836 0.014373
v 0.054259 -0.008956 0.014106
v 0.063357 -0.010137 0.013684
v 0.055149 -0.007011 0.014540
v 0.052640 0.012185 0.012686
v 0.054911 0.011957 0.012907
v 0.047641 0.008767 0.013789
v 0.049308 0.008270 0.014002
v 0.050467 0.012341 0.012452
v 0.047129 0.009694 0.013450
v 0.032206 0.007782 0.010806
v 0.033695 0.008726 0.010909
v 0.033461 0.005711 0.012484
v 0.033954 0.006855 0.012238
v 0.057238 -0.011710 0.013109
v 0.054911 -0.011957 0.012907
v 0.051537 -0.008364 0.014147
v 0.049308 -0.008270 0.014002
v 0.057238 0.011710 0.013109
v 0.059544 0.011401 0.013287
v 0.051537 0.008364 0.014147
v 0.054259 0.008956 0.014106
v 0.035415 0.009451 0.011101
v 0.037322 0.010136 0.011288
v 0.035338 0.006687 0.012656
v 0.037143 0.007011 0.012883
v 0.052640 -0.012186 0.012686
v 0.050467 -0.012341 0.012452
v 0.047641 -0.008767 0.013789
v 0.047129 -0.009694 0.013450
v 0.061430 0.010806 0.013495
v 0.063357 0.010136 0.013684
v 0.053988 0.007835 0.014373
v 0.055149 0.007011 0.014540
v 0.039313 0.010806 0.011460
v 0.041390 0.011401 0.011617
v 0.038640 0.007835 0.012960
v 0.039999 0.008956 0.012794
v 0.048103 -0.012186 0.012269
v 0.045768 -0.011957 0.012065
v 0.044988 -0.008767 0.013544
v 0.042984 -0.008270 0.013420
v 0.065328 0.009451 0.013854
v 0.067239 0.008726 0.013996
v 0.057291 0.006687 0.014677
v 0.060304 0.006855 0.014662
v 0.043504 0.011710 0.011846
v 0.045768 0.011957 0.012065
v 0.041092 0.008364 0.013186
v 0.042984 0.008270 0.013420
v 0.043504 -0.011710 0.011846
v 0.041390 -0.011401 0.011617
v 0.041092 -0.008364 0.013186
v 0.039999 -0.008956 0.012794
v 0.068536 0.007782 0.014149
v 0.069822 0.006773 0.014279
v 0.059167 0.005711 0.014849
v 0.059620 0.004684 0.014951
v 0.048103 0.012185 0.012269
v 0.044988 0.008767 0.013544
v 0.039313 -0.010806 0.011460
v 0.037322 -0.010137 0.011288
v 0.038640 -0.007836 0.012960
v 0.037143 -0.007011 0.012883
v 0.071141 0.005754 0.014389
v 0.072380 0.004723 0.014469
v 0.061374 0.003993 0.015052
v 0.064343 0.003710 0.015034
v 0.035415 -0.009451 0.011101
v 0.033695 -0.008726 0.010909
v 0.035338 -0.006687 0.012656
v 0.033954 -0.006855 0.012238
v 0.072877 0.003573 0.014549
v 0.073321 0.002378 0.014601
v 0.062390 0.002717 0.015146
v 0.062040 0.001645 0.015174
v 0.032206 -0.007782 0.010806
v 0.030858 -0.006773 0.010693
v 0.033461 -0.005711 0.012484
v 0.032671 -0.004684 0.012471
v 0.073792 0.001180 0.014633
v 0.074186 -0.000000 0.014635
v 0.063164 0.000690 0.015217
v 0.065761 -0.000000 0.015164
v 0.029606 -0.005754 0.010567
v 0.028569 -0.004723 0.010437
v 0.031255 -0.003993 0.012281
v 0.029919 -0.003710 0.011866
v 0.073792 -0.001180 0.014633
v 0.073321 -0.002378 0.014601
v 0.063164 -0.000690 0.015217
v 0.062040 -0.001645 0.015174
v 0.027904 -0.003573 0.010410
v 0.027425 -0.002378 0.010377
v 0.030247 -0.002717 0.012188
v 0.030267 -0.001645 0.012250
v 0.072877 -0.003573 0.014549
v 0.072380 -0.004723 0.014469
v 0.062390 -0.002717 0.015146
v 0.064343 -0.003710 0.015034
v 0.027042 -0.001180 0.010331
v 0.026851 -0.000000 0.010279
v 0.029488 -0.000690 0.012118
v 0.028533 -0.000000 0.011739
v 0.071141 -0.005754 0.014389
v 0.069822 -0.006773 0.014279
v 0.061374 -0.003993 0.015052
v 0.059620 -0.004684 0.014951
v 0.027042 0.001180 0.010331
v 0.027425 0.002378 0.010377
v 0.029488 0.000690 0.012118
v 0.030267 0.001645 0.012250
v 0.068536 -0.007782 0.014149
v 0.067239 -0.008726 0.013996
v 0.059167 -0.005711 0.014849
v 0.060304 -0.006855 0.014662
v 0.027904 0.003573 0.010410
v 0.030247 0.002717 0.012188
v 0.065328 -0.009451 0.013854
v 0.057291 -0.006687 0.014677
v 0.132819 -0.024070 -0.031898
v 0.137441 -0.022225 -0.031473
v 0.123557 -0.017472 -0.033047
v 0.129232 -0.017877 -0.032525
v 0.127877 -0.025815 -0.032353
v 0.118405 -0.018324 -0.033521
v 0.132819 0.024070 -0.031898
v 0.127877 0.025815 -0.032353
v 0.123557 0.017472 -0.033047
v 0.118405 0.018323 -0.033521
v 0.137441 0.022225 -0.031473
v 0.129232 0.017876 -0.032525
v 0.037564 0.009101 -0.040664
v 0.036534 0.006057 -0.040758
v 0.052925 0.007102 -0.039547
v 0.053443 0.004299 -0.039499
v 0.038962 0.012028 -0.040535
v 0.050006 0.009675 -0.039816
v 0.088949 -0.031035 -0.035935
v 0.094724 -0.031431 -0.035404
v 0.091411 -0.022907 -0.036006
v 0.094874 -0.025281 -0.035687
v 0.083082 -0.030451 -0.036475
v 0.086610 -0.021614 -0.036447
v 0.154374 0.003005 -0.029915
v 0.153251 0.006057 -0.030018
v 0.138901 0.001802 -0.031635
v 0.136416 0.004299 -0.031864
v 0.155134 -0.000000 -0.029845
v 0.143464 -0.000000 -0.031216
v 0.066562 0.027523 -0.037995
v 0.061571 0.025815 -0.038455
v 0.074826 0.020474 -0.037532
v 0.071342 0.018323 -0.037852
v 0.048462 -0.019821 -0.039661
v 0.052007 -0.022225 -0.039335
v 0.061292 -0.014924 -0.038777
v 0.060515 -0.017877 -0.038849
v 0.140986 -0.019821 -0.031147
v 0.144341 -0.017249 -0.030838
v 0.128455 -0.014924 -0.032597
v 0.130091 -0.012243 -0.032446
v 0.122886 0.027523 -0.032812
v 0.117842 0.029038 -0.033276
v 0.114922 0.020474 -0.033842
v 0.113468 0.023357 -0.033976
v 0.035630 0.003005 -0.040842
v 0.034989 -0.000000 -0.040901
v 0.051048 0.001802 -0.039720
v 0.046613 -0.000000 -0.040128
v 0.100499 -0.031035 -0.034872
v 0.106366 -0.030451 -0.034333
v 0.098337 -0.022907 -0.035368
v 0.103137 -0.021614 -0.034927
v 0.152043 0.009101 -0.030129
v 0.150536 0.012028 -0.030268
v 0.136875 0.007102 -0.031822
v 0.139765 0.009675 -0.031556
v 0.056629 0.024070 -0.038909
v 0.052007 0.022225 -0.039335
v 0.066190 0.017472 -0.038326
v 0.060515 0.017876 -0.038849
v 0.056629 -0.024070 -0.038909
v 0.061571 -0.025815 -0.038455
v 0.066190 -0.017472 -0.038326
v 0.071342 -0.018324 -0.037852
v 0.147623 -0.014653 -0.030536
v 0.150536 -0.012028 -0.030268
v 0.134225 -0.010431 -0.032066
v 0.139765 -0.009675 -0.031556
v 0.112216 0.029822 -0.033794
v 0.106366 0.030451 -0.034333
v 0.108523 0.021853 -0.034431
v 0.103137 0.021614 -0.034927
v 0.035630 -0.003005 -0.040842
v 0.036534 -0.006057 -0.040758
v 0.051048 -0.001802 -0.039720
v 0.053443 -0.004299 -0.039499
v 0.112216 -0.029823 -0.033794
v 0.117842 -0.029038 -0.033276
v 0.108523 -0.021853 -0.034431
v 0.113468 -0.023357 -0.033976
v 0.147623 0.014652 -0.030536
v 0.144341 0.017249 -0.030838
v 0.134225 0.010431 -0.032066
v 0.130091 0.012243 -0.032446
v 0.048462 0.019820 -0.039661
v 0.045107 0.017249 -0.039970
v 0.061292 0.014924 -0.038777
v 0.059656 0.012243 -0.038928
v 0.066562 -0.027523 -0.037995
v 0.071606 -0.029038 -0.037531
v 0.074826 -0.020474 -0.037532
v 0.076279 -0.023357 -0.037398
v 0.152043 -0.009101 -0.030129
v 0.153251 -0.006057 -0.030018
v 0.136875 -0.007102 -0.031822
v 0.136416 -0.004299 -0.031864
v 0.088949 0.031035 -0.035935
v 0.091411 0.022907 -0.036006
v 0.094724 0.031431 -0.035404
v 0.094874 0.025281 -0.035687
v 0.100499 0.031035 -0.034872
v 0.098337 0.022907 -0.035368
v 0.037564 -0.009101 -0.040664
v 0.052925 -0.007102 -0.039547
v 0.122886 -0.027523 -0.032812
v 0.114922 -0.020474 -0.033842
v 0.140986 0.019820 -0.031147
v 0.128455 0.014924 -0.032597
v 0.041831 0.014652 -0.040271
v 0.055526 0.010431 -0.039308
v 0.077232 -0.029823 -0.037013
v 0.081224 -0.021853 -0.036943
v 0.154374 -0.003005 -0.029915
v 0.138901 -0.001802 -0.031635
v 0.117378 0.011709 -0.033616
v 0.109226 0.011176 -0.034366
v 0.116354 0.007468 -0.033710
v 0.094874 -0.000000 -0.035687
v 0.082695 -0.015298 -0.036808
v 0.089834 -0.013183 -0.036151
v 0.080521 -0.011176 -0.037008
v 0.082695 0.015298 -0.036808
v 0.080521 0.011176 -0.037008
v 0.089834 0.013183 -0.036151
v 0.094874 -0.016559 -0.035687
v 0.099914 -0.013183 -0.035223
v 0.049299 0.005824 0.014533
v 0.049886 0.004251 0.014671
v 0.046343 0.005015 0.014345
v 0.044180 -0.000000 0.014234
v 0.107053 0.015298 -0.034566
v 0.099914 0.013183 -0.035223
v 0.033469 0.002412 0.013076
v 0.036254 0.002841 0.013417
v 0.034789 0.000997 0.013282
v 0.072370 0.011709 -0.037758
v 0.073393 0.007468 -0.037664
v 0.053230 -0.004458 0.014894
v 0.049886 -0.004252 0.014671
v 0.052597 -0.002841 0.014921
v 0.107053 -0.015298 -0.034566
v 0.109226 -0.011176 -0.034366
v 0.032551 -0.000000 0.012991
v 0.034789 -0.000998 0.013282
v 0.065477 0.006337 -0.038392
v 0.069550 0.002622 -0.038017
v 0.117378 -0.011709 -0.033616
v 0.116354 -0.007468 -0.033710
v 0.063093 -0.000000 -0.038611
v 0.069550 -0.002622 -0.038017
v 0.055857 -0.002413 0.015136
v 0.054064 -0.000998 0.015056
v 0.033469 -0.002413 0.013076
v 0.036255 -0.002841 0.013417
v 0.124277 -0.006337 -0.032981
v 0.120212 -0.002622 -0.033355
v 0.065477 -0.006337 -0.038392
v 0.073393 -0.007468 -0.037664
v 0.126699 -0.000000 -0.032758
v 0.120212 0.002622 -0.033355
v 0.072370 -0.011709 -0.037758
v 0.056780 -0.000000 0.015221
v 0.054064 0.000997 0.015056
v 0.036094 -0.004458 0.013317
v 0.038966 -0.004252 0.013666
v 0.124277 0.006337 -0.032981
v 0.044662 0.006304 0.014106
v 0.042508 0.005015 0.013992
v 0.036094 0.004458 0.013317
v 0.038966 0.004251 0.013666
v 0.094874 0.016558 -0.035687
v 0.044662 -0.006305 0.014106
v 0.042508 -0.005015 0.013992
v 0.046343 -0.005015 0.014345
v 0.040025 0.005824 0.013679
v 0.053230 0.004458 0.014894
v 0.052597 0.002841 0.014921
v 0.040025 -0.005825 0.013679
v 0.055857 0.002412 0.015136
v 0.049299 -0.005825 0.014533
v -0.022798 -0.015995 -0.022184
v -0.024787 -0.016868 -0.017413
v -0.027190 -0.011713 -0.017901
v -0.024787 -0.011225 -0.023056
v -0.026042 -0.017575 -0.011971
v -0.028651 -0.012154 -0.012187
v -0.026484 -0.017856 -0.006189
v -0.029147 -0.012342 -0.006189
v -0.026042 -0.017575 -0.000406
v -0.028651 -0.012154 -0.000190
v -0.024787 -0.016868 0.005036
v -0.027190 -0.011713 0.005524
v -0.022798 -0.015995 0.009807
v -0.024787 -0.011225 0.010679
v -0.028651 -0.005999 -0.018342
v -0.026043 -0.005783 -0.023764
v -0.030223 -0.006208 -0.012397
v -0.030749 -0.006302 -0.006189
v -0.030223 -0.006208 0.000020
v -0.028651 -0.005999 0.005965
v -0.026043 -0.005783 0.011387
v -0.029147 -0.000000 -0.018530
v -0.026484 -0.000000 -0.024045
v -0.030749 -0.000000 -0.012491
v -0.031284 -0.000000 -0.006189
v -0.030749 -0.000000 0.000114
v -0.029147 -0.000000 0.006153
v -0.026484 -0.000000 0.011668
v -0.028651 0.005998 -0.018342
v -0.026043 0.005783 -0.023764
v -0.030223 0.006208 -0.012397
v -0.030749 0.006302 -0.006189
v -0.030223 0.006208 0.000020
v -0.028651 0.005998 0.005965
v -0.026042 0.005783 0.011386
v -0.027189 0.011712 -0.017901
v -0.024787 0.011224 -0.023056
v -0.028651 0.012154 -0.012187
v -0.029147 0.012342 -0.006189
v -0.028651 0.012154 -0.000190
v -0.027190 0.011712 0.005524
v -0.024787 0.011224 0.010679
v -0.024787 0.016867 -0.017413
v -0.022798 0.015995 -0.022184
v -0.026042 0.017575 -0.011971
v -0.026484 0.017856 -0.006189
v -0.026042 0.017575 -0.000406
v -0.024787 0.016867 0.005036
v -0.022798 0.015995 0.009807
v -0.018706 -0.018523 -0.024712
v -0.020007 -0.019824 -0.021706
v -0.020007 -0.015517 -0.026013
v -0.021408 -0.021225 -0.017179
v -0.022398 -0.022215 -0.011872
v -0.022765 -0.022583 -0.006189
v -0.022397 -0.022215 -0.000505
v -0.021408 -0.021225 0.004801
v -0.020007 -0.019824 0.009328
v -0.018706 -0.018523 0.012335
v -0.020007 -0.015517 0.013636
v -0.021408 -0.010990 0.015037
v -0.022398 -0.005683 0.016026
v -0.022765 -0.000000 0.016394
v -0.022397 0.005683 0.016026
v -0.021408 0.010990 0.015037
v -0.020007 0.015517 0.013636
v -0.018706 0.018523 0.012335
v -0.020007 0.019824 0.009328
v -0.021408 0.021225 0.004801
v -0.022398 0.022214 -0.000505
v -0.022765 0.022582 -0.006189
v -0.022397 0.022214 -0.011872
v -0.021408 0.021225 -0.017179
v -0.020007 0.019824 -0.021706
v -0.020007 0.015517 -0.026013
v -0.018706 0.018523 -0.024712
v -0.021408 0.010990 -0.027414
v -0.022398 0.005683 -0.028403
v -0.022765 -0.000000 -0.028771
v -0.022397 -0.005683 -0.028403
v -0.021408 -0.010990 -0.027414
v -0.016178 0.022615 -0.022184
v -0.017050 0.024604 -0.017413
v -0.011895 0.027007 -0.017901
v -0.011408 0.024604 -0.023056
v -0.017758 0.025859 -0.011971
v -0.012337 0.028468 -0.012187
v -0.018039 0.026301 -0.006189
v -0.012525 0.028964 -0.006189
v -0.017758 0.025859 -0.000406
v -0.012337 0.028468 -0.000190
v -0.017050 0.024604 0.005036
v -0.011895 0.027007 0.005524
v -0.016178 0.022615 0.009807
v -0.011408 0.024604 0.010679
v -0.006181 0.028468 -0.018342
v -0.005966 0.025859 -0.023764
v -0.006391 0.030040 -0.012397
v -0.006485 0.030566 -0.006189
v -0.006391 0.030040 0.000020
v -0.006181 0.028468 0.005965
v -0.005965 0.025859 0.011386
v -0.000183 0.028964 -0.018530
v -0.000183 0.026301 -0.024045
v -0.000183 0.030566 -0.012491
v -0.000183 0.031101 -0.006189
v -0.000183 0.030566 0.000114
v -0.000183 0.028964 0.006153
v -0.000183 0.026301 0.011667
v 0.005816 0.028468 -0.018342
v 0.005600 0.025859 -0.023764
v 0.006025 0.030040 -0.012397
v 0.006119 0.030566 -0.006189
v 0.006025 0.030040 0.000020
v 0.005815 0.028468 0.005965
v 0.005600 0.025859 0.011386
v 0.011530 0.027007 -0.017901
v 0.011041 0.024604 -0.023056
v 0.011971 0.028468 -0.012187
v 0.012159 0.028964 -0.006189
v 0.011971 0.028468 -0.000190
v 0.011530 0.027007 0.005524
v 0.011042 0.024604 0.010679
v 0.016684 0.024604 -0.017413
v 0.015812 0.022615 -0.022184
v 0.017392 0.025859 -0.011971
v 0.017673 0.026301 -0.006189
v 0.017392 0.025859 -0.000406
v 0.016684 0.024604 0.005036
v 0.015812 0.022615 0.009807
v -0.015700 0.019824 -0.026013
v -0.015700 0.019824 0.013636
v -0.011173 0.021225 0.015037
v -0.005866 0.022214 0.016026
v -0.000183 0.022582 0.016394
v 0.005500 0.022214 0.016026
v 0.010807 0.021225 0.015037
v 0.015334 0.019824 0.013636
v 0.018340 0.018523 0.012335
v 0.019641 0.019824 0.009328
v 0.021042 0.021225 0.004801
v 0.022032 0.022214 -0.000506
v 0.022400 0.022582 -0.006189
v 0.022031 0.022214 -0.011872
v 0.021042 0.021225 -0.017179
v 0.019641 0.019824 -0.021706
v 0.015334 0.019824 -0.026013
v 0.018340 0.018523 -0.024712
v 0.010807 0.021225 -0.027414
v 0.005500 0.022214 -0.028403
v -0.000183 0.022582 -0.028771
v -0.005866 0.022214 -0.028403
v -0.011173 0.021225 -0.027414
v 0.022433 0.015995 -0.022184
v 0.024421 0.016867 -0.017413
v 0.026824 0.011712 -0.017901
v 0.024421 0.011224 -0.023056
v 0.025677 0.017575 -0.011971
v 0.028285 0.012154 -0.012187
v 0.026118 0.017856 -0.006189
v 0.028781 0.012342 -0.006189
v 0.025677 0.017575 -0.000406
v 0.028285 0.012154 -0.000190
v 0.024421 0.016867 0.005036
v 0.026824 0.011712 0.005524
v 0.022433 0.015995 0.009807
v 0.024421 0.011224 0.010679
v 0.028285 0.005998 -0.018342
v 0.025677 0.005783 -0.023764
v 0.029857 0.006208 -0.012397
v 0.030383 0.006302 -0.006189
v 0.029857 0.006208 0.000020
v 0.028285 0.005998 0.005965
v 0.025677 0.005783 0.011387
v 0.028781 -0.000000 -0.018530
v 0.026118 -0.000000 -0.024045
v 0.030383 -0.000000 -0.012491
v 0.030918 -0.000000 -0.006189
v 0.030383 -0.000000 0.000114
v 0.028781 -0.000000 0.006153
v 0.026118 -0.000000 0.011667
v 0.028285 -0.005999 -0.018342
v 0.025677 -0.005783 -0.023764
v 0.029857 -0.006208 -0.012397
v 0.030383 -0.006302 -0.006189
v 0.029857 -0.006208 0.000020
v 0.028285 -0.005999 0.005965
v 0.025677 -0.005783 0.011386
v 0.026824 -0.011713 -0.017901
v 0.024421 -0.011225 -0.023056
v 0.028285 -0.012154 -0.012187
v 0.028781 -0.012342 -0.006189
v 0.028285 -0.012154 -0.000190
v 0.026824 -0.011713 0.005524
v 0.024421 -0.011225 0.010679
v 0.024421 -0.016868 -0.017413
v 0.022433 -0.015995 -0.022184
v 0.025677 -0.017575 -0.011971
v 0.026118 -0.017856 -0.006189
v 0.025677 -0.017575 -0.000406
v 0.024421 -0.016868 0.005036
v 0.022433 -0.015995 0.009807
v 0.019641 0.015517 -0.026013
v 0.019641 0.015517 0.013636
v 0.021042 0.010990 0.015037
v 0.022032 0.005683 0.016026
v 0.022400 -0.000000 0.016394
v 0.022032 -0.005683 0.016026
v 0.021042 -0.010990 0.015037
v 0.019641 -0.015517 0.013636
v 0.018340 -0.018523 0.012335
v 0.019641 -0.019824 0.009328
v 0.021042 -0.021225 0.004801
v 0.022032 -0.022215 -0.000506
v 0.022400 -0.022583 -0.006189
v 0.022032 -0.022215 -0.011872
v 0.021042 -0.021225 -0.017179
v 0.019641 -0.019824 -0.021706
v 0.019641 -0.015517 -0.026013
v 0.018340 -0.018523 -0.024712
v 0.021042 -0.010990 -0.027414
v 0.022032 -0.005683 -0.028403
v 0.022400 -0.000000 -0.028771
v 0.022032 0.005683 -0.028403
v 0.021042 0.010990 -0.027414
v 0.015812 -0.022616 -0.022184
v 0.016684 -0.024604 -0.017413
v 0.011530 -0.027007 -0.017901
v 0.011041 -0.024604 -0.023056
v 0.017392 -0.025860 -0.011971
v 0.011971 -0.028468 -0.012187
v 0.017673 -0.026301 -0.006189
v 0.012159 -0.028964 -0.006189
v 0.017392 -0.025860 -0.000406
v 0.011971 -0.028468 -0.000190
v 0.016685 -0.024604 0.005036
v 0.011530 -0.027007 0.005524
v 0.015812 -0.022616 0.009807
v 0.011042 -0.024604 0.010679
v 0.005816 -0.028468 -0.018342
v 0.005600 -0.025860 -0.023764
v 0.006025 -0.030040 -0.012397
v 0.006119 -0.030566 -0.006189
v 0.006025 -0.030040 0.000020
v 0.005815 -0.028468 0.005965
v 0.005600 -0.025860 0.011386
v -0.000183 -0.028964 -0.018530
v -0.000183 -0.026301 -0.024045
v -0.000183 -0.030566 -0.012491
v -0.000183 -0.031101 -0.006189
v -0.000183 -0.030566 0.000114
v -0.000183 -0.028964 0.006153
v -0.000183 -0.026301 0.011668
v -0.006181 -0.028468 -0.018342
v -0.005966 -0.025860 -0.023764
v -0.006391 -0.030040 -0.012397
v -0.006485 -0.030566 -0.006189
v -0.006391 -0.030040 0.000020
v -0.006181 -0.028468 0.005965
v -0.005966 -0.025860 0.011387
v -0.011895 -0.027007 -0.017901
v -0.011408 -0.024604 -0.023056
v -0.012337 -0.028468 -0.012187
v -0.012525 -0.028964 -0.006189
v -0.012337 -0.028468 -0.000190
v -0.011896 -0.027007 0.005524
v -0.011408 -0.024604 0.010679
v -0.017050 -0.024604 -0.017413
v -0.016178 -0.022616 -0.022184
v -0.017758 -0.025860 -0.011971
v -0.018039 -0.026301 -0.006189
v -0.017758 -0.025860 -0.000406
v -0.017050 -0.024604 0.005036
v -0.016178 -0.022616 0.009807
v 0.015334 -0.019824 -0.026013
v 0.015334 -0.019824 0.013636
v 0.010807 -0.021225 0.015037
v 0.005500 -0.022215 0.016026
v -0.000183 -0.022583 0.016394
v -0.005866 -0.022215 0.016026
v -0.011173 -0.021225 0.015037
v -0.015700 -0.019824 0.013636
v -0.015700 -0.019824 -0.026013
v -0.011173 -0.021225 -0.027414
v -0.005866 -0.022215 -0.028403
v -0.000183 -0.022583 -0.028771
v 0.005500 -0.022215 -0.028403
v 0.010807 -0.021225 -0.027414
v -0.016178 0.015995 -0.028804
v -0.011407 0.016867 -0.030793
v -0.011896 0.011712 -0.033195
v -0.017050 0.011224 -0.030793
v -0.005966 0.017575 -0.032048
v -0.006181 0.012154 -0.034657
v -0.000183 0.017856 -0.032490
v -0.000183 0.012342 -0.035153
v 0.005600 0.017575 -0.032048
v 0.005815 0.012154 -0.034657
v 0.011042 0.016867 -0.030793
v 0.011530 0.011712 -0.033195
v 0.015812 0.015995 -0.028804
v 0.016684 0.011224 -0.030793
v -0.012337 0.005998 -0.034657
v -0.017758 0.005783 -0.032048
v -0.006391 0.006208 -0.036228
v -0.000183 0.006302 -0.036755
v 0.006025 0.006208 -0.036228
v 0.011971 0.005998 -0.034657
v 0.017392 0.005783 -0.032048
v -0.012525 -0.000000 -0.035153
v -0.018039 -0.000000 -0.032490
v -0.006485 -0.000000 -0.036755
v -0.000183 -0.000000 -0.037290
v 0.006119 -0.000000 -0.036754
v 0.012159 -0.000000 -0.035153
v 0.017673 -0.000000 -0.032490
v -0.012337 -0.005999 -0.034657
v -0.017758 -0.005783 -0.032048
v -0.006391 -0.006208 -0.036228
v -0.000183 -0.006302 -0.036754
v 0.006025 -0.006208 -0.036228
v 0.011971 -0.005999 -0.034657
v 0.017392 -0.005783 -0.032048
v -0.011896 -0.011713 -0.033195
v -0.017050 -0.011225 -0.030793
v -0.006181 -0.012154 -0.034657
v -0.000183 -0.012342 -0.035153
v 0.005815 -0.012154 -0.034657
v 0.011530 -0.011713 -0.033195
v 0.016684 -0.011225 -0.030793
v -0.011407 -0.016868 -0.030793
v -0.016178 -0.015995 -0.028804
v -0.005966 -0.017575 -0.032048
v -0.000183 -0.017856 -0.032490
v 0.005600 -0.017575 -0.032048
v 0.011042 -0.016868 -0.030793
v 0.015812 -0.015995 -0.028804
v 0.015812 0.015995 0.016427
v 0.011042 0.016867 0.018415
v 0.011530 0.011712 0.020818
v 0.016685 0.011224 0.018416
v 0.005600 0.017575 0.019671
v 0.005816 0.012154 0.022280
v -0.000183 0.017856 0.020113
v -0.000183 0.012342 0.022776
v -0.005966 0.017575 0.019671
v -0.006181 0.012154 0.022280
v -0.011408 0.016867 0.018416
v -0.011896 0.011712 0.020818
v -0.016178 0.015995 0.016427
v -0.017050 0.011224 0.018415
v 0.011971 0.005998 0.022280
v 0.017392 0.005783 0.019671
v 0.006025 0.006208 0.023851
v -0.000183 0.006302 0.024377
v -0.006391 0.006208 0.023851
v -0.012337 0.005998 0.022280
v -0.017758 0.005783 0.019671
v 0.012159 -0.000000 0.022776
v 0.017673 -0.000000 0.020113
v 0.006119 -0.000000 0.024377
v -0.000183 -0.000000 0.024912
v -0.006485 -0.000000 0.024377
v -0.012525 -0.000000 0.022776
v -0.018039 -0.000000 0.020113
v 0.011971 -0.005999 0.022280
v 0.017392 -0.005783 0.019671
v 0.006025 -0.006208 0.023851
v -0.000183 -0.006302 0.024377
v -0.006391 -0.006208 0.023851
v -0.012337 -0.005999 0.022280
v -0.017758 -0.005783 0.019671
v 0.011530 -0.011713 0.020818
v 0.016685 -0.011225 0.018415
v 0.005815 -0.012154 0.022280
v -0.000183 -0.012342 0.022776
v -0.006181 -0.012154 0.022280
v -0.011895 -0.011713 0.020818
v -0.017050 -0.011225 0.018415
v 0.011042 -0.016868 0.018415
v 0.015812 -0.015995 0.016427
v 0.005600 -0.017575 0.019671
v -0.000183 -0.017856 0.020113
v -0.005966 -0.017575 0.019671
v -0.011408 -0.016868 0.018415
v -0.016178 -0.015995 0.016427
vn 0.3083 0.9310 -0.1953
vn 0.2386 0.8840 0.4021
vn 0.1900 0.9098 0.3689
vn 0.2519 0.9443 -0.2118
vn -0.4208 -0.6788 -0.6017
vn -0.5763 -0.8162 0.0415
vn -0.5012 -0.8632 0.0608
vn -0.3721 -0.7383 -0.5625
vn -0.1799 0.8888 -0.4216
vn -0.2488 0.9583 0.1409
vn -0.3056 0.9445 0.1203
vn -0.2269 0.8617 -0.4538
vn 0.9909 0.0928 -0.0979
vn 0.6683 0.0696 0.7406
vn 0.6538 0.2055 0.7282
vn 0.9576 0.2703 -0.1001
vn -0.0415 -0.9405 -0.3371
vn -0.0941 -0.9739 0.2064
vn -0.0460 -0.9721 0.2300
vn 0.0045 -0.9499 -0.3127
vn -0.5676 0.3981 -0.7207
vn -0.8505 0.5257 -0.0144
vn -0.9342 0.3557 -0.0267
vn -0.6077 0.2647 -0.7488
vn 0.4330 0.8861 -0.1654
vn 0.3392 0.8121 0.4748
vn 0.2884 0.8517 0.4374
vn 0.3685 0.9121 -0.1798
vn 0.3685 -0.9121 -0.1798
vn 0.2884 -0.8517 0.4374
vn 0.3392 -0.8121 0.4748
vn 0.4330 -0.8861 -0.1654
vn -0.5189 -0.5145 -0.6827
vn -0.7510 -0.6603 0.0030
vn -0.6580 -0.7527 0.0224
vn -0.4693 -0.6066 -0.6417
vn -0.0875 0.9275 -0.3634
vn -0.1437 0.9724 0.1838
vn -0.1950 0.9673 0.1620
vn -0.1334 0.9105 -0.3915
vn 0.9576 -0.2703 -0.1001
vn 0.6538 -0.2055 0.7282
vn 0.6683 -0.0696 0.7406
vn 0.9909 -0.0928 -0.0979
vn -0.1334 -0.9105 -0.3915
vn -0.1950 -0.9673 0.1620
vn -0.1437 -0.9724 0.1838
vn -0.0875 -0.9275 -0.3634
vn -0.4693 0.6066 -0.6417
vn -0.6580 0.7527 0.0224
vn -0.7510 0.6603 0.0030
vn -0.5189 0.5145 -0.6827
vn 0.5772 0.8045 -0.1398
vn 0.4430 0.7043 0.5547
vn 0.3910 0.7635 0.5140
vn 0.5026 0.8511 -0.1520
vn 0.2519 -0.9443 -0.2118
vn 0.1900 -0.9098 0.3689
vn 0.2386 -0.8840 0.4021
vn 0.3083 -0.9310 -0.1953
vn -0.6077 -0.2647 -0.7488
vn -0.9342 -0.3557 -0.0267
vn -0.8505 -0.5257 -0.0144
vn -0.5676 -0.3981 -0.7207
vn 0.0986 0.9583 -0.2684
vn 0.0481 0.9586 0.2808
vn 0.0013 0.9670 0.2548
vn 0.0511 0.9557 -0.2898
vn 0.0045 0.9499 -0.3127
vn -0.0460 0.9721 0.2300
vn -0.0941 0.9739 0.2064
vn -0.0415 0.9405 -0.3371
vn 0.8222 -0.5583 -0.1109
vn 0.5887 -0.4474 0.6733
vn 0.6263 -0.3328 0.7049
vn 0.8979 -0.4277 -0.1046
vn -0.2269 -0.8617 -0.4538
vn -0.3056 -0.9445 0.1203
vn -0.2488 -0.9583 0.1409
vn -0.1799 -0.8888 -0.4216
vn -0.3721 0.7383 -0.5625
vn -0.5012 0.8632 0.0608
vn -0.5763 0.8162 0.0415
vn -0.4208 0.6788 -0.6017
vn 0.7396 0.6624 -0.1191
vn 0.5437 0.5476 0.6360
vn 0.4945 0.6328 0.5958
vn 0.6568 0.7430 -0.1288
vn 0.1476 -0.9574 -0.2483
vn 0.0950 -0.9465 0.3084
vn 0.1421 -0.9305 0.3377
vn 0.1985 -0.9529 -0.2295
vn -0.6418 -0.0314 -0.7663
vn -0.9984 -0.0421 -0.0369
vn -0.9842 -0.1740 -0.0341
vn -0.6330 -0.1288 -0.7633
vn 0.1985 0.9529 -0.2295
vn 0.1421 0.9305 0.3377
vn 0.0950 0.9465 0.3084
vn 0.1476 0.9574 -0.2483
vn 0.6568 -0.7430 -0.1288
vn 0.4945 -0.6328 0.5958
vn 0.5438 -0.5475 0.6360
vn 0.7396 -0.6624 -0.1191
vn -0.3232 -0.7877 -0.5244
vn -0.4311 -0.8987 0.0804
vn -0.3662 -0.9251 0.1002
vn -0.2748 -0.8284 -0.4881
vn -0.2748 0.8284 -0.4881
vn -0.3662 0.9251 0.1002
vn -0.4312 0.8987 0.0804
vn -0.3232 0.7877 -0.5244
vn 0.8979 0.4277 -0.1046
vn 0.6263 0.3328 0.7049
vn 0.5887 0.4474 0.6733
vn 0.8222 0.5583 -0.1109
vn 0.0511 -0.9557 -0.2898
vn 0.0013 -0.9670 0.2548
vn 0.0481 -0.9586 0.2808
vn 0.0986 -0.9583 -0.2684
vn -0.6330 0.1288 -0.7633
vn -0.9842 0.1740 -0.0341
vn -0.9984 0.0421 -0.0369
vn -0.6418 0.0314 -0.7663
vn 0.3511 -0.7094 0.6111
vn 0.3178 -0.6623 0.6785
vn 0.3558 -0.6011 0.7156
vn 0.3954 -0.6490 0.6500
vn 0.5026 -0.8511 -0.1520
vn 0.3910 -0.7635 0.5140
vn 0.4430 -0.7043 0.5547
vn 0.5772 -0.8045 -0.1398
vn 0.0407 0.2875 -0.9569
vn 0.0946 0.0452 -0.9945
vn 0.0904 0.0346 -0.9953
vn 0.0536 0.2870 -0.9564
vn -0.5711 -0.7759 0.2681
vn -0.5648 -0.7560 0.3309
vn -0.4910 -0.7986 0.3480
vn -0.4972 -0.8202 0.2830
vn -0.2529 0.9363 0.2439
vn -0.2538 0.9211 0.2951
vn -0.3092 0.9101 0.2759
vn -0.3089 0.9238 0.2263
vn 0.2154 0.8386 0.5004
vn 0.1967 0.7987 0.5686
vn 0.1553 0.8310 0.5342
vn 0.1706 0.8677 0.4669
vn -0.5765 -0.7996 0.1682
vn -0.5745 -0.7899 0.2145
vn -0.5006 -0.8353 0.2273
vn -0.5022 -0.8457 0.1807
vn 0.3059 0.7605 0.5728
vn 0.2782 0.7152 0.6412
vn 0.2378 0.7603 0.6044
vn 0.2606 0.8031 0.5358
vn -0.7508 -0.6439 0.1473
vn -0.7498 -0.6322 0.1952
vn -0.6555 -0.7272 0.2038
vn -0.6575 -0.7369 0.1570
vn 0.2606 -0.8031 0.5358
vn 0.2378 -0.7603 0.6044
vn 0.2782 -0.7152 0.6412
vn 0.3059 -0.7605 0.5728
vn -0.1495 0.9474 0.2829
vn -0.1521 0.9289 0.3376
vn -0.2016 0.9272 0.3156
vn -0.1999 0.9439 0.2628
vn 0.1706 -0.8677 0.4669
vn 0.1553 -0.8310 0.5342
vn 0.1967 -0.7987 0.5686
vn 0.2154 -0.8386 0.5004
vn -0.0543 0.9434 0.3273
vn -0.0591 0.9207 0.3859
vn -0.1047 0.9267 0.3610
vn -0.1011 0.9472 0.3044
vn 0.3954 0.6490 0.6500
vn 0.3558 0.6011 0.7156
vn 0.3178 0.6623 0.6785
vn 0.3511 0.7094 0.6111
vn -0.9310 -0.3383 0.1369
vn -0.9277 -0.3234 0.1865
vn -0.8506 -0.4905 0.1894
vn -0.8508 -0.5064 0.1404
vn 0.4780 0.4953 0.7254
vn 0.4243 0.4514 0.7850
vn 0.3917 0.5308 0.7515
vn 0.4382 0.5778 0.6886
vn -0.9904 -0.0414 0.1321
vn -0.9825 -0.0418 0.1815
vn -0.9696 -0.1616 0.1838
vn -0.9769 -0.1666 0.1341
vn 0.0813 -0.9104 0.4057
vn 0.0714 -0.8798 0.4700
vn 0.1136 -0.8578 0.5013
vn 0.1259 -0.8914 0.4354
vn -0.0084 -0.9360 0.3518
vn -0.0146 -0.9109 0.4123
vn 0.0287 -0.8974 0.4403
vn 0.0366 -0.9251 0.3779
vn 0.5423 0.2960 0.7863
vn 0.4753 0.2660 0.8386
vn 0.4526 0.3628 0.8146
vn 0.5134 0.4010 0.7587
vn -0.9769 0.1666 0.1341
vn -0.9696 0.1616 0.1838
vn -0.9825 0.0418 0.1815
vn -0.9904 0.0414 0.1321
vn 0.5737 0.0613 0.8168
vn 0.4995 0.0547 0.8646
vn 0.4913 0.1625 0.8557
vn 0.5630 0.1816 0.8063
vn -0.8508 0.5064 0.1404
vn -0.8506 0.4905 0.1894
vn -0.9277 0.3234 0.1865
vn -0.9310 0.3383 0.1369
vn -0.1011 -0.9472 0.3044
vn -0.1047 -0.9267 0.3610
vn -0.0591 -0.9207 0.3859
vn -0.0543 -0.9434 0.3273
vn -0.1999 -0.9439 0.2628
vn -0.2016 -0.9272 0.3156
vn -0.1521 -0.9289 0.3376
vn -0.1495 -0.9474 0.2829
vn 0.5630 -0.1816 0.8063
vn 0.4913 -0.1625 0.8557
vn 0.4995 -0.0547 0.8646
vn 0.5737 -0.0613 0.8168
vn -0.6575 0.7369 0.1570
vn -0.6555 0.7272 0.2038
vn -0.7498 0.6322 0.1952
vn -0.7508 0.6439 0.1473
vn 0.5134 -0.4010 0.7587
vn 0.4526 -0.3627 0.8146
vn 0.4753 -0.2660 0.8386
vn 0.5423 -0.2960 0.7863
vn -0.5022 0.8457 0.1807
vn -0.5006 0.8353 0.2273
vn -0.5745 0.7899 0.2145
vn -0.5765 0.7996 0.1682
vn 0.0366 0.9251 0.3779
vn 0.0287 0.8974 0.4403
vn -0.0146 0.9109 0.4123
vn -0.0084 0.9360 0.3518
vn -0.3089 -0.9238 0.2263
vn -0.3092 -0.9101 0.2759
vn -0.2538 -0.9211 0.2951
vn -0.2529 -0.9363 0.2439
vn 0.1259 0.8914 0.4354
vn 0.1136 0.8578 0.5013
vn 0.0714 0.8798 0.4700
vn 0.0813 0.9104 0.4057
vn -0.4329 -0.8802 0.1947
vn -0.4319 -0.8688 0.2420
vn -0.3684 -0.8931 0.2582
vn -0.3688 -0.9055 0.2099
vn 0.4382 -0.5778 0.6886
vn 0.3917 -0.5308 0.7515
vn 0.4243 -0.4514 0.7850
vn 0.4780 -0.4953 0.7254
vn -0.3688 0.9055 0.2099
vn -0.3684 0.8931 0.2582
vn -0.4319 0.8688 0.2420
vn -0.4329 0.8802 0.1947
vn -0.9568 -0.0523 0.2860
vn -0.9301 -0.0612 0.3621
vn -0.9071 -0.1908 0.3751
vn -0.9392 -0.1717 0.2974
vn 0.4052 0.0462 0.9130
vn 0.3234 0.0388 0.9455
vn 0.3195 0.1157 0.9405
vn 0.3996 0.1377 0.9063
vn -0.7481 -0.6160 0.2470
vn -0.7427 -0.5971 0.3033
vn -0.6476 -0.6932 0.3163
vn -0.6529 -0.7128 0.2562
vn 0.3996 -0.1377 0.9063
vn 0.3195 -0.1157 0.9405
vn 0.3234 -0.0388 0.9455
vn 0.4052 -0.0462 0.9130
vn -0.9219 -0.3086 0.2344
vn -0.9127 -0.3005 0.2769
vn -0.8412 -0.4564 0.2898
vn -0.8484 -0.4721 0.2397
vn 0.3725 -0.3114 0.8742
vn 0.3003 -0.2644 0.9165
vn 0.3117 -0.1914 0.9307
vn 0.3885 -0.2267 0.8931
vn -0.9732 -0.0428 0.2260
vn -0.9647 -0.0456 0.2594
vn -0.9508 -0.1590 0.2660
vn -0.9605 -0.1576 0.2295
vn 0.3277 -0.4647 0.8226
vn 0.2674 -0.4008 0.8763
vn 0.2854 -0.3346 0.8981
vn 0.3520 -0.3912 0.8504
vn -0.9605 0.1576 0.2295
vn -0.9508 0.1590 0.2660
vn -0.9647 0.0456 0.2594
vn -0.9732 0.0428 0.2260
vn 0.2702 -0.5924 0.7590
vn 0.2230 -0.5206 0.8241
vn 0.2464 -0.4630 0.8514
vn 0.3002 -0.5319 0.7918
vn -0.8484 0.4721 0.2397
vn -0.8412 0.4564 0.2898
vn -0.9127 0.3005 0.2769
vn -0.9219 0.3086 0.2344
vn 0.2043 -0.6941 0.6903
vn 0.1696 -0.6218 0.7646
vn 0.1973 -0.5736 0.7950
vn 0.2381 -0.6464 0.7249
vn -0.6529 0.7128 0.2562
vn -0.6476 0.6932 0.3163
vn -0.7426 0.5971 0.3033
vn -0.7481 0.6160 0.2470
vn 0.1329 -0.7722 0.6214
vn 0.1088 -0.7044 0.7014
vn 0.1400 -0.6654 0.7332
vn 0.1691 -0.7359 0.6556
vn 0.0175 0.8517 0.5237
vn 0.0056 0.7952 0.6063
vn -0.0321 0.8172 0.5755
vn -0.0232 0.8695 0.4935
vn -0.4972 0.8202 0.2830
vn -0.4910 0.7986 0.3480
vn -0.5648 0.7560 0.3309
vn -0.5711 0.7759 0.2681
vn 0.0571 -0.8297 0.5553
vn 0.0416 -0.7692 0.6377
vn 0.0760 -0.7390 0.6695
vn 0.0954 -0.8033 0.5878
vn 0.0954 0.8033 0.5878
vn 0.0760 0.7390 0.6695
vn 0.0416 0.7692 0.6377
vn 0.0571 0.8297 0.5553
vn -0.3666 0.8739 0.3191
vn -0.3627 0.8472 0.3883
vn -0.4241 0.8278 0.3672
vn -0.4293 0.8518 0.3002
vn -0.0232 -0.8695 0.4935
vn -0.0321 -0.8172 0.5755
vn 0.0056 -0.7952 0.6063
vn 0.0175 -0.8517 0.5237
vn 0.1691 0.7359 0.6556
vn 0.1400 0.6654 0.7332
vn 0.1088 0.7044 0.7014
vn 0.1328 0.7722 0.6214
vn -0.2540 0.8970 0.3618
vn -0.2527 0.8640 0.4354
vn -0.3056 0.8588 0.4111
vn -0.3083 0.8886 0.3397
vn -0.1091 -0.8930 0.4367
vn -0.1130 -0.8489 0.5163
vn -0.0716 -0.8351 0.5454
vn -0.0653 -0.8832 0.4644
vn 0.2381 0.6464 0.7249
vn 0.1973 0.5736 0.7950
vn 0.1696 0.6218 0.7646
vn 0.2043 0.6941 0.6903
vn -0.1549 0.8987 0.4103
vn -0.1568 0.8586 0.4881
vn -0.2032 0.8637 0.4612
vn -0.2030 0.9001 0.3854
vn -0.2030 -0.9001 0.3854
vn -0.2032 -0.8637 0.4612
vn -0.1568 -0.8586 0.4881
vn -0.1549 -0.8987 0.4103
vn 0.3002 0.5319 0.7918
vn 0.2464 0.4630 0.8514
vn 0.2230 0.5206 0.8241
vn 0.2702 0.5924 0.7590
vn -0.0653 0.8832 0.4644
vn -0.0716 0.8351 0.5454
vn -0.1130 0.8489 0.5163
vn -0.1091 0.8930 0.4367
vn -0.3083 -0.8886 0.3397
vn -0.3056 -0.8588 0.4111
vn -0.2527 -0.8640 0.4354
vn -0.2540 -0.8970 0.3618
vn 0.3520 0.3911 0.8504
vn 0.2854 0.3346 0.8981
vn 0.2674 0.4008 0.8763
vn 0.3277 0.4647 0.8226
vn -0.4293 -0.8518 0.3002
vn -0.4241 -0.8278 0.3672
vn -0.3627 -0.8472 0.3883
vn -0.3666 -0.8739 0.3191
vn 0.3885 0.2267 0.8931
vn 0.3117 0.1914 0.9307
vn 0.3003 0.2644 0.9165
vn 0.3725 0.3114 0.8742
vn -0.5446 0.5711 0.6143
vn -0.3683 0.4207 0.8291
vn -0.4245 0.4386 0.7921
vn -0.6191 0.5173 0.5908
vn 0.2165 -0.3461 0.9129
vn 0.1601 -0.2845 0.9452
vn 0.1701 -0.2348 0.9570
vn 0.2303 -0.2872 0.9298
vn -0.9392 0.1717 0.2974
vn -0.9071 0.1908 0.3751
vn -0.9301 0.0612 0.3621
vn -0.9568 0.0523 0.2860
vn 0.1815 -0.4559 0.8713
vn 0.1340 -0.3801 0.9152
vn 0.1480 -0.3332 0.9312
vn 0.2001 -0.4025 0.8933
vn -0.8239 0.4527 0.3410
vn -0.7844 0.4529 0.4237
vn -0.8583 0.3244 0.3976
vn -0.8968 0.3083 0.3174
vn 0.1378 -0.5530 0.8217
vn 0.1001 -0.4686 0.8777
vn 0.1180 -0.4254 0.8973
vn 0.1607 -0.5062 0.8473
vn -0.6354 0.6710 0.3821
vn -0.6097 0.6394 0.4684
vn -0.6952 0.5621 0.4480
vn -0.7280 0.5814 0.3634
vn 0.0860 -0.6363 0.7666
vn 0.0583 -0.5487 0.8340
vn 0.0802 -0.5099 0.8565
vn 0.1129 -0.5964 0.7947
vn -0.0058 0.7341 0.6791
vn -0.0198 0.6500 0.7597
vn -0.0502 0.6779 0.7334
vn -0.0403 0.7592 0.6496
vn -0.4812 0.7703 0.4183
vn -0.4641 0.7266 0.5067
vn -0.5330 0.6917 0.4873
vn -0.5538 0.7304 0.3998
vn 0.0267 -0.7051 0.7086
vn 0.0084 -0.6189 0.7854
vn 0.0344 -0.5852 0.8102
vn 0.0573 -0.6725 0.7378
vn 0.0573 0.6725 0.7378
vn 0.0344 0.5852 0.8102
vn 0.0084 0.6189 0.7854
vn 0.0267 0.7051 0.7086
vn -0.3562 0.8131 0.4604
vn -0.3442 0.7608 0.5502
vn -0.4015 0.7486 0.5276
vn -0.4160 0.7967 0.4384
vn -0.0403 -0.7592 0.6496
vn -0.0502 -0.6779 0.7334
vn -0.0198 -0.6500 0.7597
vn -0.0058 -0.7341 0.6791
vn 0.1129 0.5964 0.7947
vn 0.0802 0.5099 0.8565
vn 0.0583 0.5487 0.8340
vn 0.0860 0.6363 0.7666
vn -0.2496 0.8236 0.5093
vn -0.2428 0.7624 0.5998
vn -0.2914 0.7649 0.5745
vn -0.3008 0.8217 0.4841
vn -0.1160 -0.7980 0.5914
vn -0.1184 -0.7238 0.6797
vn -0.0830 -0.7026 0.7067
vn -0.0771 -0.7806 0.6203
vn 0.1607 0.5062 0.8473
vn 0.1180 0.4254 0.8973
vn 0.1001 0.4686 0.8777
vn 0.1378 0.5530 0.8217
vn -0.1576 0.8112 0.5632
vn -0.1567 0.7412 0.6527
vn -0.1980 0.7542 0.6261
vn -0.2019 0.8199 0.5358
vn -0.2019 -0.8199 0.5358
vn -0.1980 -0.7542 0.6261
vn -0.1567 -0.7412 0.6527
vn -0.1576 -0.8112 0.5632
vn 0.2001 0.4025 0.8933
vn 0.1480 0.3332 0.9312
vn 0.1340 0.3801 0.9152
vn 0.1815 0.4559 0.8713
vn -0.0771 0.7806 0.6203
vn -0.0830 0.7026 0.7067
vn -0.1184 0.7238 0.6797
vn -0.1160 0.7980 0.5914
vn -0.3008 -0.8217 0.4841
vn -0.2914 -0.7649 0.5745
vn -0.2428 -0.7624 0.5998
vn -0.2496 -0.8236 0.5093
vn 0.2303 0.2872 0.9298
vn 0.1701 0.2348 0.9570
vn 0.1601 0.2845 0.9452
vn 0.2165 0.3461 0.9129
vn -0.4160 -0.7967 0.4384
vn -0.4015 -0.7486 0.5276
vn -0.3442 -0.7608 0.5502
vn -0.3562 -0.8131 0.4604
vn 0.2501 0.1627 0.9545
vn 0.1843 0.1319 0.9740
vn 0.1783 0.1837 0.9667
vn 0.2415 0.2258 0.9438
vn -0.5538 -0.7304 0.3998
vn -0.5330 -0.6917 0.4873
vn -0.4641 -0.7266 0.5067
vn -0.4812 -0.7703 0.4183
vn 0.2587 0.0328 0.9654
vn 0.1904 0.0265 0.9813
vn 0.1884 0.0794 0.9789
vn 0.2558 0.0981 0.9617
vn -0.7280 -0.5814 0.3634
vn -0.6952 -0.5621 0.4480
vn -0.6097 -0.6394 0.4684
vn -0.6354 -0.6710 0.3821
vn 0.2558 -0.0981 0.9617
vn 0.1884 -0.0794 0.9789
vn 0.1904 -0.0265 0.9813
vn 0.2587 -0.0328 0.9654
vn -0.8968 -0.3083 0.3174
vn -0.8583 -0.3244 0.3976
vn -0.7844 -0.4529 0.4237
vn -0.8239 -0.4527 0.3410
vn 0.2415 -0.2258 0.9438
vn 0.1783 -0.1837 0.9667
vn 0.1843 -0.1319 0.9740
vn 0.2501 -0.1627 0.9545
vn -0.0369 -0.1533 -0.9875
vn 0.0782 -0.0227 -0.9967
vn 0.0773 -0.0358 -0.9964
vn -0.0470 -0.1350 -0.9897
vn 0.0259 -0.4228 0.9058
vn 0.0107 -0.2758 0.9611
vn 0.0096 -0.2505 0.9681
vn 0.0398 -0.3880 0.9208
vn -0.0354 0.5171 0.8552
vn -0.0391 0.3480 0.9367
vn -0.0439 0.3802 0.9239
vn -0.0578 0.5479 0.8345
vn -0.4348 0.6379 0.6356
vn -0.4132 0.4466 0.7936
vn -0.4125 0.3826 0.8267
vn -0.4922 0.6044 0.6265
vn -0.0188 -0.4946 0.8689
vn -0.0580 -0.3740 0.9256
vn -0.0468 -0.3844 0.9220
vn 0.0009 -0.4686 0.8834
vn 0.0009 0.4686 0.8834
vn -0.0468 0.3844 0.9220
vn -0.0580 0.3740 0.9256
vn -0.0188 0.4946 0.8689
vn -0.3112 0.6578 0.6859
vn -0.2223 0.4673 0.8557
vn -0.2532 0.5039 0.8258
vn -0.3625 0.6579 0.6601
vn -0.0578 -0.5479 0.8345
vn -0.0439 -0.3802 0.9239
vn -0.0391 -0.3480 0.9367
vn -0.0354 -0.5171 0.8552
vn 0.0397 0.3880 0.9208
vn 0.0096 0.2505 0.9681
vn 0.0107 0.2758 0.9612
vn 0.0259 0.4228 0.9059
vn -0.2336 0.6549 0.7187
vn -0.2493 0.5038 0.8270
vn -0.2599 0.4657 0.8459
vn -0.2746 0.6567 0.7024
vn -0.1228 -0.6010 0.7898
vn -0.1412 -0.4447 0.8845
vn -0.1291 -0.4656 0.8755
vn -0.0942 -0.5832 0.8068
vn 0.0635 0.3315 0.9413
vn 0.0074 0.2842 0.9587
vn -0.0027 0.2808 0.9598
vn 0.0504 0.3621 0.9308
vn -0.1476 0.6167 0.7733
vn -0.1138 0.4277 0.8967
vn -0.1283 0.4650 0.8759
vn -0.1819 0.6381 0.7482
vn -0.1819 -0.6381 0.7482
vn -0.1283 -0.4650 0.8759
vn -0.1138 -0.4277 0.8967
vn -0.1476 -0.6167 0.7733
vn 0.0866 0.2433 0.9661
vn 0.0385 0.1453 0.9886
vn 0.0429 0.1642 0.9855
vn 0.0793 0.2796 0.9568
vn -0.0942 0.5832 0.8069
vn -0.1291 0.4655 0.8756
vn -0.1412 0.4447 0.8845
vn -0.1228 0.6010 0.7898
vn -0.2746 -0.6567 0.7024
vn -0.2599 -0.4657 0.8459
vn -0.2493 -0.5038 0.8270
vn -0.2336 -0.6549 0.7187
vn 0.1002 0.1827 0.9780
vn 0.0405 0.1758 0.9836
vn 0.0315 0.1779 0.9835
vn 0.0925 0.2160 0.9720
vn -0.3625 -0.6579 0.6601
vn -0.2532 -0.5039 0.8258
vn -0.2223 -0.4673 0.8557
vn -0.3112 -0.6578 0.6859
vn 0.1099 0.0913 0.9897
vn 0.0509 0.0375 0.9980
vn 0.0575 0.0502 0.9971
vn 0.1079 0.1273 0.9860
vn -0.4922 -0.6044 0.6265
vn -0.4125 -0.3826 0.8267
vn -0.4132 -0.4466 0.7936
vn -0.4348 -0.6379 0.6356
vn 0.1147 0.0282 0.9930
vn 0.0566 0.0636 0.9964
vn 0.0487 0.0708 0.9963
vn 0.1118 0.0632 0.9917
vn -0.6191 -0.5173 0.5908
vn -0.4245 -0.4386 0.7921
vn -0.3683 -0.4207 0.8291
vn -0.5446 -0.5711 0.6143
vn 0.1118 -0.0632 0.9917
vn 0.0487 -0.0708 0.9963
vn 0.0566 -0.0636 0.9964
vn 0.1147 -0.0282 0.9930
vn -0.7672 -0.2976 0.5682
vn -0.5463 -0.1214 0.8288
vn -0.5828 -0.1999 0.7876
vn -0.7107 -0.4087 0.5726
vn 0.1079 -0.1273 0.9860
vn 0.0575 -0.0502 0.9971
vn 0.0509 -0.0375 0.9980
vn 0.1099 -0.0913 0.9897
vn -0.8396 -0.0822 0.5369
vn -0.5942 -0.1836 0.7831
vn -0.5222 -0.2134 0.8257
vn -0.8053 -0.2039 0.5568
vn 0.0925 -0.2160 0.9720
vn 0.0315 -0.1779 0.9835
vn 0.0405 -0.1758 0.9836
vn 0.1002 -0.1827 0.9780
vn -0.8053 0.2039 0.5568
vn -0.5222 0.2134 0.8257
vn -0.5942 0.1836 0.7831
vn -0.8396 0.0822 0.5369
vn 0.0793 -0.2796 0.9568
vn 0.0429 -0.1642 0.9855
vn 0.0385 -0.1453 0.9886
vn 0.0866 -0.2433 0.9661
vn -0.7107 0.4087 0.5726
vn -0.5828 0.1999 0.7876
vn -0.5463 0.1214 0.8288
vn -0.7672 0.2976 0.5682
vn 0.0504 -0.3621 0.9308
vn -0.0027 -0.2808 0.9598
vn 0.0074 -0.2842 0.9587
vn 0.0635 -0.3315 0.9413
vn 0.1959 -0.2482 -0.9487
vn 0.0977 -0.0441 -0.9942
vn 0.0996 -0.0312 -0.9945
vn 0.1818 -0.2547 -0.9498
vn 0.1818 0.2547 -0.9498
vn 0.0996 0.0312 -0.9945
vn 0.0977 0.0441 -0.9942
vn 0.1959 0.2482 -0.9487
vn -0.0581 0.0555 -0.9968
vn 0.0736 0.0016 -0.9973
vn 0.0683 -0.0065 -0.9976
vn -0.0579 0.0840 -0.9948
vn 0.0738 -0.3037 -0.9499
vn 0.0799 -0.0393 -0.9960
vn 0.0858 -0.0328 -0.9958
vn 0.0624 -0.2913 -0.9546
vn 0.2577 0.0545 -0.9647
vn 0.1087 0.0112 -0.9940
vn 0.1121 0.0229 -0.9934
vn 0.2650 0.0292 -0.9638
vn 0.0088 0.2469 -0.9690
vn 0.0798 0.0260 -0.9965
vn 0.0731 0.0276 -0.9969
vn 0.0168 0.2661 -0.9638
vn -0.0283 -0.1917 -0.9810
vn 0.0691 -0.0117 -0.9975
vn 0.0757 -0.0153 -0.9970
vn -0.0320 -0.1680 -0.9853
vn 0.2243 -0.1865 -0.9565
vn 0.1078 -0.0155 -0.9941
vn 0.1145 -0.0119 -0.9933
vn 0.2187 -0.2119 -0.9525
vn 0.1632 0.2822 -0.9454
vn 0.1104 0.0280 -0.9935
vn 0.1035 0.0263 -0.9943
vn 0.1732 0.2638 -0.9489
vn -0.0673 0.0192 -0.9976
vn 0.0708 0.0221 -0.9972
vn 0.0744 0.0103 -0.9972
vn -0.0610 0.0363 -0.9975
vn 0.1132 -0.2973 -0.9481
vn 0.0973 -0.0330 -0.9947
vn 0.1034 -0.0397 -0.9939
vn 0.1009 -0.3070 -0.9464
vn 0.2561 0.1021 -0.9613
vn 0.1151 -0.0060 -0.9933
vn 0.1096 0.0023 -0.9940
vn 0.2553 0.0737 -0.9640
vn -0.0104 0.2283 -0.9735
vn 0.0855 0.0439 -0.9954
vn 0.0837 0.0310 -0.9960
vn 0.0016 0.2368 -0.9716
vn 0.0016 -0.2368 -0.9716
vn 0.0837 -0.0310 -0.9960
vn 0.0855 -0.0439 -0.9954
vn -0.0104 -0.2283 -0.9735
vn 0.2427 -0.1542 -0.9578
vn 0.1060 -0.0363 -0.9937
vn 0.1052 -0.0230 -0.9942
vn 0.2306 -0.1713 -0.9579
vn 0.1226 0.2950 -0.9476
vn 0.0928 0.0346 -0.9951
vn 0.0885 0.0451 -0.9951
vn 0.1361 0.2987 -0.9446
vn -0.0610 -0.0363 -0.9975
vn 0.0744 -0.0103 -0.9972
vn 0.0708 -0.0221 -0.9972
vn -0.0673 -0.0192 -0.9976
vn 0.1361 -0.2987 -0.9446
vn 0.0885 -0.0451 -0.9951
vn 0.0928 -0.0346 -0.9951
vn 0.1226 -0.2950 -0.9476
vn 0.2306 0.1713 -0.9579
vn 0.1052 0.0230 -0.9942
vn 0.1060 0.0363 -0.9937
vn 0.2427 0.1542 -0.9578
vn -0.0320 0.1680 -0.9853
vn 0.0757 0.0153 -0.9970
vn 0.0691 0.0117 -0.9975
vn -0.0283 0.1917 -0.9810
vn 0.0168 -0.2661 -0.9638
vn 0.0731 -0.0276 -0.9969
vn 0.0798 -0.0260 -0.9965
vn 0.0088 -0.2469 -0.9690
vn 0.2553 -0.0737 -0.9640
vn 0.1096 -0.0023 -0.9940
vn 0.1151 0.0060 -0.9933
vn 0.2561 -0.1021 -0.9613
vn 0.0624 0.2913 -0.9546
vn 0.0858 0.0328 -0.9958
vn 0.0799 0.0393 -0.9960
vn 0.0738 0.3037 -0.9499
vn 0.1009 0.3070 -0.9464
vn 0.1034 0.0397 -0.9939
vn 0.0973 0.0330 -0.9947
vn 0.1132 0.2973 -0.9481
vn -0.0579 -0.0840 -0.9948
vn 0.0683 0.0065 -0.9976
vn 0.0736 -0.0016 -0.9973
vn -0.0581 -0.0555 -0.9968
vn 0.1732 -0.2638 -0.9489
vn 0.1035 -0.0263 -0.9943
vn 0.1104 -0.0280 -0.9935
vn 0.1632 -0.2822 -0.9454
vn 0.2187 0.2119 -0.9525
vn 0.1145 0.0119 -0.9933
vn 0.1078 0.0155 -0.9941
vn 0.2243 0.1865 -0.9565
vn -0.0470 0.1350 -0.9897
vn 0.0773 0.0358 -0.9964
vn 0.0782 0.0227 -0.9967
vn -0.0369 0.1533 -0.9875
vn 0.0536 -0.2870 -0.9564
vn 0.0904 -0.0346 -0.9953
vn 0.0946 -0.0452 -0.9945
vn 0.0407 -0.2875 -0.9569
vn 0.2650 -0.0292 -0.9638
vn 0.1121 -0.0229 -0.9934
vn 0.1087 -0.0112 -0.9940
vn 0.2577 -0.0545 -0.9647
vn 0.0916 -0.0000 -0.9958
vn -0.0235 0.1096 0.9937
vn -0.0863 0.0248 0.9960
vn -0.0991 0.2112 0.9724
vn -0.0457 0.2055 0.9776
vn -0.2712 0.1451 0.9515
vn -0.1742 0.1956 0.9651
vn -0.1051 0.0108 0.9944
vn -0.2436 -0.0267 0.9695
vn -0.0163 -0.1438 0.9895
vn -0.0605 -0.1817 0.9815
vn -0.0820 -0.0188 0.9965
vn -0.0107 -0.0492 0.9987
vn -0.2976 -0.0000 0.9547
vn -0.2198 0.1304 0.9668
vn -0.1063 -0.0000 0.9943
vn -0.2198 -0.1304 0.9668
vn 0.0007 -0.0737 0.9973
vn -0.0325 -0.1344 0.9904
vn -0.0791 -0.0101 0.9968
vn -0.0079 0.0141 0.9999
vn -0.2712 -0.1451 0.9515
vn -0.2436 0.0267 0.9695
vn -0.1051 -0.0108 0.9944
vn -0.1742 -0.1957 0.9651
vn 0.0063 -0.0000 1.0000
vn -0.0151 -0.0767 0.9969
vn -0.0781 -0.0000 0.9969
vn -0.0151 0.0767 0.9969
vn -0.2112 -0.2384 0.9479
vn -0.2336 -0.0875 0.9684
vn -0.1019 -0.0198 0.9946
vn -0.1246 -0.2160 0.9684
vn -0.0887 0.2511 0.9639
vn -0.0467 0.1623 0.9856
vn -0.0916 0.0273 0.9954
vn -0.1464 0.2120 0.9662
vn -0.1246 0.2160 0.9684
vn -0.1018 0.0198 0.9946
vn -0.2336 0.0875 0.9684
vn -0.2112 0.2384 0.9479
vn -0.1464 -0.2120 0.9662
vn -0.0916 -0.0273 0.9954
vn -0.0467 -0.1623 0.9856
vn -0.0887 -0.2511 0.9639
vn -0.0807 0.2010 0.9763
vn -0.0970 0.0256 0.9950
vn -0.1957 0.1724 0.9654
vn -0.1454 0.2680 0.9524
vn -0.0107 0.0492 0.9987
vn -0.0820 0.0188 0.9965
vn -0.0605 0.1817 0.9815
vn -0.0163 0.1438 0.9895
vn -0.1957 -0.1724 0.9654
vn -0.0970 -0.0256 0.9950
vn -0.0807 -0.2010 0.9763
vn -0.1454 -0.2680 0.9524
vn -0.0079 -0.0141 0.9999
vn -0.0791 0.0101 0.9968
vn -0.0325 0.1344 0.9904
vn 0.0007 0.0737 0.9973
vn -0.0991 -0.2112 0.9724
vn -0.0863 -0.0248 0.9960
vn -0.0235 -0.1096 0.9937
vn -0.0457 -0.2055 0.9776
vn -0.8096 -0.4151 -0.4150
vn -0.8671 -0.4279 -0.2552
vn -0.8966 -0.4340 -0.0886
vn -0.8966 -0.4340 0.0886
vn -0.8671 -0.4278 0.2552
vn -0.8096 -0.4150 0.4151
vn -0.8671 -0.2552 -0.4278
vn -0.9318 -0.2567 -0.2567
vn -0.9627 -0.2564 -0.0865
vn -0.9627 -0.2564 0.0865
vn -0.9318 -0.2567 0.2567
vn -0.8671 -0.2552 0.4278
vn -0.8966 -0.0886 -0.4340
vn -0.9627 -0.0865 -0.2564
vn -0.9928 -0.0848 -0.0848
vn -0.9928 -0.0848 0.0848
vn -0.9627 -0.0865 0.2564
vn -0.8966 -0.0886 0.4340
vn -0.8966 0.0886 -0.4340
vn -0.9627 0.0865 -0.2564
vn -0.9928 0.0848 -0.0848
vn -0.9928 0.0848 0.0848
vn -0.9627 0.0865 0.2564
vn -0.8966 0.0886 0.4340
vn -0.8671 0.2553 -0.4278
vn -0.9318 0.2567 -0.2567
vn -0.9627 0.2564 -0.0865
vn -0.9627 0.2564 0.0865
vn -0.9318 0.2567 0.2567
vn -0.8671 0.2552 0.4278
vn -0.8096 0.4151 -0.4150
vn -0.8671 0.4279 -0.2552
vn -0.8966 0.4340 -0.0886
vn -0.8966 0.4340 0.0886
vn -0.8671 0.4279 0.2552
vn -0.8096 0.4151 0.4151
vn -0.6579 -0.5325 -0.5325
vn -0.7146 -0.5734 -0.4007
vn -0.7580 -0.6011 -0.2532
vn -0.7825 -0.6161 -0.0901
vn -0.7825 -0.6161 0.0901
vn -0.7580 -0.6011 0.2532
vn -0.7146 -0.5734 0.4007
vn -0.6579 -0.5325 0.5325
vn -0.7146 -0.4007 0.5734
vn -0.7580 -0.2532 0.6011
vn -0.7825 -0.0901 0.6162
vn -0.7825 0.0901 0.6161
vn -0.7580 0.2532 0.6011
vn -0.7146 0.4007 0.5734
vn -0.6580 0.5325 0.5325
vn -0.7146 0.5734 0.4007
vn -0.7580 0.6011 0.2532
vn -0.7825 0.6161 0.0901
vn -0.7825 0.6161 -0.0901
vn -0.7580 0.6011 -0.2532
vn -0.7146 0.5734 -0.4007
vn -0.6579 0.5325 -0.5325
vn -0.7146 0.4007 -0.5734
vn -0.7580 0.2532 -0.6011
vn -0.7825 0.0901 -0.6161
vn -0.7825 -0.0901 -0.6162
vn -0.7580 -0.2532 -0.6011
vn -0.7146 -0.4007 -0.5734
vn -0.4150 0.8096 -0.4150
vn -0.4278 0.8671 -0.2552
vn -0.4340 0.8966 -0.0886
vn -0.4340 0.8966 0.0886
vn -0.4279 0.8671 0.2552
vn -0.4151 0.8096 0.4150
vn -0.2552 0.8671 -0.4278
vn -0.2567 0.9318 -0.2567
vn -0.2564 0.9627 -0.0865
vn -0.2564 0.9627 0.0865
vn -0.2567 0.9318 0.2567
vn -0.2552 0.8671 0.4278
vn -0.0886 0.8966 -0.4340
vn -0.0865 0.9627 -0.2564
vn -0.0848 0.9928 -0.0848
vn -0.0848 0.9928 0.0848
vn -0.0865 0.9627 0.2564
vn -0.0886 0.8966 0.4340
vn 0.0886 0.8966 -0.4340
vn 0.0865 0.9627 -0.2564
vn 0.0848 0.9928 -0.0848
vn 0.0848 0.9928 0.0848
vn 0.0865 0.9627 0.2564
vn 0.0886 0.8966 0.4340
vn 0.2553 0.8671 -0.4278
vn 0.2567 0.9318 -0.2567
vn 0.2564 0.9627 -0.0865
vn 0.2564 0.9627 0.0865
vn 0.2567 0.9318 0.2567
vn 0.2552 0.8671 0.4278
vn 0.4151 0.8096 -0.4151
vn 0.4278 0.8671 -0.2553
vn 0.4339 0.8966 -0.0886
vn 0.4340 0.8966 0.0886
vn 0.4278 0.8671 0.2552
vn 0.4150 0.8096 0.4151
vn -0.5325 0.6579 -0.5325
vn -0.5734 0.7146 -0.4007
vn -0.6011 0.7580 -0.2532
vn -0.6161 0.7825 -0.0901
vn -0.6161 0.7825 0.0901
vn -0.6011 0.7580 0.2532
vn -0.5734 0.7146 0.4007
vn -0.5325 0.6579 0.5325
vn -0.4007 0.7146 0.5734
vn -0.2532 0.7580 0.6011
vn -0.0901 0.7825 0.6161
vn 0.0901 0.7825 0.6161
vn 0.2532 0.7580 0.6011
vn 0.4007 0.7146 0.5734
vn 0.5325 0.6579 0.5325
vn 0.5734 0.7146 0.4007
vn 0.6011 0.7580 0.2532
vn 0.6161 0.7825 0.0901
vn 0.6162 0.7825 -0.0901
vn 0.6011 0.7580 -0.2532
vn 0.5734 0.7146 -0.4007
vn 0.5325 0.6580 -0.5325
vn 0.4007 0.7146 -0.5734
vn 0.2532 0.7580 -0.6011
vn 0.0901 0.7825 -0.6161
vn -0.0901 0.7825 -0.6161
vn -0.2532 0.7580 -0.6011
vn -0.4007 0.7146 -0.5734
vn 0.8096 0.4150 -0.4151
vn 0.8671 0.4278 -0.2552
vn 0.8966 0.4340 -0.0886
vn 0.8966 0.4340 0.0886
vn 0.8671 0.4278 0.2552
vn 0.8096 0.4150 0.4151
vn 0.8671 0.2552 -0.4279
vn 0.9318 0.2567 -0.2567
vn 0.9627 0.2564 -0.0865
vn 0.9627 0.2564 0.0865
vn 0.9318 0.2567 0.2567
vn 0.8671 0.2553 0.4279
vn 0.8966 0.0886 -0.4340
vn 0.9627 0.0865 -0.2564
vn 0.9928 0.0848 -0.0848
vn 0.9928 0.0849 0.0848
vn 0.9627 0.0865 0.2564
vn 0.8966 0.0886 0.4340
vn 0.8966 -0.0886 -0.4340
vn 0.9627 -0.0865 -0.2564
vn 0.9928 -0.0848 -0.0848
vn 0.9928 -0.0849 0.0848
vn 0.9627 -0.0865 0.2564
vn 0.8966 -0.0886 0.4339
vn 0.8671 -0.2553 -0.4278
vn 0.9318 -0.2567 -0.2567
vn 0.9627 -0.2564 -0.0865
vn 0.9627 -0.2564 0.0865
vn 0.9318 -0.2567 0.2567
vn 0.8671 -0.2553 0.4278
vn 0.8096 -0.4150 -0.4150
vn 0.8671 -0.4278 -0.2552
vn 0.8966 -0.4340 -0.0886
vn 0.8966 -0.4340 0.0886
vn 0.8671 -0.4279 0.2552
vn 0.8096 -0.4151 0.4150
vn 0.6579 0.5325 -0.5325
vn 0.7146 0.5734 -0.4007
vn 0.7580 0.6011 -0.2532
vn 0.7825 0.6161 -0.0901
vn 0.7825 0.6161 0.0901
vn 0.7580 0.6011 0.2532
vn 0.7146 0.5734 0.4007
vn 0.6579 0.5325 0.5325
vn 0.7146 0.4007 0.5734
vn 0.7580 0.2532 0.6011
vn 0.7824 0.0901 0.6162
vn 0.7824 -0.0901 0.6162
vn 0.7580 -0.2532 0.6011
vn 0.7146 -0.4007 0.5734
vn 0.6579 -0.5325 0.5325
vn 0.7146 -0.5734 0.4007
vn 0.7580 -0.6011 0.2532
vn 0.7825 -0.6161 0.0901
vn 0.7825 -0.6161 -0.0901
vn 0.7580 -0.6011 -0.2532
vn 0.7146 -0.5734 -0.4007
vn 0.6579 -0.5325 -0.5325
vn 0.7146 -0.4007 -0.5734
vn 0.7580 -0.2532 -0.6011
vn 0.7825 -0.0901 -0.6161
vn 0.7825 0.0901 -0.6161
vn 0.7580 0.2532 -0.6011
vn 0.7146 0.4007 -0.5734
vn 0.4150 -0.8096 -0.4150
vn 0.4278 -0.8671 -0.2553
vn 0.4340 -0.8966 -0.0886
vn 0.4340 -0.8966 0.0886
vn 0.4278 -0.8671 0.2553
vn 0.4151 -0.8096 0.4150
vn 0.2553 -0.8671 -0.4278
vn 0.2567 -0.9318 -0.2567
vn 0.2564 -0.9627 -0.0865
vn 0.2564 -0.9627 0.0865
vn 0.2567 -0.9318 0.2567
vn 0.2553 -0.8671 0.4278
vn 0.0886 -0.8966 -0.4340
vn 0.0865 -0.9627 -0.2564
vn 0.0848 -0.9928 -0.0848
vn 0.0848 -0.9928 0.0848
vn 0.0865 -0.9627 0.2564
vn 0.0886 -0.8966 0.4340
vn -0.0886 -0.8966 -0.4340
vn -0.0865 -0.9627 -0.2564
vn -0.0848 -0.9928 -0.0848
vn -0.0848 -0.9928 0.0848
vn -0.0865 -0.9627 0.2564
vn -0.0886 -0.8966 0.4340
vn -0.2553 -0.8671 -0.4278
vn -0.2567 -0.9318 -0.2567
vn -0.2564 -0.9627 -0.0865
vn -0.2564 -0.9627 0.0865
vn -0.2567 -0.9318 0.2567
vn -0.2552 -0.8671 0.4278
vn -0.4150 -0.8096 -0.4150
vn -0.4278 -0.8671 -0.2552
vn -0.4340 -0.8966 -0.0886
vn -0.4340 -0.8966 0.0886
vn -0.4279 -0.8671 0.2552
vn -0.4151 -0.8096 0.4151
vn 0.5325 -0.6580 -0.5325
vn 0.5734 -0.7146 -0.4007
vn 0.6011 -0.7580 -0.2532
vn 0.6162 -0.7825 -0.0901
vn 0.6161 -0.7825 0.0901
vn 0.6011 -0.7580 0.2532
vn 0.5734 -0.7146 0.4007
vn 0.5325 -0.6580 0.5325
vn 0.4007 -0.7146 0.5734
vn 0.2532 -0.7580 0.6011
vn 0.0901 -0.7825 0.6161
vn -0.0901 -0.7825 0.6162
vn -0.2532 -0.7580 0.6011
vn -0.4007 -0.7146 0.5734
vn -0.5325 -0.6579 0.5325
vn -0.5734 -0.7146 0.4007
vn -0.6011 -0.7580 0.2532
vn -0.6162 -0.7825 0.0901
vn -0.6161 -0.7825 -0.0901
vn -0.6011 -0.7580 -0.2532
vn -0.5734 -0.7146 -0.4007
vn -0.5325 -0.6579 -0.5325
vn -0.4007 -0.7146 -0.5734
vn -0.2532 -0.7580 -0.6011
vn -0.0901 -0.7825 -0.6161
vn 0.0901 -0.7825 -0.6161
vn 0.2532 -0.7580 -0.6011
vn 0.4007 -0.7146 -0.5734
vn -0.4151 0.4151 -0.8096
vn -0.2552 0.4279 -0.8671
vn -0.0886 0.4340 -0.8966
vn 0.0886 0.4340 -0.8966
vn 0.2552 0.4278 -0.8671
vn 0.4151 0.4150 -0.8096
vn -0.4279 0.2552 -0.8671
vn -0.2567 0.2567 -0.9318
vn -0.0865 0.2564 -0.9627
vn 0.0865 0.2564 -0.9627
vn 0.2567 0.2567 -0.9318
vn 0.4279 0.2552 -0.8671
vn -0.4340 0.0886 -0.8966
vn -0.2564 0.0865 -0.9627
vn -0.0848 0.0848 -0.9928
vn 0.0849 0.0848 -0.9928
vn 0.2564 0.0865 -0.9627
vn 0.4340 0.0886 -0.8966
vn -0.4340 -0.0886 -0.8966
vn -0.2564 -0.0865 -0.9627
vn -0.0848 -0.0849 -0.9928
vn 0.0848 -0.0849 -0.9928
vn 0.2564 -0.0865 -0.9627
vn 0.4339 -0.0886 -0.8966
vn -0.4278 -0.2553 -0.8671
vn -0.2567 -0.2567 -0.9318
vn -0.0865 -0.2564 -0.9627
vn 0.0865 -0.2564 -0.9627
vn 0.2567 -0.2567 -0.9318
vn 0.4279 -0.2552 -0.8671
vn -0.4150 -0.4151 -0.8096
vn -0.2552 -0.4278 -0.8671
vn -0.0886 -0.4340 -0.8966
vn 0.0886 -0.4340 -0.8966
vn 0.2552 -0.4279 -0.8671
vn 0.4151 -0.4151 -0.8096
vn -0.5325 0.5325 -0.6579
vn -0.4007 0.5734 -0.7146
vn -0.2532 0.6011 -0.7580
vn -0.0901 0.6161 -0.7825
vn 0.0901 0.6161 -0.7825
vn 0.2532 0.6011 -0.7580
vn 0.4007 0.5734 -0.7146
vn 0.5325 0.5325 -0.6579
vn 0.5734 0.4007 -0.7146
vn 0.6011 0.2532 -0.7580
vn 0.6161 0.0902 -0.7825
vn 0.6161 -0.0901 -0.7825
vn 0.6011 -0.2532 -0.7580
vn 0.5734 -0.4007 -0.7146
vn 0.5325 -0.5325 -0.6580
vn 0.4007 -0.5734 -0.7146
vn 0.2532 -0.6011 -0.7580
vn 0.0901 -0.6161 -0.7825
vn -0.0901 -0.6161 -0.7825
vn -0.2532 -0.6011 -0.7580
vn -0.4007 -0.5734 -0.7146
vn -0.5325 -0.5325 -0.6579
vn -0.5734 -0.4007 -0.7146
vn -0.6011 -0.2532 -0.7580
vn -0.6162 -0.0901 -0.7825
vn -0.6161 0.0902 -0.7825
vn -0.6011 0.2532 -0.7580
vn -0.5734 0.4007 -0.7146
vn 0.4150 0.4151 0.8096
vn 0.2553 0.4278 0.8671
vn 0.0886 0.4340 0.8966
vn -0.0886 0.4340 0.8966
vn -0.2552 0.4278 0.8671
vn -0.4151 0.4150 0.8096
vn 0.4278 0.2552 0.8671
vn 0.2567 0.2567 0.9318
vn 0.0865 0.2564 0.9627
vn -0.0865 0.2564 0.9627
vn -0.2567 0.2567 0.9318
vn -0.4278 0.2552 0.8671
vn 0.4340 0.0886 0.8966
vn 0.2564 0.0865 0.9627
vn 0.0848 0.0848 0.9928
vn -0.0848 0.0848 0.9928
vn -0.2564 0.0865 0.9627
vn -0.4340 0.0886 0.8966
vn 0.4340 -0.0886 0.8966
vn 0.2564 -0.0865 0.9627
vn 0.0848 -0.0848 0.9928
vn -0.0848 -0.0848 0.9928
vn -0.2564 -0.0865 0.9627
vn -0.4340 -0.0887 0.8966
vn 0.4278 -0.2553 0.8671
vn 0.2567 -0.2567 0.9318
vn 0.0865 -0.2564 0.9627
vn -0.0865 -0.2564 0.9627
vn -0.2567 -0.2567 0.9318
vn -0.4278 -0.2552 0.8671
vn 0.4151 -0.4151 0.8096
vn 0.2553 -0.4278 0.8671
vn 0.0886 -0.4339 0.8966
vn -0.0886 -0.4340 0.8966
vn -0.2553 -0.4279 0.8671
vn -0.4151 -0.4151 0.8096
vn 0.5325 0.5325 0.6579
vn 0.4007 0.5734 0.7146
vn 0.2532 0.6011 0.7580
vn 0.0901 0.6161 0.7825
vn -0.0901 0.6162 0.7825
vn -0.2532 0.6011 0.7580
vn -0.4007 0.5734 0.7146
vn -0.5325 0.5325 0.6579
vn -0.5735 0.4007 0.7146
vn -0.6011 0.2532 0.7580
vn -0.6162 0.0901 0.7825
vn -0.6161 -0.0901 0.7825
vn -0.6011 -0.2532 0.7580
vn -0.5734 -0.4007 0.7146
vn -0.5325 -0.5325 0.6579
vn -0.4007 -0.5734 0.7146
vn -0.2532 -0.6011 0.7580
vn -0.0902 -0.6161 0.7825
vn 0.0901 -0.6162 0.7825
vn 0.2532 -0.6011 0.7580
vn 0.4007 -0.5734 0.7146
vn 0.5325 -0.5325 0.6580
vn 0.5734 -0.4007 0.7146
vn 0.6011 -0.2532 0.7580
vn 0.6162 -0.0901 0.7824
vn 0.6162 0.0901 0.7824
vn 0.6011 0.2532 0.7580
vn 0.5734 0.4007 0.7146
vt 0.224967 0.656006
vt 0.226092 0.659547
vt 0.229207 0.659305
vt 0.228005 0.655444
vt 0.931876 0.610071
vt 0.929401 0.614037
vt 0.932475 0.618876
vt 0.934608 0.615202
vt 0.927119 0.618327
vt 0.930528 0.622840
vt 0.227020 0.663301
vt 0.230185 0.663380
vt 0.193596 0.714063
vt 0.191880 0.711613
vt 0.189970 0.715174
vt 0.191939 0.717807
vt 0.972323 0.686441
vt 0.975727 0.684015
vt 0.972087 0.680507
vt 0.969220 0.682508
vt 0.979041 0.681032
vt 0.974909 0.678035
vt 0.190293 0.708834
vt 0.188155 0.712191
vt 0.226463 0.695937
vt 0.225409 0.699687
vt 0.227977 0.702442
vt 0.229184 0.698430
vt 0.921020 0.659732
vt 0.922382 0.664860
vt 0.927612 0.664445
vt 0.926295 0.660040
vt 0.924248 0.669665
vt 0.929325 0.668530
vt 0.224166 0.703226
vt 0.226560 0.706229
vt 0.207338 0.638131
vt 0.209268 0.638357
vt 0.209748 0.635501
vt 0.207402 0.635292
vt 0.959557 0.591702
vt 0.956892 0.591726
vt 0.956755 0.597997
vt 0.959171 0.597955
vt 0.954180 0.592147
vt 0.954310 0.598411
vt 0.211207 0.638898
vt 0.212126 0.636097
vt 0.184500 0.686978
vt 0.184274 0.682819
vt 0.181150 0.684316
vt 0.181451 0.688773
vt 0.991873 0.653392
vt 0.992341 0.647948
vt 0.987218 0.649597
vt 0.986623 0.654418
vt 0.992341 0.642516
vt 0.987398 0.644738
vt 0.184278 0.678627
vt 0.181101 0.679817
vt 0.213736 0.718217
vt 0.211708 0.719387
vt 0.212340 0.723507
vt 0.214651 0.722279
vt 0.941471 0.688238
vt 0.944488 0.689576
vt 0.946451 0.685049
vt 0.943977 0.683976
vt 0.947435 0.690538
vt 0.948860 0.685803
vt 0.209652 0.720128
vt 0.210019 0.724267
vt 0.222188 0.649706
vt 0.223660 0.652715
vt 0.226591 0.651834
vt 0.224980 0.648509
vt 0.937241 0.603210
vt 0.934502 0.606455
vt 0.936889 0.611843
vt 0.939282 0.608821
vt 0.188921 0.655192
vt 0.190375 0.651963
vt 0.187487 0.650951
vt 0.185912 0.654494
vt 0.984766 0.613340
vt 0.982604 0.609428
vt 0.979572 0.614482
vt 0.981422 0.618096
vt 0.980286 0.605870
vt 0.977570 0.611188
vt 0.191981 0.649024
vt 0.189246 0.647702
vt 0.197333 0.717847
vt 0.195422 0.716154
vt 0.194039 0.720055
vt 0.196236 0.721864
vt 0.965616 0.689731
vt 0.968921 0.688336
vt 0.966383 0.684061
vt 0.963654 0.685193
vt 0.227949 0.687959
vt 0.227313 0.692014
vt 0.230167 0.694232
vt 0.230913 0.689890
vt 0.919890 0.648942
vt 0.920189 0.654391
vt 0.925411 0.655398
vt 0.924973 0.650607
vt 0.203439 0.638722
vt 0.205400 0.638270
vt 0.205050 0.635395
vt 0.202647 0.635883
vt 0.964839 0.592806
vt 0.962199 0.592054
vt 0.961563 0.598294
vt 0.963938 0.599007
vt 0.185624 0.695015
vt 0.184952 0.691057
vt 0.182001 0.693144
vt 0.182794 0.697383
vt 0.989423 0.663961
vt 0.990904 0.658762
vt 0.985598 0.659119
vt 0.984149 0.663617
vt 0.217639 0.714606
vt 0.215721 0.716613
vt 0.216926 0.720572
vt 0.219126 0.718421
vt 0.935220 0.684148
vt 0.938362 0.686447
vt 0.941408 0.682517
vt 0.938784 0.680626
vt 0.218839 0.644655
vt 0.220574 0.647012
vt 0.223191 0.645501
vt 0.221244 0.642832
vt 0.942907 0.597894
vt 0.940055 0.600352
vt 0.941751 0.606153
vt 0.944266 0.603850
vt 0.186540 0.662388
vt 0.187637 0.658679
vt 0.184536 0.658297
vt 0.183375 0.662323
vt 0.988469 0.622119
vt 0.986733 0.617581
vt 0.983086 0.622005
vt 0.984530 0.626178
vt 0.201326 0.719940
vt 0.199306 0.719107
vt 0.198488 0.723194
vt 0.200773 0.724058
vt 0.959414 0.691279
vt 0.962457 0.690686
vt 0.961067 0.685952
vt 0.958583 0.686404
vt 0.228232 0.671288
vt 0.228501 0.675436
vt 0.231668 0.676461
vt 0.231420 0.672003
vt 0.923300 0.627759
vt 0.921849 0.632833
vt 0.926200 0.636140
vt 0.927351 0.631510
vt 0.920765 0.638091
vt 0.925396 0.640905
vt 0.228548 0.679626
vt 0.231668 0.680959
vt 0.228362 0.683815
vt 0.231415 0.685450
vt 0.920095 0.643482
vt 0.924976 0.645750
vt 0.199468 0.640694
vt 0.201456 0.639519
vt 0.200210 0.636786
vt 0.197763 0.638139
vt 0.970113 0.595531
vt 0.967478 0.593963
vt 0.966300 0.600097
vt 0.968644 0.601567
vt 0.187590 0.702400
vt 0.186508 0.698808
vt 0.183818 0.701445
vt 0.185062 0.705292
vt 0.984996 0.673421
vt 0.987439 0.668881
vt 0.982299 0.667825
vt 0.980096 0.671668
vt 0.221175 0.709531
vt 0.219465 0.712236
vt 0.221212 0.715879
vt 0.223159 0.712981
vt 0.929219 0.677952
vt 0.932141 0.681320
vt 0.936186 0.678287
vt 0.933690 0.675487
vt 0.215084 0.641047
vt 0.217003 0.642658
vt 0.219148 0.640518
vt 0.216903 0.638571
vt 0.948610 0.594201
vt 0.945767 0.595843
vt 0.946797 0.601922
vt 0.949325 0.600372
vt 0.184969 0.670312
vt 0.185647 0.666279
vt 0.182444 0.666533
vt 0.181752 0.670881
vt 0.991097 0.631950
vt 0.989936 0.626921
vt 0.985718 0.630581
vt 0.986616 0.635173
vt 0.205478 0.720532
vt 0.203388 0.720378
vt 0.203074 0.724503
vt 0.205385 0.724650
vt 0.953384 0.691556
vt 0.956413 0.691560
vt 0.956140 0.686592
vt 0.953694 0.686544
vt 0.227737 0.667229
vt 0.230925 0.667627
vt 0.925072 0.622912
vt 0.928807 0.627063
vt 0.195555 0.644129
vt 0.197479 0.642217
vt 0.195433 0.639982
vt 0.193235 0.642199
vt 0.975318 0.599898
vt 0.972732 0.597510
vt 0.970961 0.603416
vt 0.973236 0.605641
vt 0.188856 0.705752
vt 0.186514 0.708886
vt 0.982165 0.677491
vt 0.977606 0.675084
vt 0.222750 0.706518
vt 0.224948 0.709754
vt 0.926555 0.674053
vt 0.931376 0.672226
vt 0.213152 0.639783
vt 0.214520 0.637109
vt 0.951418 0.592970
vt 0.951832 0.599203
vt 0.184513 0.674443
vt 0.181304 0.675324
vt 0.991912 0.637164
vt 0.987187 0.639910
vt 0.207573 0.720473
vt 0.207700 0.724607
vt 0.950378 0.691187
vt 0.951261 0.686291
vt 0.975448 0.608236
vt 0.972918 0.614450
vt 0.974704 0.617126
vt 0.970459 0.620744
vt 0.971931 0.623132
vt 0.971038 0.612089
vt 0.968889 0.618629
vt 0.193715 0.646405
vt 0.191169 0.644778
vt 0.977846 0.602688
vt 0.223525 0.689286
vt 0.222980 0.692569
vt 0.218934 0.686856
vt 0.219740 0.689767
vt 0.223973 0.685865
vt 0.218865 0.683706
vt 0.964318 0.675387
vt 0.966193 0.674031
vt 0.963865 0.671714
vt 0.962385 0.672812
vt 0.961853 0.669875
vt 0.960714 0.670748
vt 0.965345 0.670364
vt 0.962996 0.668803
vt 0.968058 0.672365
vt 0.932594 0.663751
vt 0.931417 0.660072
vt 0.936986 0.663232
vt 0.935974 0.660197
vt 0.934068 0.667141
vt 0.938219 0.666013
vt 0.935699 0.624170
vt 0.937465 0.620857
vt 0.938752 0.629469
vt 0.940176 0.626534
vt 0.934109 0.627729
vt 0.937492 0.632604
vt 0.968930 0.676990
vt 0.966592 0.678644
vt 0.971243 0.674953
vt 0.939374 0.617815
vt 0.941394 0.615067
vt 0.941736 0.623826
vt 0.943406 0.621369
vt 0.964285 0.679934
vt 0.962069 0.680875
vt 0.962473 0.676446
vt 0.960704 0.677217
vt 0.976371 0.620102
vt 0.977891 0.623356
vt 0.973286 0.625777
vt 0.974501 0.628656
vt 0.930575 0.656160
vt 0.930086 0.652084
vt 0.935213 0.656951
vt 0.934725 0.653542
vt 0.979235 0.626861
vt 0.980374 0.630589
vt 0.975552 0.631744
vt 0.976417 0.635010
vt 0.929957 0.647910
vt 0.930179 0.643707
vt 0.934520 0.650023
vt 0.934599 0.646450
vt 0.943496 0.612631
vt 0.945653 0.610520
vt 0.945162 0.619180
vt 0.946980 0.617275
vt 0.959969 0.681501
vt 0.957949 0.681865
vt 0.959027 0.677725
vt 0.957408 0.678016
vt 0.947841 0.608744
vt 0.950041 0.607310
vt 0.948841 0.615666
vt 0.950727 0.614361
vt 0.955961 0.682007
vt 0.953978 0.681962
vt 0.955810 0.678129
vt 0.954217 0.678093
vt 0.981279 0.634502
vt 0.981920 0.638562
vt 0.977072 0.638421
vt 0.977497 0.641936
vt 0.982271 0.642722
vt 0.982307 0.646930
vt 0.977672 0.645514
vt 0.977583 0.649107
vt 0.952238 0.606222
vt 0.954422 0.605481
vt 0.952624 0.613367
vt 0.954521 0.612687
vt 0.952004 0.681762
vt 0.950049 0.681376
vt 0.952631 0.677933
vt 0.951059 0.677623
vt 0.956588 0.605088
vt 0.958732 0.605044
vt 0.956410 0.612324
vt 0.958285 0.612278
vt 0.948088 0.680766
vt 0.946081 0.679887
vt 0.949488 0.677135
vt 0.947887 0.676425
vt 0.982009 0.651128
vt 0.981367 0.655254
vt 0.977221 0.652663
vt 0.976584 0.656130
vt 0.980380 0.659239
vt 0.979062 0.663017
vt 0.975680 0.659452
vt 0.974525 0.662580
vt 0.960855 0.605352
vt 0.962956 0.606008
vt 0.960140 0.612554
vt 0.961970 0.613147
vt 0.943998 0.678680
vt 0.941868 0.677115
vt 0.946226 0.675442
vt 0.944526 0.674163
vt 0.965032 0.607013
vt 0.967078 0.608363
vt 0.963769 0.614056
vt 0.965529 0.615276
vt 0.939751 0.675186
vt 0.937707 0.672880
vt 0.942832 0.672587
vt 0.941186 0.670704
vt 0.930733 0.639536
vt 0.931593 0.635451
vt 0.934953 0.642874
vt 0.935567 0.639345
vt 0.977442 0.666524
vt 0.975561 0.669706
vt 0.973147 0.665467
vt 0.971581 0.668075
vt 0.932729 0.631501
vt 0.936422 0.635908
vt 0.973474 0.672524
vt 0.969869 0.670379
vt 0.969085 0.610057
vt 0.967240 0.616803
vt 0.935792 0.670194
vt 0.939633 0.668510
vt 0.954564 0.672480
vt 0.955541 0.672500
vt 0.955411 0.670466
vt 0.954689 0.670454
vt 0.955296 0.668932
vt 0.954783 0.668927
vt 0.956139 0.670401
vt 0.955814 0.668873
vt 0.956522 0.672426
vt 0.956213 0.619704
vt 0.957829 0.619660
vt 0.956005 0.627333
vt 0.957357 0.627293
vt 0.954588 0.620032
vt 0.954647 0.627618
vt 0.960934 0.673668
vt 0.959543 0.674288
vt 0.959601 0.671427
vt 0.958533 0.671919
vt 0.959427 0.619903
vt 0.960999 0.620428
vt 0.958694 0.627499
vt 0.960007 0.627949
vt 0.958222 0.674693
vt 0.956941 0.674925
vt 0.957514 0.672241
vt 0.962537 0.621234
vt 0.964031 0.622314
vt 0.961284 0.628639
vt 0.962517 0.629563
vt 0.955673 0.675015
vt 0.954409 0.674987
vt 0.965470 0.623663
vt 0.966842 0.625271
vt 0.963694 0.630714
vt 0.964803 0.632082
vt 0.953150 0.674859
vt 0.951903 0.674613
vt 0.953591 0.672379
vt 0.952627 0.672185
vt 0.968131 0.627127
vt 0.969324 0.629214
vt 0.965832 0.633655
vt 0.966768 0.635417
vt 0.950660 0.674226
vt 0.949399 0.673661
vt 0.951666 0.671879
vt 0.950694 0.671435
vt 0.970402 0.631516
vt 0.971348 0.634009
vt 0.967599 0.637352
vt 0.968311 0.639437
vt 0.948096 0.672874
vt 0.946761 0.671846
vt 0.949694 0.670815
vt 0.948673 0.670004
vt 0.972146 0.636670
vt 0.972777 0.639469
vt 0.968892 0.641652
vt 0.969331 0.643969
vt 0.938718 0.646208
vt 0.939134 0.643227
vt 0.942153 0.649542
vt 0.942416 0.647107
vt 0.938515 0.649207
vt 0.942057 0.651976
vt 0.945427 0.670574
vt 0.944125 0.669053
vt 0.947650 0.668997
vt 0.946648 0.667792
vt 0.973226 0.642374
vt 0.973479 0.645350
vt 0.969617 0.646361
vt 0.969744 0.648797
vt 0.939752 0.640305
vt 0.940555 0.637477
vt 0.942842 0.644706
vt 0.943420 0.642367
vt 0.942887 0.667281
vt 0.941748 0.665262
vt 0.945691 0.666390
vt 0.944803 0.664794
vt 0.973525 0.648360
vt 0.973356 0.651360
vt 0.969705 0.651245
vt 0.969501 0.653673
vt 0.941526 0.634777
vt 0.942645 0.632235
vt 0.944141 0.640122
vt 0.944991 0.637996
vt 0.940740 0.663009
vt 0.939892 0.660542
vt 0.944006 0.663011
vt 0.943323 0.661055
vt 0.972972 0.654311
vt 0.972376 0.657168
vt 0.969132 0.656046
vt 0.968605 0.658333
vt 0.943892 0.629877
vt 0.945245 0.627726
vt 0.945954 0.636014
vt 0.947017 0.634196
vt 0.939230 0.657891
vt 0.938773 0.655091
vt 0.942773 0.658947
vt 0.942372 0.656711
vt 0.971577 0.659891
vt 0.970594 0.662440
vt 0.967931 0.660502
vt 0.967126 0.662527
vt 0.946685 0.625801
vt 0.948194 0.624119
vt 0.948163 0.632563
vt 0.949378 0.631129
vt 0.938533 0.652182
vt 0.942131 0.654377
vt 0.969449 0.664783
vt 0.968171 0.666895
vt 0.966207 0.664383
vt 0.965197 0.666055
vt 0.949753 0.622692
vt 0.951347 0.621530
vt 0.950647 0.629908
vt 0.951957 0.628910
vt 0.966792 0.668758
vt 0.964119 0.667529
vt 0.952963 0.620642
vt 0.953294 0.628145
vt 0.951689 0.667422
vt 0.952216 0.667898
vt 0.953075 0.667048
vt 0.952717 0.666672
vt 0.953691 0.666362
vt 0.953459 0.665916
vt 0.953418 0.667353
vt 0.953781 0.666791
vt 0.952740 0.668273
vt 0.961872 0.637876
vt 0.962726 0.638980
vt 0.960120 0.644733
vt 0.960742 0.645568
vt 0.960956 0.636945
vt 0.959447 0.644026
vt 0.953971 0.670377
vt 0.953256 0.670223
vt 0.954274 0.668869
vt 0.953767 0.668746
vt 0.963508 0.640244
vt 0.964209 0.641656
vt 0.961305 0.646522
vt 0.961802 0.647585
vt 0.952542 0.669980
vt 0.951819 0.669629
vt 0.953257 0.668552
vt 0.964818 0.643200
vt 0.965328 0.644857
vt 0.962228 0.648744
vt 0.962577 0.649984
vt 0.951080 0.669145
vt 0.950329 0.668517
vt 0.965729 0.646609
vt 0.966016 0.648434
vt 0.962843 0.651290
vt 0.963022 0.652645
vt 0.945331 0.652821
vt 0.945486 0.650926
vt 0.948088 0.655908
vt 0.948175 0.654511
vt 0.945301 0.654708
vt 0.948089 0.657294
vt 0.949579 0.667741
vt 0.948843 0.666817
vt 0.951163 0.666842
vt 0.950650 0.666155
vt 0.966183 0.650308
vt 0.966227 0.652208
vt 0.963114 0.654032
vt 0.963117 0.655435
vt 0.945763 0.649046
vt 0.946160 0.647207
vt 0.948350 0.653120
vt 0.948612 0.651754
vt 0.948138 0.665744
vt 0.947479 0.664525
vt 0.950157 0.665365
vt 0.949694 0.664470
vt 0.966147 0.654108
vt 0.965945 0.655984
vt 0.963031 0.656832
vt 0.962859 0.658207
vt 0.946669 0.645431
vt 0.947284 0.643742
vt 0.948957 0.650432
vt 0.949382 0.649168
vt 0.946882 0.663165
vt 0.946363 0.661674
vt 0.949272 0.663475
vt 0.948900 0.662385
vt 0.965624 0.657809
vt 0.965192 0.659562
vt 0.962607 0.659542
vt 0.962279 0.660823
vt 0.947993 0.642160
vt 0.948788 0.640703
vt 0.949881 0.647980
vt 0.950447 0.646883
vt 0.945933 0.660064
vt 0.945608 0.658352
vt 0.948587 0.661211
vt 0.948343 0.659961
vt 0.964658 0.661221
vt 0.964033 0.662766
vt 0.961883 0.662032
vt 0.961428 0.663160
vt 0.949657 0.639388
vt 0.950589 0.638229
vt 0.951071 0.645890
vt 0.951747 0.645012
vt 0.945394 0.656559
vt 0.948175 0.658650
vt 0.963334 0.664182
vt 0.962574 0.665458
vt 0.960924 0.664195
vt 0.960382 0.665131
vt 0.951573 0.637239
vt 0.952596 0.636428
vt 0.952468 0.644260
vt 0.953222 0.643641
vt 0.961770 0.666587
vt 0.960938 0.667564
vt 0.959813 0.665961
vt 0.959227 0.666685
vt 0.953649 0.635804
vt 0.954720 0.635372
vt 0.954002 0.643165
vt 0.954799 0.642835
vt 0.960094 0.668391
vt 0.959254 0.669068
vt 0.958632 0.667303
vt 0.958040 0.667815
vt 0.955798 0.635138
vt 0.956874 0.635103
vt 0.955604 0.642655
vt 0.956409 0.642628
vt 0.958431 0.669599
vt 0.957638 0.669988
vt 0.957457 0.668222
vt 0.956891 0.668530
vt 0.957938 0.635270
vt 0.958979 0.635635
vt 0.957205 0.642754
vt 0.957981 0.643031
vt 0.956878 0.670248
vt 0.956344 0.668743
vt 0.959989 0.636196
vt 0.958731 0.643457
vt 0.197338 0.709242
vt 0.195866 0.707336
vt 0.199892 0.701379
vt 0.198886 0.698964
vt 0.198824 0.710906
vt 0.200277 0.704579
vt 0.960440 0.655382
vt 0.960600 0.656245
vt 0.958703 0.658368
vt 0.959195 0.658324
vt 0.960242 0.654489
vt 0.958418 0.657842
vt 0.950279 0.658614
vt 0.950351 0.657647
vt 0.951843 0.660560
vt 0.952028 0.659889
vt 0.950244 0.659525
vt 0.951467 0.660786
vt 0.952353 0.666258
vt 0.951991 0.665786
vt 0.953118 0.665671
vt 0.952724 0.665548
vt 0.960604 0.657267
vt 0.960571 0.658278
vt 0.958791 0.659406
vt 0.958630 0.660298
vt 0.950443 0.656639
vt 0.950573 0.655625
vt 0.951979 0.658985
vt 0.951711 0.657862
vt 0.951691 0.665215
vt 0.951391 0.664563
vt 0.952764 0.665064
vt 0.952624 0.664447
vt 0.960524 0.659247
vt 0.960446 0.660155
vt 0.958732 0.660985
vt 0.959077 0.661256
vt 0.950838 0.654788
vt 0.951144 0.653927
vt 0.952194 0.657965
vt 0.952542 0.657479
vt 0.951091 0.663860
vt 0.950811 0.663103
vt 0.952313 0.663935
vt 0.951870 0.663483
vt 0.960224 0.661101
vt 0.959971 0.662008
vt 0.958574 0.662012
vt 0.958267 0.662733
vt 0.951469 0.653040
vt 0.951821 0.652173
vt 0.952692 0.656570
vt 0.952636 0.655270
vt 0.950639 0.662302
vt 0.950487 0.661422
vt 0.952081 0.663056
vt 0.952089 0.662352
vt 0.959712 0.662863
vt 0.959443 0.663636
vt 0.958188 0.663434
vt 0.958345 0.663883
vt 0.952271 0.651587
vt 0.952755 0.651010
vt 0.953129 0.655771
vt 0.953578 0.655586
vt 0.950348 0.660491
vt 0.951873 0.661598
vt 0.959072 0.664353
vt 0.958687 0.665014
vt 0.957850 0.664277
vt 0.957478 0.664747
vt 0.953250 0.650417
vt 0.953757 0.649859
vt 0.953907 0.654832
vt 0.954082 0.653529
vt 0.958309 0.665624
vt 0.957941 0.666154
vt 0.957263 0.665342
vt 0.957244 0.665827
vt 0.954305 0.649650
vt 0.954871 0.649471
vt 0.954484 0.654410
vt 0.954947 0.654585
vt 0.957524 0.666578
vt 0.957111 0.666944
vt 0.956837 0.665901
vt 0.956469 0.666102
vt 0.955442 0.649282
vt 0.956007 0.649130
vt 0.955394 0.654115
vt 0.955769 0.652981
vt 0.956711 0.667272
vt 0.956332 0.667533
vt 0.956183 0.666516
vt 0.956042 0.666930
vt 0.956549 0.649351
vt 0.957093 0.649608
vt 0.956001 0.654152
vt 0.956387 0.654674
vt 0.955950 0.667674
vt 0.955573 0.667768
vt 0.955752 0.666772
vt 0.955426 0.666731
vt 0.957632 0.649856
vt 0.958151 0.650130
vt 0.956868 0.654558
vt 0.957376 0.653733
vt 0.955204 0.667839
vt 0.954849 0.667871
vt 0.955115 0.666940
vt 0.954888 0.667226
vt 0.958585 0.650747
vt 0.959003 0.651396
vt 0.957388 0.655047
vt 0.957623 0.655836
vt 0.954500 0.667795
vt 0.954142 0.667679
vt 0.954699 0.666914
vt 0.954416 0.666668
vt 0.959412 0.652029
vt 0.959787 0.652665
vt 0.958045 0.656075
vt 0.958596 0.655639
vt 0.953780 0.667539
vt 0.954088 0.666669
vt 0.960029 0.653569
vt 0.958380 0.656922
vt 0.193229 0.656244
vt 0.194407 0.653649
vt 0.196798 0.661740
vt 0.196692 0.658468
vt 0.192100 0.659045
vt 0.196203 0.664698
vt 0.220616 0.656863
vt 0.221617 0.659711
vt 0.216803 0.662191
vt 0.217263 0.665173
vt 0.219556 0.654217
vt 0.217056 0.658928
vt 0.210864 0.711965
vt 0.209111 0.712503
vt 0.209962 0.703104
vt 0.208357 0.702763
vt 0.212560 0.711216
vt 0.211394 0.704830
vt 0.188311 0.681618
vt 0.188175 0.678229
vt 0.193085 0.680317
vt 0.191759 0.678257
vt 0.188566 0.685066
vt 0.193767 0.683139
vt 0.208831 0.644699
vt 0.210498 0.645333
vt 0.208011 0.653325
vt 0.209391 0.654756
vt 0.207200 0.644255
vt 0.207054 0.650741
vt 0.222018 0.695495
vt 0.220941 0.698383
vt 0.218043 0.690575
vt 0.216742 0.692576
vt 0.194407 0.705378
vt 0.193043 0.703304
vt 0.197352 0.697986
vt 0.195636 0.698411
vt 0.195866 0.651695
vt 0.197408 0.649866
vt 0.198358 0.658980
vt 0.199919 0.658098
vt 0.222590 0.662604
vt 0.223447 0.665538
vt 0.218480 0.667204
vt 0.220135 0.668065
vt 0.207358 0.712974
vt 0.205641 0.713297
vt 0.206886 0.704112
vt 0.205791 0.706645
vt 0.188503 0.674859
vt 0.188947 0.671440
vt 0.193194 0.676274
vt 0.194023 0.673498
vt 0.212174 0.646006
vt 0.213793 0.646841
vt 0.210974 0.654518
vt 0.212435 0.652899
vt 0.219836 0.701232
vt 0.218678 0.703883
vt 0.216168 0.695567
vt 0.216309 0.698878
vt 0.192005 0.700604
vt 0.191030 0.697707
vt 0.195925 0.695110
vt 0.195486 0.692096
vt 0.198956 0.648093
vt 0.200497 0.646541
vt 0.201033 0.655777
vt 0.201580 0.652654
vt 0.223878 0.668817
vt 0.224208 0.672236
vt 0.219230 0.670929
vt 0.219044 0.674063
vt 0.203941 0.712897
vt 0.202211 0.712348
vt 0.204812 0.704065
vt 0.203404 0.702651
vt 0.189430 0.668040
vt 0.190009 0.664784
vt 0.193979 0.670359
vt 0.193204 0.667457
vt 0.215262 0.648461
vt 0.216728 0.650302
vt 0.212841 0.656043
vt 0.213848 0.658413
vt 0.217222 0.705893
vt 0.215675 0.707783
vt 0.214613 0.698376
vt 0.213036 0.699284
vt 0.190084 0.694774
vt 0.189256 0.691807
vt 0.194278 0.690038
vt 0.192619 0.689155
vt 0.202152 0.645780
vt 0.203856 0.645183
vt 0.202967 0.654337
vt 0.204537 0.654647
vt 0.224384 0.682432
vt 0.219673 0.680917
vt 0.224673 0.679053
vt 0.221090 0.678919
vt 0.224497 0.675671
vt 0.219747 0.676873
vt 0.200484 0.711731
vt 0.201785 0.702919
vt 0.190997 0.661891
vt 0.194896 0.666672
vt 0.218187 0.652199
vt 0.215368 0.659364
vt 0.214119 0.709621
vt 0.211923 0.701650
vt 0.188859 0.688504
vt 0.193555 0.686283
vt 0.205550 0.644625
vt 0.205981 0.653280
vt 0.213447 0.665717
vt 0.213065 0.670426
vt 0.211004 0.666270
vt 0.206424 0.678622
vt 0.197385 0.685510
vt 0.198711 0.681377
vt 0.199750 0.686831
vt 0.215143 0.685911
vt 0.212721 0.687124
vt 0.214005 0.681722
vt 0.196825 0.678392
vt 0.198857 0.675507
vt 0.953027 0.659873
vt 0.953661 0.659641
vt 0.953334 0.661033
vt 0.955216 0.661927
vt 0.215423 0.671726
vt 0.214124 0.675852
vt 0.954206 0.665627
vt 0.954070 0.664698
vt 0.954678 0.665207
vt 0.212917 0.691880
vt 0.210474 0.691225
vt 0.957264 0.658509
vt 0.957041 0.659850
vt 0.956574 0.658702
vt 0.197746 0.671327
vt 0.200160 0.670135
vt 0.954967 0.665950
vt 0.955347 0.665249
vt 0.209704 0.695814
vt 0.207612 0.693395
vt 0.199991 0.665413
vt 0.202406 0.666076
vt 0.206007 0.697113
vt 0.204571 0.693326
vt 0.956514 0.657342
vt 0.955868 0.658041
vt 0.955762 0.665723
vt 0.956012 0.664818
vt 0.203189 0.661534
vt 0.205249 0.663926
vt 0.202372 0.695648
vt 0.201810 0.691029
vt 0.206839 0.660239
vt 0.208261 0.663994
vt 0.199339 0.691574
vt 0.955528 0.656883
vt 0.955048 0.657991
vt 0.956542 0.664942
vt 0.956597 0.663947
vt 0.210427 0.661698
vt 0.952841 0.661681
vt 0.953326 0.662485
vt 0.953528 0.664756
vt 0.953596 0.663762
vt 0.216024 0.678825
vt 0.957603 0.661975
vt 0.957023 0.662713
vt 0.957193 0.661271
vt 0.953037 0.663393
vt 0.953605 0.658283
vt 0.954265 0.658560
vt 0.957198 0.663650
vt 0.954493 0.657217
vt 0.957642 0.660158
vt 0.334824 0.953137
vt 0.337466 0.952236
vt 0.336381 0.949219
vt 0.333278 0.950602
vt 0.340375 0.951706
vt 0.339790 0.948398
vt 0.343392 0.951520
vt 0.343340 0.948115
vt 0.346413 0.951613
vt 0.346897 0.948289
vt 0.349338 0.952053
vt 0.350330 0.949004
vt 0.352006 0.952873
vt 0.353474 0.950292
vt 0.334892 0.945727
vt 0.331244 0.947637
vt 0.338965 0.944515
vt 0.343278 0.944071
vt 0.347602 0.944382
vt 0.351711 0.945469
vt 0.355415 0.947266
vt 0.332976 0.941599
vt 0.328730 0.944152
vt 0.337851 0.939834
vt 0.343201 0.939054
vt 0.348571 0.939669
vt 0.353498 0.941284
vt 0.357821 0.943705
vt 0.535113 0.926484
vt 0.532692 0.930807
vt 0.536876 0.932595
vt 0.538674 0.928890
vt 0.531077 0.935734
vt 0.535790 0.936704
vt 0.530462 0.941105
vt 0.535478 0.941028
vt 0.531241 0.946454
vt 0.535922 0.945341
vt 0.533007 0.951329
vt 0.537135 0.949414
vt 0.535560 0.955576
vt 0.539045 0.953061
vt 0.540412 0.933976
vt 0.541700 0.930832
vt 0.539696 0.937409
vt 0.539523 0.940966
vt 0.539806 0.944516
vt 0.540626 0.947925
vt 0.542010 0.951028
vt 0.543461 0.934968
vt 0.544281 0.932299
vt 0.543021 0.937892
vt 0.542928 0.940913
vt 0.543114 0.943930
vt 0.543643 0.946840
vt 0.544545 0.949482
vt 0.334012 0.955858
vt 0.335738 0.955418
vt 0.332680 0.954566
vt 0.338124 0.954953
vt 0.340741 0.954632
vt 0.343438 0.954512
vt 0.346138 0.954549
vt 0.348764 0.954790
vt 0.351162 0.955181
vt 0.352901 0.955568
vt 0.354193 0.954235
vt 0.356151 0.952216
vt 0.358581 0.949710
vt 0.361459 0.946743
vt 0.538708 0.959118
vt 0.541585 0.956151
vt 0.544015 0.953645
vt 0.545973 0.951626
vt 0.547265 0.950293
vt 0.546825 0.948567
vt 0.546361 0.946182
vt 0.546040 0.943565
vt 0.545919 0.940867
vt 0.545957 0.938168
vt 0.546197 0.935542
vt 0.546588 0.933143
vt 0.545643 0.930112
vt 0.546975 0.931405
vt 0.543624 0.928154
vt 0.541118 0.925724
vt 0.538151 0.922847
vt 0.328155 0.950178
vt 0.325188 0.947300
vt 0.330660 0.952608
vt 0.548898 0.933269
vt 0.548790 0.935701
vt 0.551343 0.935641
vt 0.551325 0.933086
vt 0.548670 0.938241
vt 0.551304 0.938208
vt 0.548640 0.940826
vt 0.551295 0.940785
vt 0.548750 0.943408
vt 0.551383 0.943361
vt 0.548947 0.945943
vt 0.551501 0.945925
vt 0.549130 0.948371
vt 0.551562 0.948479
vt 0.553908 0.935522
vt 0.553861 0.932889
vt 0.553915 0.938135
vt 0.553929 0.940744
vt 0.553996 0.943353
vt 0.554069 0.945965
vt 0.554102 0.948598
vt 0.556484 0.935435
vt 0.556443 0.932779
vt 0.556524 0.938068
vt 0.556565 0.940704
vt 0.556605 0.943340
vt 0.556646 0.945973
vt 0.556686 0.948628
vt 0.559061 0.935443
vt 0.559028 0.932810
vt 0.559134 0.938055
vt 0.559200 0.940664
vt 0.559214 0.943273
vt 0.559221 0.945886
vt 0.559269 0.948519
vt 0.561628 0.935483
vt 0.561568 0.932929
vt 0.561747 0.938048
vt 0.561834 0.940623
vt 0.561826 0.943200
vt 0.561786 0.945767
vt 0.561804 0.948322
vt 0.564183 0.935465
vt 0.564000 0.933037
vt 0.564380 0.938000
vt 0.564489 0.940582
vt 0.564459 0.943167
vt 0.564340 0.945707
vt 0.564231 0.948139
vt 0.548701 0.930965
vt 0.549004 0.950680
vt 0.551403 0.951071
vt 0.554029 0.951312
vt 0.556728 0.951350
vt 0.559425 0.951229
vt 0.562043 0.950908
vt 0.564428 0.950443
vt 0.566154 0.950003
vt 0.566541 0.948265
vt 0.566932 0.945866
vt 0.567173 0.943240
vt 0.567210 0.940541
vt 0.567090 0.937843
vt 0.566769 0.935226
vt 0.566304 0.932840
vt 0.564126 0.930728
vt 0.565864 0.931114
vt 0.561727 0.930336
vt 0.559101 0.930096
vt 0.556401 0.930059
vt 0.553704 0.930179
vt 0.551087 0.930500
vt 0.568585 0.931926
vt 0.569487 0.934568
vt 0.572503 0.933483
vt 0.571120 0.930380
vt 0.570016 0.937478
vt 0.573324 0.936892
vt 0.570202 0.940495
vt 0.573607 0.940442
vt 0.570109 0.943516
vt 0.573433 0.943999
vt 0.569669 0.946440
vt 0.572717 0.947432
vt 0.568849 0.949109
vt 0.571430 0.950576
vt 0.575995 0.931994
vt 0.574085 0.928347
vt 0.577207 0.936067
vt 0.577651 0.940380
vt 0.577340 0.944705
vt 0.576253 0.948813
vt 0.574456 0.952518
vt 0.580123 0.930079
vt 0.577570 0.925833
vt 0.581888 0.934954
vt 0.582668 0.940303
vt 0.582053 0.945674
vt 0.580438 0.950601
vt 0.578017 0.954924
vt 0.329382 0.986609
vt 0.333705 0.989031
vt 0.335493 0.984846
vt 0.331788 0.983049
vt 0.338632 0.990646
vt 0.339601 0.985932
vt 0.344003 0.991260
vt 0.343926 0.986244
vt 0.349352 0.990481
vt 0.348239 0.985799
vt 0.354227 0.988715
vt 0.352312 0.984588
vt 0.358474 0.986162
vt 0.355959 0.982677
vt 0.336874 0.981310
vt 0.333730 0.980023
vt 0.340307 0.982026
vt 0.343864 0.982199
vt 0.347413 0.981917
vt 0.350823 0.981096
vt 0.353926 0.979712
vt 0.337866 0.978261
vt 0.335197 0.977441
vt 0.340790 0.978701
vt 0.343811 0.978794
vt 0.346828 0.978608
vt 0.349737 0.978079
vt 0.352380 0.977177
vt 0.567156 0.929782
vt 0.567487 0.951296
vt 0.569506 0.953254
vt 0.572012 0.955684
vt 0.574979 0.958561
vt 0.362016 0.983014
vt 0.359049 0.980137
vt 0.356543 0.977707
vt 0.354524 0.975749
vt 0.353191 0.974456
vt 0.351465 0.974897
vt 0.349080 0.975361
vt 0.346462 0.975683
vt 0.343765 0.975803
vt 0.341066 0.975765
vt 0.338440 0.975525
vt 0.336041 0.975134
vt 0.333010 0.976079
vt 0.334302 0.974747
vt 0.331052 0.978099
vt 0.328622 0.980604
vt 0.325745 0.983571
vt 0.571544 0.925257
vt 0.574422 0.922290
vt 0.569115 0.927763
vt 0.336167 0.972824
vt 0.338599 0.972933
vt 0.338538 0.970379
vt 0.335984 0.970397
vt 0.341139 0.973052
vt 0.341106 0.970418
vt 0.343724 0.973082
vt 0.343683 0.970426
vt 0.346306 0.972972
vt 0.346258 0.970339
vt 0.348841 0.972775
vt 0.348823 0.970221
vt 0.351269 0.972592
vt 0.351377 0.970160
vt 0.338420 0.967814
vt 0.335787 0.967862
vt 0.341033 0.967807
vt 0.343642 0.967793
vt 0.346251 0.967726
vt 0.348863 0.967653
vt 0.351496 0.967620
vt 0.338333 0.965238
vt 0.335677 0.965279
vt 0.340966 0.965198
vt 0.343602 0.965157
vt 0.346237 0.965117
vt 0.348871 0.965076
vt 0.351526 0.965036
vt 0.338341 0.962661
vt 0.335707 0.962694
vt 0.340952 0.962588
vt 0.343561 0.962522
vt 0.346171 0.962508
vt 0.348784 0.962501
vt 0.351417 0.962453
vt 0.338380 0.960094
vt 0.335826 0.960154
vt 0.340945 0.959975
vt 0.343521 0.959888
vt 0.346098 0.959896
vt 0.348665 0.959936
vt 0.351220 0.959918
vt 0.338362 0.957539
vt 0.335935 0.957722
vt 0.340898 0.957342
vt 0.343480 0.957233
vt 0.346065 0.957263
vt 0.348605 0.957382
vt 0.351037 0.957490
vt 0.333862 0.973021
vt 0.353578 0.972718
vt 0.353969 0.970319
vt 0.354210 0.967693
vt 0.354247 0.964994
vt 0.354127 0.962297
vt 0.353806 0.959679
vt 0.353341 0.957294
vt 0.333625 0.957597
vt 0.333234 0.959995
vt 0.332994 0.962621
vt 0.332956 0.965321
vt 0.333077 0.968018
vt 0.333398 0.970635
vt 0.547787 0.928684
vt 0.550429 0.927782
vt 0.549344 0.924765
vt 0.546241 0.926149
vt 0.553339 0.927253
vt 0.552753 0.923945
vt 0.556355 0.927067
vt 0.556303 0.923662
vt 0.559376 0.927160
vt 0.559860 0.923835
vt 0.562301 0.927600
vt 0.563293 0.924551
vt 0.564970 0.928420
vt 0.566437 0.925839
vt 0.547855 0.921274
vt 0.544208 0.923184
vt 0.551928 0.920062
vt 0.556241 0.919618
vt 0.560565 0.919929
vt 0.564674 0.921016
vt 0.568378 0.922813
vt 0.545940 0.917146
vt 0.541693 0.919699
vt 0.550815 0.915380
vt 0.556164 0.914601
vt 0.561535 0.915216
vt 0.566462 0.916831
vt 0.570785 0.919252
vt 0.322150 0.950938
vt 0.319728 0.955261
vt 0.323913 0.957049
vt 0.325710 0.953344
vt 0.318113 0.960188
vt 0.322827 0.961157
vt 0.317499 0.965558
vt 0.322515 0.965481
vt 0.318278 0.970908
vt 0.322959 0.969794
vt 0.320044 0.975783
vt 0.324171 0.973867
vt 0.322597 0.980029
vt 0.326082 0.977515
vt 0.327449 0.958429
vt 0.328736 0.955285
vt 0.326733 0.961862
vt 0.326559 0.965419
vt 0.326842 0.968969
vt 0.327663 0.972378
vt 0.329047 0.975481
vt 0.330498 0.959422
vt 0.331318 0.956753
vt 0.330058 0.962346
vt 0.329965 0.965367
vt 0.330151 0.968383
vt 0.330680 0.971293
vt 0.331581 0.973935
vt 0.565343 0.952724
vt 0.562700 0.953626
vt 0.563786 0.956643
vt 0.566888 0.955259
vt 0.559791 0.954155
vt 0.560376 0.957463
vt 0.556774 0.954341
vt 0.556826 0.957746
vt 0.553753 0.954248
vt 0.553270 0.957573
vt 0.550829 0.953808
vt 0.549837 0.956857
vt 0.548160 0.952988
vt 0.546693 0.955569
vt 0.565274 0.960134
vt 0.568922 0.958224
vt 0.561201 0.961346
vt 0.556888 0.961790
vt 0.552564 0.961479
vt 0.548456 0.960393
vt 0.544751 0.958595
vt 0.567190 0.964262
vt 0.571436 0.961709
vt 0.562315 0.966028
vt 0.556966 0.966807
vt 0.551595 0.966192
vt 0.546668 0.964577
vt 0.542345 0.962156
vt 0.365053 0.979377
vt 0.367475 0.975054
vt 0.363290 0.973266
vt 0.361493 0.976971
vt 0.369090 0.970127
vt 0.364377 0.969158
vt 0.369705 0.964756
vt 0.364688 0.964833
vt 0.368925 0.959407
vt 0.364244 0.960520
vt 0.367160 0.954532
vt 0.363032 0.956447
vt 0.364606 0.950285
vt 0.361122 0.952800
vt 0.359755 0.971885
vt 0.358467 0.975029
vt 0.360470 0.968452
vt 0.360644 0.964895
vt 0.360361 0.961346
vt 0.359540 0.957936
vt 0.358157 0.954833
vt 0.356706 0.970893
vt 0.355886 0.973562
vt 0.357146 0.967969
vt 0.357239 0.964948
vt 0.357053 0.961931
vt 0.356523 0.959022
vt 0.355622 0.956379
s 0
usemtl lay_figure_material
f 1/1/1 2/2/1 3/3/1 4/4/1
f 4/5/2 3/6/2 5/7/2 6/8/2
f 3/6/3 7/9/3 8/10/3 5/7/3
f 2/2/4 9/11/4 7/12/4 3/3/4
f 10/13/5 11/14/5 12/15/5 13/16/5
f 13/17/6 12/18/6 14/19/6 15/20/6
f 12/18/7 16/21/7 17/22/7 14/19/7
f 11/14/8 18/23/8 16/24/8 12/15/8
f 19/25/9 20/26/9 21/27/9 22/28/9
f 22/29/10 21/30/10 23/31/10 24/32/10
f 21/30/11 25/33/11 26/34/11 23/31/11
f 20/26/12 27/35/12 25/36/12 21/27/12
f 28/37/13 29/38/13 30/39/13 31/40/13
f 31/41/14 30/42/14 32/43/14 33/44/14
f 30/42/15 34/45/15 35/46/15 32/43/15
f 29/38/16 36/47/16 34/48/16 30/39/16
f 37/49/17 38/50/17 39/51/17 40/52/17
f 40/53/18 39/54/18 41/55/18 42/56/18
f 39/54/19 43/57/19 44/58/19 41/55/19
f 38/50/20 45/59/20 43/60/20 39/51/20
f 46/61/21 47/62/21 48/63/21 49/64/21
f 49/65/22 48/66/22 50/67/22 51/68/22
f 48/66/23 52/69/23 53/70/23 50/67/23
f 47/62/24 54/71/24 52/72/24 48/63/24
f 55/73/25 56/74/25 57/75/25 58/76/25
f 58/77/26 57/78/26 59/79/26 60/80/26
f 57/78/27 4/5/27 6/8/27 59/79/27
f 56/74/28 1/1/28 4/4/28 57/75/28
f 61/81/29 62/82/29 63/83/29 64/84/29
f 64/85/30 63/86/30 65/87/30 66/88/30
f 63/86/31 67/89/31 68/90/31 65/87/31
f 62/82/32 69/91/32 67/92/32 63/83/32
f 70/93/33 71/94/33 72/95/33 73/96/33
f 73/97/34 72/98/34 74/99/34 75/100/34
f 72/98/35 13/17/35 15/20/35 74/99/35
f 71/94/36 10/13/36 13/16/36 72/95/36
f 76/101/37 77/102/37 78/103/37 79/104/37
f 79/105/38 78/106/38 80/107/38 81/108/38
f 78/106/39 22/29/39 24/32/39 80/107/39
f 77/102/40 19/25/40 22/28/40 78/103/40
f 82/109/41 83/110/41 84/111/41 85/112/41
f 85/113/42 84/114/42 86/115/42 87/116/42
f 84/114/43 31/41/43 33/44/43 86/115/43
f 83/110/44 28/37/44 31/40/44 84/111/44
f 88/117/45 89/118/45 90/119/45 91/120/45
f 91/121/46 90/122/46 92/123/46 93/124/46
f 90/122/47 40/53/47 42/56/47 92/123/47
f 89/118/48 37/49/48 40/52/48 90/119/48
f 94/125/49 95/126/49 96/127/49 97/128/49
f 97/129/50 96/130/50 98/131/50 99/132/50
f 96/130/51 49/65/51 51/68/51 98/131/51
f 95/126/52 46/61/52 49/64/52 96/127/52
f 100/133/53 101/134/53 102/135/53 103/136/53
f 103/137/54 102/138/54 104/139/54 105/140/54
f 102/138/55 58/77/55 60/80/55 104/139/55
f 101/134/56 55/73/56 58/76/56 102/135/56
f 106/141/57 107/142/57 108/143/57 109/144/57
f 109/145/58 108/146/58 110/147/58 111/148/58
f 108/146/59 64/85/59 66/88/59 110/147/59
f 107/142/60 61/81/60 64/84/60 108/143/60
f 112/149/61 113/150/61 114/151/61 115/152/61
f 115/153/62 114/154/62 116/155/62 117/156/62
f 114/154/63 73/97/63 75/100/63 116/155/63
f 113/150/64 70/93/64 73/96/64 114/151/64
f 118/157/65 119/158/65 120/159/65 121/160/65
f 121/161/66 120/162/66 122/163/66 123/164/66
f 120/162/67 124/165/67 125/166/67 122/163/67
f 119/158/68 126/167/68 124/168/68 120/159/68
f 126/167/69 127/169/69 128/170/69 124/168/69
f 124/165/70 128/171/70 129/172/70 125/166/70
f 128/171/71 79/105/71 81/108/71 129/172/71
f 127/169/72 76/101/72 79/104/72 128/170/72
f 130/173/73 131/174/73 132/175/73 133/176/73
f 133/177/74 132/178/74 134/179/74 135/180/74
f 132/178/75 85/113/75 87/116/75 134/179/75
f 131/174/76 82/109/76 85/112/76 132/175/76
f 136/181/77 137/182/77 138/183/77 139/184/77
f 139/185/78 138/186/78 140/187/78 141/188/78
f 138/186/79 91/121/79 93/124/79 140/187/79
f 137/182/80 88/117/80 91/120/80 138/183/80
f 142/189/81 143/190/81 144/191/81 145/192/81
f 145/193/82 144/194/82 146/195/82 147/196/82
f 144/194/83 97/129/83 99/132/83 146/195/83
f 143/190/84 94/125/84 97/128/84 144/191/84
f 148/197/85 149/198/85 150/199/85 151/200/85
f 151/201/86 150/202/86 152/203/86 153/204/86
f 150/202/87 103/137/87 105/140/87 152/203/87
f 149/198/88 100/133/88 103/136/88 150/199/88
f 154/205/89 155/206/89 156/207/89 157/208/89
f 157/209/90 156/210/90 158/211/90 159/212/90
f 156/210/91 109/145/91 111/148/91 158/211/91
f 155/206/92 106/141/92 109/144/92 156/207/92
f 160/213/93 161/214/93 162/215/93 163/216/93
f 163/217/94 162/218/94 164/219/94 165/220/94
f 162/218/95 115/153/95 117/156/95 164/219/95
f 161/214/96 112/149/96 115/152/96 162/215/96
f 9/11/97 166/221/97 167/222/97 7/12/97
f 7/9/98 167/223/98 168/224/98 8/10/98
f 167/223/99 121/161/99 123/164/99 168/224/99
f 166/221/100 118/157/100 121/160/100 167/222/100
f 169/225/101 170/226/101 171/227/101 172/228/101
f 172/229/102 171/230/102 173/231/102 174/232/102
f 171/230/103 133/177/103 135/180/103 173/231/103
f 170/226/104 130/173/104 133/176/104 171/227/104
f 18/23/105 175/233/105 176/234/105 16/24/105
f 16/21/106 176/235/106 177/236/106 17/22/106
f 176/235/107 139/185/107 141/188/107 177/236/107
f 175/233/108 136/181/108 139/184/108 176/234/108
f 27/35/109 178/237/109 179/238/109 25/36/109
f 25/33/110 179/239/110 180/240/110 26/34/110
f 179/239/111 145/193/111 147/196/111 180/240/111
f 178/237/112 142/189/112 145/192/112 179/238/112
f 36/47/113 181/241/113 182/242/113 34/48/113
f 34/45/114 182/243/114 183/244/114 35/46/114
f 182/243/115 151/201/115 153/204/115 183/244/115
f 181/241/116 148/197/116 151/200/116 182/242/116
f 45/59/117 184/245/117 185/246/117 43/60/117
f 43/57/118 185/247/118 186/248/118 44/58/118
f 185/247/119 157/209/119 159/212/119 186/248/119
f 184/245/120 154/205/120 157/208/120 185/246/120
f 54/71/121 187/249/121 188/250/121 52/72/121
f 52/69/122 188/251/122 189/252/122 53/70/122
f 188/251/123 163/217/123 165/220/123 189/252/123
f 187/249/124 160/213/124 163/216/124 188/250/124
f 68/90/125 190/253/125 191/254/125 192/255/125
f 192/255/126 191/254/126 193/256/126 194/257/126
f 191/254/127 195/258/127 196/259/127 193/256/127
f 190/253/128 174/232/128 195/258/128 191/254/128
f 69/91/129 197/260/129 198/261/129 67/92/129
f 67/89/130 198/262/130 190/253/130 68/90/130
f 198/262/131 172/229/131 174/232/131 190/253/131
f 197/260/132 169/225/132 172/228/132 198/261/132
f 19/25/133 77/102/133 199/263/133 200/264/133
f 200/264/134 199/263/134 201/265/134 202/266/134
f 199/263/135 203/267/135 204/268/135 201/265/135
f 77/102/136 76/101/136 203/267/136 199/263/136
f 205/269/137 206/270/137 207/271/137 208/272/137
f 208/272/138 207/271/138 209/273/138 210/274/138
f 207/271/139 211/275/139 212/276/139 209/273/139
f 206/270/140 213/277/140 211/275/140 207/271/140
f 24/32/141 23/31/141 214/278/141 215/279/141
f 215/279/142 214/278/142 216/280/142 217/281/142
f 214/278/143 218/282/143 219/283/143 216/280/143
f 23/31/144 26/34/144 218/282/144 214/278/144
f 6/8/145 5/7/145 220/284/145 221/285/145
f 221/285/146 220/284/146 222/286/146 223/287/146
f 220/284/147 224/288/147 225/289/147 222/286/147
f 5/7/148 8/10/148 224/288/148 220/284/148
f 15/20/149 14/19/149 226/290/149 227/291/149
f 227/291/150 226/290/150 206/270/150 205/269/150
f 226/290/151 228/292/151 213/277/151 206/270/151
f 14/19/152 17/22/152 228/292/152 226/290/152
f 60/80/153 59/79/153 229/293/153 230/294/153
f 230/294/154 229/293/154 231/295/154 232/296/154
f 229/293/155 221/285/155 223/287/155 231/295/155
f 59/79/156 6/8/156 221/285/156 229/293/156
f 75/100/157 74/99/157 233/297/157 234/298/157
f 234/298/158 233/297/158 235/299/158 236/300/158
f 233/297/159 227/291/159 205/269/159 235/299/159
f 74/99/160 15/20/160 227/291/160 233/297/160
f 66/88/161 65/87/161 237/301/161 238/302/161
f 238/302/162 237/301/162 239/303/162 240/304/162
f 237/301/163 192/255/163 194/257/163 239/303/163
f 65/87/164 68/90/164 192/255/164 237/301/164
f 81/108/165 80/107/165 241/305/165 242/306/165
f 242/306/166 241/305/166 243/307/166 244/308/166
f 241/305/167 215/279/167 217/281/167 243/307/167
f 80/107/168 24/32/168 215/279/168 241/305/168
f 111/148/169 110/147/169 245/309/169 246/310/169
f 246/310/170 245/309/170 247/311/170 248/312/170
f 245/309/171 238/302/171 240/304/171 247/311/171
f 110/147/172 66/88/172 238/302/172 245/309/172
f 125/166/173 129/172/173 249/313/173 250/314/173
f 250/314/174 249/313/174 251/315/174 252/316/174
f 249/313/175 242/306/175 244/308/175 251/315/175
f 129/172/176 81/108/176 242/306/176 249/313/176
f 105/140/177 104/139/177 253/317/177 254/318/177
f 254/318/178 253/317/178 255/319/178 256/320/178
f 253/317/179 230/294/179 232/296/179 255/319/179
f 104/139/180 60/80/180 230/294/180 253/317/180
f 117/156/181 116/155/181 257/321/181 258/322/181
f 258/322/182 257/321/182 259/323/182 260/324/182
f 257/321/183 234/298/183 236/300/183 259/323/183
f 116/155/184 75/100/184 234/298/184 257/321/184
f 153/204/185 152/203/185 261/325/185 262/326/185
f 262/326/186 261/325/186 263/327/186 264/328/186
f 261/325/187 254/318/187 256/320/187 263/327/187
f 152/203/188 105/140/188 254/318/188 261/325/188
f 165/220/189 164/219/189 265/329/189 266/330/189
f 266/330/190 265/329/190 267/331/190 268/332/190
f 265/329/191 258/322/191 260/324/191 267/331/191
f 164/219/192 117/156/192 258/322/192 265/329/192
f 159/212/193 158/211/193 269/333/193 270/334/193
f 270/334/194 269/333/194 271/335/194 272/336/194
f 269/333/195 246/310/195 248/312/195 271/335/195
f 158/211/196 111/148/196 246/310/196 269/333/196
f 44/58/197 186/248/197 273/337/197 274/338/197
f 274/338/198 273/337/198 275/339/198 276/340/198
f 273/337/199 270/334/199 272/336/199 275/339/199
f 186/248/200 159/212/200 270/334/200 273/337/200
f 35/46/201 183/244/201 277/341/201 278/342/201
f 278/342/202 277/341/202 279/343/202 280/344/202
f 277/341/203 262/326/203 264/328/203 279/343/203
f 183/244/204 153/204/204 262/326/204 277/341/204
f 53/70/205 189/252/205 281/345/205 282/346/205
f 282/346/206 281/345/206 283/347/206 284/348/206
f 281/345/207 266/330/207 268/332/207 283/347/207
f 189/252/208 165/220/208 266/330/208 281/345/208
f 33/44/209 32/43/209 285/349/209 286/350/209
f 286/350/210 285/349/210 287/351/210 288/352/210
f 285/349/211 278/342/211 280/344/211 287/351/211
f 32/43/212 35/46/212 278/342/212 285/349/212
f 51/68/213 50/67/213 289/353/213 290/354/213
f 290/354/214 289/353/214 291/355/214 292/356/214
f 289/353/215 282/346/215 284/348/215 291/355/215
f 50/67/216 53/70/216 282/346/216 289/353/216
f 42/56/217 41/55/217 293/357/217 294/358/217
f 294/358/218 293/357/218 295/359/218 296/360/218
f 293/357/219 274/338/219 276/340/219 295/359/219
f 41/55/220 44/58/220 274/338/220 293/357/220
f 93/124/221 92/123/221 297/361/221 298/362/221
f 298/362/222 297/361/222 299/363/222 300/364/222
f 297/361/223 294/358/223 296/360/223 299/363/223
f 92/123/224 42/56/224 294/358/224 297/361/224
f 87/116/225 86/115/225 301/365/225 302/366/225
f 302/366/226 301/365/226 303/367/226 304/368/226
f 301/365/227 286/350/227 288/352/227 303/367/227
f 86/115/228 33/44/228 286/350/228 301/365/228
f 99/132/229 98/131/229 305/369/229 306/370/229
f 306/370/230 305/369/230 307/371/230 308/372/230
f 305/369/231 290/354/231 292/356/231 307/371/231
f 98/131/232 51/68/232 290/354/232 305/369/232
f 135/180/233 134/179/233 309/373/233 310/374/233
f 310/374/234 309/373/234 311/375/234 312/376/234
f 309/373/235 302/366/235 304/368/235 311/375/235
f 134/179/236 87/116/236 302/366/236 309/373/236
f 147/196/237 146/195/237 313/377/237 314/378/237
f 314/378/238 313/377/238 315/379/238 316/380/238
f 313/377/239 306/370/239 308/372/239 315/379/239
f 146/195/240 99/132/240 306/370/240 313/377/240
f 123/164/241 122/163/241 317/381/241 318/382/241
f 318/382/242 317/381/242 319/383/242 320/384/242
f 317/381/243 250/314/243 252/316/243 319/383/243
f 122/163/244 125/166/244 250/314/244 317/381/244
f 141/188/245 140/187/245 321/385/245 322/386/245
f 322/386/246 321/385/246 323/387/246 324/388/246
f 321/385/247 298/362/247 300/364/247 323/387/247
f 140/187/248 93/124/248 298/362/248 321/385/248
f 8/10/249 168/224/249 325/389/249 224/288/249
f 224/288/250 325/389/250 326/390/250 225/289/250
f 325/389/251 318/382/251 320/384/251 326/390/251
f 168/224/252 123/164/252 318/382/252 325/389/252
f 17/22/253 177/236/253 327/391/253 228/292/253
f 228/292/254 327/391/254 328/392/254 213/277/254
f 327/391/255 322/386/255 324/388/255 328/392/255
f 177/236/256 141/188/256 322/386/256 327/391/256
f 174/232/257 173/231/257 329/393/257 195/258/257
f 195/258/258 329/393/258 330/394/258 196/259/258
f 329/393/259 310/374/259 312/376/259 330/394/259
f 173/231/260 135/180/260 310/374/260 329/393/260
f 26/34/261 180/240/261 331/395/261 218/282/261
f 218/282/262 331/395/262 332/396/262 219/283/262
f 331/395/263 314/378/263 316/380/263 332/396/263
f 180/240/264 147/196/264 314/378/264 331/395/264
f 333/397/265 334/398/265 335/399/265 336/400/265
f 336/400/266 335/399/266 337/401/266 338/402/266
f 335/399/267 339/403/267 340/404/267 337/401/267
f 334/398/268 341/405/268 339/403/268 335/399/268
f 288/352/269 287/351/269 342/406/269 343/407/269
f 343/407/270 342/406/270 344/408/270 345/409/270
f 342/406/271 346/410/271 347/411/271 344/408/271
f 287/351/272 280/344/272 346/410/272 342/406/272
f 236/300/273 235/299/273 348/412/273 349/413/273
f 349/413/274 348/412/274 350/414/274 351/415/274
f 348/412/275 208/272/275 210/274/275 350/414/275
f 235/299/276 205/269/276 208/272/276 348/412/276
f 304/368/277 303/367/277 352/416/277 353/417/277
f 353/417/278 352/416/278 354/418/278 355/419/278
f 352/416/279 343/407/279 345/409/279 354/418/279
f 303/367/280 288/352/280 343/407/280 352/416/280
f 260/324/281 259/323/281 356/420/281 357/421/281
f 357/421/282 356/420/282 358/422/282 341/405/282
f 356/420/283 349/413/283 351/415/283 358/422/283
f 259/323/284 236/300/284 349/413/284 356/420/284
f 312/376/285 311/375/285 359/423/285 360/424/285
f 360/424/286 359/423/286 361/425/286 362/426/286
f 359/423/287 353/417/287 355/419/287 361/425/287
f 311/375/288 304/368/288 353/417/288 359/423/288
f 268/332/289 267/331/289 363/427/289 364/428/289
f 364/428/290 363/427/290 334/398/290 333/397/290
f 363/427/291 357/421/291 341/405/291 334/398/291
f 267/331/292 260/324/292 357/421/292 363/427/292
f 196/259/293 330/394/293 365/429/293 366/430/293
f 366/430/294 365/429/294 367/431/294 368/432/294
f 365/429/295 360/424/295 362/426/295 367/431/295
f 330/394/296 312/376/296 360/424/296 365/429/296
f 284/348/297 283/347/297 369/433/297 370/434/297
f 370/434/298 369/433/298 371/435/298 372/436/298
f 369/433/299 364/428/299 333/397/299 371/435/299
f 283/347/300 268/332/300 364/428/300 369/433/300
f 194/257/301 193/256/301 373/437/301 374/438/301
f 374/438/302 373/437/302 375/439/302 376/440/302
f 373/437/303 366/430/303 368/432/303 375/439/303
f 193/256/304 196/259/304 366/430/304 373/437/304
f 292/356/305 291/355/305 377/441/305 378/442/305
f 378/442/306 377/441/306 379/443/306 380/444/306
f 377/441/307 370/434/307 372/436/307 379/443/307
f 291/355/308 284/348/308 370/434/308 377/441/308
f 240/304/309 239/303/309 381/445/309 382/446/309
f 382/446/310 381/445/310 383/447/310 384/448/310
f 381/445/311 374/438/311 376/440/311 383/447/311
f 239/303/312 194/257/312 374/438/312 381/445/312
f 308/372/313 307/371/313 385/449/313 386/450/313
f 386/450/314 385/449/314 387/451/314 388/452/314
f 385/449/315 378/442/315 380/444/315 387/451/315
f 307/371/316 292/356/316 378/442/316 385/449/316
f 248/312/317 247/311/317 389/453/317 390/454/317
f 390/454/318 389/453/318 391/455/318 392/456/318
f 389/453/319 382/446/319 384/448/319 391/455/319
f 247/311/320 240/304/320 382/446/320 389/453/320
f 320/384/321 319/383/321 393/457/321 394/458/321
f 394/458/322 393/457/322 395/459/322 396/460/322
f 393/457/323 397/461/323 398/462/323 395/459/323
f 319/383/324 252/316/324 397/461/324 393/457/324
f 316/380/325 315/379/325 399/463/325 400/464/325
f 400/464/326 399/463/326 401/465/326 402/466/326
f 399/463/327 386/450/327 388/452/327 401/465/327
f 315/379/328 308/372/328 386/450/328 399/463/328
f 272/336/329 271/335/329 403/467/329 404/468/329
f 404/468/330 403/467/330 405/469/330 406/470/330
f 403/467/331 390/454/331 392/456/331 405/469/331
f 271/335/332 248/312/332 390/454/332 403/467/332
f 225/289/333 326/390/333 407/471/333 408/472/333
f 408/472/334 407/471/334 409/473/334 410/474/334
f 407/471/335 394/458/335 396/460/335 409/473/335
f 326/390/336 320/384/336 394/458/336 407/471/336
f 219/283/337 332/396/337 411/475/337 412/476/337
f 412/476/338 411/475/338 413/477/338 414/478/338
f 411/475/339 400/464/339 402/466/339 413/477/339
f 332/396/340 316/380/340 400/464/340 411/475/340
f 276/340/341 275/339/341 415/479/341 416/480/341
f 416/480/342 415/479/342 417/481/342 418/482/342
f 415/479/343 404/468/343 406/470/343 417/481/343
f 275/339/344 272/336/344 404/468/344 415/479/344
f 223/287/345 222/286/345 419/483/345 420/484/345
f 420/484/346 419/483/346 421/485/346 422/486/346
f 419/483/347 408/472/347 410/474/347 421/485/347
f 222/286/348 225/289/348 408/472/348 419/483/348
f 217/281/349 216/280/349 423/487/349 424/488/349
f 424/488/350 423/487/350 425/489/350 426/490/350
f 423/487/351 412/476/351 414/478/351 425/489/351
f 216/280/352 219/283/352 412/476/352 423/487/352
f 296/360/353 295/359/353 427/491/353 428/492/353
f 428/492/354 427/491/354 429/493/354 430/494/354
f 427/491/355 416/480/355 418/482/355 429/493/355
f 295/359/356 276/340/356 416/480/356 427/491/356
f 232/296/357 231/295/357 431/495/357 432/496/357
f 432/496/358 431/495/358 433/497/358 434/498/358
f 431/495/359 420/484/359 422/486/359 433/497/359
f 231/295/360 223/287/360 420/484/360 431/495/360
f 244/308/361 243/307/361 435/499/361 436/500/361
f 436/500/362 435/499/362 437/501/362 438/502/362
f 435/499/363 424/488/363 426/490/363 437/501/363
f 243/307/364 217/281/364 424/488/364 435/499/364
f 300/364/365 299/363/365 439/503/365 440/504/365
f 440/504/366 439/503/366 441/505/366 442/506/366
f 439/503/367 428/492/367 430/494/367 441/505/367
f 299/363/368 296/360/368 428/492/368 439/503/368
f 256/320/369 255/319/369 443/507/369 444/508/369
f 444/508/370 443/507/370 445/509/370 446/510/370
f 443/507/371 432/496/371 434/498/371 445/509/371
f 255/319/372 232/296/372 432/496/372 443/507/372
f 252/316/373 251/315/373 447/511/373 397/461/373
f 397/461/374 447/511/374 448/512/374 398/462/374
f 447/511/375 436/500/375 438/502/375 448/512/375
f 251/315/376 244/308/376 436/500/376 447/511/376
f 324/388/377 323/387/377 449/513/377 450/514/377
f 450/514/378 449/513/378 451/515/378 452/516/378
f 449/513/379 440/504/379 442/506/379 451/515/379
f 323/387/380 300/364/380 440/504/380 449/513/380
f 264/328/381 263/327/381 453/517/381 454/518/381
f 454/518/382 453/517/382 455/519/382 456/520/382
f 453/517/383 444/508/383 446/510/383 455/519/383
f 263/327/384 256/320/384 444/508/384 453/517/384
f 213/277/385 328/392/385 457/521/385 211/275/385
f 211/275/386 457/521/386 458/522/386 212/276/386
f 457/521/387 450/514/387 452/516/387 458/522/387
f 328/392/388 324/388/388 450/514/388 457/521/388
f 280/344/389 279/343/389 459/523/389 346/410/389
f 346/410/390 459/523/390 460/524/390 347/411/390
f 459/523/391 454/518/391 456/520/391 460/524/391
f 279/343/392 264/328/392 454/518/392 459/523/392
f 461/525/393 462/526/393 463/527/393 464/528/393
f 464/528/394 463/527/394 465/529/394 466/530/394
f 463/527/395 467/531/395 468/532/395 465/529/395
f 462/526/396 469/533/396 467/531/396 463/527/396
f 368/432/397 367/431/397 470/534/397 471/535/397
f 471/535/398 470/534/398 472/536/398 473/537/398
f 470/534/399 474/538/399 475/539/399 472/536/399
f 367/431/400 362/426/400 474/538/400 470/534/400
f 372/436/401 371/435/401 476/540/401 477/541/401
f 477/541/402 476/540/402 478/542/402 479/543/402
f 476/540/403 336/400/403 338/402/403 478/542/403
f 371/435/404 333/397/404 336/400/404 476/540/404
f 376/440/405 375/439/405 480/544/405 481/545/405
f 481/545/406 480/544/406 482/546/406 483/547/406
f 480/544/407 471/535/407 473/537/407 482/546/407
f 375/439/408 368/432/408 471/535/408 480/544/408
f 380/444/409 379/443/409 484/548/409 485/549/409
f 485/549/410 484/548/410 486/550/410 469/533/410
f 484/548/411 477/541/411 479/543/411 486/550/411
f 379/443/412 372/436/412 477/541/412 484/548/412
f 384/448/413 383/447/413 487/551/413 488/552/413
f 488/552/414 487/551/414 489/553/414 490/554/414
f 487/551/415 481/545/415 483/547/415 489/553/415
f 383/447/416 376/440/416 481/545/416 487/551/416
f 388/452/417 387/451/417 491/555/417 492/556/417
f 492/556/418 491/555/418 462/526/418 461/525/418
f 491/555/419 485/549/419 469/533/419 462/526/419
f 387/451/420 380/444/420 485/549/420 491/555/420
f 392/456/421 391/455/421 493/557/421 494/558/421
f 494/558/422 493/557/422 495/559/422 496/560/422
f 493/557/423 488/552/423 490/554/423 495/559/423
f 391/455/424 384/448/424 488/552/424 493/557/424
f 396/460/425 395/459/425 497/561/425 498/562/425
f 498/562/426 497/561/426 499/563/426 500/564/426
f 497/561/427 501/565/427 502/566/427 499/563/427
f 395/459/428 398/462/428 501/565/428 497/561/428
f 402/466/429 401/465/429 503/567/429 504/568/429
f 504/568/430 503/567/430 505/569/430 506/570/430
f 503/567/431 492/556/431 461/525/431 505/569/431
f 401/465/432 388/452/432 492/556/432 503/567/432
f 406/470/433 405/469/433 507/571/433 508/572/433
f 508/572/434 507/571/434 509/573/434 510/574/434
f 507/571/435 494/558/435 496/560/435 509/573/435
f 405/469/436 392/456/436 494/558/436 507/571/436
f 410/474/437 409/473/437 511/575/437 512/576/437
f 512/576/438 511/575/438 513/577/438 514/578/438
f 511/575/439 498/562/439 500/564/439 513/577/439
f 409/473/440 396/460/440 498/562/440 511/575/440
f 414/478/441 413/477/441 515/579/441 516/580/441
f 516/580/442 515/579/442 517/581/442 518/582/442
f 515/579/443 504/568/443 506/570/443 517/581/443
f 413/477/444 402/466/444 504/568/444 515/579/444
f 418/482/445 417/481/445 519/583/445 520/584/445
f 520/584/446 519/583/446 521/585/446 522/586/446
f 519/583/447 508/572/447 510/574/447 521/585/447
f 417/481/448 406/470/448 508/572/448 519/583/448
f 422/486/449 421/485/449 523/587/449 524/588/449
f 524/588/450 523/587/450 525/589/450 526/590/450
f 523/587/451 512/576/451 514/578/451 525/589/451
f 421/485/452 410/474/452 512/576/452 523/587/452
f 426/490/453 425/489/453 527/591/453 528/592/453
f 528/592/454 527/591/454 529/593/454 530/594/454
f 527/591/455 516/580/455 518/582/455 529/593/455
f 425/489/456 414/478/456 516/580/456 527/591/456
f 430/494/457 429/493/457 531/595/457 532/596/457
f 532/596/458 531/595/458 533/597/458 534/598/458
f 531/595/459 520/584/459 522/586/459 533/597/459
f 429/493/460 418/482/460 520/584/460 531/595/460
f 434/498/461 433/497/461 535/599/461 536/600/461
f 536/600/462 535/599/462 537/601/462 538/602/462
f 535/599/463 524/588/463 526/590/463 537/601/463
f 433/497/464 422/486/464 524/588/464 535/599/464
f 438/502/465 437/501/465 539/603/465 540/604/465
f 540/604/466 539/603/466 541/605/466 542/606/466
f 539/603/467 528/592/467 530/594/467 541/605/467
f 437/501/468 426/490/468 528/592/468 539/603/468
f 442/506/469 441/505/469 543/607/469 544/608/469
f 544/608/470 543/607/470 545/609/470 546/610/470
f 543/607/471 532/596/471 534/598/471 545/609/471
f 441/505/472 430/494/472 532/596/472 543/607/472
f 446/510/473 445/509/473 547/611/473 548/612/473
f 548/612/474 547/611/474 549/613/474 550/614/474
f 547/611/475 536/600/475 538/602/475 549/613/475
f 445/509/476 434/498/476 536/600/476 547/611/476
f 398/462/477 448/512/477 551/615/477 501/565/477
f 501/565/478 551/615/478 552/616/478 502/566/478
f 551/615/479 540/604/479 542/606/479 552/616/479
f 448/512/480 438/502/480 540/604/480 551/615/480
f 452/516/481 451/515/481 553/617/481 554/618/481
f 554/618/482 553/617/482 555/619/482 556/620/482
f 553/617/483 544/608/483 546/610/483 555/619/483
f 451/515/484 442/506/484 544/608/484 553/617/484
f 456/520/485 455/519/485 557/621/485 558/622/485
f 558/622/486 557/621/486 559/623/486 560/624/486
f 557/621/487 548/612/487 550/614/487 559/623/487
f 455/519/488 446/510/488 548/612/488 557/621/488
f 212/276/489 458/522/489 561/625/489 562/626/489
f 562/626/490 561/625/490 563/627/490 564/628/490
f 561/625/491 554/618/491 556/620/491 563/627/491
f 458/522/492 452/516/492 554/618/492 561/625/492
f 347/411/493 460/524/493 565/629/493 566/630/493
f 566/630/494 565/629/494 567/631/494 568/632/494
f 565/629/495 558/622/495 560/624/495 567/631/495
f 460/524/496 456/520/496 558/622/496 565/629/496
f 210/274/497 209/273/497 569/633/497 570/634/497
f 570/634/498 569/633/498 571/635/498 572/636/498
f 569/633/499 562/626/499 564/628/499 571/635/499
f 209/273/500 212/276/500 562/626/500 569/633/500
f 345/409/501 344/408/501 573/637/501 574/638/501
f 574/638/502 573/637/502 575/639/502 576/640/502
f 573/637/503 566/630/503 568/632/503 575/639/503
f 344/408/504 347/411/504 566/630/504 573/637/504
f 351/415/505 350/414/505 577/641/505 578/642/505
f 578/642/506 577/641/506 579/643/506 580/644/506
f 577/641/507 570/634/507 572/636/507 579/643/507
f 350/414/508 210/274/508 570/634/508 577/641/508
f 355/419/509 354/418/509 581/645/509 582/646/509
f 582/646/510 581/645/510 583/647/510 584/648/510
f 581/645/511 574/638/511 576/640/511 583/647/511
f 354/418/512 345/409/512 574/638/512 581/645/512
f 341/405/513 358/422/513 585/649/513 339/403/513
f 339/403/514 585/649/514 586/650/514 340/404/514
f 585/649/515 578/642/515 580/644/515 586/650/515
f 358/422/516 351/415/516 578/642/516 585/649/516
f 362/426/517 361/425/517 587/651/517 474/538/517
f 474/538/518 587/651/518 588/652/518 475/539/518
f 587/651/519 582/646/519 584/648/519 588/652/519
f 361/425/520 355/419/520 582/646/520 587/651/520
f 10/13/521 71/94/521 589/653/521 590/654/521
f 590/654/522 589/653/522 591/655/522 592/656/522
f 589/653/523 593/657/523 594/658/523 591/655/523
f 71/94/524 70/93/524 593/657/524 589/653/524
f 496/560/525 495/559/525 595/659/525 596/660/525
f 596/660/526 595/659/526 597/661/526 598/662/526
f 595/659/527 599/663/527 600/664/527 597/661/527
f 495/559/528 490/554/528 599/663/528 595/659/528
f 500/564/529 499/563/529 601/665/529 602/666/529
f 602/666/530 601/665/530 603/667/530 604/668/530
f 601/665/531 605/669/531 606/670/531 603/667/531
f 499/563/532 502/566/532 605/669/532 601/665/532
f 506/570/533 505/569/533 607/671/533 608/672/533
f 608/672/534 607/671/534 609/673/534 610/674/534
f 607/671/535 464/528/535 466/530/535 609/673/535
f 505/569/536 461/525/536 464/528/536 607/671/536
f 510/574/537 509/573/537 611/675/537 612/676/537
f 612/676/538 611/675/538 613/677/538 614/678/538
f 611/675/539 596/660/539 598/662/539 613/677/539
f 509/573/540 496/560/540 596/660/540 611/675/540
f 514/578/541 513/577/541 615/679/541 616/680/541
f 616/680/542 615/679/542 617/681/542 618/682/542
f 615/679/543 602/666/543 604/668/543 617/681/543
f 513/577/544 500/564/544 602/666/544 615/679/544
f 518/582/545 517/581/545 619/683/545 620/684/545
f 620/684/546 619/683/546 621/685/546 622/686/546
f 619/683/547 608/672/547 610/674/547 621/685/547
f 517/581/548 506/570/548 608/672/548 619/683/548
f 522/586/549 521/585/549 623/687/549 624/688/549
f 624/688/550 623/687/550 625/689/550 626/690/550
f 623/687/551 612/676/551 614/678/551 625/689/551
f 521/585/552 510/574/552 612/676/552 623/687/552
f 526/590/553 525/589/553 627/691/553 628/692/553
f 628/692/554 627/691/554 629/693/554 630/694/554
f 627/691/555 616/680/555 618/682/555 629/693/555
f 525/589/556 514/578/556 616/680/556 627/691/556
f 530/594/557 529/593/557 631/695/557 632/696/557
f 632/696/558 631/695/558 633/697/558 634/698/558
f 631/695/559 620/684/559 622/686/559 633/697/559
f 529/593/560 518/582/560 620/684/560 631/695/560
f 534/598/561 533/597/561 635/699/561 636/700/561
f 636/700/562 635/699/562 637/701/562 638/702/562
f 635/699/563 624/688/563 626/690/563 637/701/563
f 533/597/564 522/586/564 624/688/564 635/699/564
f 538/602/565 537/601/565 639/703/565 640/704/565
f 640/704/566 639/703/566 641/705/566 642/706/566
f 639/703/567 628/692/567 630/694/567 641/705/567
f 537/601/568 526/590/568 628/692/568 639/703/568
f 542/606/569 541/605/569 643/707/569 644/708/569
f 644/708/570 643/707/570 645/709/570 646/710/570
f 643/707/571 632/696/571 634/698/571 645/709/571
f 541/605/572 530/594/572 632/696/572 643/707/572
f 546/610/573 545/609/573 647/711/573 648/712/573
f 648/712/574 647/711/574 649/713/574 650/714/574
f 647/711/575 636/700/575 638/702/575 649/713/575
f 545/609/576 534/598/576 636/700/576 647/711/576
f 550/614/577 549/613/577 651/715/577 652/716/577
f 652/716/578 651/715/578 653/717/578 654/718/578
f 651/715/579 640/704/579 642/706/579 653/717/579
f 549/613/580 538/602/580 640/704/580 651/715/580
f 502/566/581 552/616/581 655/719/581 605/669/581
f 605/669/582 655/719/582 656/720/582 606/670/582
f 655/719/583 644/708/583 646/710/583 656/720/583
f 552/616/584 542/606/584 644/708/584 655/719/584
f 556/620/585 555/619/585 657/721/585 658/722/585
f 658/722/586 657/721/586 659/723/586 660/724/586
f 657/721/587 648/712/587 650/714/587 659/723/587
f 555/619/588 546/610/588 648/712/588 657/721/588
f 560/624/589 559/623/589 661/725/589 662/726/589
f 662/726/590 661/725/590 663/727/590 664/728/590
f 661/725/591 652/716/591 654/718/591 663/727/591
f 559/623/592 550/614/592 652/716/592 661/725/592
f 564/628/593 563/627/593 665/729/593 666/730/593
f 666/730/594 665/729/594 667/731/594 668/732/594
f 665/729/595 658/722/595 660/724/595 667/731/595
f 563/627/596 556/620/596 658/722/596 665/729/596
f 568/632/597 567/631/597 669/733/597 670/734/597
f 670/734/598 669/733/598 671/735/598 672/736/598
f 669/733/599 662/726/599 664/728/599 671/735/599
f 567/631/600 560/624/600 662/726/600 669/733/600
f 572/636/601 571/635/601 673/737/601 674/738/601
f 674/738/602 673/737/602 675/739/602 676/740/602
f 673/737/603 666/730/603 668/732/603 675/739/603
f 571/635/604 564/628/604 666/730/604 673/737/604
f 576/640/605 575/639/605 677/741/605 678/742/605
f 678/742/606 677/741/606 679/743/606 680/744/606
f 677/741/607 670/734/607 672/736/607 679/743/607
f 575/639/608 568/632/608 670/734/608 677/741/608
f 580/644/609 579/643/609 681/745/609 682/746/609
f 682/746/610 681/745/610 683/747/610 684/748/610
f 681/745/611 674/738/611 676/740/611 683/747/611
f 579/643/612 572/636/612 674/738/612 681/745/612
f 584/648/613 583/647/613 685/749/613 686/750/613
f 686/750/614 685/749/614 687/751/614 688/752/614
f 685/749/615 678/742/615 680/744/615 687/751/615
f 583/647/616 576/640/616 678/742/616 685/749/616
f 340/404/617 586/650/617 689/753/617 690/754/617
f 690/754/618 689/753/618 691/755/618 692/756/618
f 689/753/619 682/746/619 684/748/619 691/755/619
f 586/650/620 580/644/620 682/746/620 689/753/620
f 475/539/621 588/652/621 693/757/621 694/758/621
f 694/758/622 693/757/622 695/759/622 696/760/622
f 693/757/623 686/750/623 688/752/623 695/759/623
f 588/652/624 584/648/624 686/750/624 693/757/624
f 338/402/625 337/401/625 697/761/625 698/762/625
f 698/762/626 697/761/626 699/763/626 700/764/626
f 697/761/627 690/754/627 692/756/627 699/763/627
f 337/401/628 340/404/628 690/754/628 697/761/628
f 473/537/629 472/536/629 701/765/629 702/766/629
f 702/766/630 701/765/630 703/767/630 704/768/630
f 701/765/631 694/758/631 696/760/631 703/767/631
f 472/536/632 475/539/632 694/758/632 701/765/632
f 479/543/633 478/542/633 705/769/633 706/770/633
f 706/770/634 705/769/634 707/771/634 708/772/634
f 705/769/635 698/762/635 700/764/635 707/771/635
f 478/542/636 338/402/636 698/762/636 705/769/636
f 483/547/637 482/546/637 709/773/637 710/774/637
f 710/774/638 709/773/638 711/775/638 712/776/638
f 709/773/639 702/766/639 704/768/639 711/775/639
f 482/546/640 473/537/640 702/766/640 709/773/640
f 469/533/641 486/550/641 713/777/641 467/531/641
f 467/531/642 713/777/642 714/778/642 468/532/642
f 713/777/643 706/770/643 708/772/643 714/778/643
f 486/550/644 479/543/644 706/770/644 713/777/644
f 490/554/645 489/553/645 715/779/645 599/663/645
f 599/663/646 715/779/646 716/780/646 600/664/646
f 715/779/647 710/774/647 712/776/647 716/780/647
f 489/553/648 483/547/648 710/774/648 715/779/648
f 69/91/649 62/82/649 717/781/649 718/782/649
f 718/782/650 717/781/650 719/783/650 720/784/650
f 717/781/651 721/785/651 722/786/651 719/783/651
f 62/82/652 61/81/652 721/785/652 717/781/652
f 1/1/653 56/74/653 723/787/653 724/788/653
f 724/788/654 723/787/654 725/789/654 726/790/654
f 723/787/655 727/791/655 728/792/655 725/789/655
f 56/74/656 55/73/656 727/791/656 723/787/656
f 54/71/657 47/62/657 729/793/657 730/794/657
f 730/794/658 729/793/658 731/795/658 732/796/658
f 729/793/659 733/797/659 734/798/659 731/795/659
f 47/62/660 46/61/660 733/797/660 729/793/660
f 45/59/661 38/50/661 735/799/661 736/800/661
f 736/800/662 735/799/662 737/801/662 738/802/662
f 735/799/663 739/803/663 740/804/663 737/801/663
f 38/50/664 37/49/664 739/803/664 735/799/664
f 36/47/665 29/38/665 741/805/665 742/806/665
f 742/806/666 741/805/666 743/807/666 744/808/666
f 741/805/667 745/809/667 746/810/667 743/807/667
f 29/38/668 28/37/668 745/809/668 741/805/668
f 27/35/669 20/26/669 747/811/669 748/812/669
f 748/812/670 747/811/670 749/813/670 750/814/670
f 747/811/671 200/264/671 202/266/671 749/813/671
f 20/26/672 19/25/672 200/264/672 747/811/672
f 18/23/673 11/14/673 751/815/673 752/816/673
f 752/816/674 751/815/674 753/817/674 754/818/674
f 751/815/675 590/654/675 592/656/675 753/817/675
f 11/14/676 10/13/676 590/654/676 751/815/676
f 169/225/677 197/260/677 755/819/677 756/820/677
f 756/820/678 755/819/678 757/821/678 758/822/678
f 755/819/679 718/782/679 720/784/679 757/821/679
f 197/260/680 69/91/680 718/782/680 755/819/680
f 9/11/681 2/2/681 759/823/681 760/824/681
f 760/824/682 759/823/682 761/825/682 762/826/682
f 759/823/683 724/788/683 726/790/683 761/825/683
f 2/2/684 1/1/684 724/788/684 759/823/684
f 160/213/685 187/249/685 763/827/685 764/828/685
f 764/828/686 763/827/686 765/829/686 766/830/686
f 763/827/687 730/794/687 732/796/687 765/829/687
f 187/249/688 54/71/688 730/794/688 763/827/688
f 154/205/689 184/245/689 767/831/689 768/832/689
f 768/832/690 767/831/690 769/833/690 770/834/690
f 767/831/691 736/800/691 738/802/691 769/833/691
f 184/245/692 45/59/692 736/800/692 767/831/692
f 148/197/693 181/241/693 771/835/693 772/836/693
f 772/836/694 771/835/694 773/837/694 774/838/694
f 771/835/695 742/806/695 744/808/695 773/837/695
f 181/241/696 36/47/696 742/806/696 771/835/696
f 142/189/697 178/237/697 775/839/697 776/840/697
f 776/840/698 775/839/698 777/841/698 778/842/698
f 775/839/699 748/812/699 750/814/699 777/841/699
f 178/237/700 27/35/700 748/812/700 775/839/700
f 136/181/701 175/233/701 779/843/701 780/844/701
f 780/844/702 779/843/702 781/845/702 782/846/702
f 779/843/703 752/816/703 754/818/703 781/845/703
f 175/233/704 18/23/704 752/816/704 779/843/704
f 130/173/705 170/226/705 783/847/705 784/848/705
f 784/848/706 783/847/706 785/849/706 786/850/706
f 783/847/707 756/820/707 758/822/707 785/849/707
f 170/226/708 169/225/708 756/820/708 783/847/708
f 118/157/709 166/221/709 787/851/709 788/852/709
f 788/852/710 787/851/710 789/853/710 790/854/710
f 787/851/711 760/824/711 762/826/711 789/853/711
f 166/221/712 9/11/712 760/824/712 787/851/712
f 112/149/713 161/214/713 791/855/713 792/856/713
f 792/856/714 791/855/714 793/857/714 794/858/714
f 791/855/715 764/828/715 766/830/715 793/857/715
f 161/214/716 160/213/716 764/828/716 791/855/716
f 106/141/717 155/206/717 795/859/717 796/860/717
f 796/860/718 795/859/718 797/861/718 798/862/718
f 795/859/719 768/832/719 770/834/719 797/861/719
f 155/206/720 154/205/720 768/832/720 795/859/720
f 100/133/721 149/198/721 799/863/721 800/864/721
f 800/864/722 799/863/722 801/865/722 802/866/722
f 799/863/723 772/836/723 774/838/723 801/865/723
f 149/198/724 148/197/724 772/836/724 799/863/724
f 94/125/725 143/190/725 803/867/725 804/868/725
f 804/868/726 803/867/726 805/869/726 806/870/726
f 803/867/727 776/840/727 778/842/727 805/869/727
f 143/190/728 142/189/728 776/840/728 803/867/728
f 88/117/729 137/182/729 807/871/729 808/872/729
f 808/872/730 807/871/730 809/873/730 810/874/730
f 807/871/731 780/844/731 782/846/731 809/873/731
f 137/182/732 136/181/732 780/844/732 807/871/732
f 82/109/733 131/174/733 811/875/733 812/876/733
f 812/876/734 811/875/734 813/877/734 814/878/734
f 811/875/735 784/848/735 786/850/735 813/877/735
f 131/174/736 130/173/736 784/848/736 811/875/736
f 76/101/737 127/169/737 815/879/737 203/267/737
f 203/267/738 815/879/738 816/880/738 204/268/738
f 815/879/739 817/881/739 818/882/739 816/880/739
f 127/169/740 126/167/740 817/881/740 815/879/740
f 126/167/741 119/158/741 819/883/741 817/881/741
f 817/881/742 819/883/742 820/884/742 818/882/742
f 819/883/743 788/852/743 790/854/743 820/884/743
f 119/158/744 118/157/744 788/852/744 819/883/744
f 70/93/745 113/150/745 821/885/745 593/657/745
f 593/657/746 821/885/746 822/886/746 594/658/746
f 821/885/747 792/856/747 794/858/747 822/886/747
f 113/150/748 112/149/748 792/856/748 821/885/748
f 61/81/749 107/142/749 823/887/749 721/785/749
f 721/785/750 823/887/750 824/888/750 722/786/750
f 823/887/751 796/860/751 798/862/751 824/888/751
f 107/142/752 106/141/752 796/860/752 823/887/752
f 55/73/753 101/134/753 825/889/753 727/791/753
f 727/791/754 825/889/754 826/890/754 728/792/754
f 825/889/755 800/864/755 802/866/755 826/890/755
f 101/134/756 100/133/756 800/864/756 825/889/756
f 46/61/757 95/126/757 827/891/757 733/797/757
f 733/797/758 827/891/758 828/892/758 734/798/758
f 827/891/759 804/868/759 806/870/759 828/892/759
f 95/126/760 94/125/760 804/868/760 827/891/760
f 37/49/761 89/118/761 829/893/761 739/803/761
f 739/803/762 829/893/762 830/894/762 740/804/762
f 829/893/763 808/872/763 810/874/763 830/894/763
f 89/118/764 88/117/764 808/872/764 829/893/764
f 28/37/765 83/110/765 831/895/765 745/809/765
f 745/809/766 831/895/766 832/896/766 746/810/766
f 831/895/767 812/876/767 814/878/767 832/896/767
f 83/110/768 82/109/768 812/876/768 831/895/768
f 726/790/769 725/789/769 833/897/769 834/898/769
f 834/898/769 833/897/769 835/899/769 836/900/769
f 833/897/769 826/890/769 802/866/769 835/899/769
f 725/789/769 728/792/769 826/890/769 833/897/769
f 810/874/769 809/873/769 837/901/769 830/894/769
f 830/894/769 837/901/769 838/902/769 740/804/769
f 837/901/769 839/903/769 836/900/769 838/902/769
f 809/873/769 782/846/769 839/903/769 837/901/769
f 750/814/769 749/813/769 840/904/769 841/905/769
f 841/905/769 840/904/769 842/906/769 836/900/769
f 840/904/769 201/265/769 204/268/769 842/906/769
f 749/813/769 202/266/769 201/265/769 840/904/769
f 770/834/769 769/833/769 843/907/769 844/908/769
f 844/908/769 843/907/769 838/902/769 836/900/769
f 843/907/769 737/801/769 740/804/769 838/902/769
f 769/833/769 738/802/769 737/801/769 843/907/769
f 630/694/770 629/693/770 845/909/770 846/910/770
f 846/910/771 845/909/771 847/911/771 848/912/771
f 845/909/772 617/681/772 604/668/772 847/911/772
f 629/693/773 618/682/773 617/681/773 845/909/773
f 790/854/769 789/853/769 849/913/769 850/914/769
f 850/914/769 849/913/769 834/898/769 836/900/769
f 849/913/769 761/825/769 726/790/769 834/898/769
f 789/853/769 762/826/769 761/825/769 849/913/769
f 468/532/774 714/778/774 851/915/774 465/529/774
f 465/529/775 851/915/775 852/916/775 466/530/775
f 851/915/776 853/917/776 848/912/776 852/916/776
f 714/778/777 708/772/777 853/917/777 851/915/777
f 806/870/769 805/869/769 854/918/769 855/919/769
f 855/919/769 854/918/769 841/905/769 836/900/769
f 854/918/769 777/841/769 750/814/769 841/905/769
f 805/869/769 778/842/769 777/841/769 854/918/769
f 712/776/778 711/775/778 856/920/778 716/780/778
f 716/780/779 856/920/779 857/921/779 600/664/779
f 856/920/780 858/922/780 848/912/780 857/921/780
f 711/775/781 704/768/781 858/922/781 856/920/781
f 722/786/769 824/888/769 859/923/769 860/924/769
f 860/924/769 859/923/769 844/908/769 836/900/769
f 859/923/769 797/861/769 770/834/769 844/908/769
f 824/888/769 798/862/769 797/861/769 859/923/769
f 700/764/782 699/763/782 861/925/782 707/771/782
f 707/771/783 861/925/783 853/917/783 708/772/783
f 861/925/784 862/926/784 848/912/784 853/917/784
f 699/763/785 692/756/785 862/926/785 861/925/785
f 732/796/769 731/795/769 863/927/769 864/928/769
f 864/928/769 863/927/769 855/919/769 836/900/769
f 863/927/769 828/892/769 806/870/769 855/919/769
f 731/795/769 734/798/769 828/892/769 863/927/769
f 758/822/769 757/821/769 865/929/769 866/930/769
f 866/930/769 865/929/769 860/924/769 836/900/769
f 865/929/769 719/783/769 722/786/769 860/924/769
f 757/821/769 720/784/769 719/783/769 865/929/769
f 794/858/769 793/857/769 867/931/769 868/932/769
f 868/932/769 867/931/769 864/928/769 836/900/769
f 867/931/769 765/829/769 732/796/769 864/928/769
f 793/857/769 766/830/769 765/829/769 867/931/769
f 696/760/786 695/759/786 869/933/786 703/767/786
f 703/767/787 869/933/787 858/922/787 704/768/787
f 869/933/788 870/934/788 848/912/788 858/922/788
f 695/759/789 688/752/789 870/934/789 869/933/789
f 684/748/790 683/747/790 871/935/790 691/755/790
f 691/755/791 871/935/791 862/926/791 692/756/791
f 871/935/792 872/936/792 848/912/792 862/926/792
f 683/747/793 676/740/793 872/936/793 871/935/793
f 814/878/769 813/877/769 873/937/769 874/938/769
f 874/938/769 873/937/769 866/930/769 836/900/769
f 873/937/769 785/849/769 758/822/769 866/930/769
f 813/877/769 786/850/769 785/849/769 873/937/769
f 592/656/769 591/655/769 875/939/769 876/940/769
f 876/940/769 875/939/769 868/932/769 836/900/769
f 875/939/769 822/886/769 794/858/769 868/932/769
f 591/655/769 594/658/769 822/886/769 875/939/769
f 744/808/769 743/807/769 877/941/769 878/942/769
f 878/942/769 877/941/769 874/938/769 836/900/769
f 877/941/769 832/896/769 814/878/769 874/938/769
f 743/807/769 746/810/769 832/896/769 877/941/769
f 782/846/769 781/845/769 879/943/769 839/903/769
f 839/903/769 879/943/769 876/940/769 836/900/769
f 879/943/769 753/817/769 592/656/769 876/940/769
f 781/845/769 754/818/769 753/817/769 879/943/769
f 680/744/794 679/743/794 880/944/794 687/751/794
f 687/751/795 880/944/795 870/934/795 688/752/795
f 880/944/796 881/945/796 848/912/796 870/934/796
f 679/743/797 672/736/797 881/945/797 880/944/797
f 668/732/798 667/731/798 882/946/798 675/739/798
f 675/739/799 882/946/799 872/936/799 676/740/799
f 882/946/800 883/947/800 848/912/800 872/936/800
f 667/731/801 660/724/801 883/947/801 882/946/801
f 802/866/769 801/865/769 884/948/769 835/899/769
f 835/899/769 884/948/769 878/942/769 836/900/769
f 884/948/769 773/837/769 744/808/769 878/942/769
f 801/865/769 774/838/769 773/837/769 884/948/769
f 606/670/802 656/720/802 885/949/802 603/667/802
f 603/667/803 885/949/803 847/911/803 604/668/803
f 885/949/804 886/950/804 848/912/804 847/911/804
f 656/720/805 646/710/805 886/950/805 885/949/805
f 622/686/806 621/685/806 887/951/806 888/952/806
f 888/952/807 887/951/807 852/916/807 848/912/807
f 887/951/808 609/673/808 466/530/808 852/916/808
f 621/685/809 610/674/809 609/673/809 887/951/809
f 818/882/769 820/884/769 889/953/769 816/880/769
f 816/880/769 889/953/769 842/906/769 204/268/769
f 889/953/769 850/914/769 836/900/769 842/906/769
f 820/884/769 790/854/769 850/914/769 889/953/769
f 638/702/810 637/701/810 890/954/810 891/955/810
f 891/955/811 890/954/811 892/956/811 848/912/811
f 890/954/812 625/689/812 614/678/812 892/956/812
f 637/701/813 626/690/813 625/689/813 890/954/813
f 646/710/814 645/709/814 893/957/814 886/950/814
f 886/950/815 893/957/815 888/952/815 848/912/815
f 893/957/816 633/697/816 622/686/816 888/952/816
f 645/709/817 634/698/817 633/697/817 893/957/817
f 654/718/818 653/717/818 894/958/818 895/959/818
f 895/959/819 894/958/819 846/910/819 848/912/819
f 894/958/820 641/705/820 630/694/820 846/910/820
f 653/717/821 642/706/821 641/705/821 894/958/821
f 660/724/822 659/723/822 896/960/822 883/947/822
f 883/947/823 896/960/823 891/955/823 848/912/823
f 896/960/824 649/713/824 638/702/824 891/955/824
f 659/723/825 650/714/825 649/713/825 896/960/825
f 672/736/826 671/735/826 897/961/826 881/945/826
f 881/945/827 897/961/827 895/959/827 848/912/827
f 897/961/828 663/727/828 654/718/828 895/959/828
f 671/735/829 664/728/829 663/727/829 897/961/829
f 614/678/830 613/677/830 898/962/830 892/956/830
f 892/956/831 898/962/831 857/921/831 848/912/831
f 898/962/832 597/661/832 600/664/832 857/921/832
f 613/677/833 598/662/833 597/661/833 898/962/833
f 899/963/834 900/964/834 901/965/834 902/966/834
f 900/964/835 903/967/835 904/968/835 901/965/835
f 903/967/836 905/969/836 906/970/836 904/968/836
f 905/969/837 907/971/837 908/972/837 906/970/837
f 907/971/838 909/973/838 910/974/838 908/972/838
f 909/973/839 911/975/839 912/976/839 910/974/839
f 902/966/840 901/965/840 913/977/840 914/978/840
f 901/965/841 904/968/841 915/979/841 913/977/841
f 904/968/842 906/970/842 916/980/842 915/979/842
f 906/970/843 908/972/843 917/981/843 916/980/843
f 908/972/844 910/974/844 918/982/844 917/981/844
f 910/974/845 912/976/845 919/983/845 918/982/845
f 914/978/846 913/977/846 920/984/846 921/985/846
f 913/977/847 915/979/847 922/986/847 920/984/847
f 915/979/848 916/980/848 923/987/848 922/986/848
f 916/980/849 917/981/849 924/988/849 923/987/849
f 917/981/850 918/982/850 925/989/850 924/988/850
f 918/982/851 919/983/851 926/990/851 925/989/851
f 921/991/852 920/992/852 927/993/852 928/994/852
f 920/992/853 922/995/853 929/996/853 927/993/853
f 922/995/854 923/997/854 930/998/854 929/996/854
f 923/997/855 924/999/855 931/1000/855 930/998/855
f 924/999/856 925/1001/856 932/1002/856 931/1000/856
f 925/1001/857 926/1003/857 933/1004/857 932/1002/857
f 928/994/858 927/993/858 934/1005/858 935/1006/858
f 927/993/859 929/996/859 936/1007/859 934/1005/859
f 929/996/860 930/998/860 937/1008/860 936/1007/860
f 930/998/861 931/1000/861 938/1009/861 937/1008/861
f 931/1000/862 932/1002/862 939/1010/862 938/1009/862
f 932/1002/863 933/1004/863 940/1011/863 939/1010/863
f 935/1006/864 934/1005/864 941/1012/864 942/1013/864
f 934/1005/865 936/1007/865 943/1014/865 941/1012/865
f 936/1007/866 937/1008/866 944/1015/866 943/1014/866
f 937/1008/867 938/1009/867 945/1016/867 944/1015/867
f 938/1009/868 939/1010/868 946/1017/868 945/1016/868
f 939/1010/869 940/1011/869 947/1018/869 946/1017/869
f 948/1019/870 949/1020/870 899/963/870 950/1021/870
f 949/1020/871 951/1022/871 900/964/871 899/963/871
f 951/1022/872 952/1023/872 903/967/872 900/964/872
f 952/1023/873 953/1024/873 905/969/873 903/967/873
f 953/1024/874 954/1025/874 907/971/874 905/969/874
f 954/1025/875 955/1026/875 909/973/875 907/971/875
f 955/1026/876 956/1027/876 911/975/876 909/973/876
f 956/1027/877 957/1028/877 958/1029/877 911/975/877
f 911/975/878 958/1029/878 959/1030/878 912/976/878
f 912/976/879 959/1030/879 960/1031/879 919/983/879
f 919/983/880 960/1031/880 961/1032/880 926/990/880
f 926/1003/881 961/1033/881 962/1034/881 933/1004/881
f 933/1004/882 962/1034/882 963/1035/882 940/1011/882
f 940/1011/883 963/1035/883 964/1036/883 947/1018/883
f 947/1018/884 964/1036/884 965/1037/884 966/1038/884
f 946/1017/885 947/1018/885 966/1038/885 967/1039/885
f 945/1016/886 946/1017/886 967/1039/886 968/1040/886
f 944/1015/887 945/1016/887 968/1040/887 969/1041/887
f 943/1014/888 944/1015/888 969/1041/888 970/1042/888
f 941/1012/889 943/1014/889 970/1042/889 971/1043/889
f 942/1013/890 941/1012/890 971/1043/890 972/1044/890
f 973/1045/891 942/1013/891 972/1044/891 974/1046/891
f 975/1047/892 935/1006/892 942/1013/892 973/1045/892
f 976/1048/893 928/994/893 935/1006/893 975/1047/893
f 977/1049/894 921/991/894 928/994/894 976/1048/894
f 978/1050/895 914/978/895 921/985/895 977/1051/895
f 979/1052/896 902/966/896 914/978/896 978/1050/896
f 950/1021/897 899/963/897 902/966/897 979/1052/897
f 980/1053/898 981/1054/898 982/1055/898 983/1056/898
f 981/1054/899 984/1057/899 985/1058/899 982/1055/899
f 984/1057/900 986/1059/900 987/1060/900 985/1058/900
f 986/1059/901 988/1061/901 989/1062/901 987/1060/901
f 988/1061/902 990/1063/902 991/1064/902 989/1062/902
f 990/1063/903 992/1065/903 993/1066/903 991/1064/903
f 983/1056/904 982/1055/904 994/1067/904 995/1068/904
f 982/1055/905 985/1058/905 996/1069/905 994/1067/905
f 985/1058/906 987/1060/906 997/1070/906 996/1069/906
f 987/1060/907 989/1062/907 998/1071/907 997/1070/907
f 989/1062/908 991/1064/908 999/1072/908 998/1071/908
f 991/1064/909 993/1066/909 1000/1073/909 999/1072/909
f 995/1068/910 994/1067/910 1001/1074/910 1002/1075/910
f 994/1067/911 996/1069/911 1003/1076/911 1001/1074/911
f 996/1069/912 997/1070/912 1004/1077/912 1003/1076/912
f 997/1070/913 998/1071/913 1005/1078/913 1004/1077/913
f 998/1071/914 999/1072/914 1006/1079/914 1005/1078/914
f 999/1072/915 1000/1073/915 1007/1080/915 1006/1079/915
f 1002/1075/916 1001/1074/916 1008/1081/916 1009/1082/916
f 1001/1074/917 1003/1076/917 1010/1083/917 1008/1081/917
f 1003/1076/918 1004/1077/918 1011/1084/918 1010/1083/918
f 1004/1077/919 1005/1078/919 1012/1085/919 1011/1084/919
f 1005/1078/920 1006/1079/920 1013/1086/920 1012/1085/920
f 1006/1079/921 1007/1080/921 1014/1087/921 1013/1086/921
f 1009/1082/922 1008/1081/922 1015/1088/922 1016/1089/922
f 1008/1081/923 1010/1083/923 1017/1090/923 1015/1088/923
f 1010/1083/924 1011/1084/924 1018/1091/924 1017/1090/924
f 1011/1084/925 1012/1085/925 1019/1092/925 1018/1091/925
f 1012/1085/926 1013/1086/926 1020/1093/926 1019/1092/926
f 1013/1086/927 1014/1087/927 1021/1094/927 1020/1093/927
f 1016/1089/928 1015/1088/928 1022/1095/928 1023/1096/928
f 1015/1088/929 1017/1090/929 1024/1097/929 1022/1095/929
f 1017/1090/930 1018/1091/930 1025/1098/930 1024/1097/930
f 1018/1091/931 1019/1092/931 1026/1099/931 1025/1098/931
f 1019/1092/932 1020/1093/932 1027/1100/932 1026/1099/932
f 1020/1093/933 1021/1094/933 1028/1101/933 1027/1100/933
f 974/1046/934 972/1044/934 980/1053/934 1029/1102/934
f 972/1044/935 971/1043/935 981/1054/935 980/1053/935
f 971/1043/936 970/1042/936 984/1057/936 981/1054/936
f 970/1042/937 969/1041/937 986/1059/937 984/1057/937
f 969/1041/938 968/1040/938 988/1061/938 986/1059/938
f 968/1040/939 967/1039/939 990/1063/939 988/1061/939
f 967/1039/940 966/1038/940 992/1065/940 990/1063/940
f 966/1038/941 965/1037/941 1030/1103/941 992/1065/941
f 992/1065/942 1030/1103/942 1031/1104/942 993/1066/942
f 993/1066/943 1031/1104/943 1032/1105/943 1000/1073/943
f 1000/1073/944 1032/1105/944 1033/1106/944 1007/1080/944
f 1007/1080/945 1033/1106/945 1034/1107/945 1014/1087/945
f 1014/1087/946 1034/1107/946 1035/1108/946 1021/1094/946
f 1021/1094/947 1035/1108/947 1036/1109/947 1028/1101/947
f 1028/1101/948 1036/1109/948 1037/1110/948 1038/1111/948
f 1027/1100/949 1028/1101/949 1038/1111/949 1039/1112/949
f 1026/1099/950 1027/1100/950 1039/1112/950 1040/1113/950
f 1025/1098/951 1026/1099/951 1040/1113/951 1041/1114/951
f 1024/1097/952 1025/1098/952 1041/1114/952 1042/1115/952
f 1022/1095/953 1024/1097/953 1042/1115/953 1043/1116/953
f 1023/1096/954 1022/1095/954 1043/1116/954 1044/1117/954
f 1045/1118/955 1023/1096/955 1044/1117/955 1046/1119/955
f 1047/1120/956 1016/1089/956 1023/1096/956 1045/1118/956
f 1048/1121/957 1009/1082/957 1016/1089/957 1047/1120/957
f 1049/1122/958 1002/1075/958 1009/1082/958 1048/1121/958
f 1050/1123/959 995/1068/959 1002/1075/959 1049/1122/959
f 1051/1124/960 983/1056/960 995/1068/960 1050/1123/960
f 1029/1102/961 980/1053/961 983/1056/961 1051/1124/961
f 1052/1125/962 1053/1126/962 1054/1127/962 1055/1128/962
f 1053/1126/963 1056/1129/963 1057/1130/963 1054/1127/963
f 1056/1129/964 1058/1131/964 1059/1132/964 1057/1130/964
f 1058/1131/965 1060/1133/965 1061/1134/965 1059/1132/965
f 1060/1133/966 1062/1135/966 1063/1136/966 1061/1134/966
f 1062/1135/967 1064/1137/967 1065/1138/967 1063/1136/967
f 1055/1128/968 1054/1127/968 1066/1139/968 1067/1140/968
f 1054/1127/969 1057/1130/969 1068/1141/969 1066/1139/969
f 1057/1130/970 1059/1132/970 1069/1142/970 1068/1141/970
f 1059/1132/971 1061/1134/971 1070/1143/971 1069/1142/971
f 1061/1134/972 1063/1136/972 1071/1144/972 1070/1143/972
f 1063/1136/973 1065/1138/973 1072/1145/973 1071/1144/973
f 1067/1140/974 1066/1139/974 1073/1146/974 1074/1147/974
f 1066/1139/975 1068/1141/975 1075/1148/975 1073/1146/975
f 1068/1141/976 1069/1142/976 1076/1149/976 1075/1148/976
f 1069/1142/977 1070/1143/977 1077/1150/977 1076/1149/977
f 1070/1143/978 1071/1144/978 1078/1151/978 1077/1150/978
f 1071/1144/979 1072/1145/979 1079/1152/979 1078/1151/979
f 1074/1153/980 1073/1154/980 1080/1155/980 1081/1156/980
f 1073/1154/981 1075/1157/981 1082/1158/981 1080/1155/981
f 1075/1157/982 1076/1159/982 1083/1160/982 1082/1158/982
f 1076/1159/983 1077/1161/983 1084/1162/983 1083/1160/983
f 1077/1161/984 1078/1163/984 1085/1164/984 1084/1162/984
f 1078/1163/985 1079/1165/985 1086/1166/985 1085/1164/985
f 1081/1156/986 1080/1155/986 1087/1167/986 1088/1168/986
f 1080/1155/987 1082/1158/987 1089/1169/987 1087/1167/987
f 1082/1158/988 1083/1160/988 1090/1170/988 1089/1169/988
f 1083/1160/989 1084/1162/989 1091/1171/989 1090/1170/989
f 1084/1162/990 1085/1164/990 1092/1172/990 1091/1171/990
f 1085/1164/991 1086/1166/991 1093/1173/991 1092/1172/991
f 1088/1168/992 1087/1167/992 1094/1174/992 1095/1175/992
f 1087/1167/993 1089/1169/993 1096/1176/993 1094/1174/993
f 1089/1169/994 1090/1170/994 1097/1177/994 1096/1176/994
f 1090/1170/995 1091/1171/995 1098/1178/995 1097/1177/995
f 1091/1171/996 1092/1172/996 1099/1179/996 1098/1178/996
f 1092/1172/997 1093/1173/997 1100/1180/997 1099/1179/997
f 1046/1119/998 1044/1117/998 1052/1125/998 1101/1181/998
f 1044/1117/999 1043/1116/999 1053/1126/999 1052/1125/999
f 1043/1116/1000 1042/1115/1000 1056/1129/1000 1053/1126/1000
f 1042/1115/1001 1041/1114/1001 1058/1131/1001 1056/1129/1001
f 1041/1114/1002 1040/1113/1002 1060/1133/1002 1058/1131/1002
f 1040/1113/1003 1039/1112/1003 1062/1135/1003 1060/1133/1003
f 1039/1112/1004 1038/1111/1004 1064/1137/1004 1062/1135/1004
f 1038/1111/1005 1037/1110/1005 1102/1182/1005 1064/1137/1005
f 1064/1137/1006 1102/1182/1006 1103/1183/1006 1065/1138/1006
f 1065/1138/1007 1103/1183/1007 1104/1184/1007 1072/1145/1007
f 1072/1145/1008 1104/1184/1008 1105/1185/1008 1079/1152/1008
f 1079/1165/1009 1105/1186/1009 1106/1187/1009 1086/1166/1009
f 1086/1166/1010 1106/1187/1010 1107/1188/1010 1093/1173/1010
f 1093/1173/1011 1107/1188/1011 1108/1189/1011 1100/1180/1011
f 1100/1180/1012 1108/1189/1012 1109/1190/1012 1110/1191/1012
f 1099/1179/1013 1100/1180/1013 1110/1191/1013 1111/1192/1013
f 1098/1178/1014 1099/1179/1014 1111/1192/1014 1112/1193/1014
f 1097/1177/1015 1098/1178/1015 1112/1193/1015 1113/1194/1015
f 1096/1176/1016 1097/1177/1016 1113/1194/1016 1114/1195/1016
f 1094/1174/1017 1096/1176/1017 1114/1195/1017 1115/1196/1017
f 1095/1175/1018 1094/1174/1018 1115/1196/1018 1116/1197/1018
f 1117/1198/1019 1095/1175/1019 1116/1197/1019 1118/1199/1019
f 1119/1200/1020 1088/1168/1020 1095/1175/1020 1117/1198/1020
f 1120/1201/1021 1081/1156/1021 1088/1168/1021 1119/1200/1021
f 1121/1202/1022 1074/1153/1022 1081/1156/1022 1120/1201/1022
f 1122/1203/1023 1067/1140/1023 1074/1147/1023 1121/1204/1023
f 1123/1205/1024 1055/1128/1024 1067/1140/1024 1122/1203/1024
f 1101/1181/1025 1052/1125/1025 1055/1128/1025 1123/1205/1025
f 1124/1206/1026 1125/1207/1026 1126/1208/1026 1127/1209/1026
f 1125/1207/1027 1128/1210/1027 1129/1211/1027 1126/1208/1027
f 1128/1210/1028 1130/1212/1028 1131/1213/1028 1129/1211/1028
f 1130/1212/1029 1132/1214/1029 1133/1215/1029 1131/1213/1029
f 1132/1214/1030 1134/1216/1030 1135/1217/1030 1133/1215/1030
f 1134/1216/1031 1136/1218/1031 1137/1219/1031 1135/1217/1031
f 1127/1209/1032 1126/1208/1032 1138/1220/1032 1139/1221/1032
f 1126/1208/1033 1129/1211/1033 1140/1222/1033 1138/1220/1033
f 1129/1211/1034 1131/1213/1034 1141/1223/1034 1140/1222/1034
f 1131/1213/1035 1133/1215/1035 1142/1224/1035 1141/1223/1035
f 1133/1215/1036 1135/1217/1036 1143/1225/1036 1142/1224/1036
f 1135/1217/1037 1137/1219/1037 1144/1226/1037 1143/1225/1037
f 1139/1221/1038 1138/1220/1038 1145/1227/1038 1146/1228/1038
f 1138/1220/1039 1140/1222/1039 1147/1229/1039 1145/1227/1039
f 1140/1222/1040 1141/1223/1040 1148/1230/1040 1147/1229/1040
f 1141/1223/1041 1142/1224/1041 1149/1231/1041 1148/1230/1041
f 1142/1224/1042 1143/1225/1042 1150/1232/1042 1149/1231/1042
f 1143/1225/1043 1144/1226/1043 1151/1233/1043 1150/1232/1043
f 1146/1228/1044 1145/1227/1044 1152/1234/1044 1153/1235/1044
f 1145/1227/1045 1147/1229/1045 1154/1236/1045 1152/1234/1045
f 1147/1229/1046 1148/1230/1046 1155/1237/1046 1154/1236/1046
f 1148/1230/1047 1149/1231/1047 1156/1238/1047 1155/1237/1047
f 1149/1231/1048 1150/1232/1048 1157/1239/1048 1156/1238/1048
f 1150/1232/1049 1151/1233/1049 1158/1240/1049 1157/1239/1049
f 1153/1235/1050 1152/1234/1050 1159/1241/1050 1160/1242/1050
f 1152/1234/1051 1154/1236/1051 1161/1243/1051 1159/1241/1051
f 1154/1236/1052 1155/1237/1052 1162/1244/1052 1161/1243/1052
f 1155/1237/1053 1156/1238/1053 1163/1245/1053 1162/1244/1053
f 1156/1238/1054 1157/1239/1054 1164/1246/1054 1163/1245/1054
f 1157/1239/1055 1158/1240/1055 1165/1247/1055 1164/1246/1055
f 1160/1242/1056 1159/1241/1056 1166/1248/1056 1167/1249/1056
f 1159/1241/1057 1161/1243/1057 1168/1250/1057 1166/1248/1057
f 1161/1243/1058 1162/1244/1058 1169/1251/1058 1168/1250/1058
f 1162/1244/1059 1163/1245/1059 1170/1252/1059 1169/1251/1059
f 1163/1245/1060 1164/1246/1060 1171/1253/1060 1170/1252/1060
f 1164/1246/1061 1165/1247/1061 1172/1254/1061 1171/1253/1061
f 1118/1199/1062 1116/1197/1062 1124/1206/1062 1173/1255/1062
f 1116/1197/1063 1115/1196/1063 1125/1207/1063 1124/1206/1063
f 1115/1196/1064 1114/1195/1064 1128/1210/1064 1125/1207/1064
f 1114/1195/1065 1113/1194/1065 1130/1212/1065 1128/1210/1065
f 1113/1194/1066 1112/1193/1066 1132/1214/1066 1130/1212/1066
f 1112/1193/1067 1111/1192/1067 1134/1216/1067 1132/1214/1067
f 1111/1192/1068 1110/1191/1068 1136/1218/1068 1134/1216/1068
f 1110/1191/1069 1109/1190/1069 1174/1256/1069 1136/1218/1069
f 1136/1218/1070 1174/1256/1070 1175/1257/1070 1137/1219/1070
f 1137/1219/1071 1175/1257/1071 1176/1258/1071 1144/1226/1071
f 1144/1226/1072 1176/1258/1072 1177/1259/1072 1151/1233/1072
f 1151/1233/1073 1177/1259/1073 1178/1260/1073 1158/1240/1073
f 1158/1240/1074 1178/1260/1074 1179/1261/1074 1165/1247/1074
f 1165/1247/1075 1179/1261/1075 1180/1262/1075 1172/1254/1075
f 1172/1254/1076 1180/1262/1076 957/1028/1076 956/1027/1076
f 1171/1253/1077 1172/1254/1077 956/1027/1077 955/1026/1077
f 1170/1252/1078 1171/1253/1078 955/1026/1078 954/1025/1078
f 1169/1251/1079 1170/1252/1079 954/1025/1079 953/1024/1079
f 1168/1250/1080 1169/1251/1080 953/1024/1080 952/1023/1080
f 1166/1248/1081 1168/1250/1081 952/1023/1081 951/1022/1081
f 1167/1249/1082 1166/1248/1082 951/1022/1082 949/1020/1082
f 1181/1263/1083 1167/1249/1083 949/1020/1083 948/1019/1083
f 1182/1264/1084 1160/1242/1084 1167/1249/1084 1181/1263/1084
f 1183/1265/1085 1153/1235/1085 1160/1242/1085 1182/1264/1085
f 1184/1266/1086 1146/1228/1086 1153/1235/1086 1183/1265/1086
f 1185/1267/1087 1139/1221/1087 1146/1228/1087 1184/1266/1087
f 1186/1268/1088 1127/1209/1088 1139/1221/1088 1185/1267/1088
f 1173/1255/1089 1124/1206/1089 1127/1209/1089 1186/1268/1089
f 1187/1269/1090 1188/1270/1090 1189/1271/1090 1190/1272/1090
f 1188/1270/1091 1191/1273/1091 1192/1274/1091 1189/1271/1091
f 1191/1273/1092 1193/1275/1092 1194/1276/1092 1192/1274/1092
f 1193/1275/1093 1195/1277/1093 1196/1278/1093 1194/1276/1093
f 1195/1277/1094 1197/1279/1094 1198/1280/1094 1196/1278/1094
f 1197/1279/1095 1199/1281/1095 1200/1282/1095 1198/1280/1095
f 1190/1272/1096 1189/1271/1096 1201/1283/1096 1202/1284/1096
f 1189/1271/1097 1192/1274/1097 1203/1285/1097 1201/1283/1097
f 1192/1274/1098 1194/1276/1098 1204/1286/1098 1203/1285/1098
f 1194/1276/1099 1196/1278/1099 1205/1287/1099 1204/1286/1099
f 1196/1278/1100 1198/1280/1100 1206/1288/1100 1205/1287/1100
f 1198/1280/1101 1200/1282/1101 1207/1289/1101 1206/1288/1101
f 1202/1284/1102 1201/1283/1102 1208/1290/1102 1209/1291/1102
f 1201/1283/1103 1203/1285/1103 1210/1292/1103 1208/1290/1103
f 1203/1285/1104 1204/1286/1104 1211/1293/1104 1210/1292/1104
f 1204/1286/1105 1205/1287/1105 1212/1294/1105 1211/1293/1105
f 1205/1287/1106 1206/1288/1106 1213/1295/1106 1212/1294/1106
f 1206/1288/1107 1207/1289/1107 1214/1296/1107 1213/1295/1107
f 1209/1297/1108 1208/1298/1108 1215/1299/1108 1216/1300/1108
f 1208/1298/1109 1210/1301/1109 1217/1302/1109 1215/1299/1109
f 1210/1301/1110 1211/1303/1110 1218/1304/1110 1217/1302/1110
f 1211/1303/1111 1212/1305/1111 1219/1306/1111 1218/1304/1111
f 1212/1305/1112 1213/1307/1112 1220/1308/1112 1219/1306/1112
f 1213/1307/1113 1214/1309/1113 1221/1310/1113 1220/1308/1113
f 1216/1300/1114 1215/1299/1114 1222/1311/1114 1223/1312/1114
f 1215/1299/1115 1217/1302/1115 1224/1313/1115 1222/1311/1115
f 1217/1302/1116 1218/1304/1116 1225/1314/1116 1224/1313/1116
f 1218/1304/1117 1219/1306/1117 1226/1315/1117 1225/1314/1117
f 1219/1306/1118 1220/1308/1118 1227/1316/1118 1226/1315/1118
f 1220/1308/1119 1221/1310/1119 1228/1317/1119 1227/1316/1119
f 1223/1312/1120 1222/1311/1120 1229/1318/1120 1230/1319/1120
f 1222/1311/1121 1224/1313/1121 1231/1320/1121 1229/1318/1121
f 1224/1313/1122 1225/1314/1122 1232/1321/1122 1231/1320/1122
f 1225/1314/1123 1226/1315/1123 1233/1322/1123 1232/1321/1123
f 1226/1315/1124 1227/1316/1124 1234/1323/1124 1233/1322/1124
f 1227/1316/1125 1228/1317/1125 1235/1324/1125 1234/1323/1125
f 974/1046/1126 1029/1102/1126 1187/1269/1126 973/1045/1126
f 1029/1102/1127 1051/1124/1127 1188/1270/1127 1187/1269/1127
f 1051/1124/1128 1050/1123/1128 1191/1273/1128 1188/1270/1128
f 1050/1123/1129 1049/1122/1129 1193/1275/1129 1191/1273/1129
f 1049/1122/1130 1048/1121/1130 1195/1277/1130 1193/1275/1130
f 1048/1121/1131 1047/1120/1131 1197/1279/1131 1195/1277/1131
f 1047/1120/1132 1045/1118/1132 1199/1281/1132 1197/1279/1132
f 1045/1118/1133 1046/1119/1133 1101/1181/1133 1199/1281/1133
f 1199/1281/1134 1101/1181/1134 1123/1205/1134 1200/1282/1134
f 1200/1282/1135 1123/1205/1135 1122/1203/1135 1207/1289/1135
f 1207/1289/1136 1122/1203/1136 1121/1204/1136 1214/1296/1136
f 1214/1309/1137 1121/1202/1137 1120/1201/1137 1221/1310/1137
f 1221/1310/1138 1120/1201/1138 1119/1200/1138 1228/1317/1138
f 1228/1317/1139 1119/1200/1139 1117/1198/1139 1235/1324/1139
f 1235/1324/1140 1117/1198/1140 1118/1199/1140 1173/1255/1140
f 1234/1323/1141 1235/1324/1141 1173/1255/1141 1186/1268/1141
f 1233/1322/1142 1234/1323/1142 1186/1268/1142 1185/1267/1142
f 1232/1321/1143 1233/1322/1143 1185/1267/1143 1184/1266/1143
f 1231/1320/1144 1232/1321/1144 1184/1266/1144 1183/1265/1144
f 1229/1318/1145 1231/1320/1145 1183/1265/1145 1182/1264/1145
f 1230/1319/1146 1229/1318/1146 1182/1264/1146 1181/1263/1146
f 950/1021/1147 1230/1319/1147 1181/1263/1147 948/1019/1147
f 979/1052/1148 1223/1312/1148 1230/1319/1148 950/1021/1148
f 978/1050/1149 1216/1300/1149 1223/1312/1149 979/1052/1149
f 977/1051/1150 1209/1297/1150 1216/1300/1150 978/1050/1150
f 976/1048/1151 1202/1284/1151 1209/1291/1151 977/1049/1151
f 975/1047/1152 1190/1272/1152 1202/1284/1152 976/1048/1152
f 973/1045/1153 1187/1269/1153 1190/1272/1153 975/1047/1153
f 1236/1325/1154 1237/1326/1154 1238/1327/1154 1239/1328/1154
f 1237/1326/1155 1240/1329/1155 1241/1330/1155 1238/1327/1155
f 1240/1329/1156 1242/1331/1156 1243/1332/1156 1241/1330/1156
f 1242/1331/1157 1244/1333/1157 1245/1334/1157 1243/1332/1157
f 1244/1333/1158 1246/1335/1158 1247/1336/1158 1245/1334/1158
f 1246/1335/1159 1248/1337/1159 1249/1338/1159 1247/1336/1159
f 1239/1328/1160 1238/1327/1160 1250/1339/1160 1251/1340/1160
f 1238/1327/1161 1241/1330/1161 1252/1341/1161 1250/1339/1161
f 1241/1330/1162 1243/1332/1162 1253/1342/1162 1252/1341/1162
f 1243/1332/1163 1245/1334/1163 1254/1343/1163 1253/1342/1163
f 1245/1334/1164 1247/1336/1164 1255/1344/1164 1254/1343/1164
f 1247/1336/1165 1249/1338/1165 1256/1345/1165 1255/1344/1165
f 1251/1340/1166 1250/1339/1166 1257/1346/1166 1258/1347/1166
f 1250/1339/1167 1252/1341/1167 1259/1348/1167 1257/1346/1167
f 1252/1341/1168 1253/1342/1168 1260/1349/1168 1259/1348/1168
f 1253/1342/1169 1254/1343/1169 1261/1350/1169 1260/1349/1169
f 1254/1343/1170 1255/1344/1170 1262/1351/1170 1261/1350/1170
f 1255/1344/1171 1256/1345/1171 1263/1352/1171 1262/1351/1171
f 1258/1353/1172 1257/1354/1172 1264/1355/1172 1265/1356/1172
f 1257/1354/1173 1259/1357/1173 1266/1358/1173 1264/1355/1173
f 1259/1357/1174 1260/1359/1174 1267/1360/1174 1266/1358/1174
f 1260/1359/1175 1261/1361/1175 1268/1362/1175 1267/1360/1175
f 1261/1361/1176 1262/1363/1176 1269/1364/1176 1268/1362/1176
f 1262/1363/1177 1263/1365/1177 1270/1366/1177 1269/1364/1177
f 1265/1356/1178 1264/1355/1178 1271/1367/1178 1272/1368/1178
f 1264/1355/1179 1266/1358/1179 1273/1369/1179 1271/1367/1179
f 1266/1358/1180 1267/1360/1180 1274/1370/1180 1273/1369/1180
f 1267/1360/1181 1268/1362/1181 1275/1371/1181 1274/1370/1181
f 1268/1362/1182 1269/1364/1182 1276/1372/1182 1275/1371/1182
f 1269/1364/1183 1270/1366/1183 1277/1373/1183 1276/1372/1183
f 1272/1368/1184 1271/1367/1184 1278/1374/1184 1279/1375/1184
f 1271/1367/1185 1273/1369/1185 1280/1376/1185 1278/1374/1185
f 1273/1369/1186 1274/1370/1186 1281/1377/1186 1280/1376/1186
f 1274/1370/1187 1275/1371/1187 1282/1378/1187 1281/1377/1187
f 1275/1371/1188 1276/1372/1188 1283/1379/1188 1282/1378/1188
f 1276/1372/1189 1277/1373/1189 1284/1380/1189 1283/1379/1189
f 1037/1110/1190 1036/1109/1190 1236/1325/1190 1102/1182/1190
f 1036/1109/1191 1035/1108/1191 1237/1326/1191 1236/1325/1191
f 1035/1108/1192 1034/1107/1192 1240/1329/1192 1237/1326/1192
f 1034/1107/1193 1033/1106/1193 1242/1331/1193 1240/1329/1193
f 1033/1106/1194 1032/1105/1194 1244/1333/1194 1242/1331/1194
f 1032/1105/1195 1031/1104/1195 1246/1335/1195 1244/1333/1195
f 1031/1104/1196 1030/1103/1196 1248/1337/1196 1246/1335/1196
f 1030/1103/1197 965/1037/1197 964/1036/1197 1248/1337/1197
f 1248/1337/1198 964/1036/1198 963/1035/1198 1249/1338/1198
f 1249/1338/1199 963/1035/1199 962/1034/1199 1256/1345/1199
f 1256/1345/1200 962/1034/1200 961/1033/1200 1263/1352/1200
f 1263/1365/1201 961/1032/1201 960/1031/1201 1270/1366/1201
f 1270/1366/1202 960/1031/1202 959/1030/1202 1277/1373/1202
f 1277/1373/1203 959/1030/1203 958/1029/1203 1284/1380/1203
f 1284/1380/1204 958/1029/1204 957/1028/1204 1180/1262/1204
f 1283/1379/1205 1284/1380/1205 1180/1262/1205 1179/1261/1205
f 1282/1378/1206 1283/1379/1206 1179/1261/1206 1178/1260/1206
f 1281/1377/1207 1282/1378/1207 1178/1260/1207 1177/1259/1207
f 1280/1376/1208 1281/1377/1208 1177/1259/1208 1176/1258/1208
f 1278/1374/1209 1280/1376/1209 1176/1258/1209 1175/1257/1209
f 1279/1375/1210 1278/1374/1210 1175/1257/1210 1174/1256/1210
f 1108/1189/1211 1279/1375/1211 1174/1256/1211 1109/1190/1211
f 1107/1188/1212 1272/1368/1212 1279/1375/1212 1108/1189/1212
f 1106/1187/1213 1265/1356/1213 1272/1368/1213 1107/1188/1213
f 1105/1186/1214 1258/1353/1214 1265/1356/1214 1106/1187/1214
f 1104/1184/1215 1251/1340/1215 1258/1347/1215 1105/1185/1215
f 1103/1183/1216 1239/1328/1216 1251/1340/1216 1104/1184/1216
f 1102/1182/1217 1236/1325/1217 1239/1328/1217 1103/1183/1217
