# Blender 5.1.1
# www.blender.org
mtllib r_foot.mtl
o export_r_foot_part
v -0.000159 -0.174486 0.011539
v -0.000411 -0.184262 0.005978
v 0.001264 -0.184262 0.005857
v 0.001766 -0.174486 0.011398
v -0.000670 -0.192596 0.000594
v 0.000746 -0.192596 0.000493
v 0.002931 -0.184262 0.005656
v 0.003682 -0.174486 0.011163
v 0.002156 -0.192596 0.000324
v -0.002090 -0.163596 0.017236
v -0.002090 -0.174486 0.011586
v 0.000068 -0.163596 0.017182
v -0.002090 -0.184262 0.006019
v -0.002090 -0.192596 0.000628
v -0.002090 -0.199160 -0.004492
v -0.000922 -0.199160 -0.004519
v 0.000243 -0.199160 -0.004602
v 0.001402 -0.199160 -0.004740
v 0.002552 -0.199160 -0.004932
v 0.003555 -0.192596 0.000089
v 0.004586 -0.184262 0.005376
v 0.005585 -0.174486 0.010836
v 0.004362 -0.163596 0.016751
v 0.006488 -0.163596 0.016376
v 0.002220 -0.163596 0.017020
v 0.007468 -0.174486 0.010415
v 0.006225 -0.184262 0.005016
v 0.007844 -0.184262 0.004578
v 0.009329 -0.174486 0.009904
v 0.004940 -0.192596 -0.000213
v 0.006309 -0.192596 -0.000580
v 0.009438 -0.184262 0.004063
v 0.011162 -0.174486 0.009303
v 0.007657 -0.192596 -0.001011
v 0.008593 -0.163596 0.015894
v 0.003692 -0.199160 -0.005178
v 0.004817 -0.199160 -0.005478
v 0.005926 -0.199160 -0.005830
v 0.007016 -0.199160 -0.006234
v 0.008982 -0.192596 -0.001506
v 0.011005 -0.184262 0.003472
v 0.012964 -0.174486 0.008612
v 0.012722 -0.163596 0.014619
v 0.014736 -0.163596 0.013828
v 0.010673 -0.163596 0.015308
v 0.014729 -0.174486 0.007835
v 0.012541 -0.184262 0.002806
v 0.014041 -0.184262 0.002068
v 0.016453 -0.174486 0.006973
v 0.010280 -0.192596 -0.002064
v 0.011549 -0.192596 -0.002683
v 0.015502 -0.184262 0.001258
v 0.018133 -0.174486 0.006028
v 0.012784 -0.192596 -0.003361
v 0.016709 -0.163596 0.012937
v 0.008083 -0.199160 -0.006690
v 0.009126 -0.199160 -0.007195
v 0.010142 -0.199160 -0.007749
v 0.011129 -0.199160 -0.008350
v 0.013984 -0.192596 -0.004097
v 0.016921 -0.184262 0.000380
v 0.019764 -0.174486 0.005002
v 0.020514 -0.163596 0.010866
v 0.022337 -0.163596 0.009690
v 0.018636 -0.163596 0.011949
v 0.021343 -0.174486 0.003898
v 0.018294 -0.184262 -0.000566
v 0.019618 -0.184262 -0.001576
v 0.022865 -0.174486 0.002718
v 0.015145 -0.192596 -0.004889
v 0.016264 -0.192596 -0.005736
v 0.020890 -0.184262 -0.002649
v 0.024327 -0.174486 0.001466
v 0.017340 -0.192596 -0.006635
v 0.024101 -0.163596 0.008425
v 0.012084 -0.199160 -0.008997
v 0.013004 -0.199160 -0.009688
v 0.013889 -0.199160 -0.010422
v 0.014735 -0.199160 -0.011197
v 0.018368 -0.192596 -0.007584
v 0.022107 -0.184262 -0.003781
v 0.025725 -0.174486 0.000143
v 0.027437 -0.163596 0.005638
v 0.029000 -0.163596 0.004122
v 0.025803 -0.163596 0.007073
v 0.027057 -0.174486 -0.001245
v 0.023265 -0.184262 -0.004971
v 0.024362 -0.184262 -0.006214
v 0.028318 -0.174486 -0.002698
v 0.019347 -0.192596 -0.008580
v 0.020275 -0.192596 -0.009622
v 0.025395 -0.184262 -0.007509
v 0.029505 -0.174486 -0.004209
v 0.021149 -0.192596 -0.010707
v 0.030488 -0.163596 0.002531
v 0.015540 -0.199160 -0.012010
v 0.016303 -0.199160 -0.012861
v 0.017021 -0.199160 -0.013747
v 0.017694 -0.199160 -0.014665
v 0.021966 -0.192596 -0.011832
v 0.026362 -0.184262 -0.008851
v 0.030617 -0.174486 -0.005777
v 0.033225 -0.163596 -0.000866
v 0.034467 -0.163596 -0.002662
v 0.031897 -0.163596 0.000867
v 0.031650 -0.174486 -0.007397
v 0.027261 -0.184262 -0.010239
v 0.028088 -0.184262 -0.011668
v 0.032602 -0.174486 -0.009066
v 0.022726 -0.192596 -0.012995
v 0.023426 -0.192596 -0.014192
v 0.028844 -0.184262 -0.013135
v 0.033470 -0.174486 -0.010778
v 0.024064 -0.192596 -0.015421
v 0.035622 -0.163596 -0.004519
v 0.018318 -0.199160 -0.015615
v 0.018894 -0.199160 -0.016592
v 0.019419 -0.199160 -0.017596
v 0.019892 -0.199160 -0.018623
v 0.024640 -0.192596 -0.016679
v 0.029524 -0.184262 -0.014636
v 0.034252 -0.174486 -0.012531
v 0.037656 -0.163596 -0.008394
v 0.038530 -0.163596 -0.010403
v 0.036686 -0.163596 -0.006431
v 0.034947 -0.174486 -0.014316
v 0.030128 -0.184262 -0.016164
v 0.030653 -0.184262 -0.017699
v 0.035549 -0.174486 -0.016108
v 0.025151 -0.192596 -0.017960
v 0.025594 -0.192596 -0.019245
v 0.031094 -0.184262 -0.019213
v 0.036056 -0.174486 -0.017876
v 0.025967 -0.192596 -0.020514
v 0.039307 -0.163596 -0.012448
v 0.020312 -0.199160 -0.019669
v 0.020677 -0.199160 -0.020719
v 0.020984 -0.199160 -0.021755
v 0.021230 -0.199160 -0.022760
v 0.026267 -0.192596 -0.021745
v 0.031448 -0.184262 -0.020682
v 0.036464 -0.174486 -0.019591
v 0.040547 -0.163596 -0.016528
v 0.041003 -0.163596 -0.018493
v 0.039980 -0.163596 -0.014501
v 0.037246 -0.174486 -0.025955
v 0.032128 -0.184262 -0.026132
v 0.031552 -0.184262 -0.026640
v 0.036583 -0.174486 -0.026549
v 0.026841 -0.192596 -0.026311
v 0.026354 -0.192596 -0.026737
v 0.029882 -0.184262 -0.026987
v 0.034664 -0.174486 -0.026954
v 0.024943 -0.192596 -0.027028
v 0.041900 -0.163596 -0.024837
v 0.037267 -0.174486 -0.025127
v 0.041876 -0.163596 -0.025786
v 0.032146 -0.184262 -0.025423
v 0.026857 -0.192596 -0.025717
v 0.021716 -0.199160 -0.026003
v 0.021703 -0.199160 -0.026488
v 0.021302 -0.199160 -0.026836
v 0.020141 -0.199160 -0.027073
v 0.017850 -0.199160 -0.027226
v 0.022156 -0.192596 -0.027214
v 0.026587 -0.184262 -0.027209
v 0.030875 -0.174486 -0.027213
v 0.038991 -0.163596 -0.026930
v 0.034756 -0.163596 -0.027228
v 0.041135 -0.163596 -0.026466
v -0.041334 -0.174486 -0.024038
v -0.036228 -0.184262 -0.024490
v -0.036090 -0.184262 -0.023361
v -0.041175 -0.174486 -0.022719
v -0.030954 -0.192596 -0.024936
v -0.030837 -0.192596 -0.023990
v -0.035896 -0.184262 -0.022078
v -0.040951 -0.174486 -0.021221
v -0.030672 -0.192596 -0.022914
v -0.046079 -0.163596 -0.024837
v -0.041446 -0.174486 -0.025127
v -0.045954 -0.163596 -0.023589
v -0.036326 -0.184262 -0.025423
v -0.031036 -0.192596 -0.025717
v -0.025895 -0.199160 -0.026003
v -0.025827 -0.199160 -0.025365
v -0.025731 -0.199160 -0.024593
v -0.025596 -0.199160 -0.023715
v -0.025409 -0.199160 -0.022760
v -0.030446 -0.192596 -0.021745
v -0.035627 -0.184262 -0.020682
v -0.040643 -0.174486 -0.019591
v -0.045526 -0.163596 -0.020361
v -0.045182 -0.163596 -0.018493
v -0.045776 -0.163596 -0.022078
v -0.040236 -0.174486 -0.017876
v -0.035273 -0.184262 -0.019213
v -0.034832 -0.184262 -0.017699
v -0.039728 -0.174486 -0.016108
v -0.030146 -0.192596 -0.020514
v -0.029773 -0.192596 -0.019245
v -0.034307 -0.184262 -0.016164
v -0.039126 -0.174486 -0.014316
v -0.029330 -0.192596 -0.017960
v -0.044726 -0.163596 -0.016528
v -0.025163 -0.199160 -0.021755
v -0.024856 -0.199160 -0.020719
v -0.024491 -0.199160 -0.019669
v -0.024071 -0.199160 -0.018623
v -0.028819 -0.192596 -0.016679
v -0.033703 -0.184262 -0.014636
v -0.038431 -0.174486 -0.012531
v -0.043486 -0.163596 -0.012448
v -0.042710 -0.163596 -0.010403
v -0.044159 -0.163596 -0.014501
v -0.037649 -0.174486 -0.010778
v -0.033023 -0.184262 -0.013135
v -0.032268 -0.184262 -0.011668
v -0.036781 -0.174486 -0.009066
v -0.028243 -0.192596 -0.015421
v -0.027605 -0.192596 -0.014192
v -0.031440 -0.184262 -0.010239
v -0.035829 -0.174486 -0.007397
v -0.026905 -0.192596 -0.012995
v -0.041835 -0.163596 -0.008394
v -0.023598 -0.199160 -0.017596
v -0.023073 -0.199160 -0.016592
v -0.022497 -0.199160 -0.015615
v -0.021873 -0.199160 -0.014665
v -0.026145 -0.192596 -0.011832
v -0.030541 -0.184262 -0.008851
v -0.034796 -0.174486 -0.005777
v -0.039801 -0.163596 -0.004519
v -0.038647 -0.163596 -0.002662
v -0.040865 -0.163596 -0.006431
v -0.033685 -0.174486 -0.004209
v -0.029574 -0.184262 -0.007509
v -0.028541 -0.184262 -0.006214
v -0.032497 -0.174486 -0.002698
v -0.025328 -0.192596 -0.010707
v -0.024454 -0.192596 -0.009622
v -0.027444 -0.184262 -0.004971
v -0.031236 -0.174486 -0.001245
v -0.023527 -0.192596 -0.008580
v -0.037404 -0.163596 -0.000866
v -0.021200 -0.199160 -0.013747
v -0.020482 -0.199160 -0.012861
v -0.019719 -0.199160 -0.012010
v -0.018914 -0.199160 -0.011197
v -0.022547 -0.192596 -0.007584
v -0.026286 -0.184262 -0.003781
v -0.029904 -0.174486 0.000143
v -0.034667 -0.163596 0.002531
v -0.033179 -0.163596 0.004122
v -0.036076 -0.163596 0.000867
v -0.028506 -0.174486 0.001466
v -0.025069 -0.184262 -0.002649
v -0.023798 -0.184262 -0.001576
v -0.027044 -0.174486 0.002718
v -0.021519 -0.192596 -0.006635
v -0.020444 -0.192596 -0.005736
v -0.022474 -0.184262 -0.000566
v -0.025522 -0.174486 0.003898
v -0.019324 -0.192596 -0.004889
v -0.031616 -0.163596 0.005638
v -0.018068 -0.199160 -0.010422
v -0.017184 -0.199160 -0.009688
v -0.016263 -0.199160 -0.008997
v -0.015308 -0.199160 -0.008350
v -0.018163 -0.192596 -0.004097
v -0.021100 -0.184262 0.000380
v -0.023944 -0.174486 0.005002
v -0.028280 -0.163596 0.008425
v -0.026516 -0.163596 0.009690
v -0.029982 -0.163596 0.007073
v -0.022312 -0.174486 0.006028
v -0.019681 -0.184262 0.001258
v -0.018220 -0.184262 0.002068
v -0.020632 -0.174486 0.006973
v -0.016963 -0.192596 -0.003361
v -0.015728 -0.192596 -0.002683
v -0.016720 -0.184262 0.002806
v -0.018908 -0.174486 0.007835
v -0.014459 -0.192596 -0.002064
v -0.024693 -0.163596 0.010866
v -0.014322 -0.199160 -0.007749
v -0.013305 -0.199160 -0.007195
v -0.012262 -0.199160 -0.006690
v -0.011195 -0.199160 -0.006234
v -0.013161 -0.192596 -0.001506
v -0.015184 -0.184262 0.003472
v -0.017143 -0.174486 0.008612
v -0.020888 -0.163596 0.012937
v -0.018915 -0.163596 0.013828
v -0.022815 -0.163596 0.011949
v -0.015342 -0.174486 0.009303
v -0.013618 -0.184262 0.004063
v -0.012023 -0.184262 0.004578
v -0.013508 -0.174486 0.009904
v -0.011836 -0.192596 -0.001011
v -0.010488 -0.192596 -0.000580
v -0.010404 -0.184262 0.005016
v -0.011647 -0.174486 0.010415
v -0.009119 -0.192596 -0.000213
v -0.016902 -0.163596 0.014619
v -0.010105 -0.199160 -0.005830
v -0.008996 -0.199160 -0.005478
v -0.007871 -0.199160 -0.005178
v -0.006731 -0.199160 -0.004932
v -0.007734 -0.192596 0.000089
v -0.008765 -0.184262 0.005376
v -0.009764 -0.174486 0.010836
v -0.012773 -0.163596 0.015894
v -0.010667 -0.163596 0.016376
v -0.014852 -0.163596 0.015308
v -0.007861 -0.174486 0.011163
v -0.007110 -0.184262 0.005656
v -0.005444 -0.184262 0.005857
v -0.005945 -0.174486 0.011398
v -0.006335 -0.192596 0.000324
v -0.004925 -0.192596 0.000493
v -0.003769 -0.184262 0.005978
v -0.004020 -0.174486 0.011539
v -0.003509 -0.192596 0.000594
v -0.008541 -0.163596 0.016751
v -0.005581 -0.199160 -0.004740
v -0.004422 -0.199160 -0.004602
v -0.003257 -0.199160 -0.004519
v -0.004247 -0.163596 0.017182
v -0.006399 -0.163596 0.017020
v -0.011883 -0.174486 -0.027478
v -0.010609 -0.184262 -0.027436
v -0.018589 -0.184262 -0.027411
v -0.021056 -0.174486 -0.027449
v -0.009293 -0.192596 -0.027404
v -0.016040 -0.192596 -0.027383
v -0.025488 -0.184262 -0.027343
v -0.028987 -0.174486 -0.027369
v -0.021873 -0.192596 -0.027326
v -0.002090 -0.163596 -0.027536
v -0.002090 -0.174486 -0.027482
v -0.013036 -0.163596 -0.027532
v -0.002090 -0.184262 -0.027440
v -0.002090 -0.192596 -0.027407
v -0.002090 -0.199160 -0.027383
v -0.008014 -0.199160 -0.027381
v -0.013562 -0.199160 -0.027364
v -0.018359 -0.199160 -0.027317
v -0.022029 -0.199160 -0.027226
v -0.026335 -0.192596 -0.027214
v -0.030766 -0.184262 -0.027209
v -0.035054 -0.174486 -0.027213
v -0.032153 -0.163596 -0.027406
v -0.038935 -0.163596 -0.027228
v -0.023289 -0.163596 -0.027498
v -0.040316 0.060033 0.007558
v -0.038890 0.060033 0.009572
v -0.034768 0.060308 0.008102
v -0.035953 0.060308 0.006272
v -0.037385 0.060033 0.011507
v -0.033581 0.060308 0.009866
v -0.030248 0.060410 0.006642
v -0.031056 0.060410 0.004941
v -0.029626 0.060410 0.008293
v -0.045116 0.059496 0.006308
v -0.043653 0.059496 0.008574
v -0.041661 0.060033 0.005471
v -0.042090 0.059496 0.010759
v -0.040432 0.059496 0.012858
v -0.038680 0.059496 0.014866
v -0.035788 0.060033 0.013352
v -0.032263 0.060308 0.011511
v -0.028810 0.060410 0.009729
v -0.026318 0.060424 0.008472
v -0.025927 0.060424 0.007149
v -0.025770 0.060424 0.005474
v -0.026109 0.060424 0.003791
v -0.032056 0.060410 0.003212
v -0.026924 0.060424 0.002120
v -0.037138 0.060308 0.004384
v -0.013951 0.060033 -0.023360
v -0.025060 0.060033 -0.023325
v -0.022600 0.060308 -0.021271
v -0.012685 0.060308 -0.021274
v -0.034662 0.060033 -0.023227
v -0.031151 0.060308 -0.021239
v -0.020113 0.060410 -0.019185
v -0.011402 0.060410 -0.019118
v -0.027585 0.060410 -0.019303
v -0.002090 0.059496 -0.025067
v -0.014974 0.059496 -0.025061
v -0.002090 0.060033 -0.023365
v -0.027041 0.059496 -0.025018
v -0.037473 0.059496 -0.024903
v -0.045455 0.059496 -0.024678
v -0.041998 0.060033 -0.023025
v -0.037618 0.060308 -0.021095
v -0.033025 0.060410 -0.019292
v -0.029453 0.060424 -0.018070
v -0.024875 0.060424 -0.017687
v -0.018118 0.060424 -0.017355
v -0.010342 0.060424 -0.017200
v -0.002090 0.060410 -0.019103
v -0.002090 0.060424 -0.017167
v -0.002090 0.060308 -0.021273
v 0.033206 0.060033 0.011507
v 0.034711 0.060033 0.009572
v 0.030589 0.060308 0.008102
v 0.029402 0.060308 0.009866
v 0.036137 0.060033 0.007558
v 0.031774 0.060308 0.006272
v 0.026069 0.060410 0.006642
v 0.025447 0.060410 0.008293
v 0.026877 0.060410 0.004941
v 0.034501 0.059496 0.014866
v 0.036252 0.059496 0.012858
v 0.031609 0.060033 0.013352
v 0.037911 0.059496 0.010759
v 0.039474 0.059496 0.008574
v 0.040937 0.059496 0.006308
v 0.037482 0.060033 0.005471
v 0.032959 0.060308 0.004384
v 0.027877 0.060410 0.003212
v 0.022745 0.060424 0.002120
v 0.021930 0.060424 0.003791
v 0.021591 0.060424 0.005474
v 0.021748 0.060424 0.007149
v 0.024631 0.060410 0.009729
v 0.022139 0.060424 0.008472
v 0.028084 0.060308 0.011511
v -0.048240 0.060033 -0.010586
v -0.047645 0.060033 -0.008238
v -0.042563 0.060308 -0.007704
v -0.042955 0.060308 -0.009782
v -0.046943 0.060033 -0.005863
v -0.042133 0.060308 -0.005625
v -0.037025 0.060410 -0.006984
v -0.036996 0.060410 -0.008766
v -0.037179 0.060410 -0.005264
v -0.052807 0.059496 -0.013660
v -0.052271 0.059496 -0.011181
v -0.048723 0.060033 -0.012866
v -0.051604 0.059496 -0.008625
v -0.050811 0.059496 -0.006036
v -0.049898 0.059496 -0.003455
v -0.046119 0.060033 -0.003498
v -0.041514 0.060308 -0.003566
v -0.037002 0.060410 -0.003618
v -0.033745 0.060424 -0.003630
v -0.032675 0.060424 -0.004631
v -0.031608 0.060424 -0.006009
v -0.030935 0.060424 -0.007532
v -0.037085 0.060410 -0.010560
v -0.030585 0.060424 -0.009133
v -0.043306 0.060308 -0.011818
v -0.018146 0.060033 0.025517
v -0.015920 0.060033 0.026300
v -0.014445 0.060308 0.022891
v -0.016476 0.060308 0.022313
v -0.013660 0.060033 0.026970
v -0.012385 0.060308 0.023421
v -0.012955 0.060410 0.019222
v -0.014860 0.060410 0.019035
v -0.011028 0.060410 0.019511
v -0.021892 0.059496 0.027108
v -0.019523 0.059496 0.028106
v -0.020327 0.060033 0.024611
v -0.017111 0.059496 0.028975
v -0.014663 0.059496 0.029714
v -0.012185 0.059496 0.030322
v -0.011374 0.060033 0.027526
v -0.010313 0.060308 0.023904
v -0.009121 0.060410 0.019896
v -0.007916 0.060424 0.015946
v -0.009775 0.060424 0.015672
v -0.011715 0.060424 0.015697
v -0.013667 0.060424 0.016067
v -0.016551 0.060410 0.018647
v -0.015202 0.060424 0.016557
v -0.018420 0.060308 0.021585
v 0.018274 0.060033 0.023573
v 0.020348 0.060033 0.022414
v 0.017804 0.060308 0.019491
v 0.016054 0.060308 0.020618
v 0.022375 0.060033 0.021149
v 0.019564 0.060308 0.018298
v 0.014962 0.060410 0.016432
v 0.013696 0.060410 0.017675
v 0.016378 0.060410 0.015213
v 0.017713 0.059496 0.027108
v 0.020035 0.059496 0.025985
v 0.016148 0.060033 0.024611
v 0.022304 0.059496 0.024738
v 0.024514 0.059496 0.023372
v 0.026660 0.059496 0.021889
v 0.024351 0.060033 0.019782
v 0.021329 0.060308 0.017049
v 0.017934 0.060410 0.014037
v 0.014504 0.060424 0.011091
v 0.013110 0.060424 0.012284
v 0.012048 0.060424 0.013663
v 0.011359 0.060424 0.015223
v 0.012372 0.060410 0.018647
v 0.011023 0.060424 0.016557
v 0.014240 0.060308 0.021585
v 0.045479 0.060033 -0.021337
v 0.044686 0.060033 -0.022131
v 0.039248 0.060308 -0.020222
v 0.039888 0.060308 -0.019480
v 0.042385 0.060033 -0.022677
v 0.037351 0.060308 -0.020759
v 0.032968 0.060410 -0.018310
v 0.033361 0.060410 -0.017574
v 0.031731 0.060410 -0.018916
v 0.049684 0.059496 -0.021663
v 0.049656 0.059496 -0.022859
v 0.045504 0.060033 -0.020235
v 0.048784 0.059496 -0.023717
v 0.046260 0.059496 -0.024303
v 0.041276 0.059496 -0.024678
v 0.037819 0.060033 -0.023025
v 0.033439 0.060308 -0.021095
v 0.028846 0.060410 -0.019292
v 0.025274 0.060424 -0.018070
v 0.025844 0.060424 -0.017441
v 0.026239 0.060424 -0.016687
v 0.026361 0.060424 -0.015902
v 0.033350 0.060410 -0.016636
v 0.026326 0.060424 -0.014965
v 0.039901 0.060308 -0.018476
v 0.000241 0.060033 0.028493
v 0.002569 0.060033 0.028288
v 0.001990 0.060308 0.024684
v -0.000056 0.060308 0.024989
v 0.004889 0.060033 0.027966
v 0.004057 0.060308 0.024320
v 0.001258 0.060410 0.020850
v -0.000457 0.060410 0.021447
v 0.003068 0.060410 0.020329
v -0.002090 0.059496 0.031407
v 0.000450 0.059496 0.031339
v -0.002090 0.060033 0.028565
v 0.002982 0.059496 0.031135
v 0.005503 0.059496 0.030796
v 0.008006 0.059496 0.030322
v 0.007195 0.060033 0.027526
v 0.006134 0.060308 0.023904
v 0.004942 0.060410 0.019896
v 0.003737 0.060424 0.015946
v 0.001977 0.060424 0.016456
v 0.000352 0.060424 0.017253
v -0.001077 0.060424 0.018355
v -0.002090 0.060410 0.021779
v -0.002090 0.060424 0.019397
v -0.002090 0.060308 0.025122
v -0.034089 0.060033 0.015099
v -0.032302 0.060033 0.016752
v -0.028999 0.060308 0.014385
v -0.030706 0.060308 0.012998
v -0.030448 0.060033 0.018314
v -0.027260 0.060308 0.015738
v -0.025514 0.060410 0.011796
v -0.027318 0.060410 0.010806
v -0.023762 0.060410 0.012882
v -0.036841 0.059496 0.016777
v -0.034917 0.059496 0.018588
v -0.032915 0.059496 0.020293
v -0.030839 0.059496 0.021889
v -0.028530 0.060033 0.019782
v -0.025508 0.060308 0.017049
v -0.022113 0.060410 0.014037
v -0.018683 0.060424 0.011091
v -0.020358 0.060424 0.010052
v -0.022316 0.060424 0.009233
v -0.024495 0.060424 0.008708
v 0.038738 0.060033 0.003315
v 0.039907 0.060033 0.001097
v 0.035277 0.060308 0.000461
v 0.034124 0.060308 0.002441
v 0.040981 0.060033 -0.001175
v 0.036400 0.060308 -0.001539
v 0.030327 0.060410 -0.000296
v 0.029019 0.060410 0.001452
v 0.031756 0.060410 -0.001987
v 0.042295 0.059496 0.003966
v 0.043547 0.059496 0.001554
v 0.044689 0.059496 -0.000921
v 0.045719 0.059496 -0.003455
v 0.041940 0.060033 -0.003498
v 0.037334 0.060308 -0.003566
v 0.032823 0.060410 -0.003618
v 0.029566 0.060424 -0.003630
v 0.027733 0.060424 -0.002602
v 0.025659 0.060424 -0.001156
v 0.023980 0.060424 0.000451
v -0.045160 0.060033 -0.001175
v -0.044086 0.060033 0.001097
v -0.039457 0.060308 0.000461
v -0.040579 0.060308 -0.001539
v -0.042918 0.060033 0.003315
v -0.038303 0.060308 0.002441
v -0.034506 0.060410 -0.000296
v -0.035935 0.060410 -0.001987
v -0.033198 0.060410 0.001452
v -0.048868 0.059496 -0.000921
v -0.047726 0.059496 0.001554
v -0.046474 0.059496 0.003966
v -0.028159 0.060424 0.000451
v -0.029839 0.060424 -0.001156
v -0.031912 0.060424 -0.002602
v -0.009068 0.060033 0.027966
v -0.006748 0.060033 0.028288
v -0.006169 0.060308 0.024684
v -0.008236 0.060308 0.024320
v -0.004420 0.060033 0.028493
v -0.004123 0.060308 0.024989
v -0.005437 0.060410 0.020850
v -0.007247 0.060410 0.020329
v -0.003722 0.060410 0.021447
v -0.009682 0.059496 0.030796
v -0.007162 0.059496 0.031135
v -0.004629 0.059496 0.031339
v -0.003102 0.060424 0.018355
v -0.004532 0.060424 0.017253
v -0.006156 0.060424 0.016456
v 0.026268 0.060033 0.018314
v 0.028123 0.060033 0.016752
v 0.024820 0.060308 0.014385
v 0.023081 0.060308 0.015738
v 0.029910 0.060033 0.015099
v 0.026527 0.060308 0.012998
v 0.021334 0.060410 0.011796
v 0.019583 0.060410 0.012882
v 0.023139 0.060410 0.010806
v 0.028736 0.059496 0.020293
v 0.030738 0.059496 0.018588
v 0.032662 0.059496 0.016777
v 0.020316 0.060424 0.008708
v 0.018137 0.060424 0.009233
v 0.016179 0.060424 0.010052
v -0.049547 0.060033 -0.018784
v -0.049357 0.060033 -0.017028
v -0.043802 0.060308 -0.015567
v -0.043962 0.060308 -0.017158
v -0.049089 0.060033 -0.015034
v -0.043588 0.060308 -0.013766
v -0.037321 0.060410 -0.013951
v -0.037433 0.060410 -0.015415
v -0.037202 0.060410 -0.012310
v -0.053863 0.059496 -0.021663
v -0.053716 0.059496 -0.020088
v -0.049683 0.060033 -0.020235
v -0.053507 0.059496 -0.018182
v -0.053213 0.059496 -0.016016
v -0.030426 0.060424 -0.010758
v -0.030392 0.060424 -0.012328
v -0.030434 0.060424 -0.013758
v -0.037529 0.060410 -0.016636
v -0.030505 0.060424 -0.014965
v -0.044080 0.060308 -0.018476
v -0.026554 0.060033 0.021149
v -0.024527 0.060033 0.022414
v -0.021983 0.060308 0.019491
v -0.023743 0.060308 0.018298
v -0.022453 0.060033 0.023573
v -0.020233 0.060308 0.020618
v -0.019141 0.060410 0.016432
v -0.020557 0.060410 0.015213
v -0.017875 0.060410 0.017675
v -0.028693 0.059496 0.023372
v -0.026483 0.059496 0.024738
v -0.024214 0.059496 0.025985
v -0.015538 0.060424 0.015223
v -0.016227 0.060424 0.013663
v -0.017289 0.060424 0.012284
v 0.009481 0.060033 0.026970
v 0.011741 0.060033 0.026300
v 0.010266 0.060308 0.022891
v 0.008206 0.060308 0.023421
v 0.013967 0.060033 0.025517
v 0.012297 0.060308 0.022313
v 0.008776 0.060410 0.019222
v 0.006848 0.060410 0.019511
v 0.010681 0.060410 0.019035
v 0.010484 0.059496 0.029714
v 0.012932 0.059496 0.028975
v 0.015343 0.059496 0.028106
v 0.009488 0.060424 0.016067
v 0.007535 0.060424 0.015697
v 0.005596 0.060424 0.015672
v 0.042764 0.060033 -0.005863
v 0.043466 0.060033 -0.008238
v 0.038384 0.060308 -0.007704
v 0.037954 0.060308 -0.005625
v 0.044061 0.060033 -0.010586
v 0.038776 0.060308 -0.009782
v 0.032846 0.060410 -0.006984
v 0.033000 0.060410 -0.005264
v 0.032817 0.060410 -0.008766
v 0.046632 0.059496 -0.006036
v 0.047425 0.059496 -0.008625
v 0.048092 0.059496 -0.011181
v 0.048628 0.059496 -0.013660
v 0.044543 0.060033 -0.012866
v 0.039127 0.060308 -0.011818
v 0.032906 0.060410 -0.010560
v 0.026406 0.060424 -0.009133
v 0.026756 0.060424 -0.007532
v 0.027429 0.060424 -0.006009
v 0.028495 0.060424 -0.004631
v -0.014143 0.060424 0.009809
v -0.013408 0.060424 0.011515
v -0.010678 0.060424 0.009988
v -0.010977 0.060424 0.007738
v -0.013223 0.060424 0.013591
v -0.010945 0.060424 0.012626
v -0.008030 0.060424 0.009067
v -0.007621 0.060424 0.006049
v -0.008779 0.060424 0.012228
v -0.015451 0.060424 0.008464
v -0.006781 0.060424 0.012373
v -0.005644 0.060424 0.009004
v -0.004358 0.060424 0.005476
v -0.008546 0.060424 0.003587
v -0.002090 0.060424 0.000193
v -0.012211 0.060424 0.006042
v 0.019180 0.060424 -0.012364
v 0.012099 0.060424 -0.011298
v 0.012196 0.060424 -0.009532
v 0.019224 0.060424 -0.010833
v 0.005008 0.060424 -0.010606
v 0.005080 0.060424 -0.008524
v 0.012582 0.060424 -0.007590
v 0.019461 0.060424 -0.009187
v 0.005420 0.060424 -0.006024
v 0.019222 0.060424 -0.013667
v 0.026255 0.060424 -0.013758
v 0.012118 0.060424 -0.012767
v 0.005014 0.060424 -0.012242
v -0.002090 0.060424 -0.012072
v -0.002090 0.060424 -0.010358
v -0.002090 0.060424 -0.008110
v -0.002090 0.060424 -0.005137
v 0.006903 0.060424 -0.003605
v 0.013636 0.060424 -0.005769
v 0.020024 0.060424 -0.007559
v 0.026247 0.060424 -0.010758
v 0.026213 0.060424 -0.012328
v -0.004993 0.060424 0.013048
v -0.003423 0.060424 0.014255
v -0.002090 0.060424 0.011848
v -0.003684 0.060424 0.010008
v -0.002090 0.060424 0.016002
v -0.000756 0.060424 0.014255
v -0.000495 0.060424 0.010008
v -0.002090 0.060424 0.007246
v 0.000813 0.060424 0.013048
v 0.002602 0.060424 0.012373
v 0.001464 0.060424 0.009004
v 0.000179 0.060424 0.005476
v -0.009187 0.060424 -0.010606
v -0.016279 0.060424 -0.011298
v -0.016375 0.060424 -0.009532
v -0.009259 0.060424 -0.008524
v -0.023359 0.060424 -0.012364
v -0.023403 0.060424 -0.010833
v -0.016761 0.060424 -0.007590
v -0.009599 0.060424 -0.006024
v -0.023640 0.060424 -0.009187
v -0.009193 0.060424 -0.012242
v -0.016297 0.060424 -0.012767
v -0.023401 0.060424 -0.013667
v -0.024203 0.060424 -0.007559
v -0.017815 0.060424 -0.005769
v -0.011082 0.060424 -0.003605
v 0.009044 0.060424 0.013591
v 0.009229 0.060424 0.011515
v 0.006499 0.060424 0.009988
v 0.006766 0.060424 0.012626
v 0.009963 0.060424 0.009809
v 0.006798 0.060424 0.007738
v 0.003851 0.060424 0.009067
v 0.004599 0.060424 0.012228
v 0.003442 0.060424 0.006048
v 0.011271 0.060424 0.008464
v 0.008031 0.060424 0.006042
v 0.004366 0.060424 0.003587
v -0.028947 0.060424 -0.003540
v -0.025905 0.060424 -0.002108
v -0.022615 0.060424 -0.003153
v -0.026775 0.060424 -0.004723
v -0.023584 0.060424 -0.000482
v -0.019236 0.060424 -0.001355
v -0.019837 0.060424 -0.004322
v -0.025220 0.060424 -0.006065
v -0.014845 0.060424 -0.002248
v -0.022080 0.060424 0.001243
v -0.017188 0.060424 0.000589
v -0.011592 0.060424 0.000154
v 0.018483 0.060424 0.006726
v 0.017491 0.060424 0.004824
v 0.013779 0.060424 0.004692
v 0.015606 0.060424 0.006877
v 0.017278 0.060424 0.003005
v 0.012731 0.060424 0.002605
v 0.010482 0.060424 0.005058
v 0.013173 0.060424 0.007474
v 0.008118 0.060424 0.002642
v 0.017900 0.060424 0.001243
v 0.013009 0.060424 0.000589
v 0.007413 0.060424 0.000154
v -0.022662 0.060424 0.006726
v -0.019785 0.060424 0.006877
v -0.017959 0.060424 0.004692
v -0.021670 0.060424 0.004824
v -0.017352 0.060424 0.007474
v -0.014661 0.060424 0.005058
v -0.016910 0.060424 0.002605
v -0.021457 0.060424 0.003005
v -0.012297 0.060424 0.002642
v 0.030483 0.060033 -0.023227
v 0.020881 0.060033 -0.023325
v 0.018421 0.060308 -0.021271
v 0.026971 0.060308 -0.021239
v 0.009772 0.060033 -0.023360
v 0.008505 0.060308 -0.021274
v 0.015934 0.060410 -0.019185
v 0.023406 0.060410 -0.019303
v 0.007223 0.060410 -0.019118
v 0.033294 0.059496 -0.024903
v 0.022861 0.059496 -0.025018
v 0.010794 0.059496 -0.025061
v 0.006163 0.060424 -0.017200
v 0.013939 0.060424 -0.017355
v 0.020696 0.060424 -0.017687
v 0.024808 -0.174486 -0.027369
v 0.021308 -0.184262 -0.027343
v 0.014410 -0.184262 -0.027411
v 0.016877 -0.174486 -0.027449
v 0.017693 -0.192596 -0.027326
v 0.011860 -0.192596 -0.027383
v 0.006430 -0.184262 -0.027436
v 0.007704 -0.174486 -0.027478
v 0.005114 -0.192596 -0.027404
v 0.027974 -0.163596 -0.027406
v 0.014180 -0.199160 -0.027317
v 0.009383 -0.199160 -0.027364
v 0.003834 -0.199160 -0.027381
v 0.008857 -0.163596 -0.027532
v 0.019110 -0.163596 -0.027498
v 0.019405 0.060424 -0.000482
v 0.021726 0.060424 -0.002108
v 0.018436 0.060424 -0.003153
v 0.015057 0.060424 -0.001355
v 0.024768 0.060424 -0.003540
v 0.022596 0.060424 -0.004723
v 0.015658 0.060424 -0.004322
v 0.010666 0.060424 -0.002248
v 0.021041 0.060424 -0.006065
v 0.029615 -0.036037 -0.027024
v 0.031071 -0.059721 -0.027185
v 0.021294 -0.059721 -0.027302
v 0.020267 -0.036037 -0.027135
v 0.032616 -0.083125 -0.027339
v 0.022383 -0.083125 -0.027460
v 0.009985 -0.059721 -0.027345
v 0.009455 -0.036037 -0.027176
v 0.010548 -0.083125 -0.027505
v 0.035865 -0.013703 -0.026679
v 0.036766 -0.036037 -0.026807
v 0.028879 -0.013703 -0.026888
v 0.038551 -0.059721 -0.026958
v 0.040445 -0.083125 -0.027102
v 0.041674 -0.104617 -0.027210
v 0.033619 -0.104617 -0.027450
v 0.023090 -0.104617 -0.027574
v 0.010913 -0.104617 -0.027619
v -0.002090 -0.104617 -0.027626
v -0.002090 -0.083125 -0.027511
v -0.002090 -0.059721 -0.027351
v -0.002090 -0.036037 -0.027182
v 0.009187 -0.013703 -0.027036
v -0.002090 -0.013703 -0.027041
v 0.019748 -0.013703 -0.026996
v -0.013634 -0.036037 -0.027176
v -0.014164 -0.059721 -0.027345
v -0.025473 -0.059721 -0.027302
v -0.024446 -0.036037 -0.027135
v -0.014727 -0.083125 -0.027505
v -0.026562 -0.083125 -0.027460
v -0.035250 -0.059721 -0.027185
v -0.033794 -0.036037 -0.027024
v -0.036795 -0.083125 -0.027339
v -0.013366 -0.013703 -0.027036
v -0.015092 -0.104617 -0.027619
v -0.027270 -0.104617 -0.027574
v -0.037798 -0.104617 -0.027450
v -0.045853 -0.104617 -0.027210
v -0.044624 -0.083125 -0.027102
v -0.042730 -0.059721 -0.026958
v -0.040946 -0.036037 -0.026807
v -0.033059 -0.013703 -0.026888
v -0.040044 -0.013703 -0.026679
v -0.023927 -0.013703 -0.026996
v -0.008893 -0.036037 0.026644
v -0.009205 -0.059721 0.029130
v -0.006843 -0.059721 0.029473
v -0.006634 -0.036037 0.026971
v -0.009537 -0.083125 0.031339
v -0.007064 -0.083125 0.031696
v -0.004469 -0.059721 0.029679
v -0.004365 -0.036037 0.027168
v -0.004580 -0.083125 0.031911
v -0.010925 -0.013703 0.024608
v -0.011135 -0.036037 0.026188
v -0.008735 -0.013703 0.025050
v -0.011551 -0.059721 0.028651
v -0.011992 -0.083125 0.030840
v -0.012278 -0.104617 0.031597
v -0.009752 -0.104617 0.032103
v -0.007208 -0.104617 0.032466
v -0.004652 -0.104617 0.032684
v -0.002090 -0.104617 0.032757
v -0.002090 -0.083125 0.031983
v -0.002090 -0.059721 0.029748
v -0.002090 -0.036037 0.027233
v -0.004312 -0.013703 0.025557
v -0.002090 -0.013703 0.025620
v -0.006529 -0.013703 0.025366
v -0.017710 -0.036037 0.024052
v -0.018427 -0.059721 0.026410
v -0.016167 -0.059721 0.027289
v -0.015549 -0.036037 0.024890
v -0.019189 -0.083125 0.028505
v -0.016823 -0.083125 0.029421
v -0.013873 -0.059721 0.028037
v -0.013356 -0.036037 0.025603
v -0.014422 -0.083125 0.030200
v -0.019422 -0.013703 0.021612
v -0.019833 -0.036037 0.023091
v -0.017347 -0.013703 0.022542
v -0.020648 -0.059721 0.025402
v -0.021513 -0.083125 0.027454
v -0.022074 -0.104617 0.028161
v -0.019683 -0.104617 0.029227
v -0.017249 -0.104617 0.030157
v -0.014779 -0.104617 0.030947
v -0.013094 -0.013703 0.024042
v -0.015237 -0.013703 0.023352
v -0.025926 -0.036037 0.019492
v -0.027021 -0.059721 0.021624
v -0.024950 -0.059721 0.023006
v -0.023946 -0.036037 0.020808
v -0.028183 -0.083125 0.023518
v -0.026016 -0.083125 0.024958
v -0.022824 -0.059721 0.024266
v -0.021914 -0.036037 0.022009
v -0.023790 -0.083125 0.026271
v -0.027252 -0.013703 0.016745
v -0.027849 -0.036037 0.018063
v -0.025374 -0.013703 0.018128
v -0.029032 -0.059721 0.020125
v -0.030288 -0.083125 0.021956
v -0.031103 -0.104617 0.022581
v -0.028937 -0.104617 0.024166
v -0.026707 -0.104617 0.025627
v -0.024417 -0.104617 0.026960
v -0.021454 -0.013703 0.020564
v -0.023439 -0.013703 0.019402
v -0.033227 -0.036037 0.013137
v -0.034657 -0.059721 0.014956
v -0.032855 -0.059721 0.016787
v -0.031504 -0.036037 0.014882
v -0.036175 -0.083125 0.016571
v -0.034289 -0.083125 0.018478
v -0.030978 -0.059721 0.018511
v -0.029710 -0.036037 0.016525
v -0.032325 -0.083125 0.020275
v -0.034115 -0.013703 0.010196
v -0.034875 -0.036037 0.011296
v -0.032505 -0.013703 0.011978
v -0.036381 -0.059721 0.013024
v -0.037979 -0.083125 0.014557
v -0.039016 -0.104617 0.015071
v -0.037160 -0.104617 0.017115
v -0.035219 -0.104617 0.019051
v -0.033198 -0.104617 0.020874
v -0.029069 -0.013703 0.015257
v -0.030822 -0.013703 0.013666
v -0.039331 -0.036037 0.005233
v -0.041042 -0.059721 0.006663
v -0.039577 -0.059721 0.008872
v -0.037931 -0.036037 0.007339
v -0.042857 -0.083125 0.007929
v -0.041324 -0.083125 0.010231
v -0.038022 -0.059721 0.010994
v -0.036445 -0.036037 0.009361
v -0.039697 -0.083125 0.012442
v -0.039747 -0.013703 0.002216
v -0.040642 -0.036037 0.003050
v -0.038467 -0.013703 0.004329
v -0.042412 -0.059721 0.004371
v -0.044291 -0.083125 0.005542
v -0.045511 -0.104617 0.005921
v -0.044035 -0.104617 0.008344
v -0.042458 -0.104617 0.010680
v -0.040784 -0.104617 0.012925
v -0.035648 -0.013703 0.008324
v -0.037100 -0.013703 0.006367
v -0.044004 -0.036037 -0.003916
v -0.045929 -0.059721 -0.002938
v -0.044859 -0.059721 -0.000435
v -0.042981 -0.036037 -0.001531
v -0.047972 -0.083125 -0.002074
v -0.046852 -0.083125 0.000534
v -0.043686 -0.059721 0.002004
v -0.041859 -0.036037 0.000793
v -0.045624 -0.083125 0.003075
v -0.043933 -0.013703 -0.006889
v -0.044926 -0.036037 -0.006358
v -0.043032 -0.013703 -0.004526
v -0.046894 -0.059721 -0.005500
v -0.048982 -0.083125 -0.004744
v -0.050337 -0.104617 -0.004518
v -0.049298 -0.104617 -0.001809
v -0.048145 -0.104617 0.000838
v -0.046882 -0.104617 0.003417
v -0.040937 -0.013703 0.000032
v -0.042032 -0.013703 -0.002217
v -0.047053 -0.036037 -0.013802
v -0.049118 -0.059721 -0.013311
v -0.048493 -0.059721 -0.010727
v -0.046455 -0.036037 -0.011339
v -0.051310 -0.083125 -0.012883
v -0.050655 -0.083125 -0.010190
v -0.047750 -0.059721 -0.008109
v -0.045745 -0.036037 -0.008844
v -0.049878 -0.083125 -0.007462
v -0.046479 -0.013703 -0.016405
v -0.047533 -0.036037 -0.016191
v -0.046010 -0.013703 -0.014093
v -0.049621 -0.059721 -0.015818
v -0.051836 -0.083125 -0.015495
v -0.053273 -0.104617 -0.015430
v -0.052732 -0.104617 -0.012779
v -0.052059 -0.104617 -0.010046
v -0.051259 -0.104617 -0.007277
v -0.044732 -0.013703 -0.009295
v -0.045426 -0.013703 -0.011709
v -0.048347 -0.036037 -0.022384
v -0.050472 -0.059721 -0.022317
v -0.050277 -0.059721 -0.020390
v -0.048160 -0.036037 -0.020548
v -0.052727 -0.083125 -0.022266
v -0.052522 -0.083125 -0.020258
v -0.050001 -0.059721 -0.018200
v -0.047897 -0.036037 -0.018461
v -0.052233 -0.083125 -0.017976
v -0.047403 -0.013703 -0.023867
v -0.048479 -0.036037 -0.023902
v -0.047274 -0.013703 -0.022398
v -0.050610 -0.059721 -0.023909
v -0.052871 -0.083125 -0.023925
v -0.054338 -0.104617 -0.023986
v -0.054190 -0.104617 -0.022302
v -0.053979 -0.104617 -0.020264
v -0.053682 -0.104617 -0.017949
v -0.046834 -0.013703 -0.018601
v -0.047092 -0.013703 -0.020621
v 0.044275 -0.036037 -0.025054
v 0.046405 -0.059721 -0.025118
v 0.045588 -0.059721 -0.025987
v 0.043494 -0.036037 -0.025882
v 0.048665 -0.083125 -0.025185
v 0.047810 -0.083125 -0.026090
v 0.043222 -0.059721 -0.026578
v 0.041233 -0.036037 -0.026445
v 0.045334 -0.083125 -0.026706
v 0.043224 -0.013703 -0.023867
v 0.044300 -0.036037 -0.023902
v 0.043200 -0.013703 -0.024982
v 0.046431 -0.059721 -0.023909
v 0.048692 -0.083125 -0.023925
v 0.050159 -0.104617 -0.023986
v 0.050131 -0.104617 -0.025265
v 0.049251 -0.104617 -0.026183
v 0.046704 -0.104617 -0.026809
v 0.040228 -0.013703 -0.026328
v 0.042437 -0.013703 -0.025783
v 0.041566 -0.036037 -0.008844
v 0.043571 -0.059721 -0.008109
v 0.044314 -0.059721 -0.010727
v 0.042276 -0.036037 -0.011339
v 0.045699 -0.083125 -0.007462
v 0.046476 -0.083125 -0.010190
v 0.044939 -0.059721 -0.013311
v 0.042874 -0.036037 -0.013802
v 0.047130 -0.083125 -0.012883
v 0.039753 -0.013703 -0.006889
v 0.040747 -0.036037 -0.006358
v 0.040553 -0.013703 -0.009295
v 0.042715 -0.059721 -0.005500
v 0.044803 -0.083125 -0.004744
v 0.046158 -0.104617 -0.004518
v 0.047079 -0.104617 -0.007277
v 0.047879 -0.104617 -0.010046
v 0.048553 -0.104617 -0.012779
v 0.049094 -0.104617 -0.015430
v 0.047656 -0.083125 -0.015495
v 0.045441 -0.059721 -0.015818
v 0.043354 -0.036037 -0.016191
v 0.041831 -0.013703 -0.014093
v 0.042300 -0.013703 -0.016405
v 0.041247 -0.013703 -0.011709
v 0.037680 -0.036037 0.000793
v 0.039507 -0.059721 0.002004
v 0.040680 -0.059721 -0.000435
v 0.038802 -0.036037 -0.001531
v 0.041445 -0.083125 0.003075
v 0.042673 -0.083125 0.000534
v 0.041750 -0.059721 -0.002938
v 0.039825 -0.036037 -0.003916
v 0.043793 -0.083125 -0.002074
v 0.035568 -0.013703 0.002216
v 0.036462 -0.036037 0.003050
v 0.036757 -0.013703 0.000032
v 0.038233 -0.059721 0.004371
v 0.040112 -0.083125 0.005542
v 0.041332 -0.104617 0.005921
v 0.042703 -0.104617 0.003417
v 0.043966 -0.104617 0.000838
v 0.045119 -0.104617 -0.001809
v 0.038853 -0.013703 -0.004526
v 0.037853 -0.013703 -0.002217
v 0.032265 -0.036037 0.009361
v 0.033843 -0.059721 0.010994
v 0.035398 -0.059721 0.008872
v 0.033752 -0.036037 0.007339
v 0.035518 -0.083125 0.012442
v 0.037145 -0.083125 0.010231
v 0.036863 -0.059721 0.006663
v 0.035152 -0.036037 0.005233
v 0.038678 -0.083125 0.007929
v 0.029936 -0.013703 0.010196
v 0.030696 -0.036037 0.011296
v 0.031468 -0.013703 0.008324
v 0.032202 -0.059721 0.013024
v 0.033800 -0.083125 0.014557
v 0.034837 -0.104617 0.015071
v 0.036605 -0.104617 0.012925
v 0.038279 -0.104617 0.010680
v 0.039856 -0.104617 0.008344
v 0.034288 -0.013703 0.004329
v 0.032920 -0.013703 0.006367
v 0.025531 -0.036037 0.016525
v 0.026799 -0.059721 0.018511
v 0.028676 -0.059721 0.016787
v 0.027325 -0.036037 0.014882
v 0.028145 -0.083125 0.020275
v 0.030109 -0.083125 0.018478
v 0.030478 -0.059721 0.014956
v 0.029048 -0.036037 0.013137
v 0.031996 -0.083125 0.016571
v 0.023073 -0.013703 0.016745
v 0.023670 -0.036037 0.018063
v 0.024890 -0.013703 0.015257
v 0.024853 -0.059721 0.020125
v 0.026109 -0.083125 0.021956
v 0.026924 -0.104617 0.022581
v 0.029019 -0.104617 0.020874
v 0.031040 -0.104617 0.019051
v 0.032981 -0.104617 0.017115
v 0.028326 -0.013703 0.011978
v 0.026642 -0.013703 0.013666
v 0.017734 -0.036037 0.022009
v 0.018645 -0.059721 0.024266
v 0.020771 -0.059721 0.023006
v 0.019767 -0.036037 0.020808
v 0.019611 -0.083125 0.026271
v 0.021836 -0.083125 0.024958
v 0.022842 -0.059721 0.021624
v 0.021747 -0.036037 0.019492
v 0.024004 -0.083125 0.023518
v 0.015242 -0.013703 0.021612
v 0.015654 -0.036037 0.023091
v 0.017275 -0.013703 0.020564
v 0.016469 -0.059721 0.025402
v 0.017334 -0.083125 0.027454
v 0.017895 -0.104617 0.028161
v 0.020238 -0.104617 0.026960
v 0.022528 -0.104617 0.025627
v 0.024758 -0.104617 0.024166
v 0.021194 -0.013703 0.018128
v 0.019260 -0.013703 0.019402
v 0.009176 -0.036037 0.025603
v 0.009694 -0.059721 0.028037
v 0.011988 -0.059721 0.027289
v 0.011370 -0.036037 0.024890
v 0.010243 -0.083125 0.030200
v 0.012644 -0.083125 0.029421
v 0.014248 -0.059721 0.026410
v 0.013531 -0.036037 0.024052
v 0.015009 -0.083125 0.028505
v 0.006746 -0.013703 0.024608
v 0.006956 -0.036037 0.026188
v 0.008915 -0.013703 0.024042
v 0.007371 -0.059721 0.028651
v 0.007812 -0.083125 0.030840
v 0.008098 -0.104617 0.031597
v 0.010599 -0.104617 0.030947
v 0.013070 -0.104617 0.030157
v 0.015504 -0.104617 0.029227
v 0.013168 -0.013703 0.022542
v 0.011058 -0.013703 0.023352
v 0.000186 -0.036037 0.027168
v 0.000290 -0.059721 0.029679
v 0.002664 -0.059721 0.029473
v 0.002455 -0.036037 0.026971
v 0.000401 -0.083125 0.031911
v 0.002885 -0.083125 0.031696
v 0.005026 -0.059721 0.029130
v 0.004714 -0.036037 0.026644
v 0.005358 -0.083125 0.031339
v 0.000133 -0.013703 0.025557
v 0.000473 -0.104617 0.032684
v 0.003029 -0.104617 0.032466
v 0.005573 -0.104617 0.032103
v 0.004556 -0.013703 0.025050
v 0.002350 -0.013703 0.025366
v 0.033579 -0.122953 -0.027497
v 0.032521 -0.138435 -0.027490
v 0.022316 -0.138435 -0.027603
v 0.023062 -0.122953 -0.027617
v 0.030601 -0.151753 -0.027453
v 0.020962 -0.151753 -0.027556
v 0.010513 -0.138435 -0.027645
v 0.010898 -0.122953 -0.027662
v 0.009814 -0.151753 -0.027594
v 0.041625 -0.122953 -0.027262
v 0.040328 -0.138435 -0.027270
v 0.037975 -0.151753 -0.027252
v -0.002090 -0.151753 -0.027599
v -0.002090 -0.138435 -0.027651
v -0.002090 -0.122953 -0.027668
v -0.015077 -0.122953 -0.027662
v -0.014692 -0.138435 -0.027645
v -0.026495 -0.138435 -0.027603
v -0.027241 -0.122953 -0.027617
v -0.013993 -0.151753 -0.027594
v -0.025141 -0.151753 -0.027556
v -0.036700 -0.138435 -0.027490
v -0.037758 -0.122953 -0.027497
v -0.034780 -0.151753 -0.027453
v -0.042154 -0.151753 -0.027252
v -0.044507 -0.138435 -0.027270
v -0.045804 -0.122953 -0.027262
v -0.009744 -0.122953 0.030559
v -0.009517 -0.138435 0.027052
v -0.007051 -0.138435 0.027385
v -0.007202 -0.122953 0.030913
v -0.009104 -0.151753 0.022233
v -0.006775 -0.151753 0.022536
v -0.004573 -0.138435 0.027584
v -0.004649 -0.122953 0.031125
v -0.004435 -0.151753 0.022718
v -0.012266 -0.122953 0.030065
v -0.011964 -0.138435 0.026588
v -0.011416 -0.151753 0.021811
v -0.002090 -0.151753 0.022779
v -0.002090 -0.138435 0.027651
v -0.002090 -0.122953 0.031196
v -0.019663 -0.122953 0.027755
v -0.019142 -0.138435 0.024418
v -0.016783 -0.138435 0.025270
v -0.017232 -0.122953 0.028661
v -0.018195 -0.151753 0.019834
v -0.015967 -0.151753 0.020609
v -0.014388 -0.138435 0.025994
v -0.014764 -0.122953 0.029432
v -0.013706 -0.151753 0.021269
v -0.022052 -0.122953 0.026716
v -0.021460 -0.138435 0.023441
v -0.020385 -0.151753 0.018944
v -0.028907 -0.122953 0.022821
v -0.028111 -0.138435 0.019783
v -0.025950 -0.138435 0.021121
v -0.026679 -0.122953 0.024245
v -0.026668 -0.151753 0.015611
v -0.024626 -0.151753 0.016830
v -0.023731 -0.138435 0.022341
v -0.024392 -0.122953 0.025545
v -0.022530 -0.151753 0.017942
v -0.031070 -0.122953 0.021276
v -0.030210 -0.138435 0.018331
v -0.028650 -0.151753 0.014288
v -0.037121 -0.122953 0.015947
v -0.036081 -0.138435 0.013325
v -0.034200 -0.138435 0.015098
v -0.035182 -0.122953 0.017835
v -0.034195 -0.151753 0.009728
v -0.032418 -0.151753 0.011343
v -0.032242 -0.138435 0.016768
v -0.033163 -0.122953 0.019612
v -0.030569 -0.151753 0.012865
v -0.038975 -0.122953 0.013955
v -0.037881 -0.138435 0.011453
v -0.035895 -0.151753 0.008023
v -0.043988 -0.122953 0.007397
v -0.042745 -0.138435 0.005292
v -0.041216 -0.138435 0.007432
v -0.042413 -0.122953 0.009675
v -0.040489 -0.151753 0.002411
v -0.039045 -0.151753 0.004360
v -0.039594 -0.138435 0.009488
v -0.040740 -0.122953 0.011863
v -0.037513 -0.151753 0.006232
v -0.045462 -0.122953 0.005035
v -0.044175 -0.138435 0.003073
v -0.041840 -0.151753 0.000389
v -0.049245 -0.122953 -0.002500
v -0.047846 -0.138435 -0.004006
v -0.046729 -0.138435 -0.001582
v -0.048094 -0.122953 0.000080
v -0.045307 -0.151753 -0.006060
v -0.044252 -0.151753 -0.003851
v -0.045504 -0.138435 0.000780
v -0.046832 -0.122953 0.002594
v -0.043096 -0.151753 -0.001700
v -0.050283 -0.122953 -0.005142
v -0.048853 -0.138435 -0.006488
v -0.046258 -0.151753 -0.008320
v -0.052675 -0.122953 -0.013194
v -0.051174 -0.138435 -0.014053
v -0.050522 -0.138435 -0.011550
v -0.052003 -0.122953 -0.010530
v -0.048451 -0.151753 -0.015212
v -0.047835 -0.151753 -0.012932
v -0.049746 -0.138435 -0.009014
v -0.051203 -0.122953 -0.007831
v -0.047102 -0.151753 -0.010622
v -0.053216 -0.122953 -0.015779
v -0.051699 -0.138435 -0.016481
v -0.048946 -0.151753 -0.017424
v -0.054131 -0.122953 -0.022478
v -0.052587 -0.138435 -0.022775
v -0.052383 -0.138435 -0.020909
v -0.053921 -0.122953 -0.020492
v -0.049786 -0.151753 -0.023157
v -0.049593 -0.151753 -0.021457
v -0.052095 -0.138435 -0.018788
v -0.053624 -0.122953 -0.018234
v -0.049321 -0.151753 -0.019525
v -0.054280 -0.122953 -0.024119
v -0.052731 -0.138435 -0.024317
v -0.049922 -0.151753 -0.024562
v 0.050073 -0.122953 -0.025366
v 0.048525 -0.138435 -0.025489
v 0.047672 -0.138435 -0.026329
v 0.049194 -0.122953 -0.026261
v 0.045717 -0.151753 -0.025629
v 0.044911 -0.151753 -0.026395
v 0.045204 -0.138435 -0.026902
v 0.046649 -0.122953 -0.026871
v 0.042580 -0.151753 -0.026917
v 0.050101 -0.122953 -0.024119
v 0.048552 -0.138435 -0.024317
v 0.045743 -0.151753 -0.024562
v 0.047024 -0.122953 -0.007831
v 0.045567 -0.138435 -0.009014
v 0.046343 -0.138435 -0.011550
v 0.047823 -0.122953 -0.010530
v 0.042923 -0.151753 -0.010622
v 0.043655 -0.151753 -0.012932
v 0.046995 -0.138435 -0.014053
v 0.048496 -0.122953 -0.013194
v 0.044272 -0.151753 -0.015212
v 0.046103 -0.122953 -0.005142
v 0.044674 -0.138435 -0.006488
v 0.042079 -0.151753 -0.008320
v 0.044767 -0.151753 -0.017424
v 0.047520 -0.138435 -0.016481
v 0.049036 -0.122953 -0.015779
v 0.042653 -0.122953 0.002594
v 0.041325 -0.138435 0.000780
v 0.042550 -0.138435 -0.001582
v 0.043915 -0.122953 0.000080
v 0.038916 -0.151753 -0.001700
v 0.040073 -0.151753 -0.003851
v 0.043667 -0.138435 -0.004006
v 0.045066 -0.122953 -0.002500
v 0.041128 -0.151753 -0.006060
v 0.041283 -0.122953 0.005035
v 0.039996 -0.138435 0.003073
v 0.037661 -0.151753 0.000389
v 0.036561 -0.122953 0.011863
v 0.035414 -0.138435 0.009488
v 0.037037 -0.138435 0.007432
v 0.038233 -0.122953 0.009675
v 0.033334 -0.151753 0.006232
v 0.034866 -0.151753 0.004360
v 0.038566 -0.138435 0.005292
v 0.039809 -0.122953 0.007397
v 0.036310 -0.151753 0.002411
v 0.034796 -0.122953 0.013955
v 0.033701 -0.138435 0.011453
v 0.031716 -0.151753 0.008023
v 0.028984 -0.122953 0.019612
v 0.028062 -0.138435 0.016768
v 0.030021 -0.138435 0.015098
v 0.031003 -0.122953 0.017835
v 0.026389 -0.151753 0.012865
v 0.028239 -0.151753 0.011343
v 0.031902 -0.138435 0.013325
v 0.032941 -0.122953 0.015947
v 0.030016 -0.151753 0.009728
v 0.026891 -0.122953 0.021276
v 0.026031 -0.138435 0.018331
v 0.024471 -0.151753 0.014288
v 0.020213 -0.122953 0.025545
v 0.019552 -0.138435 0.022341
v 0.021771 -0.138435 0.021121
v 0.022500 -0.122953 0.024245
v 0.018351 -0.151753 0.017942
v 0.020447 -0.151753 0.016830
v 0.023932 -0.138435 0.019783
v 0.024728 -0.122953 0.022821
v 0.022489 -0.151753 0.015611
v 0.017873 -0.122953 0.026716
v 0.017280 -0.138435 0.023441
v 0.016206 -0.151753 0.018944
v 0.010585 -0.122953 0.029432
v 0.010209 -0.138435 0.025994
v 0.012603 -0.138435 0.025270
v 0.013053 -0.122953 0.028661
v 0.009527 -0.151753 0.021269
v 0.011788 -0.151753 0.020609
v 0.014962 -0.138435 0.024418
v 0.015484 -0.122953 0.027755
v 0.014016 -0.151753 0.019834
v 0.008087 -0.122953 0.030065
v 0.007785 -0.138435 0.026588
v 0.007237 -0.151753 0.021811
v 0.000470 -0.122953 0.031125
v 0.000394 -0.138435 0.027584
v 0.002872 -0.138435 0.027385
v 0.003023 -0.122953 0.030913
v 0.000256 -0.151753 0.022718
v 0.002596 -0.151753 0.022536
v 0.005337 -0.138435 0.027052
v 0.005564 -0.122953 0.030559
v 0.004925 -0.151753 0.022233
v -0.018456 -0.203752 -0.018046
v -0.018918 -0.203752 -0.018821
v -0.015248 -0.206685 -0.020815
v -0.014887 -0.206685 -0.020223
v -0.019339 -0.203752 -0.019615
v -0.015577 -0.206685 -0.021424
v -0.012139 -0.208396 -0.022512
v -0.011863 -0.208396 -0.022075
v -0.012390 -0.208396 -0.022962
v -0.017955 -0.203752 -0.017295
v -0.019718 -0.203752 -0.020429
v -0.015874 -0.206685 -0.022046
v -0.012617 -0.208396 -0.023422
v -0.010026 -0.209326 -0.024503
v -0.009855 -0.209326 -0.024171
v -0.009665 -0.209326 -0.023847
v -0.009458 -0.209326 -0.023531
v -0.011564 -0.208396 -0.021650
v -0.009232 -0.209326 -0.023225
v -0.014495 -0.206685 -0.019648
v -0.003026 -0.203752 -0.009260
v -0.003960 -0.203752 -0.009326
v -0.003552 -0.206685 -0.013551
v -0.002822 -0.206685 -0.013501
v -0.004889 -0.203752 -0.009434
v -0.004279 -0.206685 -0.013634
v -0.003206 -0.208396 -0.017145
v -0.002649 -0.208396 -0.017108
v -0.003762 -0.208396 -0.017207
v -0.002090 -0.203752 -0.009238
v -0.005812 -0.203752 -0.009587
v -0.005000 -0.206685 -0.013751
v -0.004313 -0.208396 -0.017292
v -0.003765 -0.209326 -0.020081
v -0.003350 -0.209326 -0.020018
v -0.002932 -0.209326 -0.019974
v -0.002511 -0.209326 -0.019947
v -0.002090 -0.208396 -0.017096
v -0.002090 -0.209326 -0.019938
v -0.002090 -0.206685 -0.013484
v 0.010725 -0.203752 -0.013934
v 0.010015 -0.203752 -0.013353
v 0.007376 -0.206685 -0.016632
v 0.007930 -0.206685 -0.017077
v 0.009277 -0.203752 -0.012806
v 0.006798 -0.206685 -0.016214
v 0.005139 -0.208396 -0.019422
v 0.005563 -0.208396 -0.019750
v 0.004698 -0.208396 -0.019112
v 0.011403 -0.203752 -0.014548
v 0.008511 -0.203752 -0.012293
v 0.006200 -0.206685 -0.015822
v 0.004241 -0.208396 -0.018823
v 0.002683 -0.209326 -0.021185
v 0.003028 -0.209326 -0.021394
v 0.003360 -0.209326 -0.021617
v 0.003679 -0.209326 -0.021854
v 0.005968 -0.208396 -0.020097
v 0.003985 -0.209326 -0.022104
v 0.008461 -0.206685 -0.017546
v 0.002661 -0.203752 -0.027364
v 0.007111 -0.203752 -0.027350
v 0.005105 -0.206685 -0.027341
v 0.001625 -0.206685 -0.027352
v 0.010958 -0.203752 -0.027313
v 0.008113 -0.206685 -0.027313
v 0.003405 -0.208396 -0.027334
v 0.000748 -0.208396 -0.027342
v 0.005702 -0.208396 -0.027313
v -0.002090 -0.203752 -0.027366
v 0.013901 -0.203752 -0.027241
v 0.010414 -0.206685 -0.027258
v 0.007460 -0.208396 -0.027272
v 0.005109 -0.209326 -0.027282
v 0.003784 -0.209326 -0.027311
v 0.002052 -0.209326 -0.027326
v 0.000049 -0.209326 -0.027332
v -0.002090 -0.208396 -0.027343
v -0.002090 -0.209326 -0.027333
v -0.002090 -0.206685 -0.027353
v -0.015137 -0.203752 -0.027313
v -0.011290 -0.203752 -0.027350
v -0.009284 -0.206685 -0.027341
v -0.012292 -0.206685 -0.027313
v -0.006840 -0.203752 -0.027364
v -0.005804 -0.206685 -0.027352
v -0.007584 -0.208396 -0.027334
v -0.009881 -0.208396 -0.027313
v -0.004927 -0.208396 -0.027342
v -0.018080 -0.203752 -0.027241
v -0.004228 -0.209326 -0.027332
v -0.006232 -0.209326 -0.027326
v -0.007963 -0.209326 -0.027311
v -0.011639 -0.208396 -0.027272
v -0.009288 -0.209326 -0.027282
v -0.014593 -0.206685 -0.027258
v -0.021170 -0.203752 -0.026657
v -0.020849 -0.203752 -0.026933
v -0.016758 -0.206685 -0.027022
v -0.017009 -0.206685 -0.026811
v -0.019918 -0.203752 -0.027121
v -0.016030 -0.206685 -0.027166
v -0.013292 -0.208396 -0.027098
v -0.013484 -0.208396 -0.026942
v -0.012736 -0.208396 -0.027204
v -0.025882 -0.199160 -0.026488
v -0.021181 -0.203752 -0.026273
v -0.025481 -0.199160 -0.026836
v -0.024320 -0.199160 -0.027073
v -0.010116 -0.209326 -0.027233
v -0.010535 -0.209326 -0.027156
v -0.010679 -0.209326 -0.027044
v -0.013490 -0.208396 -0.026725
v -0.010684 -0.209326 -0.026887
v -0.017017 -0.206685 -0.026517
v -0.010248 -0.203752 -0.010979
v -0.011084 -0.203752 -0.011379
v -0.009123 -0.206685 -0.015122
v -0.008469 -0.206685 -0.014816
v -0.011899 -0.203752 -0.011817
v -0.009760 -0.206685 -0.015457
v -0.007461 -0.208396 -0.018306
v -0.006962 -0.208396 -0.018079
v -0.007948 -0.208396 -0.018554
v -0.009392 -0.203752 -0.010618
v -0.012691 -0.203752 -0.012293
v -0.010379 -0.206685 -0.015822
v -0.008420 -0.208396 -0.018823
v -0.006862 -0.209326 -0.021185
v -0.006506 -0.209326 -0.020990
v -0.006139 -0.209326 -0.020812
v -0.005762 -0.209326 -0.020648
v -0.006450 -0.208396 -0.017876
v -0.005377 -0.209326 -0.020501
v -0.007799 -0.206685 -0.014540
v 0.004339 -0.203752 -0.010298
v 0.003449 -0.203752 -0.010019
v 0.002242 -0.206685 -0.014081
v 0.002937 -0.206685 -0.014295
v 0.002547 -0.203752 -0.009782
v 0.001536 -0.206685 -0.013900
v 0.001218 -0.208396 -0.017537
v 0.001749 -0.208396 -0.017695
v 0.000679 -0.208396 -0.017403
v 0.005213 -0.203752 -0.010618
v 0.001633 -0.203752 -0.009587
v 0.000821 -0.206685 -0.013751
v 0.000133 -0.208396 -0.017292
v -0.000414 -0.209326 -0.020081
v -0.000002 -0.209326 -0.020160
v 0.000404 -0.209326 -0.020257
v 0.000804 -0.209326 -0.020371
v 0.002271 -0.208396 -0.017876
v 0.001198 -0.209326 -0.020501
v 0.003620 -0.206685 -0.014540
v 0.016414 -0.203752 -0.022909
v 0.016168 -0.203752 -0.022088
v 0.012187 -0.206685 -0.023315
v 0.012379 -0.206685 -0.023943
v 0.015876 -0.203752 -0.021257
v 0.011958 -0.206685 -0.022679
v 0.008814 -0.208396 -0.024360
v 0.008961 -0.208396 -0.024823
v 0.008639 -0.208396 -0.023890
v 0.016612 -0.203752 -0.023705
v 0.015539 -0.203752 -0.020429
v 0.011695 -0.206685 -0.022046
v 0.008438 -0.208396 -0.023422
v 0.005847 -0.209326 -0.024503
v 0.005998 -0.209326 -0.024841
v 0.006130 -0.209326 -0.025180
v 0.006241 -0.209326 -0.025515
v 0.009079 -0.208396 -0.025273
v 0.006330 -0.209326 -0.025839
v 0.012534 -0.206685 -0.024552
v -0.016228 -0.203752 -0.015192
v -0.016840 -0.203752 -0.015866
v -0.013623 -0.206685 -0.018555
v -0.013145 -0.206685 -0.018039
v -0.017416 -0.203752 -0.016567
v -0.014074 -0.206685 -0.019092
v -0.010898 -0.208396 -0.020842
v -0.010533 -0.208396 -0.020461
v -0.011242 -0.208396 -0.021239
v -0.015582 -0.203752 -0.014548
v -0.008989 -0.209326 -0.022928
v -0.008730 -0.209326 -0.022642
v -0.008454 -0.209326 -0.022367
v -0.010147 -0.208396 -0.020097
v -0.008164 -0.209326 -0.022104
v -0.012640 -0.206685 -0.017546
v 0.013237 -0.203752 -0.016567
v 0.012660 -0.203752 -0.015866
v 0.009444 -0.206685 -0.018555
v 0.009894 -0.206685 -0.019092
v 0.012049 -0.203752 -0.015192
v 0.008966 -0.206685 -0.018039
v 0.006719 -0.208396 -0.020842
v 0.007063 -0.208396 -0.021239
v 0.006353 -0.208396 -0.020461
v 0.013776 -0.203752 -0.017295
v 0.004275 -0.209326 -0.022367
v 0.004551 -0.209326 -0.022642
v 0.004810 -0.209326 -0.022928
v 0.007385 -0.208396 -0.021650
v 0.005053 -0.209326 -0.023225
v 0.010316 -0.206685 -0.019648
v -0.020055 -0.203752 -0.021257
v -0.020348 -0.203752 -0.022088
v -0.016366 -0.206685 -0.023315
v -0.016137 -0.206685 -0.022679
v -0.020593 -0.203752 -0.022909
v -0.016558 -0.206685 -0.023943
v -0.012993 -0.208396 -0.024360
v -0.012818 -0.208396 -0.023890
v -0.013140 -0.208396 -0.024823
v -0.020791 -0.203752 -0.023705
v -0.016713 -0.206685 -0.024552
v -0.013258 -0.208396 -0.025273
v -0.010509 -0.209326 -0.025839
v -0.010420 -0.209326 -0.025515
v -0.010309 -0.209326 -0.025180
v -0.010177 -0.209326 -0.024841
v -0.006726 -0.203752 -0.009782
v -0.007629 -0.203752 -0.010019
v -0.006421 -0.206685 -0.014081
v -0.005715 -0.206685 -0.013900
v -0.008518 -0.203752 -0.010298
v -0.007116 -0.206685 -0.014295
v -0.005397 -0.208396 -0.017537
v -0.004858 -0.208396 -0.017403
v -0.005928 -0.208396 -0.017695
v -0.004983 -0.209326 -0.020371
v -0.004583 -0.209326 -0.020257
v -0.004177 -0.209326 -0.020160
v 0.007720 -0.203752 -0.011817
v 0.006905 -0.203752 -0.011379
v 0.004944 -0.206685 -0.015122
v 0.005581 -0.206685 -0.015457
v 0.006069 -0.203752 -0.010979
v 0.004290 -0.206685 -0.014816
v 0.003282 -0.208396 -0.018306
v 0.003769 -0.208396 -0.018554
v 0.002782 -0.208396 -0.018079
v 0.001583 -0.209326 -0.020648
v 0.001960 -0.209326 -0.020812
v 0.002327 -0.209326 -0.020990
v 0.016947 -0.203752 -0.025768
v 0.016870 -0.203752 -0.025156
v 0.012736 -0.206685 -0.025663
v 0.012796 -0.206685 -0.026131
v 0.016762 -0.203752 -0.024461
v 0.012651 -0.206685 -0.025131
v 0.009233 -0.208396 -0.026094
v 0.009279 -0.208396 -0.026440
v 0.009168 -0.208396 -0.025701
v 0.021648 -0.199160 -0.025365
v 0.017001 -0.203752 -0.026273
v 0.021552 -0.199160 -0.024593
v 0.021417 -0.199160 -0.023715
v 0.006397 -0.209326 -0.026148
v 0.006446 -0.209326 -0.026431
v 0.006480 -0.209326 -0.026681
v 0.009311 -0.208396 -0.026725
v 0.006505 -0.209326 -0.026887
v 0.012838 -0.206685 -0.026517
v 0.000710 -0.203752 -0.009434
v -0.000219 -0.203752 -0.009326
v -0.000627 -0.206685 -0.013551
v 0.000100 -0.206685 -0.013634
v -0.001153 -0.203752 -0.009260
v -0.001357 -0.206685 -0.013501
v -0.000973 -0.208396 -0.017145
v -0.000418 -0.208396 -0.017207
v -0.001530 -0.208396 -0.017108
v -0.001668 -0.209326 -0.019947
v -0.001248 -0.209326 -0.019974
v -0.000829 -0.209326 -0.020018
v -0.013456 -0.203752 -0.012806
v -0.014195 -0.203752 -0.013353
v -0.011555 -0.206685 -0.016632
v -0.010978 -0.206685 -0.016214
v -0.014904 -0.203752 -0.013934
v -0.012109 -0.206685 -0.017077
v -0.009318 -0.208396 -0.019422
v -0.008877 -0.208396 -0.019112
v -0.009742 -0.208396 -0.019750
v -0.007858 -0.209326 -0.021854
v -0.007539 -0.209326 -0.021617
v -0.007207 -0.209326 -0.021394
v 0.015160 -0.203752 -0.019615
v 0.014739 -0.203752 -0.018821
v 0.011069 -0.206685 -0.020815
v 0.011398 -0.206685 -0.021424
v 0.014277 -0.203752 -0.018046
v 0.010708 -0.206685 -0.020223
v 0.007960 -0.208396 -0.022512
v 0.008211 -0.208396 -0.022962
v 0.007684 -0.208396 -0.022075
v 0.005278 -0.209326 -0.023531
v 0.005486 -0.209326 -0.023847
v 0.005676 -0.209326 -0.024171
v -0.007705 -0.209855 -0.024552
v -0.007865 -0.209855 -0.024781
v -0.006628 -0.210126 -0.025382
v -0.006489 -0.210126 -0.025209
v -0.008012 -0.209855 -0.025017
v -0.006762 -0.210126 -0.025554
v -0.005804 -0.210226 -0.025743
v -0.005654 -0.210226 -0.025607
v -0.005967 -0.210226 -0.025866
v -0.007532 -0.209855 -0.024328
v -0.008144 -0.209855 -0.025258
v -0.006875 -0.210126 -0.025731
v -0.006088 -0.210226 -0.025989
v -0.005680 -0.210240 -0.026098
v -0.005472 -0.210240 -0.026051
v -0.005237 -0.210240 -0.025965
v -0.005046 -0.210240 -0.025850
v -0.005524 -0.210226 -0.025465
v -0.004906 -0.210240 -0.025718
v -0.006347 -0.210126 -0.025038
v 0.002311 -0.209855 -0.023328
v 0.002065 -0.209855 -0.023157
v 0.001178 -0.210126 -0.024151
v 0.001384 -0.210126 -0.024269
v 0.001811 -0.209855 -0.022995
v 0.000968 -0.210126 -0.024033
v 0.000594 -0.210226 -0.024753
v 0.000800 -0.210226 -0.024819
v 0.000394 -0.210226 -0.024672
v 0.002544 -0.209855 -0.023509
v 0.001547 -0.209855 -0.022842
v 0.000755 -0.210126 -0.023918
v 0.000205 -0.210226 -0.024579
v -0.000208 -0.210240 -0.024994
v -0.000018 -0.210240 -0.025074
v 0.000204 -0.210240 -0.025126
v 0.000452 -0.210240 -0.025137
v 0.000971 -0.210226 -0.024897
v 0.000658 -0.210240 -0.025121
v 0.001573 -0.210126 -0.024398
v -0.006943 -0.209855 -0.023701
v -0.007151 -0.209855 -0.023902
v -0.006059 -0.210126 -0.024707
v -0.005913 -0.210126 -0.024547
v -0.007347 -0.209855 -0.024111
v -0.006203 -0.210126 -0.024871
v -0.005316 -0.210226 -0.025175
v -0.005244 -0.210226 -0.025025
v -0.005409 -0.210226 -0.025322
v -0.006723 -0.209855 -0.023509
v -0.004814 -0.210240 -0.025580
v -0.004775 -0.210240 -0.025429
v -0.004793 -0.210240 -0.025263
v -0.005150 -0.210226 -0.024897
v -0.004837 -0.210240 -0.025121
v -0.005752 -0.210126 -0.024398
v 0.003168 -0.209855 -0.024111
v 0.002972 -0.209855 -0.023902
v 0.001880 -0.210126 -0.024707
v 0.002024 -0.210126 -0.024871
v 0.002764 -0.209855 -0.023701
v 0.001734 -0.210126 -0.024547
v 0.001137 -0.210226 -0.025175
v 0.001230 -0.210226 -0.025322
v 0.001065 -0.210226 -0.025025
v 0.003353 -0.209855 -0.024328
v 0.000614 -0.210240 -0.025263
v 0.000596 -0.210240 -0.025429
v 0.000635 -0.210240 -0.025580
v 0.001344 -0.210226 -0.025465
v 0.000727 -0.210240 -0.025718
v 0.002168 -0.210126 -0.025038
v -0.005990 -0.209855 -0.022995
v -0.006244 -0.209855 -0.023157
v -0.005357 -0.210126 -0.024151
v -0.005147 -0.210126 -0.024033
v -0.006490 -0.209855 -0.023328
v -0.005564 -0.210126 -0.024269
v -0.004773 -0.210226 -0.024753
v -0.004573 -0.210226 -0.024672
v -0.004979 -0.210226 -0.024819
v -0.005726 -0.209855 -0.022842
v -0.004631 -0.210240 -0.025137
v -0.004384 -0.210240 -0.025126
v -0.004161 -0.210240 -0.025074
v -0.004384 -0.210226 -0.024579
v -0.003972 -0.210240 -0.024994
v -0.004935 -0.210126 -0.023918
v 0.003833 -0.209855 -0.025017
v 0.003686 -0.209855 -0.024781
v 0.002448 -0.210126 -0.025382
v 0.002583 -0.210126 -0.025554
v 0.003526 -0.209855 -0.024552
v 0.002309 -0.210126 -0.025209
v 0.001624 -0.210226 -0.025743
v 0.001787 -0.210226 -0.025866
v 0.001475 -0.210226 -0.025607
v 0.003965 -0.209855 -0.025258
v 0.000867 -0.210240 -0.025850
v 0.001058 -0.210240 -0.025965
v 0.001293 -0.210240 -0.026051
v 0.001909 -0.210226 -0.025989
v 0.001501 -0.210240 -0.026098
v 0.002696 -0.210126 -0.025731
v -0.004890 -0.209855 -0.022449
v -0.005175 -0.209855 -0.022569
v -0.004506 -0.210126 -0.023700
v -0.004293 -0.210126 -0.023596
v -0.005454 -0.209855 -0.022701
v -0.004720 -0.210126 -0.023807
v -0.004043 -0.210226 -0.024374
v -0.003898 -0.210226 -0.024257
v -0.004206 -0.210226 -0.024481
v -0.004597 -0.209855 -0.022341
v -0.003813 -0.210240 -0.024894
v -0.003693 -0.210240 -0.024768
v -0.003615 -0.210240 -0.024611
v -0.003746 -0.210226 -0.024168
v -0.003577 -0.210240 -0.024468
v -0.004072 -0.210126 -0.023508
v 0.004258 -0.209855 -0.025995
v 0.004176 -0.209855 -0.025751
v 0.002826 -0.210126 -0.026105
v 0.002875 -0.210126 -0.026291
v 0.004078 -0.209855 -0.025504
v 0.002772 -0.210126 -0.025916
v 0.001913 -0.210226 -0.026291
v 0.001911 -0.210226 -0.026445
v 0.001930 -0.210226 -0.026135
v 0.004324 -0.209855 -0.026231
v 0.001379 -0.210240 -0.026215
v 0.001258 -0.210240 -0.026357
v 0.001182 -0.210240 -0.026495
v 0.001921 -0.210226 -0.026593
v 0.001142 -0.210240 -0.026628
v 0.002918 -0.210126 -0.026472
v -0.003681 -0.209855 -0.022096
v -0.003991 -0.209855 -0.022166
v -0.003590 -0.210126 -0.023399
v -0.003340 -0.210126 -0.023354
v -0.004297 -0.209855 -0.022247
v -0.003836 -0.210126 -0.023446
v -0.003334 -0.210226 -0.024145
v -0.003114 -0.210226 -0.024129
v -0.003552 -0.210226 -0.024146
v -0.003367 -0.209855 -0.022039
v -0.003403 -0.210240 -0.024543
v -0.003181 -0.210240 -0.024604
v -0.002961 -0.210240 -0.024620
v -0.002895 -0.210226 -0.024099
v -0.002750 -0.210240 -0.024602
v -0.003089 -0.210126 -0.023311
v 0.004438 -0.209855 -0.026845
v 0.004412 -0.209855 -0.026663
v 0.002979 -0.210126 -0.026803
v 0.002999 -0.210126 -0.026942
v 0.004375 -0.209855 -0.026456
v 0.002953 -0.210126 -0.026644
v 0.001948 -0.210226 -0.026869
v 0.001961 -0.210226 -0.026987
v 0.001935 -0.210226 -0.026736
v 0.004457 -0.209854 -0.026996
v 0.001124 -0.210240 -0.026758
v 0.001120 -0.210240 -0.026882
v 0.001125 -0.210240 -0.026993
v 0.001972 -0.210226 -0.027085
v 0.001133 -0.210240 -0.027086
v 0.003013 -0.210126 -0.027058
v -0.001130 -0.209855 -0.021993
v -0.001449 -0.209855 -0.021959
v -0.001594 -0.210126 -0.023240
v -0.001343 -0.210126 -0.023274
v -0.001769 -0.209855 -0.021938
v -0.001842 -0.210126 -0.023210
v -0.001706 -0.210226 -0.024012
v -0.001498 -0.210226 -0.024062
v -0.001902 -0.210226 -0.023948
v -0.000813 -0.209855 -0.022039
v -0.002090 -0.209855 -0.021930
v -0.002090 -0.210126 -0.023196
v -0.002090 -0.210226 -0.023911
v -0.002090 -0.210240 -0.024239
v -0.001975 -0.210240 -0.024358
v -0.001813 -0.210240 -0.024478
v -0.001628 -0.210240 -0.024557
v -0.001284 -0.210226 -0.024099
v -0.001429 -0.210240 -0.024602
v -0.001091 -0.210126 -0.023311
v -0.002410 -0.209855 -0.021938
v -0.002730 -0.209855 -0.021959
v -0.002586 -0.210126 -0.023240
v -0.002337 -0.210126 -0.023210
v -0.003049 -0.209855 -0.021993
v -0.002837 -0.210126 -0.023274
v -0.002473 -0.210226 -0.024012
v -0.002277 -0.210226 -0.023948
v -0.002681 -0.210226 -0.024062
v -0.002551 -0.210240 -0.024557
v -0.002367 -0.210240 -0.024478
v -0.002204 -0.210240 -0.024358
v -0.008633 -0.209855 -0.027110
v -0.008523 -0.209855 -0.027192
v -0.007112 -0.210126 -0.027209
v -0.007191 -0.210126 -0.027146
v -0.008206 -0.209855 -0.027248
v -0.006881 -0.210126 -0.027252
v -0.006107 -0.210226 -0.027212
v -0.006153 -0.210226 -0.027159
v -0.005965 -0.210226 -0.027247
v -0.008636 -0.209855 -0.026996
v -0.007578 -0.209855 -0.027284
v -0.006404 -0.210126 -0.027279
v -0.005634 -0.210226 -0.027268
v -0.005193 -0.210240 -0.027258
v -0.005258 -0.210240 -0.027240
v -0.005302 -0.210240 -0.027207
v -0.005316 -0.210240 -0.027157
v -0.006152 -0.210226 -0.027085
v -0.005312 -0.210240 -0.027086
v -0.007192 -0.210126 -0.027058
v 0.000118 -0.209855 -0.022247
v -0.000188 -0.209855 -0.022166
v -0.000590 -0.210126 -0.023399
v -0.000343 -0.210126 -0.023446
v -0.000498 -0.209855 -0.022096
v -0.000839 -0.210126 -0.023354
v -0.000845 -0.210226 -0.024145
v -0.000627 -0.210226 -0.024146
v -0.001066 -0.210226 -0.024129
v 0.000418 -0.209855 -0.022341
v -0.001218 -0.210240 -0.024620
v -0.000998 -0.210240 -0.024604
v -0.000776 -0.210240 -0.024543
v -0.000433 -0.210226 -0.024167
v -0.000602 -0.210240 -0.024468
v -0.000107 -0.210126 -0.023508
v -0.006569 -0.209855 -0.027305
v -0.005248 -0.209855 -0.027316
v -0.004580 -0.210126 -0.027302
v -0.005618 -0.210126 -0.027294
v -0.003721 -0.209855 -0.027320
v -0.003376 -0.210126 -0.027304
v -0.004154 -0.210226 -0.027284
v -0.005010 -0.210226 -0.027279
v -0.003156 -0.210226 -0.027285
v -0.002090 -0.209855 -0.027321
v -0.002090 -0.210126 -0.027305
v -0.002090 -0.210226 -0.027284
v -0.002090 -0.210240 -0.027258
v -0.003026 -0.210240 -0.027259
v -0.003907 -0.210240 -0.027260
v -0.004674 -0.210240 -0.027260
v -0.008258 -0.209855 -0.025504
v -0.008355 -0.209855 -0.025751
v -0.007005 -0.210126 -0.026105
v -0.006951 -0.210126 -0.025916
v -0.008437 -0.209855 -0.025995
v -0.007054 -0.210126 -0.026291
v -0.006092 -0.210226 -0.026291
v -0.006109 -0.210226 -0.026135
v -0.006090 -0.210226 -0.026445
v -0.008504 -0.209855 -0.026231
v -0.007098 -0.210126 -0.026472
v -0.006100 -0.210226 -0.026593
v -0.005321 -0.210240 -0.026628
v -0.005361 -0.210240 -0.026495
v -0.005437 -0.210240 -0.026357
v -0.005558 -0.210240 -0.026215
v 0.001275 -0.209855 -0.022701
v 0.000996 -0.209855 -0.022569
v 0.000327 -0.210126 -0.023700
v 0.000541 -0.210126 -0.023807
v 0.000711 -0.209855 -0.022449
v 0.000114 -0.210126 -0.023596
v -0.000136 -0.210226 -0.024374
v 0.000027 -0.210226 -0.024481
v -0.000281 -0.210226 -0.024257
v -0.000564 -0.210240 -0.024611
v -0.000486 -0.210240 -0.024768
v -0.000366 -0.210240 -0.024894
v -0.000458 -0.209855 -0.027320
v 0.001069 -0.209855 -0.027316
v 0.000401 -0.210126 -0.027302
v -0.000803 -0.210126 -0.027304
v 0.002390 -0.209855 -0.027305
v 0.001439 -0.210126 -0.027294
v -0.000025 -0.210226 -0.027284
v -0.001023 -0.210226 -0.027285
v 0.000831 -0.210226 -0.027279
v 0.003399 -0.209855 -0.027284
v 0.002225 -0.210126 -0.027279
v 0.001455 -0.210226 -0.027268
v 0.001014 -0.210240 -0.027258
v 0.000495 -0.210240 -0.027260
v -0.000272 -0.210240 -0.027260
v -0.001154 -0.210240 -0.027259
v 0.000244 -0.210240 -0.025375
v -0.000083 -0.210240 -0.025408
v -0.000290 -0.210240 -0.025641
v 0.000131 -0.210240 -0.025574
v -0.000359 -0.210240 -0.025382
v -0.000664 -0.210240 -0.025641
v -0.000409 -0.210240 -0.025839
v 0.000107 -0.210240 -0.025743
v -0.000932 -0.210240 -0.025876
v -0.000574 -0.210240 -0.025307
v -0.000942 -0.210240 -0.025571
v -0.001357 -0.210240 -0.025814
v -0.002090 -0.210240 -0.026120
v -0.001012 -0.210240 -0.026092
v -0.000377 -0.210240 -0.026011
v 0.000178 -0.210240 -0.025890
v 0.000534 -0.210240 -0.026476
v 0.000710 -0.210240 -0.026345
v 0.000238 -0.210240 -0.026275
v -0.000077 -0.210240 -0.026400
v 0.000956 -0.210240 -0.026204
v 0.000611 -0.210240 -0.026134
v -0.000145 -0.210240 -0.026159
v -0.000643 -0.210240 -0.026271
v 0.000348 -0.210240 -0.026024
v 0.000418 -0.210240 -0.026603
v -0.001070 -0.210240 -0.026398
v -0.000306 -0.210240 -0.026527
v -0.002848 -0.210240 -0.024998
v -0.003094 -0.210240 -0.024944
v -0.003064 -0.210240 -0.025214
v -0.002763 -0.210240 -0.025318
v -0.003352 -0.210240 -0.024820
v -0.003373 -0.210240 -0.025034
v -0.003098 -0.210240 -0.025425
v -0.002717 -0.210240 -0.025601
v -0.003457 -0.210240 -0.025193
v -0.002622 -0.210240 -0.024992
v -0.003605 -0.210240 -0.025307
v -0.003237 -0.210240 -0.025571
v -0.002822 -0.210240 -0.025814
v -0.002347 -0.210240 -0.025662
v -0.002493 -0.210240 -0.025332
v -0.001285 -0.210240 -0.026916
v -0.000480 -0.210240 -0.026945
v -0.000469 -0.210240 -0.026816
v -0.001276 -0.210240 -0.026767
v 0.000323 -0.210240 -0.026975
v 0.000328 -0.210240 -0.026860
v -0.000426 -0.210240 -0.026671
v -0.001238 -0.210240 -0.026585
v 0.000355 -0.210240 -0.026733
v -0.002090 -0.210240 -0.027023
v -0.001284 -0.210240 -0.027031
v -0.002090 -0.210240 -0.026903
v -0.000478 -0.210240 -0.027050
v 0.000327 -0.210240 -0.027071
v -0.002090 -0.210240 -0.026528
v -0.002090 -0.210240 -0.026744
v -0.002090 -0.210240 -0.024625
v -0.002241 -0.210240 -0.024812
v -0.002090 -0.210240 -0.025063
v -0.001938 -0.210240 -0.024812
v -0.002419 -0.210240 -0.024932
v -0.002270 -0.210240 -0.025242
v -0.001909 -0.210240 -0.025242
v -0.001760 -0.210240 -0.024932
v -0.002090 -0.210240 -0.025504
v -0.001832 -0.210240 -0.025662
v -0.001686 -0.210240 -0.025332
v -0.001557 -0.210240 -0.024992
v -0.004502 -0.210240 -0.026975
v -0.003699 -0.210240 -0.026945
v -0.003710 -0.210240 -0.026816
v -0.004507 -0.210240 -0.026860
v -0.002895 -0.210240 -0.026916
v -0.002903 -0.210240 -0.026767
v -0.003754 -0.210240 -0.026671
v -0.004534 -0.210240 -0.026733
v -0.002941 -0.210240 -0.026585
v -0.004507 -0.210240 -0.027071
v -0.005304 -0.210240 -0.026993
v -0.003701 -0.210240 -0.027050
v -0.002895 -0.210240 -0.027031
v -0.003109 -0.210240 -0.026398
v -0.003873 -0.210240 -0.026527
v -0.004598 -0.210240 -0.026603
v -0.005303 -0.210240 -0.026758
v -0.005299 -0.210240 -0.026882
v -0.000723 -0.210240 -0.025193
v -0.000806 -0.210240 -0.025034
v -0.001116 -0.210240 -0.025214
v -0.001082 -0.210240 -0.025425
v -0.000827 -0.210240 -0.024820
v -0.001085 -0.210240 -0.024944
v -0.001416 -0.210240 -0.025318
v -0.001462 -0.210240 -0.025601
v -0.001331 -0.210240 -0.024998
v -0.004527 -0.210240 -0.026024
v -0.004791 -0.210240 -0.026134
v -0.004418 -0.210240 -0.026275
v -0.004034 -0.210240 -0.026159
v -0.005136 -0.210240 -0.026204
v -0.004889 -0.210240 -0.026345
v -0.004102 -0.210240 -0.026400
v -0.003536 -0.210240 -0.026271
v -0.004713 -0.210240 -0.026476
v -0.004357 -0.210240 -0.025890
v -0.003167 -0.210240 -0.026092
v -0.003802 -0.210240 -0.026011
v -0.003821 -0.210240 -0.025382
v -0.004097 -0.210240 -0.025408
v -0.003889 -0.210240 -0.025641
v -0.003515 -0.210240 -0.025641
v -0.004423 -0.210240 -0.025375
v -0.004310 -0.210240 -0.025574
v -0.003770 -0.210240 -0.025839
v -0.003247 -0.210240 -0.025876
v -0.004286 -0.210240 -0.025743
v 0.000380 0.035710 0.029405
v 0.000258 0.022411 0.027230
v 0.002599 0.022411 0.027034
v 0.002844 0.035710 0.029201
v 0.000164 0.005902 0.025710
v 0.002412 0.005902 0.025519
v 0.004929 0.022411 0.026708
v 0.005296 0.035710 0.028863
v 0.004649 0.005902 0.025203
v -0.002090 0.045682 0.031593
v -0.002090 0.035710 0.029473
v 0.000497 0.045682 0.031523
v -0.002090 0.022411 0.027295
v -0.002090 0.005902 0.025773
v 0.006870 0.005902 0.024760
v 0.007243 0.022411 0.026254
v 0.007730 0.035710 0.028390
v 0.005646 0.045682 0.030960
v 0.008196 0.045682 0.030469
v 0.003078 0.045682 0.031311
v 0.010141 0.035710 0.027783
v 0.009534 0.022411 0.025671
v 0.011797 0.022411 0.024961
v 0.012522 0.035710 0.027045
v 0.009069 0.005902 0.024193
v 0.011241 0.005902 0.023503
v 0.014026 0.022411 0.024126
v 0.014868 0.035710 0.026177
v 0.013381 0.005902 0.022691
v 0.010720 0.045682 0.029839
v 0.015484 0.005902 0.021760
v 0.016217 0.022411 0.023168
v 0.017173 0.035710 0.025181
v 0.015671 0.045682 0.028173
v 0.018086 0.045682 0.027139
v 0.013214 0.045682 0.029073
v 0.019431 0.035710 0.024059
v 0.018363 0.022411 0.022090
v 0.020460 0.022411 0.020893
v 0.021638 0.035710 0.022815
v 0.017545 0.005902 0.020711
v 0.019558 0.005902 0.019547
v 0.022503 0.022411 0.019582
v 0.023787 0.035710 0.021451
v 0.021519 0.005902 0.018271
v 0.020451 0.045682 0.025975
v 0.023424 0.005902 0.016887
v 0.024487 0.022411 0.018158
v 0.025875 0.035710 0.019970
v 0.025014 0.045682 0.023268
v 0.027201 0.045682 0.021731
v 0.022763 0.045682 0.024684
v 0.027895 0.035710 0.018376
v 0.026406 0.022411 0.016626
v 0.028257 0.022411 0.014989
v 0.029842 0.035710 0.016673
v 0.025267 0.005902 0.015396
v 0.027043 0.005902 0.013804
v 0.030035 0.022411 0.013251
v 0.031713 0.035710 0.014866
v 0.028750 0.005902 0.012114
v 0.029316 0.045682 0.020078
v 0.030383 0.005902 0.010329
v 0.031736 0.022411 0.011416
v 0.033502 0.035710 0.012957
v 0.033315 0.045682 0.016435
v 0.035190 0.045682 0.014454
v 0.031356 0.045682 0.018310
v 0.035206 0.035710 0.010953
v 0.033355 0.022411 0.009489
v 0.034888 0.022411 0.007474
v 0.036819 0.035710 0.008857
v 0.031937 0.005902 0.008455
v 0.033409 0.005902 0.006495
v 0.036333 0.022411 0.005376
v 0.038339 0.035710 0.006675
v 0.034796 0.005902 0.004454
v 0.036974 0.045682 0.012374
v 0.036094 0.005902 0.002338
v 0.037685 0.022411 0.003200
v 0.039762 0.035710 0.004412
v 0.040256 0.045682 0.007935
v 0.041746 0.045682 0.005587
v 0.038664 0.045682 0.010199
v 0.041084 0.035710 0.002074
v 0.038941 0.022411 0.000952
v 0.040098 0.022411 -0.001363
v 0.042301 0.035710 -0.000334
v 0.037300 0.005902 0.000152
v 0.038411 0.005902 -0.002100
v 0.041154 0.022411 -0.003740
v 0.043412 0.035710 -0.002806
v 0.039424 0.005902 -0.004412
v 0.043130 0.045682 0.003160
v 0.040338 0.005902 -0.006778
v 0.042105 0.022411 -0.006173
v 0.044413 0.035710 -0.005336
v 0.045569 0.045682 -0.001904
v 0.046618 0.045682 -0.004530
v 0.044406 0.045682 0.000661
v 0.045302 0.035710 -0.007912
v 0.042950 0.022411 -0.008650
v 0.043683 0.022411 -0.011136
v 0.046073 0.035710 -0.010498
v 0.041148 0.005902 -0.009187
v 0.041852 0.005902 -0.011605
v 0.044299 0.022411 -0.013590
v 0.046722 0.035710 -0.013050
v 0.042444 0.005902 -0.013991
v 0.047549 0.045682 -0.007203
v 0.042920 0.005902 -0.016306
v 0.044795 0.022411 -0.015970
v 0.047244 0.035710 -0.015526
v 0.049036 0.045682 -0.012535
v 0.049582 0.045682 -0.015104
v 0.048356 0.045682 -0.009886
v 0.048244 0.035710 -0.024710
v 0.045745 0.022411 -0.024801
v 0.044940 0.022411 -0.025625
v 0.047395 0.035710 -0.025568
v 0.043832 0.005902 -0.024895
v 0.043058 0.005902 -0.025697
v 0.042606 0.022411 -0.026187
v 0.044940 0.035710 -0.026152
v 0.040818 0.005902 -0.026243
v 0.050658 0.045682 -0.023396
v 0.048271 0.035710 -0.023516
v 0.050630 0.045682 -0.024635
v 0.045771 0.022411 -0.023652
v 0.043857 0.005902 -0.023778
v 0.036395 0.005902 -0.026594
v 0.037999 0.022411 -0.026547
v 0.040092 0.035710 -0.026527
v 0.047170 0.045682 -0.026131
v 0.042092 0.045682 -0.026520
v 0.049741 0.045682 -0.025525
v -0.052306 0.035710 -0.021943
v -0.049814 0.022411 -0.022140
v -0.049621 0.022411 -0.020311
v -0.052104 0.035710 -0.020041
v -0.047905 0.005902 -0.022308
v -0.047720 0.005902 -0.020528
v -0.049349 0.022411 -0.018232
v -0.051817 0.035710 -0.017878
v -0.047459 0.005902 -0.018506
v -0.054837 0.045682 -0.023396
v -0.052450 0.035710 -0.023516
v -0.054687 0.045682 -0.021764
v -0.049950 0.022411 -0.023652
v -0.048036 0.005902 -0.023778
v -0.047099 0.005902 -0.016306
v -0.048974 0.022411 -0.015970
v -0.051423 0.035710 -0.015526
v -0.054175 0.045682 -0.017545
v -0.053762 0.045682 -0.015104
v -0.054475 0.045682 -0.019789
v -0.050901 0.035710 -0.013050
v -0.048478 0.022411 -0.013590
v -0.047862 0.022411 -0.011136
v -0.050252 0.035710 -0.010498
v -0.046623 0.005902 -0.013991
v -0.046031 0.005902 -0.011605
v -0.047129 0.022411 -0.008650
v -0.049481 0.035710 -0.007912
v -0.045327 0.005902 -0.009187
v -0.053215 0.045682 -0.012535
v -0.044517 0.005902 -0.006778
v -0.046285 0.022411 -0.006173
v -0.048593 0.035710 -0.005336
v -0.051728 0.045682 -0.007203
v -0.050797 0.045682 -0.004530
v -0.052535 0.045682 -0.009886
v -0.047591 0.035710 -0.002806
v -0.045333 0.022411 -0.003740
v -0.044277 0.022411 -0.001363
v -0.046480 0.035710 -0.000334
v -0.043603 0.005902 -0.004412
v -0.042590 0.005902 -0.002100
v -0.043120 0.022411 0.000952
v -0.045263 0.035710 0.002074
v -0.041479 0.005902 0.000152
v -0.049748 0.045682 -0.001904
v -0.040273 0.005902 0.002338
v -0.041864 0.022411 0.003200
v -0.043941 0.035710 0.004412
v -0.047310 0.045682 0.003160
v -0.045925 0.045682 0.005587
v -0.048585 0.045682 0.000661
v -0.042519 0.035710 0.006675
v -0.040512 0.022411 0.005376
v -0.039067 0.022411 0.007474
v -0.040999 0.035710 0.008857
v -0.038975 0.005902 0.004454
v -0.037588 0.005902 0.006495
v -0.037534 0.022411 0.009489
v -0.039385 0.035710 0.010953
v -0.036116 0.005902 0.008454
v -0.044435 0.045682 0.007935
v -0.034562 0.005902 0.010329
v -0.035915 0.022411 0.011416
v -0.037681 0.035710 0.012957
v -0.041153 0.045682 0.012374
v -0.039369 0.045682 0.014454
v -0.042843 0.045682 0.010199
v -0.035892 0.035710 0.014866
v -0.034214 0.022411 0.013251
v -0.032436 0.022411 0.014989
v -0.034021 0.035710 0.016673
v -0.032929 0.005902 0.012114
v -0.031223 0.005902 0.013804
v -0.030586 0.022411 0.016626
v -0.032074 0.035710 0.018376
v -0.029446 0.005902 0.015396
v -0.037495 0.045682 0.016435
v -0.027603 0.005902 0.016887
v -0.028666 0.022411 0.018158
v -0.030054 0.035710 0.019970
v -0.033495 0.045682 0.020078
v -0.031380 0.045682 0.021731
v -0.035535 0.045682 0.018310
v -0.027967 0.035710 0.021451
v -0.026682 0.022411 0.019582
v -0.024639 0.022411 0.020893
v -0.025817 0.035710 0.022815
v -0.025699 0.005902 0.018271
v -0.023737 0.005902 0.019547
v -0.022542 0.022411 0.022090
v -0.023610 0.035710 0.024059
v -0.021724 0.005902 0.020711
v -0.029193 0.045682 0.023268
v -0.019663 0.005902 0.021760
v -0.020396 0.022411 0.023168
v -0.021352 0.035710 0.025181
v -0.024631 0.045682 0.025975
v -0.022265 0.045682 0.027139
v -0.026942 0.045682 0.024684
v -0.019047 0.035710 0.026177
v -0.018205 0.022411 0.024126
v -0.015976 0.022411 0.024961
v -0.016701 0.035710 0.027045
v -0.017560 0.005902 0.022691
v -0.015420 0.005902 0.023503
v -0.013713 0.022411 0.025671
v -0.014320 0.035710 0.027783
v -0.013248 0.005902 0.024193
v -0.019851 0.045682 0.028173
v -0.011049 0.005902 0.024760
v -0.011422 0.022411 0.026254
v -0.011909 0.035710 0.028390
v -0.014900 0.045682 0.029839
v -0.012375 0.045682 0.030469
v -0.017394 0.045682 0.029073
v -0.009475 0.035710 0.028863
v -0.009109 0.022411 0.026708
v -0.006778 0.022411 0.027034
v -0.007023 0.035710 0.029201
v -0.008828 0.005902 0.025203
v -0.006591 0.005902 0.025519
v -0.004437 0.022411 0.027230
v -0.004559 0.035710 0.029405
v -0.004343 0.005902 0.025710
v -0.009825 0.045682 0.030960
v -0.004676 0.045682 0.031523
v -0.007257 0.045682 0.031311
v -0.014622 0.035710 -0.026909
v -0.014000 0.022411 -0.026915
v -0.025155 0.022411 -0.026874
v -0.026359 0.035710 -0.026867
v -0.013523 0.005902 -0.026951
v -0.024232 0.005902 -0.026912
v -0.034799 0.022411 -0.026763
v -0.036507 0.035710 -0.026751
v -0.033491 0.005902 -0.026804
v -0.002090 0.045682 -0.026923
v -0.002090 0.035710 -0.026915
v -0.015216 0.045682 -0.026917
v -0.002090 0.022411 -0.026921
v -0.002090 0.005902 -0.026957
v -0.040574 0.005902 -0.026594
v -0.042178 0.022411 -0.026547
v -0.044271 0.035710 -0.026527
v -0.038139 0.045682 -0.026753
v -0.046271 0.045682 -0.026520
v -0.027510 0.045682 -0.026873
v 0.032328 0.035710 -0.026751
v 0.030620 0.022411 -0.026763
v 0.020976 0.022411 -0.026874
v 0.022180 0.035710 -0.026867
v 0.029312 0.005902 -0.026804
v 0.020053 0.005902 -0.026912
v 0.009821 0.022411 -0.026915
v 0.010443 0.035710 -0.026909
v 0.009344 0.005902 -0.026951
v 0.033960 0.045682 -0.026753
v 0.011037 0.045682 -0.026917
v 0.023331 0.045682 -0.026873
v 0.034940 0.058497 -0.025976
v 0.035476 0.056377 -0.026526
v 0.024400 0.056377 -0.026649
v 0.024022 0.058497 -0.026097
v 0.035087 0.052363 -0.026727
v 0.024126 0.052363 -0.026850
v 0.011589 0.056377 -0.026695
v 0.011394 0.058497 -0.026141
v 0.011447 0.052363 -0.026895
v 0.043293 0.058497 -0.025740
v 0.043950 0.056377 -0.026286
v 0.043473 0.052363 -0.026488
v -0.002090 0.052363 -0.026901
v -0.002090 0.056377 -0.026701
v -0.002090 0.058497 -0.026148
v -0.015573 0.058497 -0.026141
v -0.015768 0.056377 -0.026695
v -0.028579 0.056377 -0.026649
v -0.028201 0.058497 -0.026097
v -0.015626 0.052363 -0.026895
v -0.028305 0.052363 -0.026850
v -0.039655 0.056377 -0.026526
v -0.039119 0.058497 -0.025976
v -0.039266 0.052363 -0.026727
v -0.047652 0.052363 -0.026488
v -0.048129 0.056377 -0.026286
v -0.047472 0.058497 -0.025740
v -0.010036 0.058497 0.032439
v -0.010151 0.056377 0.032927
v -0.007474 0.056377 0.033289
v -0.007398 0.058497 0.032795
v -0.010067 0.052363 0.032390
v -0.007419 0.052363 0.032750
v -0.004785 0.056377 0.033507
v -0.004747 0.058497 0.033009
v -0.004757 0.052363 0.032967
v -0.012655 0.058497 0.031942
v -0.012807 0.056377 0.032421
v -0.012696 0.052363 0.031887
v -0.002090 0.052363 0.033039
v -0.002090 0.056377 0.033580
v -0.002090 0.058497 0.033080
v -0.020334 0.058497 0.029618
v -0.020598 0.056377 0.030056
v -0.018037 0.056377 0.030984
v -0.017810 0.058497 0.030530
v -0.020406 0.052363 0.029535
v -0.017872 0.052363 0.030458
v -0.015438 0.056377 0.031773
v -0.015248 0.058497 0.031305
v -0.015300 0.052363 0.031243
v -0.022813 0.058497 0.028572
v -0.023113 0.056377 0.028991
v -0.022896 0.052363 0.028476
v -0.029930 0.058497 0.024654
v -0.030333 0.056377 0.025003
v -0.027987 0.056377 0.026461
v -0.027618 0.058497 0.026087
v -0.030041 0.052363 0.024511
v -0.027719 0.052363 0.025961
v -0.025578 0.056377 0.027792
v -0.025243 0.058497 0.027394
v -0.025335 0.052363 0.027284
v -0.032176 0.058497 0.023099
v -0.032611 0.056377 0.023420
v -0.032296 0.052363 0.022937
v -0.038457 0.058497 0.017737
v -0.038983 0.056377 0.017964
v -0.036942 0.056377 0.019896
v -0.036445 0.058497 0.019636
v -0.038602 0.052363 0.017511
v -0.036581 0.052363 0.019433
v -0.034816 0.056377 0.021717
v -0.034349 0.058497 0.021425
v -0.034477 0.052363 0.021243
v -0.040382 0.058497 0.015733
v -0.040936 0.056377 0.015924
v -0.040534 0.052363 0.015483
v -0.045587 0.058497 0.009134
v -0.046216 0.056377 0.009208
v -0.044557 0.056377 0.011540
v -0.043951 0.058497 0.011426
v -0.045759 0.052363 0.008805
v -0.044117 0.052363 0.011124
v -0.042796 0.056377 0.013781
v -0.042215 0.058497 0.013627
v -0.042374 0.052363 0.013352
v -0.047117 0.058497 0.006758
v -0.047769 0.056377 0.006789
v -0.047296 0.052363 0.006400
v -0.051044 0.058497 -0.000825
v -0.051753 0.056377 -0.000928
v -0.050540 0.056377 0.001715
v -0.049849 0.058497 0.001772
v -0.051239 0.052363 -0.001274
v -0.050039 0.052363 0.001354
v -0.049211 0.056377 0.004289
v -0.048539 0.058497 0.004301
v -0.048724 0.052363 0.003914
v -0.052122 0.058497 -0.003482
v -0.052845 0.056377 -0.003633
v -0.052320 0.052363 -0.003963
v -0.054605 0.058497 -0.011584
v -0.055365 0.056377 -0.011879
v -0.054657 0.056377 -0.009151
v -0.053907 0.058497 -0.008904
v -0.054814 0.052363 -0.012163
v -0.054113 0.052363 -0.009450
v -0.053815 0.056377 -0.006387
v -0.053077 0.058497 -0.006188
v -0.053280 0.052363 -0.006702
v -0.055166 0.058497 -0.014185
v -0.055934 0.056377 -0.014526
v -0.055377 0.052363 -0.014795
v -0.056117 0.058497 -0.020926
v -0.056899 0.056377 -0.021386
v -0.056677 0.056377 -0.019352
v -0.055899 0.058497 -0.018927
v -0.056332 0.052363 -0.021616
v -0.056113 0.052363 -0.019594
v -0.056365 0.056377 -0.017040
v -0.055591 0.058497 -0.016655
v -0.055803 0.052363 -0.017295
v -0.056271 0.058497 -0.022577
v -0.057055 0.056377 -0.023067
v -0.056487 0.052363 -0.023288
v 0.052063 0.058497 -0.023832
v 0.052847 0.056377 -0.024344
v 0.051921 0.056377 -0.025260
v 0.051151 0.058497 -0.024732
v 0.052278 0.052363 -0.024557
v 0.051362 0.052363 -0.025469
v 0.049241 0.056377 -0.025885
v 0.048509 0.058497 -0.025346
v 0.048710 0.052363 -0.026090
v 0.052092 0.058497 -0.022577
v 0.052876 0.056377 -0.023067
v 0.052307 0.052363 -0.023288
v 0.048898 0.058497 -0.006188
v 0.049636 0.056377 -0.006387
v 0.050478 0.056377 -0.009151
v 0.049728 0.058497 -0.008904
v 0.049101 0.052363 -0.006702
v 0.049934 0.052363 -0.009450
v 0.051186 0.056377 -0.011879
v 0.050426 0.058497 -0.011584
v 0.050635 0.052363 -0.012163
v 0.047942 0.058497 -0.003482
v 0.048666 0.056377 -0.003633
v 0.048141 0.052363 -0.003963
v 0.051198 0.052363 -0.014795
v 0.051755 0.056377 -0.014526
v 0.050987 0.058497 -0.014185
v 0.044360 0.058497 0.004301
v 0.045032 0.056377 0.004289
v 0.046361 0.056377 0.001715
v 0.045670 0.058497 0.001772
v 0.044544 0.052363 0.003914
v 0.045860 0.052363 0.001354
v 0.047573 0.056377 -0.000928
v 0.046865 0.058497 -0.000825
v 0.047060 0.052363 -0.001274
v 0.042938 0.058497 0.006758
v 0.043589 0.056377 0.006789
v 0.043117 0.052363 0.006400
v 0.038036 0.058497 0.013627
v 0.038616 0.056377 0.013781
v 0.040378 0.056377 0.011540
v 0.039772 0.058497 0.011426
v 0.038195 0.052363 0.013352
v 0.039938 0.052363 0.011124
v 0.042037 0.056377 0.009208
v 0.041407 0.058497 0.009134
v 0.041580 0.052363 0.008805
v 0.036203 0.058497 0.015733
v 0.036757 0.056377 0.015924
v 0.036355 0.052363 0.015483
v 0.030170 0.058497 0.021425
v 0.030637 0.056377 0.021717
v 0.032762 0.056377 0.019896
v 0.032265 0.058497 0.019636
v 0.030298 0.052363 0.021243
v 0.032402 0.052363 0.019433
v 0.034804 0.056377 0.017964
v 0.034278 0.058497 0.017737
v 0.034423 0.052363 0.017511
v 0.027997 0.058497 0.023099
v 0.028432 0.056377 0.023420
v 0.028116 0.052363 0.022937
v 0.021064 0.058497 0.027394
v 0.021399 0.056377 0.027792
v 0.023808 0.056377 0.026461
v 0.023438 0.058497 0.026087
v 0.021156 0.052363 0.027284
v 0.023540 0.052363 0.025961
v 0.026154 0.056377 0.025003
v 0.025751 0.058497 0.024654
v 0.025862 0.052363 0.024511
v 0.018634 0.058497 0.028572
v 0.018934 0.056377 0.028991
v 0.018717 0.052363 0.028476
v 0.011069 0.058497 0.031305
v 0.011259 0.056377 0.031773
v 0.013858 0.056377 0.030984
v 0.013631 0.058497 0.030530
v 0.011121 0.052363 0.031243
v 0.013693 0.052363 0.030458
v 0.016418 0.056377 0.030056
v 0.016154 0.058497 0.029618
v 0.016227 0.052363 0.029535
v 0.008475 0.058497 0.031942
v 0.008628 0.056377 0.032421
v 0.008517 0.052363 0.031887
v 0.000568 0.058497 0.033009
v 0.000606 0.056377 0.033507
v 0.003295 0.056377 0.033289
v 0.003218 0.058497 0.032795
v 0.000578 0.052363 0.032967
v 0.003240 0.052363 0.032750
v 0.005971 0.056377 0.032927
v 0.005856 0.058497 0.032439
v 0.005888 0.052363 0.032390
v 0.051412 0.058497 -0.016655
v 0.052186 0.056377 -0.017040
v 0.052498 0.056377 -0.019352
v 0.051720 0.058497 -0.018927
v 0.051624 0.052363 -0.017295
v 0.051934 0.052363 -0.019594
v 0.052720 0.056377 -0.021386
v 0.051938 0.058497 -0.020926
v 0.052153 0.052363 -0.021616
v 0.049034 0.059496 -0.016016
v 0.049995 0.045682 -0.017545
v 0.050295 0.045682 -0.019789
v 0.050508 0.045682 -0.021764
v 0.049537 0.059496 -0.020088
v 0.049328 0.059496 -0.018182
v -0.052688 0.058497 -0.025346
v -0.053420 0.056377 -0.025885
v -0.056100 0.056377 -0.025260
v -0.055330 0.058497 -0.024732
v -0.052889 0.052363 -0.026090
v -0.055541 0.052363 -0.025469
v -0.057026 0.056377 -0.024344
v -0.056242 0.058497 -0.023832
v -0.056457 0.052363 -0.024557
v -0.050439 0.059496 -0.024303
v -0.051349 0.045682 -0.026131
v -0.053921 0.045682 -0.025525
v -0.054809 0.045682 -0.024635
v -0.053835 0.059496 -0.022859
v -0.052963 0.059496 -0.023717
v -0.049119 0.035710 -0.026152
v -0.046785 0.022411 -0.026187
v -0.049119 0.022411 -0.025625
v -0.051575 0.035710 -0.025568
v -0.044997 0.005902 -0.026243
v -0.047237 0.005902 -0.025697
v -0.049925 0.022411 -0.024801
v -0.052423 0.035710 -0.024710
v -0.048011 0.005902 -0.024895
v -0.044407 -0.013703 -0.026328
v -0.046616 -0.013703 -0.025783
v -0.047379 -0.013703 -0.024982
v 0.047638 0.035710 -0.017878
v 0.045170 0.022411 -0.018232
v 0.045442 0.022411 -0.020311
v 0.047924 0.035710 -0.020041
v 0.043280 0.005902 -0.018506
v 0.043541 0.005902 -0.020528
v 0.045635 0.022411 -0.022140
v 0.048127 0.035710 -0.021943
v 0.043726 0.005902 -0.022308
v 0.042655 -0.013703 -0.018601
v 0.042913 -0.013703 -0.020621
v 0.043095 -0.013703 -0.022398
v -0.004551 -0.210240 -0.027235
v -0.003781 -0.210240 -0.027230
v -0.003727 -0.210240 -0.027189
v -0.004522 -0.210240 -0.027198
v -0.002951 -0.210240 -0.027226
v -0.002913 -0.210240 -0.027181
v -0.003707 -0.210240 -0.027131
v -0.004513 -0.210240 -0.027145
v -0.002899 -0.210240 -0.027118
v -0.002090 -0.210240 -0.027224
v -0.002090 -0.210240 -0.027178
v -0.002090 -0.210240 -0.027113
v -0.001228 -0.210240 -0.027226
v -0.000399 -0.210240 -0.027230
v -0.000452 -0.210240 -0.027189
v -0.001266 -0.210240 -0.027181
v 0.000372 -0.210240 -0.027235
v 0.000343 -0.210240 -0.027198
v -0.000472 -0.210240 -0.027131
v -0.001280 -0.210240 -0.027118
v 0.000333 -0.210240 -0.027145
v 0.001079 -0.210240 -0.027240
v 0.001123 -0.210240 -0.027207
v 0.001137 -0.210240 -0.027157
v -0.008554 -0.209855 -0.026456
v -0.008591 -0.209855 -0.026663
v -0.007158 -0.210126 -0.026803
v -0.007132 -0.210126 -0.026644
v -0.008617 -0.209855 -0.026845
v -0.007178 -0.210126 -0.026942
v -0.006128 -0.210226 -0.026869
v -0.006114 -0.210226 -0.026736
v -0.006140 -0.210226 -0.026987
v -0.010576 -0.209326 -0.026148
v -0.010625 -0.209326 -0.026431
v -0.010660 -0.209326 -0.026681
v 0.004027 -0.209855 -0.027248
v 0.004344 -0.209855 -0.027192
v 0.002933 -0.210126 -0.027209
v 0.002701 -0.210126 -0.027252
v 0.004453 -0.209855 -0.027110
v 0.003011 -0.210126 -0.027146
v 0.001928 -0.210226 -0.027212
v 0.001786 -0.210226 -0.027247
v 0.001974 -0.210226 -0.027159
v 0.005937 -0.209326 -0.027233
v 0.006356 -0.209326 -0.027156
v 0.006500 -0.209326 -0.027044
v 0.015739 -0.203752 -0.027121
v 0.016670 -0.203752 -0.026933
v 0.012579 -0.206685 -0.027022
v 0.011851 -0.206685 -0.027166
v 0.016991 -0.203752 -0.026657
v 0.012830 -0.206685 -0.026811
v 0.009113 -0.208396 -0.027098
v 0.008557 -0.208396 -0.027204
v 0.009305 -0.208396 -0.026942
v -0.020941 -0.203752 -0.024461
v -0.021049 -0.203752 -0.025156
v -0.016915 -0.206685 -0.025663
v -0.016830 -0.206685 -0.025131
v -0.021126 -0.203752 -0.025768
v -0.016975 -0.206685 -0.026131
v -0.013412 -0.208396 -0.026094
v -0.013347 -0.208396 -0.025701
v -0.013458 -0.208396 -0.026440
v 0.049445 -0.122953 -0.018234
v 0.047916 -0.138435 -0.018788
v 0.048204 -0.138435 -0.020909
v 0.049742 -0.122953 -0.020492
v 0.045142 -0.151753 -0.019525
v 0.045414 -0.151753 -0.021457
v 0.048408 -0.138435 -0.022775
v 0.049952 -0.122953 -0.022478
v 0.045606 -0.151753 -0.023157
v 0.049503 -0.104617 -0.017949
v 0.041347 -0.163596 -0.020361
v 0.041597 -0.163596 -0.022078
v 0.041774 -0.163596 -0.023589
v 0.050011 -0.104617 -0.022302
v 0.049800 -0.104617 -0.020264
v -0.050829 -0.122953 -0.026871
v -0.049383 -0.138435 -0.026902
v -0.051852 -0.138435 -0.026329
v -0.053373 -0.122953 -0.026261
v -0.046759 -0.151753 -0.026917
v -0.049091 -0.151753 -0.026395
v -0.052704 -0.138435 -0.025489
v -0.054252 -0.122953 -0.025366
v -0.049896 -0.151753 -0.025629
v -0.050883 -0.104617 -0.026809
v -0.043170 -0.163596 -0.026930
v -0.045314 -0.163596 -0.026466
v -0.046055 -0.163596 -0.025786
v -0.054311 -0.104617 -0.025265
v -0.053431 -0.104617 -0.026183
v 0.043717 -0.036037 -0.018461
v 0.045821 -0.059721 -0.018200
v 0.046097 -0.059721 -0.020390
v 0.043981 -0.036037 -0.020548
v 0.048054 -0.083125 -0.017976
v 0.048343 -0.083125 -0.020258
v 0.046293 -0.059721 -0.022317
v 0.044168 -0.036037 -0.022384
v 0.048547 -0.083125 -0.022266
v -0.045412 -0.036037 -0.026445
v -0.047401 -0.059721 -0.026578
v -0.049767 -0.059721 -0.025987
v -0.047673 -0.036037 -0.025882
v -0.049513 -0.083125 -0.026706
v -0.051989 -0.083125 -0.026090
v -0.050584 -0.059721 -0.025118
v -0.048455 -0.036037 -0.025054
v -0.052844 -0.083125 -0.025185
v -0.009682 0.060424 -0.015739
v -0.016999 0.060424 -0.015978
v -0.016524 0.060424 -0.014906
v -0.009352 0.060424 -0.014586
v -0.023795 0.060424 -0.016505
v -0.023537 0.060424 -0.015569
v -0.016349 0.060424 -0.013911
v -0.009225 0.060424 -0.013501
v -0.023453 0.060424 -0.014687
v -0.002090 0.060424 -0.015684
v -0.030023 0.060424 -0.017441
v -0.030418 0.060424 -0.016687
v -0.030540 0.060424 -0.015902
v -0.002090 0.060424 -0.013380
v -0.002090 0.060424 -0.014503
v 0.019616 0.060424 -0.016505
v 0.012820 0.060424 -0.015978
v 0.012345 0.060424 -0.014906
v 0.019358 0.060424 -0.015569
v 0.005503 0.060424 -0.015739
v 0.005173 0.060424 -0.014586
v 0.012170 0.060424 -0.013911
v 0.019274 0.060424 -0.014687
v 0.005046 0.060424 -0.013501
v -0.046564 0.060033 -0.022677
v -0.048865 0.060033 -0.022131
v -0.043427 0.060308 -0.020222
v -0.041531 0.060308 -0.020759
v -0.049658 0.060033 -0.021337
v -0.044067 0.060308 -0.019480
v -0.037147 0.060410 -0.018310
v -0.035910 0.060410 -0.018916
v -0.037540 0.060410 -0.017574
v 0.044910 0.060033 -0.015034
v 0.045178 0.060033 -0.017028
v 0.039623 0.060308 -0.015567
v 0.039408 0.060308 -0.013766
v 0.045368 0.060033 -0.018784
v 0.039783 0.060308 -0.017158
v 0.033142 0.060410 -0.013951
v 0.033023 0.060410 -0.012310
v 0.033254 0.060410 -0.015415
v -0.038843 -0.174486 -0.026954
v -0.034062 -0.184262 -0.026987
v -0.035731 -0.184262 -0.026640
v -0.040762 -0.174486 -0.026549
v -0.029122 -0.192596 -0.027028
v -0.030533 -0.192596 -0.026737
v -0.036307 -0.184262 -0.026132
v -0.041425 -0.174486 -0.025955
v -0.031021 -0.192596 -0.026311
v 0.036772 -0.174486 -0.021221
v 0.031716 -0.184262 -0.022078
v 0.031911 -0.184262 -0.023361
v 0.036996 -0.174486 -0.022719
v 0.026493 -0.192596 -0.022914
v 0.026658 -0.192596 -0.023990
v 0.032049 -0.184262 -0.024490
v 0.037155 -0.174486 -0.024038
v 0.026774 -0.192596 -0.024936
vn 0.0631 -0.4946 0.8668
vn 0.0602 -0.5430 0.8376
vn 0.1049 -0.4943 0.8629
vn 0.1001 -0.5429 0.8338
vn 0.0220 -0.4604 0.8875
vn 0.0211 -0.4948 0.8688
vn 0.0201 -0.5430 0.8395
vn 0.0187 -0.6149 0.7884
vn 0.0561 -0.6149 0.7866
vn 0.0933 -0.6149 0.7831
vn 0.1303 -0.6149 0.7778
vn 0.1399 -0.5428 0.8282
vn 0.1466 -0.4939 0.8571
vn 0.1529 -0.4584 0.8755
vn 0.1094 -0.4594 0.8815
vn 0.0658 -0.4600 0.8855
vn 0.2291 -0.4925 0.8396
vn 0.2186 -0.5424 0.8112
vn 0.2697 -0.4917 0.8280
vn 0.2573 -0.5422 0.7999
vn 0.1961 -0.4572 0.8675
vn 0.1881 -0.4933 0.8493
vn 0.1795 -0.5426 0.8206
vn 0.1672 -0.6149 0.7707
vn 0.2037 -0.6149 0.7618
vn 0.2397 -0.6149 0.7513
vn 0.2753 -0.6149 0.7390
vn 0.2955 -0.5419 0.7868
vn 0.3097 -0.4907 0.8144
vn 0.3229 -0.4516 0.8317
vn 0.2811 -0.4537 0.8456
vn 0.2389 -0.4556 0.8575
vn 0.3880 -0.4884 0.7816
vn 0.3701 -0.5413 0.7550
vn 0.4259 -0.4871 0.7625
vn 0.4062 -0.5410 0.7364
vn 0.3640 -0.4492 0.8159
vn 0.3492 -0.4896 0.7989
vn 0.3332 -0.5416 0.7718
vn 0.3104 -0.6150 0.7249
vn 0.3448 -0.6150 0.7092
vn 0.3785 -0.6150 0.6918
vn 0.4114 -0.6150 0.6727
vn 0.4415 -0.5406 0.7161
vn 0.4629 -0.4858 0.7415
vn 0.4824 -0.4408 0.7570
vn 0.4438 -0.4438 0.7785
vn 0.4044 -0.4466 0.7981
vn 0.5341 -0.4828 0.6940
vn 0.5093 -0.5398 0.6702
vn 0.5679 -0.4813 0.6677
vn 0.5416 -0.5394 0.6448
vn 0.5200 -0.4377 0.7335
vn 0.4991 -0.4843 0.7186
vn 0.4760 -0.5402 0.6940
vn 0.4435 -0.6150 0.6519
vn 0.4746 -0.6151 0.6296
vn 0.5047 -0.6151 0.6058
vn 0.5337 -0.6151 0.5804
vn 0.5726 -0.5390 0.6177
vn 0.6005 -0.4797 0.6397
vn 0.6254 -0.4276 0.6527
vn 0.5915 -0.4310 0.6814
vn 0.5564 -0.4344 0.7083
vn 0.6617 -0.4766 0.5788
vn 0.6309 -0.5382 0.5588
vn 0.6900 -0.4750 0.5461
vn 0.6578 -0.5378 0.5272
vn 0.6579 -0.4242 0.6223
vn 0.6318 -0.4781 0.6100
vn 0.6025 -0.5386 0.5890
vn 0.5615 -0.6152 0.5534
vn 0.5880 -0.6152 0.5251
vn 0.6132 -0.6153 0.4954
vn 0.6369 -0.6153 0.4645
vn 0.6833 -0.5375 0.4942
vn 0.7167 -0.4735 0.5120
vn 0.7458 -0.4140 0.5219
vn 0.7181 -0.4173 0.5569
vn 0.6888 -0.4207 0.5903
vn 0.7650 -0.4707 0.4395
vn 0.7293 -0.5368 0.4242
vn 0.7864 -0.4694 0.4015
vn 0.7497 -0.5365 0.3876
vn 0.7717 -0.4108 0.4855
vn 0.7418 -0.4721 0.4763
vn 0.7072 -0.5371 0.4598
vn 0.6592 -0.6154 0.4321
vn 0.6799 -0.6155 0.3987
vn 0.6989 -0.6155 0.3642
vn 0.7162 -0.6156 0.3287
vn 0.7682 -0.5362 0.3497
vn 0.8059 -0.4682 0.3623
vn 0.8379 -0.4021 0.3691
vn 0.8178 -0.4048 0.4090
vn 0.7957 -0.4077 0.4479
vn 0.8379 -0.4663 0.2839
vn 0.7986 -0.5358 0.2740
vn 0.8503 -0.4655 0.2456
vn 0.8104 -0.5357 0.2371
vn 0.8558 -0.3997 0.3285
vn 0.8232 -0.4672 0.3226
vn 0.7847 -0.5360 0.3114
vn 0.7316 -0.6157 0.2927
vn 0.7446 -0.6158 0.2576
vn 0.7556 -0.6159 0.2228
vn 0.7651 -0.6161 0.1870
vn 0.8206 -0.5357 0.1989
vn 0.8610 -0.4650 0.2061
vn 0.8946 -0.3945 0.2098
vn 0.8836 -0.3959 0.2501
vn 0.8708 -0.3976 0.2891
vn 0.6304 -0.3175 -0.7084
vn 0.6123 -0.3736 -0.6968
vn 0.2040 -0.0962 -0.9742
vn 0.2012 -0.1143 -0.9729
vn 0.9201 -0.3909 -0.0231
vn 0.8859 -0.4633 -0.0227
vn 0.8444 -0.5352 -0.0219
vn 0.7875 -0.6160 -0.0206
vn 0.5891 -0.4431 -0.6758
vn 0.1990 -0.1387 -0.9701
vn 0.0665 -0.0418 -0.9969
vn 0.0670 -0.0349 -0.9971
vn 0.0679 -0.0300 -0.9972
vn 0.0693 -0.0257 -0.9973
vn 0.2084 -0.0802 -0.9747
vn 0.6483 -0.2651 -0.7138
vn -0.8793 -0.4642 0.1064
vn -0.8380 -0.5359 0.1027
vn -0.8758 -0.4643 0.1318
vn -0.8347 -0.5358 0.1272
vn -0.9153 -0.3920 0.0928
vn -0.8810 -0.4642 0.0912
vn -0.8396 -0.5360 0.0881
vn -0.7828 -0.6168 0.0827
vn -0.7813 -0.6166 0.0966
vn -0.7783 -0.6165 0.1196
vn -0.7730 -0.6163 0.1503
vn -0.8291 -0.5358 0.1599
vn -0.8699 -0.4646 0.1657
vn -0.9038 -0.3934 0.1686
vn -0.9099 -0.3926 0.1342
vn -0.9135 -0.3922 0.1084
vn -0.8503 -0.4655 0.2456
vn -0.8104 -0.5357 0.2370
vn -0.8379 -0.4662 0.2839
vn -0.7986 -0.5358 0.2740
vn -0.8946 -0.3945 0.2098
vn -0.8610 -0.4650 0.2061
vn -0.8206 -0.5357 0.1989
vn -0.7651 -0.6161 0.1870
vn -0.7556 -0.6159 0.2228
vn -0.7446 -0.6158 0.2576
vn -0.7316 -0.6157 0.2927
vn -0.7847 -0.5360 0.3113
vn -0.8232 -0.4672 0.3226
vn -0.8558 -0.3997 0.3285
vn -0.8708 -0.3976 0.2891
vn -0.8836 -0.3959 0.2501
vn -0.7864 -0.4694 0.4015
vn -0.7497 -0.5365 0.3875
vn -0.7650 -0.4707 0.4395
vn -0.7293 -0.5368 0.4242
vn -0.8379 -0.4021 0.3691
vn -0.8059 -0.4682 0.3623
vn -0.7682 -0.5362 0.3497
vn -0.7162 -0.6156 0.3287
vn -0.6989 -0.6155 0.3642
vn -0.6799 -0.6155 0.3987
vn -0.6592 -0.6154 0.4321
vn -0.7072 -0.5371 0.4598
vn -0.7418 -0.4721 0.4763
vn -0.7717 -0.4108 0.4855
vn -0.7957 -0.4077 0.4478
vn -0.8178 -0.4048 0.4090
vn -0.6900 -0.4750 0.5461
vn -0.6578 -0.5378 0.5272
vn -0.6617 -0.4766 0.5788
vn -0.6309 -0.5382 0.5588
vn -0.7458 -0.4140 0.5219
vn -0.7167 -0.4735 0.5119
vn -0.6833 -0.5375 0.4942
vn -0.6369 -0.6153 0.4644
vn -0.6132 -0.6153 0.4954
vn -0.5880 -0.6152 0.5251
vn -0.5615 -0.6152 0.5534
vn -0.6025 -0.5386 0.5890
vn -0.6318 -0.4781 0.6100
vn -0.6579 -0.4242 0.6223
vn -0.6888 -0.4207 0.5903
vn -0.7181 -0.4173 0.5569
vn -0.5679 -0.4813 0.6677
vn -0.5416 -0.5394 0.6448
vn -0.5341 -0.4828 0.6940
vn -0.5093 -0.5398 0.6702
vn -0.6254 -0.4276 0.6527
vn -0.6005 -0.4797 0.6397
vn -0.5726 -0.5390 0.6177
vn -0.5337 -0.6151 0.5804
vn -0.5047 -0.6151 0.6058
vn -0.4746 -0.6151 0.6296
vn -0.4435 -0.6150 0.6519
vn -0.4760 -0.5402 0.6940
vn -0.4991 -0.4843 0.7186
vn -0.5200 -0.4377 0.7335
vn -0.5564 -0.4344 0.7083
vn -0.5915 -0.4310 0.6814
vn -0.4259 -0.4871 0.7625
vn -0.4062 -0.5410 0.7364
vn -0.3880 -0.4884 0.7816
vn -0.3701 -0.5413 0.7550
vn -0.4824 -0.4408 0.7570
vn -0.4629 -0.4858 0.7415
vn -0.4415 -0.5406 0.7161
vn -0.4114 -0.6150 0.6727
vn -0.3785 -0.6150 0.6918
vn -0.3448 -0.6150 0.7092
vn -0.3104 -0.6150 0.7249
vn -0.3332 -0.5416 0.7718
vn -0.3492 -0.4896 0.7989
vn -0.3640 -0.4492 0.8159
vn -0.4044 -0.4466 0.7981
vn -0.4438 -0.4438 0.7785
vn -0.2697 -0.4917 0.8280
vn -0.2573 -0.5422 0.7999
vn -0.2291 -0.4925 0.8396
vn -0.2186 -0.5424 0.8112
vn -0.3229 -0.4516 0.8318
vn -0.3097 -0.4907 0.8144
vn -0.2955 -0.5419 0.7868
vn -0.2753 -0.6149 0.7390
vn -0.2397 -0.6149 0.7513
vn -0.2037 -0.6149 0.7618
vn -0.1672 -0.6149 0.7707
vn -0.1795 -0.5426 0.8206
vn -0.1881 -0.4933 0.8493
vn -0.1961 -0.4572 0.8675
vn -0.2389 -0.4556 0.8575
vn -0.2811 -0.4537 0.8456
vn -0.1049 -0.4943 0.8629
vn -0.1001 -0.5429 0.8338
vn -0.0631 -0.4946 0.8668
vn -0.0602 -0.5430 0.8376
vn -0.1529 -0.4584 0.8755
vn -0.1466 -0.4939 0.8571
vn -0.1399 -0.5428 0.8282
vn -0.1303 -0.6149 0.7778
vn -0.0933 -0.6149 0.7831
vn -0.0561 -0.6149 0.7866
vn -0.0187 -0.6149 0.7884
vn -0.0201 -0.5430 0.8395
vn -0.0211 -0.4948 0.8688
vn -0.0220 -0.4604 0.8875
vn -0.0658 -0.4600 0.8855
vn -0.1094 -0.4594 0.8815
vn -0.0032 -0.0047 -1.0000
vn -0.0031 -0.0043 -1.0000
vn -0.0100 -0.0063 -0.9999
vn -0.0099 -0.0063 -0.9999
vn -0.0004 -0.0050 -1.0000
vn -0.0004 -0.0043 -1.0000
vn -0.0004 -0.0039 -1.0000
vn -0.0004 -0.0037 -1.0000
vn -0.0031 -0.0042 -1.0000
vn -0.0098 -0.0067 -0.9999
vn -0.0249 -0.0147 -0.9996
vn -0.0251 -0.0128 -0.9996
vn -0.0255 -0.0117 -0.9996
vn -0.0260 -0.0108 -0.9996
vn -0.0102 -0.0065 -0.9999
vn -0.0033 -0.0052 -1.0000
vn -0.0531 0.9979 0.0361
vn -0.0540 0.9978 0.0393
vn -0.0185 0.9998 0.0104
vn -0.0201 0.9997 0.0107
vn -0.1327 0.9875 0.0855
vn -0.1307 0.9871 0.0930
vn -0.1285 0.9866 0.1008
vn -0.1255 0.9861 0.1091
vn -0.0537 0.9975 0.0449
vn -0.0209 0.9997 0.0144
vn -0.0044 1.0000 0.0007
vn -0.0034 1.0000 0.0005
vn -0.0028 1.0000 0.0010
vn -0.0026 1.0000 0.0014
vn -0.0177 0.9998 0.0107
vn -0.0529 0.9980 0.0337
vn -0.0002 0.9913 -0.1317
vn -0.0010 0.9910 -0.1337
vn 0.0002 0.9989 -0.0479
vn 0.0003 0.9987 -0.0508
vn -0.0001 0.9537 -0.3008
vn -0.0010 0.9537 -0.3007
vn -0.0032 0.9541 -0.2994
vn -0.0082 0.9561 -0.2929
vn -0.0033 0.9911 -0.1327
vn -0.0007 0.9986 -0.0527
vn 0.0004 0.9999 -0.0111
vn 0.0003 1.0000 -0.0088
vn 0.0001 1.0000 -0.0078
vn -0.0000 1.0000 -0.0075
vn -0.0000 0.9989 -0.0469
vn -0.0000 0.9914 -0.1308
vn 0.0540 0.9978 0.0393
vn 0.0531 0.9979 0.0361
vn 0.0201 0.9997 0.0107
vn 0.0185 0.9998 0.0104
vn 0.1255 0.9861 0.1091
vn 0.1285 0.9866 0.1008
vn 0.1307 0.9871 0.0930
vn 0.1327 0.9875 0.0855
vn 0.0529 0.9980 0.0337
vn 0.0177 0.9998 0.0107
vn 0.0026 1.0000 0.0014
vn 0.0028 1.0000 0.0010
vn 0.0034 1.0000 0.0005
vn 0.0044 1.0000 0.0007
vn 0.0209 0.9997 0.0144
vn 0.0537 0.9975 0.0448
vn -0.0546 0.9984 0.0122
vn -0.0567 0.9983 0.0144
vn -0.0179 0.9998 0.0017
vn -0.0195 0.9998 0.0014
vn -0.1359 0.9903 0.0291
vn -0.1373 0.9899 0.0353
vn -0.1387 0.9895 0.0418
vn -0.1396 0.9890 0.0491
vn -0.0588 0.9981 0.0192
vn -0.0216 0.9998 0.0046
vn -0.0036 1.0000 -0.0012
vn -0.0027 1.0000 -0.0011
vn -0.0024 1.0000 -0.0005
vn -0.0023 1.0000 -0.0002
vn -0.0170 0.9999 0.0020
vn -0.0532 0.9985 0.0103
vn -0.0231 0.9971 0.0721
vn -0.0198 0.9973 0.0712
vn -0.0052 0.9996 0.0269
vn -0.0051 0.9997 0.0249
vn -0.0699 0.9835 0.1671
vn -0.0608 0.9834 0.1708
vn -0.0520 0.9834 0.1737
vn -0.0431 0.9834 0.1764
vn -0.0169 0.9973 0.0711
vn -0.0052 0.9997 0.0240
vn -0.0006 1.0000 0.0035
vn -0.0003 1.0000 0.0039
vn 0.0002 1.0000 0.0045
vn 0.0002 1.0000 0.0058
vn -0.0086 0.9996 0.0279
vn -0.0285 0.9970 0.0718
vn 0.0377 0.9973 0.0630
vn 0.0386 0.9975 0.0594
vn 0.0158 0.9997 0.0201
vn 0.0144 0.9997 0.0189
vn 0.0786 0.9837 0.1618
vn 0.0861 0.9841 0.1554
vn 0.0925 0.9845 0.1490
vn 0.0987 0.9848 0.1427
vn 0.0398 0.9976 0.0569
vn 0.0136 0.9997 0.0186
vn 0.0021 1.0000 0.0026
vn 0.0025 1.0000 0.0024
vn 0.0033 1.0000 0.0023
vn 0.0042 1.0000 0.0030
vn 0.0148 0.9996 0.0239
vn 0.0346 0.9971 0.0680
vn 0.0378 0.9987 -0.0353
vn 0.0217 0.9962 -0.0841
vn 0.0131 0.9999 -0.0092
vn 0.0091 0.9996 -0.0251
vn 0.1264 0.9920 -0.0029
vn 0.0933 0.9912 -0.0939
vn 0.0484 0.9773 -0.2065
vn 0.0204 0.9628 -0.2694
vn 0.0096 0.9929 -0.1187
vn 0.0045 0.9991 -0.0430
vn 0.0015 1.0000 -0.0053
vn 0.0018 1.0000 -0.0021
vn 0.0020 1.0000 -0.0007
vn 0.0021 1.0000 -0.0000
vn 0.0155 0.9999 -0.0000
vn 0.0489 0.9988 -0.0009
vn 0.0089 0.9971 0.0762
vn 0.0115 0.9972 0.0736
vn 0.0064 0.9996 0.0265
vn 0.0056 0.9997 0.0247
vn 0.0053 0.9827 0.1852
vn 0.0154 0.9829 0.1836
vn 0.0248 0.9831 0.1814
vn 0.0340 0.9833 0.1790
vn 0.0140 0.9973 0.0720
vn 0.0052 0.9997 0.0240
vn 0.0009 1.0000 0.0034
vn 0.0014 1.0000 0.0035
vn 0.0021 1.0000 0.0039
vn 0.0026 1.0000 0.0050
vn 0.0037 0.9996 0.0293
vn 0.0037 0.9969 0.0789
vn -0.0465 0.9975 0.0534
vn -0.0437 0.9976 0.0539
vn -0.0146 0.9997 0.0215
vn -0.0137 0.9997 0.0197
vn -0.1211 0.9857 0.1172
vn -0.1158 0.9855 0.1241
vn -0.1103 0.9853 0.1302
vn -0.1046 0.9851 0.1364
vn -0.0416 0.9976 0.0549
vn -0.0135 0.9997 0.0187
vn -0.0019 1.0000 0.0028
vn -0.0017 1.0000 0.0033
vn -0.0016 1.0000 0.0042
vn -0.0021 1.0000 0.0053
vn -0.0175 0.9996 0.0209
vn -0.0505 0.9974 0.0509
vn 0.0546 0.9981 0.0302
vn 0.0566 0.9980 0.0291
vn 0.0181 0.9998 0.0120
vn 0.0195 0.9997 0.0135
vn 0.1346 0.9878 0.0783
vn 0.1364 0.9881 0.0713
vn 0.1381 0.9883 0.0645
vn 0.1394 0.9886 0.0571
vn 0.0587 0.9980 0.0255
vn 0.0215 0.9997 0.0118
vn 0.0036 1.0000 0.0040
vn 0.0028 1.0000 0.0031
vn 0.0026 1.0000 0.0023
vn 0.0025 1.0000 0.0017
vn 0.0176 0.9998 0.0110
vn 0.0534 0.9981 0.0316
vn -0.0566 0.9980 0.0291
vn -0.0546 0.9981 0.0302
vn -0.0195 0.9997 0.0135
vn -0.0181 0.9998 0.0120
vn -0.1394 0.9886 0.0571
vn -0.1381 0.9883 0.0645
vn -0.1364 0.9881 0.0713
vn -0.1346 0.9878 0.0783
vn -0.0534 0.9981 0.0316
vn -0.0176 0.9998 0.0110
vn -0.0025 1.0000 0.0017
vn -0.0026 1.0000 0.0023
vn -0.0028 1.0000 0.0031
vn -0.0036 1.0000 0.0040
vn -0.0215 0.9997 0.0118
vn -0.0587 0.9980 0.0255
vn -0.0115 0.9972 0.0736
vn -0.0089 0.9971 0.0762
vn -0.0056 0.9997 0.0247
vn -0.0064 0.9996 0.0265
vn -0.0340 0.9833 0.1790
vn -0.0248 0.9831 0.1814
vn -0.0154 0.9829 0.1836
vn -0.0053 0.9827 0.1852
vn -0.0037 0.9969 0.0789
vn -0.0037 0.9996 0.0293
vn -0.0026 1.0000 0.0050
vn -0.0021 1.0000 0.0039
vn -0.0014 1.0000 0.0035
vn -0.0009 1.0000 0.0034
vn -0.0140 0.9973 0.0720
vn 0.0437 0.9976 0.0539
vn 0.0465 0.9975 0.0534
vn 0.0137 0.9997 0.0197
vn 0.0146 0.9997 0.0215
vn 0.1046 0.9851 0.1364
vn 0.1103 0.9853 0.1302
vn 0.1158 0.9855 0.1241
vn 0.1211 0.9857 0.1172
vn 0.0505 0.9974 0.0509
vn 0.0175 0.9996 0.0209
vn 0.0021 1.0000 0.0053
vn 0.0016 1.0000 0.0042
vn 0.0017 1.0000 0.0033
vn 0.0019 1.0000 0.0028
vn 0.0135 0.9997 0.0187
vn 0.0416 0.9976 0.0549
vn -0.0509 0.9987 0.0053
vn -0.0514 0.9987 0.0065
vn -0.0160 0.9999 0.0014
vn -0.0162 0.9999 0.0016
vn -0.1314 0.9912 0.0123
vn -0.1321 0.9911 0.0144
vn -0.1332 0.9909 0.0180
vn -0.1345 0.9906 0.0230
vn -0.0521 0.9986 0.0082
vn -0.0165 0.9999 0.0018
vn -0.0022 1.0000 -0.0000
vn -0.0021 1.0000 0.0001
vn -0.0159 0.9999 0.0013
vn -0.0506 0.9987 0.0046
vn -0.0386 0.9975 0.0594
vn -0.0377 0.9973 0.0630
vn -0.0144 0.9997 0.0189
vn -0.0158 0.9997 0.0201
vn -0.0987 0.9848 0.1427
vn -0.0925 0.9845 0.1490
vn -0.0861 0.9841 0.1554
vn -0.0786 0.9837 0.1618
vn -0.0346 0.9971 0.0680
vn -0.0148 0.9996 0.0239
vn -0.0042 1.0000 0.0030
vn -0.0033 1.0000 0.0023
vn -0.0025 1.0000 0.0024
vn -0.0021 1.0000 0.0026
vn -0.0136 0.9997 0.0186
vn -0.0398 0.9976 0.0569
vn 0.0198 0.9973 0.0712
vn 0.0231 0.9971 0.0721
vn 0.0051 0.9997 0.0249
vn 0.0052 0.9996 0.0269
vn 0.0431 0.9834 0.1764
vn 0.0520 0.9834 0.1737
vn 0.0608 0.9834 0.1708
vn 0.0699 0.9835 0.1671
vn 0.0285 0.9970 0.0718
vn 0.0086 0.9996 0.0279
vn -0.0002 1.0000 0.0058
vn -0.0002 1.0000 0.0045
vn 0.0003 1.0000 0.0038
vn 0.0006 1.0000 0.0035
vn 0.0170 0.9973 0.0711
vn 0.0567 0.9983 0.0144
vn 0.0546 0.9984 0.0122
vn 0.0195 0.9998 0.0014
vn 0.0179 0.9998 0.0017
vn 0.1396 0.9890 0.0491
vn 0.1387 0.9895 0.0418
vn 0.1373 0.9899 0.0353
vn 0.1359 0.9903 0.0291
vn 0.0532 0.9985 0.0103
vn 0.0170 0.9999 0.0020
vn 0.0023 1.0000 -0.0002
vn 0.0024 1.0000 -0.0005
vn 0.0027 1.0000 -0.0011
vn 0.0036 1.0000 -0.0012
vn 0.0216 0.9998 0.0046
vn 0.0588 0.9981 0.0192
vn -0.0000 1.0000 -0.0000
vn 0.0010 0.9910 -0.1337
vn 0.0002 0.9913 -0.1317
vn -0.0003 0.9987 -0.0508
vn -0.0002 0.9988 -0.0479
vn 0.0082 0.9561 -0.2929
vn 0.0032 0.9541 -0.2994
vn 0.0010 0.9537 -0.3007
vn 0.0001 0.9537 -0.3008
vn -0.0001 1.0000 -0.0078
vn -0.0003 1.0000 -0.0088
vn -0.0004 0.9999 -0.0111
vn 0.0007 0.9986 -0.0527
vn 0.0033 0.9911 -0.1327
vn 0.0100 -0.0063 -0.9999
vn 0.0099 -0.0063 -0.9999
vn 0.0032 -0.0047 -1.0000
vn 0.0031 -0.0043 -1.0000
vn 0.0260 -0.0108 -0.9996
vn 0.0255 -0.0117 -0.9996
vn 0.0251 -0.0128 -0.9996
vn 0.0249 -0.0147 -0.9996
vn 0.0098 -0.0067 -0.9999
vn 0.0031 -0.0042 -1.0000
vn 0.0004 -0.0037 -1.0000
vn 0.0004 -0.0039 -1.0000
vn 0.0004 -0.0043 -1.0000
vn 0.0004 -0.0050 -1.0000
vn 0.0033 -0.0052 -1.0000
vn 0.0102 -0.0065 -0.9999
vn 0.0119 0.0075 -0.9999
vn 0.0119 0.0073 -0.9999
vn 0.0038 0.0072 -1.0000
vn 0.0038 0.0069 -1.0000
vn 0.0302 0.0070 -0.9995
vn 0.0303 0.0087 -0.9995
vn 0.0303 0.0086 -0.9995
vn 0.0300 0.0067 -0.9995
vn 0.0118 0.0057 -0.9999
vn 0.0038 0.0054 -1.0000
vn 0.0005 0.0053 -1.0000
vn 0.0005 0.0069 -1.0000
vn 0.0005 0.0071 -1.0000
vn 0.0005 0.0063 -1.0000
vn 0.0038 0.0063 -1.0000
vn 0.0118 0.0065 -0.9999
vn -0.0038 0.0072 -1.0000
vn -0.0038 0.0069 -1.0000
vn -0.0119 0.0075 -0.9999
vn -0.0119 0.0073 -0.9999
vn -0.0005 0.0063 -1.0000
vn -0.0005 0.0071 -1.0000
vn -0.0005 0.0069 -1.0000
vn -0.0005 0.0053 -1.0000
vn -0.0038 0.0054 -1.0000
vn -0.0118 0.0057 -0.9999
vn -0.0300 0.0067 -0.9995
vn -0.0303 0.0086 -0.9995
vn -0.0303 0.0087 -0.9995
vn -0.0302 0.0070 -0.9995
vn -0.0119 0.0065 -0.9999
vn -0.0038 0.0063 -1.0000
vn -0.1427 0.1052 0.9842
vn -0.1427 0.0950 0.9852
vn -0.0859 0.1054 0.9907
vn -0.0860 0.0950 0.9918
vn -0.1981 0.0711 0.9776
vn -0.1987 0.1048 0.9744
vn -0.1988 0.0949 0.9754
vn -0.1978 0.0370 0.9795
vn -0.1420 0.0365 0.9892
vn -0.0855 0.0362 0.9957
vn -0.0286 0.0360 0.9989
vn -0.0287 0.0950 0.9951
vn -0.0287 0.1055 0.9940
vn -0.0286 0.0720 0.9970
vn -0.0857 0.0718 0.9937
vn -0.1422 0.0715 0.9872
vn -0.3600 0.1033 0.9272
vn -0.3601 0.0947 0.9281
vn -0.3077 0.1039 0.9458
vn -0.3078 0.0948 0.9467
vn -0.4099 0.0680 0.9096
vn -0.4108 0.1026 0.9060
vn -0.4109 0.0946 0.9068
vn -0.4093 0.0404 0.9115
vn -0.3586 0.0393 0.9327
vn -0.3064 0.0384 0.9511
vn -0.2528 0.0376 0.9668
vn -0.2540 0.0949 0.9625
vn -0.2539 0.1044 0.9616
vn -0.2532 0.0705 0.9648
vn -0.3069 0.0698 0.9492
vn -0.3592 0.0689 0.9307
vn -0.5515 0.1001 0.8282
vn -0.5515 0.0943 0.8288
vn -0.5067 0.1010 0.8562
vn -0.5067 0.0944 0.8569
vn -0.5935 0.0634 0.8023
vn -0.5941 0.0993 0.7982
vn -0.5942 0.0943 0.7988
vn -0.5927 0.0454 0.8041
vn -0.5500 0.0440 0.8340
vn -0.5051 0.0427 0.8620
vn -0.4582 0.0415 0.8879
vn -0.4598 0.0945 0.8830
vn -0.4598 0.1018 0.8822
vn -0.4589 0.0670 0.8860
vn -0.5058 0.0658 0.8601
vn -0.5507 0.0647 0.8322
vn -0.7087 0.0966 0.6989
vn -0.7086 0.0941 0.6993
vn -0.6728 0.0975 0.7333
vn -0.6728 0.0941 0.7338
vn -0.7423 0.0584 0.6675
vn -0.7423 0.0957 0.6633
vn -0.7421 0.0940 0.6636
vn -0.7414 0.0513 0.6690
vn -0.7077 0.0498 0.7048
vn -0.6717 0.0483 0.7393
vn -0.6333 0.0469 0.7724
vn -0.6346 0.0942 0.7670
vn -0.6347 0.0984 0.7665
vn -0.6342 0.0622 0.7707
vn -0.6725 0.0609 0.7376
vn -0.7085 0.0597 0.7031
vn -0.8295 0.0932 0.5507
vn -0.8292 0.0940 0.5509
vn -0.8027 0.0940 0.5890
vn -0.8025 0.0940 0.5892
vn -0.8552 0.0537 0.5156
vn -0.8541 0.0925 0.5118
vn -0.8538 0.0940 0.5120
vn -0.8542 0.0572 0.5168
vn -0.8293 0.0558 0.5560
vn -0.8023 0.0543 0.5945
vn -0.7730 0.0528 0.6322
vn -0.7735 0.0940 0.6268
vn -0.7736 0.0948 0.6265
vn -0.7739 0.0572 0.6307
vn -0.8032 0.0560 0.5930
vn -0.8303 0.0548 0.5547
vn -0.9155 0.0907 0.3920
vn -0.9151 0.0943 0.3921
vn -0.8971 0.0912 0.4323
vn -0.8967 0.0942 0.4324
vn -0.9338 0.0501 0.3543
vn -0.9319 0.0902 0.3514
vn -0.9314 0.0944 0.3515
vn -0.9327 0.0622 0.3552
vn -0.9161 0.0611 0.3962
vn -0.8976 0.0598 0.4368
vn -0.8770 0.0586 0.4770
vn -0.8764 0.0941 0.4724
vn -0.8767 0.0918 0.4722
vn -0.8779 0.0527 0.4758
vn -0.8986 0.0518 0.4357
vn -0.9172 0.0509 0.3952
vn -0.9680 0.0893 0.2345
vn -0.9675 0.0948 0.2346
vn -0.9580 0.0895 0.2723
vn -0.9575 0.0947 0.2724
vn -0.9791 0.0482 0.1978
vn -0.9765 0.0892 0.1961
vn -0.9760 0.0950 0.1961
vn -0.9779 0.0658 0.1983
vn -0.9693 0.0651 0.2372
vn -0.9592 0.0642 0.2753
vn -0.9472 0.0633 0.3144
vn -0.9457 0.0945 0.3110
vn -0.9462 0.0898 0.3110
vn -0.9483 0.0495 0.3136
vn -0.9603 0.0489 0.2747
vn -0.9704 0.0485 0.2366
vn -0.9909 0.0892 0.1006
vn -0.9903 0.0956 0.1006
vn -0.9882 0.0891 0.1247
vn -0.9876 0.0954 0.1248
vn -0.9951 0.0478 0.0870
vn -0.9923 0.0892 0.0862
vn -0.9917 0.0957 0.0862
vn -0.9939 0.0676 0.0872
vn -0.9925 0.0673 0.1018
vn -0.9897 0.0670 0.1262
vn -0.9850 0.0665 0.1590
vn -0.9830 0.0952 0.1572
vn -0.9835 0.0891 0.1571
vn -0.9862 0.0480 0.1586
vn -0.9909 0.0479 0.1259
vn -0.9937 0.0478 0.1015
vn 0.7260 0.0672 -0.6844
vn 0.7255 0.0720 -0.6844
vn 0.2422 0.0257 -0.9699
vn 0.2420 0.0272 -0.9699
vn 0.9986 0.0482 -0.0216
vn 0.9957 0.0896 -0.0214
vn 0.9951 0.0962 -0.0214
vn 0.9974 0.0682 -0.0216
vn 0.7233 0.0517 -0.6886
vn 0.2400 0.0201 -0.9706
vn 0.0801 0.0097 -0.9967
vn 0.0808 0.0127 -0.9966
vn 0.0809 0.0124 -0.9966
vn 0.0804 0.0089 -0.9967
vn 0.2408 0.0158 -0.9704
vn 0.7250 0.0373 -0.6877
vn 0.9580 0.0895 0.2723
vn 0.9575 0.0947 0.2723
vn 0.9680 0.0893 0.2346
vn 0.9675 0.0948 0.2346
vn 0.9483 0.0495 0.3136
vn 0.9462 0.0898 0.3110
vn 0.9457 0.0945 0.3110
vn 0.9472 0.0633 0.3144
vn 0.9592 0.0642 0.2753
vn 0.9693 0.0651 0.2372
vn 0.9779 0.0658 0.1983
vn 0.9760 0.0950 0.1961
vn 0.9765 0.0892 0.1961
vn 0.9791 0.0482 0.1978
vn 0.9704 0.0485 0.2366
vn 0.9603 0.0489 0.2746
vn 0.8971 0.0912 0.4323
vn 0.8967 0.0942 0.4324
vn 0.9155 0.0907 0.3920
vn 0.9151 0.0943 0.3921
vn 0.8780 0.0527 0.4758
vn 0.8767 0.0918 0.4722
vn 0.8764 0.0941 0.4724
vn 0.8770 0.0586 0.4770
vn 0.8976 0.0598 0.4368
vn 0.9161 0.0611 0.3962
vn 0.9327 0.0622 0.3552
vn 0.9314 0.0944 0.3515
vn 0.9319 0.0902 0.3514
vn 0.9338 0.0501 0.3543
vn 0.9172 0.0509 0.3952
vn 0.8986 0.0518 0.4357
vn 0.8027 0.0940 0.5890
vn 0.8025 0.0940 0.5892
vn 0.8295 0.0932 0.5507
vn 0.8292 0.0940 0.5509
vn 0.7739 0.0572 0.6307
vn 0.7736 0.0948 0.6265
vn 0.7735 0.0940 0.6268
vn 0.7730 0.0528 0.6322
vn 0.8023 0.0543 0.5945
vn 0.8293 0.0558 0.5560
vn 0.8542 0.0572 0.5168
vn 0.8538 0.0940 0.5120
vn 0.8541 0.0925 0.5118
vn 0.8552 0.0537 0.5156
vn 0.8303 0.0548 0.5547
vn 0.8032 0.0560 0.5930
vn 0.6728 0.0975 0.7334
vn 0.6728 0.0941 0.7338
vn 0.7087 0.0966 0.6989
vn 0.7086 0.0941 0.6993
vn 0.6342 0.0622 0.7707
vn 0.6347 0.0984 0.7665
vn 0.6347 0.0942 0.7670
vn 0.6334 0.0469 0.7724
vn 0.6717 0.0483 0.7393
vn 0.7077 0.0498 0.7048
vn 0.7414 0.0513 0.6690
vn 0.7421 0.0940 0.6636
vn 0.7423 0.0957 0.6632
vn 0.7423 0.0584 0.6675
vn 0.7085 0.0597 0.7031
vn 0.6725 0.0609 0.7376
vn 0.5067 0.1010 0.8562
vn 0.5067 0.0944 0.8569
vn 0.5515 0.1001 0.8282
vn 0.5515 0.0943 0.8288
vn 0.4589 0.0670 0.8860
vn 0.4598 0.1018 0.8822
vn 0.4598 0.0945 0.8830
vn 0.4582 0.0415 0.8879
vn 0.5051 0.0427 0.8620
vn 0.5500 0.0440 0.8340
vn 0.5927 0.0454 0.8041
vn 0.5942 0.0943 0.7988
vn 0.5941 0.0993 0.7982
vn 0.5935 0.0634 0.8023
vn 0.5507 0.0647 0.8322
vn 0.5058 0.0658 0.8601
vn 0.3077 0.1039 0.9458
vn 0.3078 0.0948 0.9467
vn 0.3600 0.1033 0.9272
vn 0.3601 0.0947 0.9281
vn 0.2532 0.0705 0.9648
vn 0.2539 0.1044 0.9616
vn 0.2540 0.0949 0.9625
vn 0.2528 0.0376 0.9668
vn 0.3064 0.0384 0.9511
vn 0.3586 0.0393 0.9327
vn 0.4093 0.0404 0.9115
vn 0.4108 0.0946 0.9068
vn 0.4108 0.1026 0.9060
vn 0.4099 0.0680 0.9096
vn 0.3592 0.0689 0.9307
vn 0.3069 0.0698 0.9492
vn 0.0859 0.1054 0.9907
vn 0.0860 0.0950 0.9918
vn 0.1427 0.1052 0.9842
vn 0.1427 0.0950 0.9852
vn 0.0286 0.0720 0.9970
vn 0.0287 0.1055 0.9940
vn 0.0287 0.0950 0.9951
vn 0.0286 0.0360 0.9989
vn 0.0855 0.0362 0.9957
vn 0.1420 0.0365 0.9892
vn 0.1978 0.0370 0.9795
vn 0.1988 0.0949 0.9754
vn 0.1987 0.1048 0.9744
vn 0.1981 0.0711 0.9776
vn 0.1422 0.0715 0.9872
vn 0.0857 0.0718 0.9937
vn 0.0113 -0.0013 -0.9999
vn 0.0109 -0.0045 -0.9999
vn 0.0036 -0.0011 -1.0000
vn 0.0035 -0.0040 -1.0000
vn 0.0295 0.0026 -0.9996
vn 0.0287 -0.0021 -0.9996
vn 0.0277 -0.0065 -0.9996
vn 0.0268 -0.0096 -0.9996
vn 0.0105 -0.0064 -0.9999
vn 0.0034 -0.0055 -1.0000
vn 0.0004 -0.0053 -1.0000
vn 0.0005 -0.0039 -1.0000
vn 0.0005 -0.0011 -1.0000
vn 0.0005 0.0023 -1.0000
vn 0.0037 0.0023 -1.0000
vn 0.0116 0.0024 -0.9999
vn -0.0036 -0.0011 -1.0000
vn -0.0035 -0.0040 -1.0000
vn -0.0113 -0.0013 -0.9999
vn -0.0109 -0.0045 -0.9999
vn -0.0005 0.0023 -1.0000
vn -0.0005 -0.0011 -1.0000
vn -0.0005 -0.0039 -1.0000
vn -0.0004 -0.0053 -1.0000
vn -0.0033 -0.0055 -1.0000
vn -0.0105 -0.0064 -0.9999
vn -0.0268 -0.0096 -0.9996
vn -0.0277 -0.0065 -0.9996
vn -0.0287 -0.0021 -0.9996
vn -0.0295 0.0026 -0.9996
vn -0.0116 0.0024 -0.9999
vn -0.0037 0.0023 -1.0000
vn -0.1323 -0.2211 0.9662
vn -0.1234 -0.3414 0.9318
vn -0.0797 -0.2224 0.9717
vn -0.0742 -0.3427 0.9365
vn -0.1937 -0.0821 0.9776
vn -0.1846 -0.2192 0.9581
vn -0.1722 -0.3394 0.9247
vn -0.1606 -0.4205 0.8930
vn -0.1150 -0.4221 0.8992
vn -0.0691 -0.4231 0.9034
vn -0.0231 -0.4237 0.9055
vn -0.0248 -0.3434 0.9389
vn -0.0266 -0.2231 0.9744
vn -0.0280 -0.0847 0.9960
vn -0.0837 -0.0843 0.9929
vn -0.1390 -0.0834 0.9868
vn -0.3368 -0.2100 0.9179
vn -0.3156 -0.3297 0.8898
vn -0.2871 -0.2136 0.9338
vn -0.2686 -0.3335 0.9037
vn -0.4021 -0.0731 0.9127
vn -0.3854 -0.2059 0.8995
vn -0.3618 -0.3253 0.8736
vn -0.3388 -0.4091 0.8473
vn -0.2951 -0.4126 0.8618
vn -0.2509 -0.4157 0.8742
vn -0.2060 -0.4183 0.8846
vn -0.2207 -0.3368 0.9153
vn -0.2363 -0.2167 0.9472
vn -0.2477 -0.0804 0.9655
vn -0.3005 -0.0783 0.9505
vn -0.3520 -0.0758 0.9329
vn -0.5227 -0.1911 0.8308
vn -0.4941 -0.3095 0.8124
vn -0.4785 -0.1964 0.8558
vn -0.4513 -0.3152 0.8349
vn -0.5850 -0.0594 0.8088
vn -0.5653 -0.1855 0.8038
vn -0.5357 -0.3034 0.7880
vn -0.5051 -0.3911 0.7694
vn -0.4650 -0.3961 0.7918
vn -0.4239 -0.4007 0.8122
vn -0.3818 -0.4051 0.8307
vn -0.4071 -0.3205 0.8553
vn -0.4327 -0.2013 0.8787
vn -0.4507 -0.0700 0.8899
vn -0.4974 -0.0667 0.8650
vn -0.5422 -0.0631 0.8379
vn -0.6820 -0.1677 0.7118
vn -0.6515 -0.2839 0.7035
vn -0.6451 -0.1738 0.7441
vn -0.6146 -0.2906 0.7334
vn -0.7354 -0.0437 0.6762
vn -0.7170 -0.1616 0.6781
vn -0.6868 -0.2771 0.6719
vn -0.6529 -0.3691 0.6615
vn -0.6180 -0.3748 0.6911
vn -0.5817 -0.3804 0.7189
vn -0.5441 -0.3858 0.7451
vn -0.5760 -0.2971 0.7616
vn -0.6062 -0.1797 0.7748
vn -0.6259 -0.0556 0.7779
vn -0.6646 -0.0517 0.7454
vn -0.7011 -0.0477 0.7115
vn -0.8097 -0.1437 0.5689
vn -0.7817 -0.2569 0.5682
vn -0.7810 -0.1495 0.6064
vn -0.7520 -0.2636 0.6041
vn -0.8509 -0.0284 0.5246
vn -0.8364 -0.1380 0.5304
vn -0.8095 -0.2505 0.5310
vn -0.7759 -0.3465 0.5271
vn -0.7478 -0.3520 0.5629
vn -0.7179 -0.3577 0.5973
vn -0.6862 -0.3634 0.6301
vn -0.7204 -0.2703 0.6387
vn -0.7500 -0.1555 0.6428
vn -0.7676 -0.0398 0.6397
vn -0.7975 -0.0359 0.6022
vn -0.8253 -0.0321 0.5638
vn -0.9040 -0.1226 0.4097
vn -0.8806 -0.2328 0.4128
vn -0.8836 -0.1274 0.4506
vn -0.8590 -0.2384 0.4532
vn -0.9321 -0.0157 0.3617
vn -0.9223 -0.1182 0.3681
vn -0.9000 -0.2277 0.3716
vn -0.8690 -0.3268 0.3716
vn -0.8488 -0.3313 0.4121
vn -0.8265 -0.3361 0.4516
vn -0.8022 -0.3412 0.4899
vn -0.8353 -0.2443 0.4926
vn -0.8611 -0.1326 0.4909
vn -0.8744 -0.0249 0.4846
vn -0.8957 -0.0216 0.4441
vn -0.9149 -0.0185 0.4032
vn -0.9630 -0.1077 0.2469
vn -0.9438 -0.2156 0.2504
vn -0.9517 -0.1107 0.2863
vn -0.9317 -0.2190 0.2899
vn -0.9793 -0.0073 0.2023
vn -0.9727 -0.1052 0.2067
vn -0.9543 -0.2127 0.2098
vn -0.9258 -0.3139 0.2108
vn -0.9147 -0.3164 0.2513
vn -0.9020 -0.3193 0.2907
vn -0.8869 -0.3228 0.3305
vn -0.9172 -0.2230 0.3301
vn -0.9383 -0.1141 0.3264
vn -0.9472 -0.0131 0.3204
vn -0.9597 -0.0109 0.2807
vn -0.9703 -0.0089 0.2419
vn -0.9892 -0.1009 0.1063
vn -0.9722 -0.2079 0.1081
vn -0.9860 -0.1018 0.1317
vn -0.9687 -0.2089 0.1339
vn -0.9960 -0.0039 0.0890
vn -0.9908 -0.1004 0.0911
vn -0.9739 -0.2074 0.0926
vn -0.9464 -0.3094 0.0932
vn -0.9446 -0.3098 0.1088
vn -0.9409 -0.3106 0.1347
vn -0.9349 -0.3120 0.1694
vn -0.9630 -0.2104 0.1685
vn -0.9807 -0.1032 0.1658
vn -0.9867 -0.0059 0.1622
vn -0.9917 -0.0049 0.1288
vn -0.9946 -0.0043 0.1039
vn 0.7064 -0.0657 -0.7047
vn 0.6892 -0.1386 -0.7112
vn 0.2296 -0.0189 -0.9731
vn 0.2222 -0.0420 -0.9741
vn 0.9998 -0.0031 -0.0221
vn 0.9948 -0.0992 -0.0226
vn 0.9783 -0.2060 -0.0230
vn 0.9511 -0.3081 -0.0232
vn 0.6683 -0.2080 -0.7142
vn 0.2146 -0.0633 -0.9746
vn 0.0713 -0.0210 -0.9972
vn 0.0739 -0.0139 -0.9972
vn 0.0764 -0.0055 -0.9971
vn 0.0786 0.0029 -0.9969
vn 0.2358 0.0030 -0.9718
vn 0.7178 0.0011 -0.6963
vn 0.9517 -0.1107 0.2863
vn 0.9317 -0.2190 0.2899
vn 0.9630 -0.1077 0.2469
vn 0.9438 -0.2156 0.2504
vn 0.9472 -0.0131 0.3204
vn 0.9383 -0.1141 0.3264
vn 0.9172 -0.2230 0.3301
vn 0.8869 -0.3228 0.3305
vn 0.9020 -0.3193 0.2907
vn 0.9147 -0.3164 0.2513
vn 0.9258 -0.3139 0.2108
vn 0.9543 -0.2127 0.2098
vn 0.9727 -0.1052 0.2067
vn 0.9793 -0.0073 0.2023
vn 0.9703 -0.0089 0.2419
vn 0.9597 -0.0109 0.2807
vn 0.8836 -0.1274 0.4506
vn 0.8590 -0.2383 0.4532
vn 0.9040 -0.1226 0.4097
vn 0.8805 -0.2328 0.4128
vn 0.8744 -0.0249 0.4846
vn 0.8611 -0.1326 0.4908
vn 0.8353 -0.2443 0.4926
vn 0.8022 -0.3412 0.4899
vn 0.8265 -0.3361 0.4516
vn 0.8488 -0.3313 0.4121
vn 0.8690 -0.3268 0.3716
vn 0.9000 -0.2277 0.3716
vn 0.9223 -0.1182 0.3681
vn 0.9321 -0.0157 0.3617
vn 0.9149 -0.0185 0.4032
vn 0.8957 -0.0216 0.4441
vn 0.7810 -0.1495 0.6064
vn 0.7520 -0.2636 0.6041
vn 0.8097 -0.1437 0.5689
vn 0.7817 -0.2569 0.5682
vn 0.7676 -0.0398 0.6397
vn 0.7501 -0.1555 0.6428
vn 0.7204 -0.2703 0.6387
vn 0.6862 -0.3634 0.6301
vn 0.7179 -0.3576 0.5972
vn 0.7478 -0.3520 0.5629
vn 0.7759 -0.3465 0.5271
vn 0.8095 -0.2505 0.5310
vn 0.8364 -0.1380 0.5304
vn 0.8509 -0.0284 0.5246
vn 0.8253 -0.0321 0.5638
vn 0.7975 -0.0359 0.6022
vn 0.6451 -0.1738 0.7441
vn 0.6146 -0.2906 0.7334
vn 0.6820 -0.1677 0.7118
vn 0.6515 -0.2839 0.7035
vn 0.6259 -0.0556 0.7779
vn 0.6062 -0.1797 0.7748
vn 0.5760 -0.2971 0.7616
vn 0.5441 -0.3858 0.7451
vn 0.5817 -0.3804 0.7189
vn 0.6180 -0.3748 0.6911
vn 0.6529 -0.3691 0.6615
vn 0.6868 -0.2771 0.6719
vn 0.7170 -0.1616 0.6781
vn 0.7354 -0.0437 0.6762
vn 0.7011 -0.0477 0.7115
vn 0.6646 -0.0517 0.7454
vn 0.4785 -0.1964 0.8558
vn 0.4513 -0.3152 0.8349
vn 0.5227 -0.1911 0.8308
vn 0.4941 -0.3095 0.8124
vn 0.4507 -0.0700 0.8899
vn 0.4327 -0.2013 0.8788
vn 0.4071 -0.3205 0.8553
vn 0.3818 -0.4051 0.8307
vn 0.4239 -0.4007 0.8122
vn 0.4650 -0.3961 0.7918
vn 0.5051 -0.3911 0.7694
vn 0.5357 -0.3034 0.7880
vn 0.5653 -0.1855 0.8038
vn 0.5850 -0.0594 0.8088
vn 0.5422 -0.0631 0.8379
vn 0.4974 -0.0667 0.8649
vn 0.2871 -0.2136 0.9338
vn 0.2686 -0.3335 0.9037
vn 0.3368 -0.2100 0.9179
vn 0.3156 -0.3297 0.8898
vn 0.2477 -0.0804 0.9655
vn 0.2363 -0.2167 0.9472
vn 0.2208 -0.3368 0.9153
vn 0.2060 -0.4183 0.8846
vn 0.2509 -0.4157 0.8742
vn 0.2951 -0.4126 0.8618
vn 0.3388 -0.4091 0.8473
vn 0.3618 -0.3253 0.8736
vn 0.3854 -0.2059 0.8995
vn 0.4021 -0.0731 0.9127
vn 0.3520 -0.0758 0.9329
vn 0.3005 -0.0783 0.9505
vn 0.0797 -0.2224 0.9717
vn 0.0742 -0.3427 0.9365
vn 0.1323 -0.2211 0.9662
vn 0.1234 -0.3414 0.9318
vn 0.0280 -0.0847 0.9960
vn 0.0266 -0.2231 0.9744
vn 0.0248 -0.3434 0.9389
vn 0.0231 -0.4237 0.9055
vn 0.0691 -0.4231 0.9034
vn 0.1150 -0.4221 0.8992
vn 0.1606 -0.4205 0.8930
vn 0.1722 -0.3394 0.9247
vn 0.1846 -0.2192 0.9581
vn 0.1937 -0.0821 0.9776
vn 0.1390 -0.0834 0.9868
vn 0.0837 -0.0843 0.9929
vn -0.4923 -0.8184 0.2964
vn -0.5070 -0.8182 0.2712
vn -0.3702 -0.9003 0.2288
vn -0.3817 -0.9002 0.2097
vn -0.5818 -0.7164 0.3851
vn -0.6005 -0.7163 0.3555
vn -0.6177 -0.7162 0.3250
vn -0.6333 -0.7161 0.2935
vn -0.5204 -0.8180 0.2451
vn -0.3923 -0.9000 0.1897
vn -0.2812 -0.9492 0.1412
vn -0.2733 -0.9492 0.1558
vn -0.2646 -0.9493 0.1698
vn -0.2554 -0.9493 0.1832
vn -0.3577 -0.9005 0.2472
vn -0.4765 -0.8186 0.3206
vn -0.0394 -0.8227 0.5671
vn -0.0655 -0.8227 0.5647
vn -0.0289 -0.9036 0.4275
vn -0.0481 -0.9035 0.4258
vn -0.0164 -0.7186 0.6953
vn -0.0490 -0.7185 0.6938
vn -0.0815 -0.7185 0.6907
vn -0.1139 -0.7185 0.6862
vn -0.0916 -0.8226 0.5612
vn -0.0673 -0.9035 0.4233
vn -0.0471 -0.9504 0.3076
vn -0.0337 -0.9504 0.3092
vn -0.0202 -0.9504 0.3103
vn -0.0068 -0.9504 0.3109
vn -0.0097 -0.9036 0.4283
vn -0.0132 -0.8227 0.5683
vn 0.3605 -0.8203 0.4441
vn 0.3384 -0.8205 0.4607
vn 0.2681 -0.9017 0.3391
vn 0.2512 -0.9019 0.3513
vn 0.4694 -0.7170 0.5153
vn 0.4436 -0.7172 0.5375
vn 0.4169 -0.7173 0.5583
vn 0.3893 -0.7175 0.5777
vn 0.3156 -0.8208 0.4761
vn 0.2340 -0.9021 0.3625
vn 0.1652 -0.9498 0.2656
vn 0.1775 -0.9498 0.2577
vn 0.1897 -0.9497 0.2492
vn 0.2016 -0.9496 0.2400
vn 0.2845 -0.9015 0.3261
vn 0.3819 -0.8200 0.4263
vn 0.0030 -0.0052 -1.0000
vn 0.0095 -0.0095 -0.9999
vn 0.0030 -0.0072 -1.0000
vn 0.0093 -0.0132 -0.9999
vn 0.0004 -0.0038 -1.0000
vn 0.0031 -0.0044 -1.0000
vn 0.0097 -0.0076 -0.9999
vn 0.0247 -0.0180 -0.9995
vn 0.0243 -0.0234 -0.9994
vn 0.0236 -0.0327 -0.9992
vn 0.0228 -0.0482 -0.9986
vn 0.0090 -0.0210 -0.9997
vn 0.0028 -0.0127 -0.9999
vn 0.0004 -0.0110 -0.9999
vn 0.0004 -0.0060 -1.0000
vn -0.0095 -0.0095 -0.9999
vn -0.0030 -0.0052 -1.0000
vn -0.0093 -0.0132 -0.9999
vn -0.0030 -0.0072 -1.0000
vn -0.0247 -0.0180 -0.9995
vn -0.0097 -0.0076 -0.9999
vn -0.0031 -0.0044 -1.0000
vn -0.0004 -0.0038 -1.0000
vn -0.0004 -0.0060 -1.0000
vn -0.0004 -0.0110 -0.9999
vn -0.0029 -0.0127 -0.9999
vn -0.0090 -0.0210 -0.9997
vn -0.0228 -0.0482 -0.9986
vn -0.0236 -0.0327 -0.9992
vn -0.0243 -0.0234 -0.9994
vn -0.4862 -0.6603 -0.5724
vn -0.1904 -0.2373 -0.9526
vn -0.3972 -0.7821 -0.4802
vn -0.1807 -0.3256 -0.9281
vn -0.6982 -0.7156 -0.0185
vn -0.5497 -0.5408 -0.6366
vn -0.1960 -0.1777 -0.9644
vn -0.0658 -0.0530 -0.9964
vn -0.0646 -0.0708 -0.9954
vn -0.0628 -0.0992 -0.9931
vn -0.0602 -0.1409 -0.9882
vn -0.1657 -0.4381 -0.8835
vn -0.3030 -0.8738 -0.3803
vn -0.3150 -0.9491 -0.0091
vn -0.4371 -0.8993 -0.0120
vn -0.5764 -0.8170 -0.0155
vn -0.2441 -0.8216 0.5152
vn -0.2683 -0.8213 0.5034
vn -0.1802 -0.9027 0.3907
vn -0.1984 -0.9025 0.3822
vn -0.2718 -0.7180 0.6408
vn -0.3021 -0.7179 0.6272
vn -0.3318 -0.7178 0.6122
vn -0.3609 -0.7176 0.5957
vn -0.2922 -0.8211 0.4904
vn -0.2164 -0.9023 0.3728
vn -0.1524 -0.9499 0.2728
vn -0.1397 -0.9500 0.2793
vn -0.1267 -0.9501 0.2852
vn -0.1137 -0.9501 0.2904
vn -0.1618 -0.9029 0.3983
vn -0.2194 -0.8218 0.5259
vn 0.1690 -0.8222 0.5436
vn 0.1434 -0.8223 0.5506
vn 0.1244 -0.9032 0.4109
vn 0.1055 -0.9033 0.4159
vn 0.2409 -0.7181 0.6529
vn 0.2097 -0.7182 0.6635
vn 0.1781 -0.7183 0.6725
vn 0.1461 -0.7184 0.6801
vn 0.1176 -0.8225 0.5565
vn 0.0864 -0.9034 0.4200
vn 0.0606 -0.9503 0.3053
vn 0.0739 -0.9503 0.3025
vn 0.0872 -0.9502 0.2990
vn 0.1004 -0.9502 0.2951
vn 0.1432 -0.9030 0.4050
vn 0.1943 -0.8220 0.5353
vn 0.5511 -0.8176 0.1668
vn 0.5425 -0.8177 0.1926
vn 0.4168 -0.8997 0.1295
vn 0.4099 -0.8998 0.1494
vn 0.6777 -0.7161 0.1672
vn 0.6691 -0.7160 0.1992
vn 0.6591 -0.7160 0.2302
vn 0.6473 -0.7160 0.2614
vn 0.5324 -0.8178 0.2186
vn 0.4018 -0.8999 0.1694
vn 0.2883 -0.9492 0.1262
vn 0.2944 -0.9492 0.1114
vn 0.2996 -0.9492 0.0966
vn 0.3041 -0.9492 0.0813
vn 0.4227 -0.8997 0.1088
vn 0.5585 -0.8176 0.1401
vn -0.4225 -0.8194 0.3873
vn -0.4415 -0.8192 0.3661
vn -0.3157 -0.9011 0.2972
vn -0.3304 -0.9009 0.2814
vn -0.4942 -0.7169 0.4918
vn -0.5179 -0.7167 0.4669
vn -0.5405 -0.7166 0.4409
vn -0.5618 -0.7165 0.4136
vn -0.4595 -0.8189 0.3439
vn -0.3445 -0.9007 0.2647
vn -0.2456 -0.9494 0.1960
vn -0.2352 -0.9494 0.2080
vn -0.2244 -0.9495 0.2193
vn -0.2133 -0.9496 0.2299
vn -0.3004 -0.9013 0.3121
vn -0.4027 -0.8197 0.4073
vn 0.4415 -0.8192 0.3661
vn 0.4225 -0.8194 0.3873
vn 0.3304 -0.9009 0.2814
vn 0.3158 -0.9011 0.2972
vn 0.5618 -0.7165 0.4136
vn 0.5405 -0.7166 0.4409
vn 0.5179 -0.7167 0.4669
vn 0.4942 -0.7169 0.4918
vn 0.4027 -0.8197 0.4074
vn 0.3004 -0.9013 0.3121
vn 0.2133 -0.9496 0.2299
vn 0.2244 -0.9495 0.2193
vn 0.2352 -0.9494 0.2080
vn 0.2456 -0.9494 0.1960
vn 0.3445 -0.9007 0.2647
vn 0.4595 -0.8189 0.3439
vn -0.5425 -0.8177 0.1926
vn -0.5511 -0.8176 0.1668
vn -0.4099 -0.8998 0.1494
vn -0.4168 -0.8997 0.1295
vn -0.6473 -0.7160 0.2614
vn -0.6591 -0.7160 0.2302
vn -0.6691 -0.7160 0.1992
vn -0.6777 -0.7161 0.1672
vn -0.5585 -0.8176 0.1401
vn -0.4227 -0.8997 0.1089
vn -0.3041 -0.9492 0.0814
vn -0.2996 -0.9492 0.0966
vn -0.2944 -0.9492 0.1115
vn -0.2884 -0.9492 0.1262
vn -0.4018 -0.8999 0.1694
vn -0.5324 -0.8178 0.2186
vn -0.1434 -0.8223 0.5506
vn -0.1690 -0.8222 0.5436
vn -0.1055 -0.9033 0.4159
vn -0.1244 -0.9032 0.4109
vn -0.1462 -0.7184 0.6801
vn -0.1781 -0.7183 0.6725
vn -0.2097 -0.7182 0.6635
vn -0.2409 -0.7181 0.6529
vn -0.1943 -0.8220 0.5353
vn -0.1432 -0.9030 0.4050
vn -0.1004 -0.9502 0.2950
vn -0.0872 -0.9502 0.2991
vn -0.0739 -0.9503 0.3025
vn -0.0606 -0.9503 0.3053
vn -0.0865 -0.9034 0.4200
vn -0.1177 -0.8225 0.5565
vn 0.2684 -0.8213 0.5034
vn 0.2441 -0.8216 0.5152
vn 0.1984 -0.9025 0.3822
vn 0.1802 -0.9027 0.3907
vn 0.3608 -0.7176 0.5957
vn 0.3318 -0.7178 0.6122
vn 0.3021 -0.7179 0.6272
vn 0.2718 -0.7180 0.6408
vn 0.2194 -0.8218 0.5259
vn 0.1618 -0.9029 0.3983
vn 0.1137 -0.9501 0.2904
vn 0.1267 -0.9501 0.2852
vn 0.1397 -0.9500 0.2793
vn 0.1524 -0.9499 0.2728
vn 0.2163 -0.9023 0.3728
vn 0.2922 -0.8211 0.4904
vn 0.5712 -0.8176 0.0724
vn 0.5688 -0.8176 0.0897
vn 0.4328 -0.8997 0.0564
vn 0.4309 -0.8997 0.0697
vn 0.6937 -0.7165 0.0741
vn 0.6924 -0.7163 0.0864
vn 0.6896 -0.7162 0.1070
vn 0.6849 -0.7162 0.1345
vn 0.5647 -0.8176 0.1128
vn 0.4276 -0.8997 0.0877
vn 0.3078 -0.9492 0.0654
vn 0.3102 -0.9492 0.0522
vn 0.3117 -0.9493 0.0421
vn 0.3124 -0.9493 0.0363
vn 0.4337 -0.8998 0.0483
vn 0.5723 -0.8177 0.0621
vn 0.0655 -0.8227 0.5647
vn 0.0394 -0.8227 0.5671
vn 0.0481 -0.9035 0.4258
vn 0.0289 -0.9036 0.4275
vn 0.1139 -0.7185 0.6862
vn 0.0815 -0.7185 0.6907
vn 0.0490 -0.7185 0.6938
vn 0.0164 -0.7186 0.6953
vn 0.0132 -0.8227 0.5683
vn 0.0097 -0.9036 0.4283
vn 0.0067 -0.9504 0.3109
vn 0.0202 -0.9504 0.3103
vn 0.0337 -0.9504 0.3092
vn 0.0471 -0.9504 0.3075
vn 0.0673 -0.9035 0.4233
vn 0.0916 -0.8226 0.5612
vn -0.3383 -0.8205 0.4607
vn -0.3605 -0.8203 0.4441
vn -0.2512 -0.9019 0.3513
vn -0.2681 -0.9017 0.3391
vn -0.3893 -0.7175 0.5777
vn -0.4169 -0.7173 0.5583
vn -0.4436 -0.7172 0.5375
vn -0.4694 -0.7170 0.5153
vn -0.3819 -0.8200 0.4263
vn -0.2845 -0.9015 0.3261
vn -0.2016 -0.9496 0.2399
vn -0.1897 -0.9497 0.2492
vn -0.1775 -0.9498 0.2577
vn -0.1652 -0.9498 0.2656
vn -0.2340 -0.9021 0.3625
vn -0.3156 -0.8208 0.4761
vn 0.5070 -0.8182 0.2712
vn 0.4923 -0.8184 0.2963
vn 0.3817 -0.9002 0.2097
vn 0.3702 -0.9003 0.2288
vn 0.6333 -0.7161 0.2935
vn 0.6177 -0.7162 0.3250
vn 0.6005 -0.7162 0.3555
vn 0.5818 -0.7164 0.3851
vn 0.4765 -0.8186 0.3206
vn 0.3577 -0.9005 0.2472
vn 0.2554 -0.9493 0.1832
vn 0.2646 -0.9493 0.1698
vn 0.2733 -0.9492 0.1558
vn 0.2812 -0.9492 0.1413
vn 0.3923 -0.9000 0.1897
vn 0.5204 -0.8180 0.2451
vn -0.1569 -0.9807 0.1168
vn -0.1624 -0.9803 0.1124
vn -0.0837 -0.9934 0.0787
vn -0.0863 -0.9925 0.0871
vn -0.2025 -0.9674 0.1520
vn -0.2098 -0.9674 0.1416
vn -0.2169 -0.9674 0.1304
vn -0.2236 -0.9675 0.1183
vn -0.1710 -0.9802 0.0999
vn -0.0978 -0.9923 0.0764
vn -0.0195 -0.9991 0.0373
vn -0.0155 -0.9994 0.0297
vn -0.0158 -0.9996 0.0216
vn -0.0167 -0.9997 0.0165
vn -0.0837 -0.9939 0.0724
vn -0.1526 -0.9808 0.1212
vn 0.1101 -0.9790 0.1713
vn 0.1038 -0.9794 0.1731
vn 0.0530 -0.9916 0.1183
vn 0.0532 -0.9925 0.1102
vn 0.1594 -0.9669 0.1993
vn 0.1496 -0.9669 0.2067
vn 0.1399 -0.9669 0.2134
vn 0.1304 -0.9669 0.2193
vn 0.0986 -0.9796 0.1752
vn 0.0548 -0.9929 0.1053
vn 0.0110 -0.9997 0.0239
vn 0.0087 -0.9996 0.0280
vn 0.0060 -0.9994 0.0349
vn 0.0073 -0.9990 0.0438
vn 0.0660 -0.9913 0.1143
vn 0.1210 -0.9789 0.1646
vn -0.1423 -0.9800 0.1392
vn -0.1452 -0.9805 0.1326
vn -0.0957 -0.9932 0.0670
vn -0.0887 -0.9938 0.0676
vn -0.1696 -0.9670 0.1902
vn -0.1785 -0.9671 0.1812
vn -0.1869 -0.9672 0.1719
vn -0.1947 -0.9673 0.1624
vn -0.1482 -0.9807 0.1272
vn -0.0844 -0.9939 0.0705
vn -0.0180 -0.9998 0.0132
vn -0.0211 -0.9997 0.0092
vn -0.0266 -0.9996 0.0046
vn -0.0336 -0.9994 0.0063
vn -0.0912 -0.9923 0.0842
vn -0.1347 -0.9793 0.1509
vn 0.1452 -0.9805 0.1326
vn 0.1424 -0.9800 0.1391
vn 0.0887 -0.9938 0.0677
vn 0.0957 -0.9932 0.0669
vn 0.1947 -0.9673 0.1624
vn 0.1869 -0.9672 0.1719
vn 0.1785 -0.9671 0.1812
vn 0.1696 -0.9670 0.1903
vn 0.1347 -0.9793 0.1508
vn 0.0912 -0.9922 0.0844
vn 0.0336 -0.9994 0.0062
vn 0.0266 -0.9996 0.0045
vn 0.0210 -0.9997 0.0091
vn 0.0180 -0.9998 0.0133
vn 0.0844 -0.9939 0.0705
vn 0.1482 -0.9807 0.1272
vn -0.1039 -0.9794 0.1730
vn -0.1101 -0.9790 0.1714
vn -0.0532 -0.9925 0.1102
vn -0.0530 -0.9916 0.1184
vn -0.1304 -0.9669 0.2193
vn -0.1399 -0.9669 0.2134
vn -0.1496 -0.9669 0.2068
vn -0.1594 -0.9669 0.1994
vn -0.1210 -0.9789 0.1646
vn -0.0660 -0.9913 0.1143
vn -0.0073 -0.9990 0.0437
vn -0.0059 -0.9994 0.0350
vn -0.0087 -0.9996 0.0279
vn -0.0110 -0.9997 0.0239
vn -0.0548 -0.9929 0.1053
vn -0.0986 -0.9796 0.1752
vn 0.1625 -0.9803 0.1123
vn 0.1569 -0.9807 0.1169
vn 0.0863 -0.9925 0.0870
vn 0.0837 -0.9934 0.0786
vn 0.2236 -0.9675 0.1182
vn 0.2169 -0.9674 0.1305
vn 0.2098 -0.9674 0.1416
vn 0.2025 -0.9674 0.1520
vn 0.1526 -0.9808 0.1212
vn 0.0837 -0.9939 0.0724
vn 0.0167 -0.9997 0.0165
vn 0.0158 -0.9996 0.0218
vn 0.0156 -0.9994 0.0296
vn 0.0195 -0.9991 0.0374
vn 0.0978 -0.9923 0.0765
vn 0.1710 -0.9802 0.1000
vn -0.0837 -0.9789 0.1866
vn -0.0883 -0.9793 0.1821
vn -0.0654 -0.9922 0.1066
vn -0.0595 -0.9928 0.1041
vn -0.0903 -0.9667 0.2396
vn -0.1007 -0.9667 0.2351
vn -0.1107 -0.9668 0.2303
vn -0.1204 -0.9669 0.2252
vn -0.0927 -0.9795 0.1788
vn -0.0553 -0.9930 0.1045
vn -0.0129 -0.9997 0.0220
vn -0.0167 -0.9997 0.0201
vn -0.0230 -0.9996 0.0187
vn -0.0288 -0.9993 0.0238
vn -0.0567 -0.9913 0.1192
vn -0.0738 -0.9783 0.1935
vn 0.1818 -0.9818 0.0553
vn 0.1822 -0.9812 0.0632
vn 0.1034 -0.9945 0.0139
vn 0.1105 -0.9938 0.0118
vn 0.2418 -0.9680 0.0672
vn 0.2385 -0.9679 0.0794
vn 0.2347 -0.9677 0.0917
vn 0.2300 -0.9676 0.1044
vn 0.1794 -0.9806 0.0791
vn 0.1122 -0.9931 0.0330
vn 0.0322 -0.9994 -0.0123
vn 0.0251 -0.9996 -0.0117
vn 0.0212 -0.9998 -0.0057
vn 0.0191 -0.9998 -0.0019
vn 0.0991 -0.9949 0.0164
vn 0.1818 -0.9822 0.0481
vn -0.0410 -0.9787 0.2010
vn -0.0469 -0.9783 0.2016
vn -0.0162 -0.9920 0.1251
vn -0.0136 -0.9912 0.1319
vn -0.0476 -0.9667 0.2514
vn -0.0577 -0.9667 0.2493
vn -0.0682 -0.9667 0.2468
vn -0.0788 -0.9666 0.2438
vn -0.0582 -0.9781 0.1999
vn -0.0262 -0.9906 0.1340
vn 0.0062 -0.9990 0.0438
vn 0.0049 -0.9994 0.0350
vn 0.0001 -0.9995 0.0301
vn -0.0032 -0.9996 0.0278
vn -0.0189 -0.9924 0.1218
vn -0.0357 -0.9789 0.2012
vn 0.1835 -0.9827 0.0263
vn 0.1831 -0.9826 0.0315
vn 0.0955 -0.9954 0.0122
vn 0.0961 -0.9953 0.0131
vn 0.2481 -0.9683 0.0299
vn 0.2476 -0.9682 0.0349
vn 0.2465 -0.9682 0.0432
vn 0.2446 -0.9681 0.0539
vn 0.1826 -0.9824 0.0391
vn 0.0971 -0.9952 0.0150
vn 0.0180 -0.9998 -0.0004
vn 0.0174 -0.9998 0.0008
vn 0.0171 -0.9999 0.0013
vn 0.0170 -0.9999 0.0016
vn 0.0954 -0.9954 0.0112
vn 0.1837 -0.9827 0.0225
vn 0.0242 -0.9787 0.2039
vn 0.0190 -0.9783 0.2063
vn 0.0226 -0.9921 0.1233
vn 0.0271 -0.9914 0.1281
vn 0.0371 -0.9667 0.2531
vn 0.0269 -0.9667 0.2545
vn 0.0167 -0.9666 0.2556
vn 0.0056 -0.9666 0.2563
vn 0.0079 -0.9779 0.2089
vn 0.0159 -0.9906 0.1355
vn 0.0190 -0.9991 0.0368
vn 0.0152 -0.9994 0.0295
vn 0.0091 -0.9996 0.0275
vn 0.0053 -0.9996 0.0271
vn 0.0193 -0.9924 0.1216
vn 0.0293 -0.9789 0.2023
vn -0.0188 -0.9783 0.2064
vn -0.0243 -0.9787 0.2039
vn -0.0271 -0.9914 0.1281
vn -0.0227 -0.9921 0.1232
vn -0.0057 -0.9666 0.2563
vn -0.0165 -0.9666 0.2556
vn -0.0269 -0.9667 0.2545
vn -0.0371 -0.9667 0.2531
vn -0.0293 -0.9789 0.2023
vn -0.0192 -0.9924 0.1216
vn -0.0053 -0.9996 0.0272
vn -0.0092 -0.9996 0.0275
vn -0.0151 -0.9994 0.0295
vn -0.0190 -0.9991 0.0369
vn -0.0159 -0.9906 0.1355
vn -0.0079 -0.9779 0.2089
vn -0.1857 -0.9528 -0.2402
vn -0.1344 -0.6490 -0.7488
vn -0.0977 -0.9898 -0.1035
vn -0.0925 -0.8909 -0.4447
vn -0.2501 -0.9682 -0.0077
vn -0.2462 -0.9144 -0.3214
vn -0.1512 -0.5204 -0.8404
vn -0.0573 -0.1806 -0.9819
vn -0.0548 -0.2547 -0.9655
vn -0.0515 -0.4959 -0.8668
vn -0.0210 -0.9764 -0.2147
vn -0.0185 -0.9986 -0.0499
vn -0.0174 -0.9998 -0.0097
vn -0.0171 -0.9999 0.0006
vn -0.0957 -0.9954 -0.0006
vn -0.1849 -0.9827 -0.0050
vn 0.0469 -0.9783 0.2016
vn 0.0410 -0.9787 0.2010
vn 0.0136 -0.9912 0.1319
vn 0.0163 -0.9920 0.1252
vn 0.0788 -0.9666 0.2438
vn 0.0682 -0.9667 0.2468
vn 0.0577 -0.9667 0.2493
vn 0.0476 -0.9667 0.2513
vn 0.0356 -0.9789 0.2012
vn 0.0188 -0.9924 0.1219
vn 0.0031 -0.9996 0.0279
vn -0.0000 -0.9995 0.0300
vn -0.0049 -0.9994 0.0350
vn -0.0062 -0.9990 0.0438
vn 0.0262 -0.9906 0.1340
vn 0.0582 -0.9781 0.1999
vn -0.0079 -0.0692 -0.9976
vn -0.0024 -0.0589 -0.9983
vn -0.0062 -0.1959 -0.9806
vn -0.0016 -0.1930 -0.9812
vn -0.0217 -0.0681 -0.9974
vn -0.0085 -0.0351 -0.9993
vn -0.0027 -0.0252 -0.9997
vn -0.0004 -0.0232 -0.9997
vn -0.0003 -0.0575 -0.9983
vn -0.0001 -0.1976 -0.9803
vn 0.0002 -0.8746 -0.4849
vn 0.0001 -0.8625 -0.5061
vn -0.0016 -0.8398 -0.5429
vn -0.0066 -0.8024 -0.5967
vn -0.0181 -0.2465 -0.9690
vn -0.0205 -0.1094 -0.9938
vn -0.1822 -0.9812 0.0632
vn -0.1818 -0.9818 0.0552
vn -0.1104 -0.9938 0.0119
vn -0.1034 -0.9945 0.0139
vn -0.2300 -0.9676 0.1044
vn -0.2347 -0.9677 0.0917
vn -0.2385 -0.9679 0.0794
vn -0.2418 -0.9680 0.0672
vn -0.1818 -0.9822 0.0481
vn -0.0991 -0.9949 0.0163
vn -0.0191 -0.9998 -0.0019
vn -0.0212 -0.9998 -0.0059
vn -0.0251 -0.9996 -0.0116
vn -0.0322 -0.9994 -0.0124
vn -0.1122 -0.9931 0.0330
vn -0.1794 -0.9806 0.0791
vn 0.0883 -0.9793 0.1822
vn 0.0838 -0.9789 0.1865
vn 0.0595 -0.9928 0.1041
vn 0.0654 -0.9922 0.1065
vn 0.1204 -0.9669 0.2252
vn 0.1107 -0.9668 0.2302
vn 0.1007 -0.9667 0.2351
vn 0.0903 -0.9667 0.2396
vn 0.0738 -0.9783 0.1935
vn 0.0567 -0.9913 0.1192
vn 0.0288 -0.9993 0.0237
vn 0.0230 -0.9996 0.0187
vn 0.0167 -0.9997 0.0201
vn 0.0128 -0.9997 0.0220
vn 0.0553 -0.9930 0.1045
vn 0.0927 -0.9795 0.1787
vn 0.0024 -0.0589 -0.9983
vn 0.0079 -0.0692 -0.9976
vn 0.0016 -0.1930 -0.9812
vn 0.0062 -0.1959 -0.9806
vn 0.0004 -0.0232 -0.9997
vn 0.0027 -0.0252 -0.9997
vn 0.0085 -0.0351 -0.9993
vn 0.0217 -0.0681 -0.9974
vn 0.0205 -0.1094 -0.9938
vn 0.0181 -0.2465 -0.9690
vn 0.0066 -0.8023 -0.5969
vn 0.0015 -0.8398 -0.5429
vn -0.0000 -0.8627 -0.5057
vn -0.0002 -0.8746 -0.4849
vn 0.0001 -0.1976 -0.9803
vn 0.0003 -0.0575 -0.9983
vn -0.0000 -1.0000 -0.0000
vn -0.0001 -1.0000 0.0004
vn 0.0001 -1.0000 -0.0005
vn -0.0001 -1.0000 -0.0002
vn -0.0000 -1.0000 0.0002
vn -0.0001 -1.0000 -0.0000
vn -0.0001 -1.0000 0.0001
vn 0.0001 -1.0000 -0.0002
vn -0.0000 -1.0000 0.0001
vn -0.0000 -1.0000 -0.0002
vn 0.0001 -1.0000 -0.0001
vn -0.0000 -1.0000 -0.0004
vn -0.0001 -1.0000 0.0002
vn -0.0000 -1.0000 -0.0001
vn 0.0002 -1.0000 -0.0000
vn -0.0002 -1.0000 -0.0002
vn -0.0001 -1.0000 -0.0001
vn 0.0001 -1.0000 -0.0000
vn -0.0000 -1.0000 -0.0003
vn 0.0001 -1.0000 0.0001
vn -0.0000 -1.0000 0.0003
vn 0.0001 -1.0000 0.0005
vn -0.0003 -1.0000 -0.0000
vn 0.0002 -1.0000 0.0001
vn -0.0001 -1.0000 0.0003
vn -0.0000 -1.0000 0.0004
vn 0.0002 -1.0000 -0.0003
vn -0.0002 -1.0000 0.0001
vn 0.0001 -1.0000 0.0004
vn 0.0001 -1.0000 0.0003
vn 0.0002 -1.0000 0.0003
vn 0.0001 -1.0000 0.0002
vn 0.0818 -0.1617 0.9834
vn 0.0835 -0.0919 0.9923
vn 0.1358 -0.1619 0.9774
vn 0.1387 -0.0922 0.9860
vn 0.0268 -0.2079 0.9778
vn 0.0273 -0.1616 0.9865
vn 0.0279 -0.0918 0.9954
vn 0.0284 -0.0078 0.9996
vn 0.0850 -0.0080 0.9964
vn 0.1410 -0.0083 0.9900
vn 0.1965 -0.0087 0.9805
vn 0.1933 -0.0926 0.9768
vn 0.1893 -0.1623 0.9684
vn 0.1857 -0.2086 0.9602
vn 0.1332 -0.2083 0.9690
vn 0.0802 -0.2080 0.9748
vn 0.2937 -0.1633 0.9418
vn 0.2997 -0.0937 0.9494
vn 0.3441 -0.1640 0.9245
vn 0.3510 -0.0944 0.9316
vn 0.2376 -0.2091 0.9486
vn 0.2420 -0.1628 0.9565
vn 0.2471 -0.0931 0.9645
vn 0.2512 -0.0093 0.9679
vn 0.3046 -0.0099 0.9524
vn 0.3566 -0.0107 0.9342
vn 0.4070 -0.0116 0.9133
vn 0.4009 -0.0952 0.9112
vn 0.3931 -0.1648 0.9046
vn 0.3861 -0.2112 0.8979
vn 0.3379 -0.2104 0.9174
vn 0.2883 -0.2097 0.9343
vn 0.4864 -0.1665 0.8577
vn 0.4956 -0.0971 0.8631
vn 0.5304 -0.1675 0.8311
vn 0.5401 -0.0981 0.8359
vn 0.4330 -0.2121 0.8761
vn 0.4407 -0.1656 0.8823
vn 0.4492 -0.0961 0.8883
vn 0.4559 -0.0126 0.8900
vn 0.5027 -0.0137 0.8643
vn 0.5476 -0.0149 0.8366
vn 0.5904 -0.0160 0.8070
vn 0.5826 -0.0992 0.8067
vn 0.5724 -0.1686 0.8024
vn 0.5632 -0.2152 0.7978
vn 0.5216 -0.2141 0.8259
vn 0.4782 -0.2131 0.8520
vn 0.6506 -0.1707 0.7399
vn 0.6615 -0.1015 0.7431
vn 0.6866 -0.1719 0.7065
vn 0.6976 -0.1027 0.7091
vn 0.6030 -0.2164 0.7678
vn 0.6126 -0.1696 0.7720
vn 0.6232 -0.1003 0.7756
vn 0.6311 -0.0173 0.7755
vn 0.6696 -0.0185 0.7425
vn 0.7058 -0.0198 0.7082
vn 0.7398 -0.0210 0.6725
vn 0.7316 -0.1038 0.6738
vn 0.7204 -0.1730 0.6716
vn 0.7100 -0.2199 0.6689
vn 0.6764 -0.2187 0.7033
vn 0.6407 -0.2175 0.7363
vn 0.7817 -0.1752 0.5985
vn 0.7931 -0.1061 0.5997
vn 0.8092 -0.1763 0.5605
vn 0.8205 -0.1073 0.5614
vn 0.7417 -0.2211 0.6333
vn 0.7522 -0.1741 0.6356
vn 0.7635 -0.1050 0.6372
vn 0.7716 -0.0223 0.6357
vn 0.8011 -0.0235 0.5980
vn 0.8284 -0.0247 0.5596
vn 0.8536 -0.0258 0.5203
vn 0.8458 -0.1083 0.5223
vn 0.8345 -0.1774 0.5217
vn 0.8238 -0.2246 0.5204
vn 0.7985 -0.2235 0.5589
vn 0.7712 -0.2223 0.5966
vn 0.8789 -0.1794 0.4419
vn 0.8902 -0.1103 0.4421
vn 0.8980 -0.1803 0.4013
vn 0.9092 -0.1112 0.4013
vn 0.8471 -0.2257 0.4811
vn 0.8578 -0.1784 0.4821
vn 0.8691 -0.1094 0.4824
vn 0.8766 -0.0268 0.4804
vn 0.8976 -0.0278 0.4400
vn 0.9164 -0.0287 0.3993
vn 0.9332 -0.0296 0.3581
vn 0.9262 -0.1120 0.3600
vn 0.9152 -0.1811 0.3601
vn 0.9046 -0.2286 0.3597
vn 0.8875 -0.2277 0.4007
vn 0.8683 -0.2267 0.4411
vn 0.9426 -0.1825 0.2795
vn 0.9535 -0.1134 0.2793
vn 0.9531 -0.1831 0.2410
vn 0.9639 -0.1140 0.2407
vn 0.9197 -0.2295 0.3187
vn 0.9301 -0.1819 0.3190
vn 0.9411 -0.1128 0.3188
vn 0.9479 -0.0303 0.3170
vn 0.9602 -0.0309 0.2777
vn 0.9705 -0.0314 0.2392
vn 0.9793 -0.0318 0.2001
vn 0.9728 -0.1144 0.2013
vn 0.9621 -0.1837 0.2016
vn 0.9517 -0.2315 0.2015
vn 0.9427 -0.2309 0.2408
vn 0.9322 -0.2302 0.2794
vn 0.7071 -0.1278 -0.6955
vn 0.7150 -0.0787 -0.6946
vn 0.2326 -0.0385 -0.9718
vn 0.2354 -0.0224 -0.9716
vn 0.9723 -0.2325 -0.0220
vn 0.9826 -0.1844 -0.0220
vn 0.9931 -0.1150 -0.0220
vn 0.9992 -0.0321 -0.0218
vn 0.7216 -0.0200 -0.6920
vn 0.2384 -0.0031 -0.9712
vn 0.0795 0.0021 -0.9968
vn 0.0785 -0.0050 -0.9969
vn 0.0775 -0.0108 -0.9969
vn 0.0767 -0.0149 -0.9969
vn 0.2302 -0.0497 -0.9719
vn 0.6999 -0.1619 -0.6956
vn -0.9773 -0.1846 0.1036
vn -0.9879 -0.1152 0.1034
vn -0.9744 -0.1844 0.1283
vn -0.9851 -0.1150 0.1282
vn -0.9685 -0.2328 0.0887
vn -0.9788 -0.1848 0.0887
vn -0.9894 -0.1154 0.0885
vn -0.9956 -0.0325 0.0880
vn -0.9942 -0.0324 0.1027
vn -0.9913 -0.0323 0.1273
vn -0.9865 -0.0321 0.1604
vn -0.9802 -0.1148 0.1614
vn -0.9695 -0.1841 0.1616
vn -0.9592 -0.2320 0.1616
vn -0.9641 -0.2323 0.1283
vn -0.9670 -0.2326 0.1035
vn -0.9531 -0.1831 0.2409
vn -0.9639 -0.1140 0.2407
vn -0.9426 -0.1825 0.2796
vn -0.9535 -0.1134 0.2793
vn -0.9517 -0.2315 0.2015
vn -0.9621 -0.1837 0.2016
vn -0.9728 -0.1144 0.2013
vn -0.9793 -0.0318 0.2001
vn -0.9705 -0.0314 0.2392
vn -0.9602 -0.0309 0.2777
vn -0.9479 -0.0303 0.3170
vn -0.9411 -0.1128 0.3188
vn -0.9302 -0.1819 0.3190
vn -0.9197 -0.2295 0.3187
vn -0.9322 -0.2302 0.2794
vn -0.9427 -0.2309 0.2408
vn -0.8981 -0.1803 0.4013
vn -0.9092 -0.1112 0.4012
vn -0.8789 -0.1794 0.4419
vn -0.8902 -0.1103 0.4421
vn -0.9046 -0.2286 0.3597
vn -0.9152 -0.1811 0.3601
vn -0.9262 -0.1120 0.3600
vn -0.9332 -0.0296 0.3581
vn -0.9164 -0.0287 0.3992
vn -0.8976 -0.0278 0.4400
vn -0.8766 -0.0268 0.4804
vn -0.8691 -0.1094 0.4824
vn -0.8578 -0.1784 0.4821
vn -0.8471 -0.2257 0.4811
vn -0.8683 -0.2268 0.4411
vn -0.8875 -0.2277 0.4007
vn -0.8092 -0.1763 0.5605
vn -0.8205 -0.1073 0.5614
vn -0.7817 -0.1752 0.5985
vn -0.7931 -0.1061 0.5998
vn -0.8238 -0.2246 0.5204
vn -0.8345 -0.1774 0.5217
vn -0.8458 -0.1083 0.5223
vn -0.8536 -0.0258 0.5203
vn -0.8284 -0.0247 0.5596
vn -0.8011 -0.0235 0.5980
vn -0.7716 -0.0223 0.6357
vn -0.7635 -0.1050 0.6372
vn -0.7522 -0.1741 0.6356
vn -0.7417 -0.2211 0.6333
vn -0.7712 -0.2223 0.5966
vn -0.7985 -0.2235 0.5589
vn -0.6865 -0.1719 0.7065
vn -0.6976 -0.1027 0.7091
vn -0.6506 -0.1707 0.7399
vn -0.6615 -0.1015 0.7431
vn -0.7100 -0.2199 0.6689
vn -0.7204 -0.1730 0.6717
vn -0.7316 -0.1038 0.6738
vn -0.7398 -0.0210 0.6725
vn -0.7058 -0.0198 0.7082
vn -0.6696 -0.0185 0.7425
vn -0.6311 -0.0173 0.7755
vn -0.6232 -0.1003 0.7756
vn -0.6126 -0.1696 0.7720
vn -0.6030 -0.2164 0.7678
vn -0.6407 -0.2175 0.7363
vn -0.6764 -0.2187 0.7033
vn -0.5304 -0.1675 0.8311
vn -0.5401 -0.0981 0.8359
vn -0.4864 -0.1665 0.8577
vn -0.4956 -0.0971 0.8631
vn -0.5632 -0.2152 0.7978
vn -0.5724 -0.1686 0.8024
vn -0.5826 -0.0992 0.8067
vn -0.5904 -0.0160 0.8070
vn -0.5476 -0.0149 0.8366
vn -0.5027 -0.0137 0.8643
vn -0.4559 -0.0126 0.8900
vn -0.4492 -0.0961 0.8883
vn -0.4407 -0.1656 0.8823
vn -0.4330 -0.2121 0.8761
vn -0.4782 -0.2131 0.8520
vn -0.5216 -0.2141 0.8259
vn -0.3441 -0.1640 0.9245
vn -0.3510 -0.0944 0.9316
vn -0.2937 -0.1633 0.9418
vn -0.2997 -0.0937 0.9494
vn -0.3861 -0.2112 0.8979
vn -0.3931 -0.1648 0.9046
vn -0.4009 -0.0952 0.9112
vn -0.4070 -0.0116 0.9133
vn -0.3566 -0.0107 0.9342
vn -0.3046 -0.0099 0.9524
vn -0.2512 -0.0093 0.9679
vn -0.2471 -0.0931 0.9645
vn -0.2420 -0.1628 0.9565
vn -0.2376 -0.2091 0.9486
vn -0.2883 -0.2097 0.9343
vn -0.3379 -0.2104 0.9174
vn -0.1358 -0.1619 0.9774
vn -0.1387 -0.0922 0.9860
vn -0.0818 -0.1617 0.9834
vn -0.0835 -0.0919 0.9923
vn -0.1857 -0.2086 0.9602
vn -0.1893 -0.1623 0.9684
vn -0.1933 -0.0926 0.9768
vn -0.1965 -0.0087 0.9805
vn -0.1410 -0.0083 0.9900
vn -0.0850 -0.0080 0.9964
vn -0.0284 -0.0078 0.9996
vn -0.0279 -0.0918 0.9954
vn -0.0273 -0.1616 0.9865
vn -0.0268 -0.2079 0.9778
vn -0.0802 -0.2080 0.9748
vn -0.1332 -0.2083 0.9690
vn -0.0036 0.0002 -1.0000
vn -0.0037 0.0021 -1.0000
vn -0.0114 -0.0005 -0.9999
vn -0.0116 0.0016 -0.9999
vn -0.0005 -0.0008 -1.0000
vn -0.0005 0.0004 -1.0000
vn -0.0005 0.0022 -1.0000
vn -0.0005 0.0043 -1.0000
vn -0.0037 0.0043 -1.0000
vn -0.0117 0.0041 -0.9999
vn -0.0298 0.0036 -0.9995
vn -0.0294 -0.0000 -0.9996
vn -0.0291 -0.0029 -0.9996
vn -0.0288 -0.0050 -0.9996
vn -0.0113 -0.0020 -0.9999
vn -0.0036 -0.0010 -1.0000
vn 0.0114 -0.0005 -0.9999
vn 0.0116 0.0016 -0.9999
vn 0.0036 0.0002 -1.0000
vn 0.0037 0.0021 -1.0000
vn 0.0288 -0.0050 -0.9996
vn 0.0291 -0.0029 -0.9996
vn 0.0294 -0.0000 -0.9996
vn 0.0298 0.0036 -0.9995
vn 0.0117 0.0041 -0.9999
vn 0.0037 0.0043 -1.0000
vn 0.0005 0.0043 -1.0000
vn 0.0005 0.0022 -1.0000
vn 0.0005 0.0004 -1.0000
vn 0.0005 -0.0008 -1.0000
vn 0.0036 -0.0010 -1.0000
vn 0.0113 -0.0020 -0.9999
vn 0.0107 0.2538 -0.9672
vn 0.0111 0.0491 -0.9987
vn 0.0034 0.2527 -0.9675
vn 0.0035 0.0497 -0.9988
vn 0.0188 0.7458 -0.6659
vn 0.0273 0.2574 -0.9659
vn 0.0284 0.0472 -0.9985
vn 0.0286 -0.0010 -0.9996
vn 0.0112 0.0021 -0.9999
vn 0.0036 0.0031 -1.0000
vn 0.0005 0.0033 -1.0000
vn 0.0005 0.0498 -0.9988
vn 0.0005 0.2525 -0.9676
vn 0.0003 0.7343 -0.6788
vn 0.0024 0.7349 -0.6782
vn 0.0075 0.7375 -0.6753
vn -0.0034 0.2527 -0.9675
vn -0.0035 0.0497 -0.9988
vn -0.0107 0.2538 -0.9672
vn -0.0111 0.0491 -0.9987
vn -0.0003 0.7343 -0.6788
vn -0.0005 0.2525 -0.9676
vn -0.0005 0.0498 -0.9988
vn -0.0005 0.0033 -1.0000
vn -0.0036 0.0031 -1.0000
vn -0.0112 0.0021 -0.9999
vn -0.0286 -0.0010 -0.9996
vn -0.0284 0.0472 -0.9985
vn -0.0273 0.2574 -0.9659
vn -0.0188 0.7458 -0.6659
vn -0.0075 0.7375 -0.6753
vn -0.0024 0.7349 -0.6782
vn -0.1303 0.2293 0.9646
vn -0.1332 -0.1339 0.9820
vn -0.0784 0.2292 0.9702
vn -0.0802 -0.1336 0.9878
vn -0.0952 0.8595 0.5021
vn -0.1817 0.2295 0.9562
vn -0.1857 -0.1343 0.9734
vn -0.1841 -0.2124 0.9597
vn -0.1321 -0.2119 0.9683
vn -0.0795 -0.2116 0.9741
vn -0.0266 -0.2115 0.9770
vn -0.0268 -0.1334 0.9907
vn -0.0262 0.2291 0.9731
vn -0.0138 0.8585 0.5125
vn -0.0412 0.8587 0.5108
vn -0.0683 0.8590 0.5073
vn -0.3311 0.2308 0.9149
vn -0.3383 -0.1364 0.9311
vn -0.2824 0.2302 0.9313
vn -0.2885 -0.1356 0.9478
vn -0.1961 0.8631 0.4653
vn -0.3786 0.2314 0.8961
vn -0.3868 -0.1373 0.9119
vn -0.3832 -0.2155 0.8982
vn -0.3352 -0.2145 0.9174
vn -0.2860 -0.2137 0.9341
vn -0.2356 -0.2130 0.9482
vn -0.2376 -0.1349 0.9619
vn -0.2325 0.2298 0.9450
vn -0.1215 0.8602 0.4953
vn -0.1472 0.8610 0.4868
vn -0.1721 0.8620 0.4768
vn -0.5126 0.2345 0.8260
vn -0.5235 -0.1404 0.8403
vn -0.4696 0.2333 0.8515
vn -0.4797 -0.1393 0.8663
vn -0.2812 0.8693 0.4065
vn -0.5539 0.2359 0.7985
vn -0.5657 -0.1415 0.8124
vn -0.5596 -0.2203 0.7990
vn -0.5181 -0.2190 0.8268
vn -0.4748 -0.2177 0.8527
vn -0.4298 -0.2166 0.8765
vn -0.4341 -0.1383 0.8902
vn -0.4249 0.2323 0.8749
vn -0.2191 0.8645 0.4524
vn -0.2410 0.8659 0.4383
vn -0.2618 0.8675 0.4230
vn -0.6664 0.2418 0.7053
vn -0.6810 -0.1448 0.7178
vn -0.6309 0.2396 0.7379
vn -0.6446 -0.1438 0.7509
vn -0.3455 0.8776 0.3322
vn -0.6999 0.2444 0.6711
vn -0.7154 -0.1459 0.6833
vn -0.7064 -0.2259 0.6708
vn -0.6727 -0.2245 0.7051
vn -0.6370 -0.2230 0.7379
vn -0.5993 -0.2216 0.7692
vn -0.6061 -0.1427 0.7825
vn -0.5934 0.2376 0.7690
vn -0.2994 0.8712 0.3891
vn -0.3162 0.8732 0.3708
vn -0.3316 0.8754 0.3519
vn -0.7877 0.2543 0.5612
vn -0.8065 -0.1484 0.5723
vn -0.7606 0.2506 0.5989
vn -0.7783 -0.1477 0.6103
vn -0.3868 0.8878 0.2494
vn -0.8126 0.2584 0.5224
vn -0.8327 -0.1490 0.5333
vn -0.8206 -0.2313 0.5225
vn -0.7952 -0.2300 0.5611
vn -0.7677 -0.2287 0.5986
vn -0.7381 -0.2273 0.6352
vn -0.7479 -0.1468 0.6474
vn -0.7314 0.2473 0.6356
vn -0.3580 0.8800 0.3120
vn -0.3691 0.8825 0.2914
vn -0.3787 0.8851 0.2705
vn -0.8741 0.2733 0.4017
vn -0.8990 -0.1499 0.4115
vn -0.8558 0.2679 0.4425
vn -0.8790 -0.1498 0.4527
vn -0.4056 0.8991 0.1646
vn -0.8901 0.2791 0.3602
vn -0.9170 -0.1498 0.3696
vn -0.9020 -0.2358 0.3615
vn -0.8847 -0.2348 0.4026
vn -0.8654 -0.2338 0.4432
vn -0.8441 -0.2326 0.4832
vn -0.8569 -0.1495 0.4933
vn -0.8353 0.2629 0.4828
vn -0.3936 0.8905 0.2281
vn -0.3989 0.8934 0.2068
vn -0.4029 0.8962 0.1857
vn -0.9238 0.2982 0.2402
vn -0.9573 -0.1486 0.2479
vn -0.9149 0.2916 0.2791
vn -0.9461 -0.1492 0.2874
vn -0.4048 0.9102 0.0874
vn -0.9309 0.3054 0.2006
vn -0.9670 -0.1478 0.2075
vn -0.9497 -0.2388 0.2027
vn -0.9405 -0.2382 0.2422
vn -0.9299 -0.2375 0.2809
vn -0.9172 -0.2367 0.3204
vn -0.9329 -0.1496 0.3277
vn -0.9039 0.2853 0.3188
vn -0.4071 0.9020 0.1440
vn -0.4073 0.9047 0.1246
vn -0.4065 0.9075 0.1060
vn -0.9403 0.3246 0.1025
vn -0.9837 -0.1450 0.1068
vn -0.9390 0.3196 0.1272
vn -0.9804 -0.1457 0.1323
vn -0.3948 0.9180 0.0369
vn -0.9407 0.3277 0.0877
vn -0.9853 -0.1445 0.0915
vn -0.9667 -0.2400 0.0892
vn -0.9652 -0.2398 0.1042
vn -0.9623 -0.2396 0.1291
vn -0.9573 -0.2392 0.1625
vn -0.9751 -0.1467 0.1665
vn -0.9361 0.3130 0.1605
vn -0.4020 0.9130 0.0691
vn -0.3991 0.9153 0.0542
vn -0.3965 0.9170 0.0433
vn 0.6454 0.3966 -0.6528
vn 0.7031 -0.0615 -0.7084
vn 0.2155 0.3094 -0.9262
vn 0.2275 0.0192 -0.9736
vn 0.3803 0.9248 -0.0088
vn 0.9361 0.3511 -0.0216
vn 0.9900 -0.1390 -0.0227
vn 0.9707 -0.2393 -0.0222
vn 0.6970 -0.1636 -0.6982
vn 0.2285 -0.0470 -0.9724
vn 0.0761 -0.0112 -0.9970
vn 0.0756 0.0411 -0.9963
vn 0.0726 0.2695 -0.9603
vn 0.0479 0.7712 -0.6349
vn 0.1239 0.8364 -0.5340
vn 0.2714 0.9223 -0.2753
vn 0.9149 0.2916 0.2791
vn 0.9461 -0.1492 0.2874
vn 0.9238 0.2982 0.2402
vn 0.9573 -0.1486 0.2479
vn 0.4071 0.9020 0.1440
vn 0.9039 0.2853 0.3188
vn 0.9329 -0.1496 0.3277
vn 0.9172 -0.2367 0.3204
vn 0.9299 -0.2375 0.2809
vn 0.9405 -0.2382 0.2422
vn 0.9497 -0.2388 0.2027
vn 0.9670 -0.1478 0.2075
vn 0.9309 0.3054 0.2006
vn 0.4048 0.9102 0.0874
vn 0.4065 0.9075 0.1060
vn 0.4073 0.9047 0.1246
vn 0.8558 0.2679 0.4425
vn 0.8790 -0.1498 0.4527
vn 0.8741 0.2733 0.4017
vn 0.8990 -0.1499 0.4115
vn 0.3936 0.8906 0.2281
vn 0.8353 0.2629 0.4828
vn 0.8569 -0.1495 0.4933
vn 0.8441 -0.2326 0.4832
vn 0.8654 -0.2338 0.4432
vn 0.8847 -0.2348 0.4026
vn 0.9020 -0.2358 0.3615
vn 0.9170 -0.1498 0.3696
vn 0.8901 0.2791 0.3602
vn 0.4056 0.8991 0.1646
vn 0.4029 0.8962 0.1857
vn 0.3989 0.8934 0.2068
vn 0.7606 0.2506 0.5989
vn 0.7783 -0.1477 0.6103
vn 0.7877 0.2543 0.5612
vn 0.8065 -0.1484 0.5723
vn 0.3580 0.8800 0.3120
vn 0.7314 0.2473 0.6356
vn 0.7479 -0.1468 0.6474
vn 0.7381 -0.2273 0.6352
vn 0.7677 -0.2287 0.5986
vn 0.7952 -0.2300 0.5611
vn 0.8206 -0.2313 0.5225
vn 0.8327 -0.1490 0.5333
vn 0.8126 0.2584 0.5224
vn 0.3868 0.8878 0.2494
vn 0.3787 0.8851 0.2705
vn 0.3691 0.8825 0.2914
vn 0.6309 0.2396 0.7379
vn 0.6446 -0.1438 0.7509
vn 0.6664 0.2418 0.7053
vn 0.6810 -0.1448 0.7178
vn 0.2994 0.8712 0.3891
vn 0.5934 0.2376 0.7690
vn 0.6061 -0.1427 0.7825
vn 0.5993 -0.2216 0.7692
vn 0.6370 -0.2230 0.7379
vn 0.6727 -0.2245 0.7051
vn 0.7064 -0.2259 0.6708
vn 0.7154 -0.1459 0.6833
vn 0.6999 0.2444 0.6711
vn 0.3455 0.8776 0.3322
vn 0.3316 0.8754 0.3518
vn 0.3162 0.8732 0.3708
vn 0.4696 0.2333 0.8515
vn 0.4797 -0.1393 0.8663
vn 0.5126 0.2345 0.8260
vn 0.5235 -0.1404 0.8403
vn 0.2191 0.8645 0.4524
vn 0.4249 0.2323 0.8749
vn 0.4341 -0.1383 0.8902
vn 0.4298 -0.2166 0.8765
vn 0.4748 -0.2177 0.8527
vn 0.5181 -0.2190 0.8268
vn 0.5596 -0.2203 0.7990
vn 0.5657 -0.1415 0.8124
vn 0.5539 0.2359 0.7985
vn 0.2812 0.8693 0.4065
vn 0.2618 0.8675 0.4230
vn 0.2410 0.8659 0.4383
vn 0.2824 0.2302 0.9313
vn 0.2885 -0.1356 0.9478
vn 0.3311 0.2308 0.9149
vn 0.3383 -0.1364 0.9311
vn 0.1215 0.8602 0.4953
vn 0.2325 0.2298 0.9450
vn 0.2376 -0.1349 0.9619
vn 0.2356 -0.2130 0.9482
vn 0.2860 -0.2137 0.9341
vn 0.3352 -0.2145 0.9174
vn 0.3832 -0.2155 0.8982
vn 0.3868 -0.1373 0.9119
vn 0.3786 0.2314 0.8961
vn 0.1961 0.8631 0.4653
vn 0.1721 0.8620 0.4768
vn 0.1472 0.8610 0.4868
vn 0.0784 0.2292 0.9702
vn 0.0802 -0.1336 0.9878
vn 0.1303 0.2293 0.9646
vn 0.1332 -0.1339 0.9820
vn 0.0138 0.8585 0.5125
vn 0.0262 0.2291 0.9731
vn 0.0268 -0.1334 0.9907
vn 0.0266 -0.2115 0.9770
vn 0.0795 -0.2116 0.9741
vn 0.1321 -0.2119 0.9683
vn 0.1841 -0.2124 0.9597
vn 0.1857 -0.1343 0.9734
vn 0.1817 0.2295 0.9562
vn 0.0952 0.8595 0.5021
vn 0.0683 0.8590 0.5073
vn 0.0412 0.8587 0.5108
vn 0.9390 0.3196 0.1272
vn 0.9804 -0.1457 0.1323
vn 0.9403 0.3246 0.1025
vn 0.9837 -0.1450 0.1068
vn 0.4020 0.9130 0.0691
vn 0.9361 0.3130 0.1605
vn 0.9751 -0.1467 0.1665
vn 0.9573 -0.2393 0.1626
vn 0.9623 -0.2396 0.1291
vn 0.9652 -0.2398 0.1042
vn 0.9667 -0.2400 0.0892
vn 0.9853 -0.1445 0.0915
vn 0.9407 0.3277 0.0877
vn 0.3948 0.9180 0.0369
vn 0.3965 0.9170 0.0433
vn 0.3991 0.9153 0.0542
vn -0.2155 0.3094 -0.9262
vn -0.2275 0.0192 -0.9736
vn -0.6454 0.3966 -0.6528
vn -0.7031 -0.0615 -0.7084
vn -0.0479 0.7711 -0.6349
vn -0.0726 0.2695 -0.9603
vn -0.0756 0.0411 -0.9963
vn -0.0761 -0.0112 -0.9970
vn -0.2285 -0.0470 -0.9724
vn -0.6970 -0.1636 -0.6982
vn -0.9707 -0.2393 -0.0222
vn -0.9900 -0.1390 -0.0227
vn -0.9361 0.3511 -0.0216
vn -0.3803 0.9248 -0.0088
vn -0.2714 0.9223 -0.2752
vn -0.1239 0.8364 -0.5340
vn -0.2326 -0.0385 -0.9718
vn -0.2354 -0.0224 -0.9716
vn -0.7071 -0.1278 -0.6955
vn -0.7150 -0.0787 -0.6947
vn -0.0767 -0.0149 -0.9969
vn -0.0775 -0.0108 -0.9969
vn -0.0785 -0.0050 -0.9969
vn -0.0795 0.0021 -0.9968
vn -0.2384 -0.0031 -0.9712
vn -0.7216 -0.0200 -0.6920
vn -0.9992 -0.0321 -0.0218
vn -0.9931 -0.1150 -0.0220
vn -0.9826 -0.1844 -0.0220
vn -0.9723 -0.2325 -0.0220
vn -0.6999 -0.1619 -0.6956
vn -0.2302 -0.0497 -0.9719
vn 0.9744 -0.1844 0.1283
vn 0.9851 -0.1150 0.1282
vn 0.9773 -0.1846 0.1036
vn 0.9879 -0.1152 0.1034
vn 0.9592 -0.2320 0.1616
vn 0.9695 -0.1841 0.1616
vn 0.9802 -0.1148 0.1614
vn 0.9865 -0.0321 0.1604
vn 0.9913 -0.0323 0.1273
vn 0.9942 -0.0324 0.1027
vn 0.9956 -0.0325 0.0880
vn 0.9894 -0.1154 0.0886
vn 0.9788 -0.1848 0.0887
vn 0.9685 -0.2329 0.0887
vn 0.9670 -0.2326 0.1035
vn 0.9641 -0.2323 0.1283
vn -0.0000 -1.0000 0.0005
vn -0.0000 -1.0000 -0.0008
vn -0.0000 -1.0000 0.0007
vn -0.0000 -1.0000 -0.0011
vn -0.0000 -1.0000 0.0014
vn -0.0000 -1.0000 0.0011
vn -0.0000 -1.0000 0.0010
vn -0.0000 -1.0000 0.0006
vn -0.0000 -1.0000 -0.0005
vn -0.0000 -1.0000 -0.0007
vn -0.0001 -1.0000 -0.0006
vn -0.0000 -1.0000 -0.0006
vn -0.1831 -0.9826 0.0315
vn -0.1835 -0.9827 0.0261
vn -0.0961 -0.9953 0.0130
vn -0.0955 -0.9954 0.0122
vn -0.2446 -0.9681 0.0539
vn -0.2465 -0.9682 0.0431
vn -0.2476 -0.9682 0.0348
vn -0.2481 -0.9683 0.0302
vn -0.1837 -0.9827 0.0231
vn -0.0953 -0.9954 0.0112
vn -0.0170 -0.9999 0.0016
vn -0.0171 -0.9999 0.0014
vn -0.0174 -0.9998 0.0005
vn -0.0180 -0.9998 -0.0001
vn -0.0971 -0.9952 0.0149
vn -0.1825 -0.9824 0.0391
vn 0.1343 -0.6488 -0.7490
vn 0.1857 -0.9528 -0.2400
vn 0.0925 -0.8909 -0.4446
vn 0.0976 -0.9898 -0.1033
vn 0.0573 -0.1806 -0.9819
vn 0.1512 -0.5205 -0.8403
vn 0.2461 -0.9144 -0.3215
vn 0.2501 -0.9682 -0.0073
vn 0.1849 -0.9827 -0.0043
vn 0.0957 -0.9954 -0.0006
vn 0.0171 -0.9999 0.0009
vn 0.0174 -0.9998 -0.0095
vn 0.0185 -0.9986 -0.0505
vn 0.0210 -0.9766 -0.2141
vn 0.0515 -0.4961 -0.8667
vn 0.0548 -0.2547 -0.9655
vn 0.1904 -0.2372 -0.9526
vn 0.4861 -0.6602 -0.5725
vn 0.1807 -0.3256 -0.9281
vn 0.3972 -0.7820 -0.4803
vn 0.0658 -0.0530 -0.9964
vn 0.1960 -0.1777 -0.9644
vn 0.5497 -0.5408 -0.6367
vn 0.6982 -0.7156 -0.0184
vn 0.5764 -0.8170 -0.0153
vn 0.4371 -0.8993 -0.0119
vn 0.3150 -0.9491 -0.0091
vn 0.3030 -0.8738 -0.3803
vn 0.1656 -0.4381 -0.8836
vn 0.0602 -0.1409 -0.9882
vn 0.0628 -0.0992 -0.9931
vn 0.0646 -0.0708 -0.9954
vn -0.5688 -0.8176 0.0897
vn -0.5712 -0.8176 0.0725
vn -0.4309 -0.8997 0.0698
vn -0.4328 -0.8997 0.0564
vn -0.6849 -0.7162 0.1345
vn -0.6896 -0.7162 0.1070
vn -0.6924 -0.7163 0.0864
vn -0.6937 -0.7165 0.0740
vn -0.5723 -0.8177 0.0620
vn -0.4337 -0.8998 0.0483
vn -0.3124 -0.9493 0.0363
vn -0.3117 -0.9492 0.0421
vn -0.3102 -0.9492 0.0522
vn -0.3078 -0.9492 0.0654
vn -0.4276 -0.8997 0.0877
vn -0.5647 -0.8176 0.1127
vn 0.9860 -0.1018 0.1317
vn 0.9687 -0.2089 0.1339
vn 0.9892 -0.1009 0.1063
vn 0.9722 -0.2079 0.1081
vn 0.9867 -0.0059 0.1622
vn 0.9807 -0.1032 0.1658
vn 0.9630 -0.2104 0.1685
vn 0.9349 -0.3120 0.1694
vn 0.9409 -0.3106 0.1347
vn 0.9446 -0.3098 0.1088
vn 0.9464 -0.3094 0.0932
vn 0.9739 -0.2074 0.0926
vn 0.9908 -0.1004 0.0911
vn 0.9960 -0.0039 0.0890
vn 0.9946 -0.0043 0.1039
vn 0.9917 -0.0049 0.1288
vn -0.2296 -0.0189 -0.9731
vn -0.2222 -0.0420 -0.9741
vn -0.7064 -0.0657 -0.7047
vn -0.6892 -0.1386 -0.7112
vn -0.0786 0.0029 -0.9969
vn -0.0764 -0.0055 -0.9971
vn -0.0739 -0.0139 -0.9972
vn -0.0713 -0.0210 -0.9972
vn -0.2146 -0.0633 -0.9746
vn -0.6683 -0.2080 -0.7142
vn -0.9511 -0.3081 -0.0232
vn -0.9783 -0.2060 -0.0230
vn -0.9948 -0.0992 -0.0226
vn -0.9998 -0.0031 -0.0221
vn -0.7178 0.0011 -0.6963
vn -0.2358 0.0030 -0.9718
vn 0.9882 0.0891 0.1247
vn 0.9876 0.0954 0.1247
vn 0.9909 0.0892 0.1006
vn 0.9903 0.0956 0.1006
vn 0.9862 0.0480 0.1586
vn 0.9835 0.0891 0.1572
vn 0.9830 0.0952 0.1572
vn 0.9850 0.0665 0.1590
vn 0.9897 0.0670 0.1262
vn 0.9925 0.0673 0.1018
vn 0.9939 0.0676 0.0872
vn 0.9917 0.0957 0.0862
vn 0.9923 0.0892 0.0862
vn 0.9951 0.0478 0.0870
vn 0.9937 0.0478 0.1015
vn 0.9909 0.0479 0.1259
vn -0.2422 0.0257 -0.9699
vn -0.2420 0.0272 -0.9699
vn -0.7260 0.0672 -0.6844
vn -0.7255 0.0720 -0.6844
vn -0.0804 0.0089 -0.9967
vn -0.0809 0.0124 -0.9966
vn -0.0808 0.0127 -0.9966
vn -0.0801 0.0097 -0.9967
vn -0.2400 0.0201 -0.9706
vn -0.7233 0.0517 -0.6886
vn -0.9974 0.0682 -0.0216
vn -0.9951 0.0962 -0.0214
vn -0.9957 0.0896 -0.0214
vn -0.9986 0.0482 -0.0216
vn -0.7250 0.0373 -0.6877
vn -0.2408 0.0158 -0.9704
vn -0.0217 0.9962 -0.0841
vn -0.0378 0.9987 -0.0353
vn -0.0091 0.9996 -0.0251
vn -0.0131 0.9999 -0.0092
vn -0.0204 0.9628 -0.2695
vn -0.0484 0.9773 -0.2065
vn -0.0933 0.9912 -0.0940
vn -0.1264 0.9920 -0.0028
vn -0.0489 0.9988 -0.0009
vn -0.0155 0.9999 -0.0000
vn -0.0020 1.0000 -0.0007
vn -0.0018 1.0000 -0.0021
vn -0.0015 1.0000 -0.0053
vn -0.0045 0.9991 -0.0430
vn -0.0096 0.9929 -0.1187
vn 0.0514 0.9987 0.0065
vn 0.0509 0.9987 0.0053
vn 0.0162 0.9999 0.0016
vn 0.0160 0.9999 0.0014
vn 0.1345 0.9906 0.0230
vn 0.1332 0.9909 0.0180
vn 0.1321 0.9911 0.0144
vn 0.1314 0.9912 0.0123
vn 0.0506 0.9987 0.0046
vn 0.0159 0.9999 0.0014
vn 0.0021 1.0000 0.0001
vn 0.0022 1.0000 -0.0000
vn 0.0165 0.9999 0.0018
vn 0.0521 0.9986 0.0082
vn -0.2040 -0.0962 -0.9742
vn -0.2012 -0.1143 -0.9728
vn -0.6304 -0.3175 -0.7084
vn -0.6123 -0.3736 -0.6968
vn -0.0693 -0.0257 -0.9973
vn -0.0679 -0.0300 -0.9972
vn -0.0670 -0.0349 -0.9971
vn -0.0665 -0.0418 -0.9969
vn -0.1990 -0.1387 -0.9701
vn -0.5891 -0.4431 -0.6758
vn -0.7875 -0.6160 -0.0206
vn -0.8444 -0.5352 -0.0219
vn -0.8859 -0.4633 -0.0227
vn -0.9201 -0.3909 -0.0231
vn -0.6483 -0.2651 -0.7138
vn -0.2084 -0.0802 -0.9747
vn 0.8758 -0.4643 0.1318
vn 0.8347 -0.5358 0.1272
vn 0.8793 -0.4642 0.1065
vn 0.8380 -0.5359 0.1027
vn 0.9038 -0.3934 0.1687
vn 0.8699 -0.4646 0.1657
vn 0.8291 -0.5358 0.1599
vn 0.7730 -0.6163 0.1503
vn 0.7783 -0.6165 0.1196
vn 0.7813 -0.6166 0.0965
vn 0.7828 -0.6168 0.0828
vn 0.8396 -0.5360 0.0880
vn 0.8810 -0.4642 0.0912
vn 0.9153 -0.3920 0.0929
vn 0.9135 -0.3922 0.1083
vn 0.9099 -0.3926 0.1341
vt 0.811498 0.272682
vt 0.811378 0.267110
vt 0.812212 0.267079
vt 0.812452 0.272651
vt 0.811250 0.262179
vt 0.811956 0.262150
vt 0.813046 0.267028
vt 0.813406 0.272599
vt 0.812661 0.262102
vt 0.810543 0.278718
vt 0.810543 0.272692
vt 0.811598 0.278708
vt 0.810543 0.267120
vt 0.810543 0.262188
vt 0.810543 0.258041
vt 0.811127 0.258032
vt 0.811709 0.258006
vt 0.812292 0.257963
vt 0.812873 0.257902
vt 0.813365 0.262035
vt 0.813879 0.266957
vt 0.814360 0.272526
vt 0.813706 0.278626
vt 0.814762 0.278553
vt 0.812652 0.278677
vt 0.815314 0.272432
vt 0.814712 0.266865
vt 0.815543 0.266753
vt 0.816267 0.272317
vt 0.814069 0.261949
vt 0.814770 0.261844
vt 0.816373 0.266620
vt 0.817221 0.272180
vt 0.815470 0.261719
vt 0.815818 0.278460
vt 0.813452 0.257824
vt 0.814030 0.257728
vt 0.814606 0.257615
vt 0.815179 0.257484
vt 0.816168 0.261575
vt 0.817202 0.266467
vt 0.818174 0.272023
vt 0.817934 0.278211
vt 0.818994 0.278055
vt 0.816875 0.278346
vt 0.819127 0.271844
vt 0.818029 0.266293
vt 0.818855 0.266098
vt 0.820080 0.271644
vt 0.816864 0.261411
vt 0.817556 0.261227
vt 0.819678 0.265882
vt 0.821032 0.271422
vt 0.818246 0.261025
vt 0.820055 0.277878
vt 0.815749 0.257336
vt 0.816315 0.257170
vt 0.816879 0.256986
vt 0.817438 0.256784
vt 0.818933 0.260802
vt 0.820500 0.265644
vt 0.821985 0.271179
vt 0.822185 0.277460
vt 0.823253 0.277219
vt 0.821119 0.277679
vt 0.822937 0.270913
vt 0.821319 0.265386
vt 0.822136 0.265106
vt 0.823889 0.270626
vt 0.819616 0.260559
vt 0.820295 0.260296
vt 0.822951 0.264804
vt 0.824841 0.270316
vt 0.820970 0.260013
vt 0.824324 0.276956
vt 0.817993 0.256565
vt 0.818543 0.256327
vt 0.819088 0.256071
vt 0.819627 0.255797
vt 0.821641 0.259709
vt 0.823763 0.264480
vt 0.825792 0.269983
vt 0.826475 0.276364
vt 0.827556 0.276034
vt 0.825398 0.276671
vt 0.826744 0.269627
vt 0.824571 0.264134
vt 0.825377 0.263765
vt 0.827695 0.269248
vt 0.822307 0.259385
vt 0.822968 0.259040
vt 0.826180 0.263374
vt 0.828647 0.268846
vt 0.823624 0.258674
vt 0.828641 0.275682
vt 0.820160 0.255505
vt 0.820687 0.255194
vt 0.821208 0.254864
vt 0.821721 0.254515
vt 0.824274 0.258286
vt 0.826979 0.262959
vt 0.829599 0.268419
vt 0.830824 0.274908
vt 0.831922 0.274486
vt 0.829730 0.275307
vt 0.830551 0.267967
vt 0.827775 0.262521
vt 0.828567 0.262059
vt 0.831503 0.267491
vt 0.824918 0.257876
vt 0.825556 0.257445
vt 0.829355 0.261572
vt 0.832455 0.266988
vt 0.826187 0.256991
vt 0.833026 0.274039
vt 0.822227 0.254146
vt 0.822724 0.253759
vt 0.823214 0.253352
vt 0.823694 0.252925
vt 0.826811 0.256514
vt 0.830139 0.261060
vt 0.833408 0.266459
vt 0.835251 0.273070
vt 0.836373 0.272546
vt 0.834135 0.273567
vt 0.834359 0.265905
vt 0.830917 0.260525
vt 0.831681 0.259971
vt 0.835299 0.265332
vt 0.827427 0.256016
vt 0.828028 0.255501
vt 0.832421 0.259409
vt 0.836214 0.264748
vt 0.828606 0.254979
vt 0.837499 0.271997
vt 0.824164 0.252479
vt 0.824619 0.252019
vt 0.825054 0.251553
vt 0.825461 0.251088
vt 0.829153 0.254458
vt 0.833126 0.258847
vt 0.837093 0.264163
vt 0.839715 0.270850
vt 0.840774 0.270269
vt 0.838618 0.271429
vt 0.833078 0.619050
vt 0.836183 0.613529
vt 0.836618 0.613601
vt 0.833586 0.619119
vt 0.839387 0.608900
vt 0.839747 0.608973
vt 0.837590 0.613643
vt 0.834711 0.619155
vt 0.840562 0.609019
vt 0.844184 0.268258
vt 0.839884 0.262141
vt 0.840285 0.261803
vt 0.844685 0.267920
vt 0.835340 0.256906
vt 0.835649 0.256583
vt 0.830845 0.252665
vt 0.831074 0.252369
vt 0.826695 0.249495
vt 0.826854 0.249233
vt 0.842477 0.605349
vt 0.842766 0.605422
vt 0.843426 0.605468
vt 0.844701 0.605536
vt 0.842135 0.609086
vt 0.839469 0.613703
vt 0.836883 0.619206
vt 0.832110 0.625356
vt 0.834547 0.625398
vt 0.830847 0.625325
vt 0.830269 0.625263
vt 0.781753 0.262555
vt 0.786180 0.257302
vt 0.786704 0.257773
vt 0.782416 0.263046
vt 0.790570 0.253031
vt 0.790969 0.253465
vt 0.787304 0.258296
vt 0.783169 0.263589
vt 0.791427 0.253947
vt 0.776903 0.268258
vt 0.781203 0.262142
vt 0.777579 0.268670
vt 0.785747 0.256906
vt 0.790242 0.252666
vt 0.794392 0.249495
vt 0.794629 0.249819
vt 0.794918 0.250205
vt 0.795252 0.250634
vt 0.795626 0.251088
vt 0.791934 0.254458
vt 0.787962 0.258847
vt 0.783994 0.264164
vt 0.779311 0.269699
vt 0.780313 0.270269
vt 0.778390 0.269158
vt 0.784873 0.264748
vt 0.788666 0.259409
vt 0.789406 0.259971
vt 0.785788 0.265332
vt 0.792481 0.254979
vt 0.793059 0.255501
vt 0.790170 0.260525
vt 0.786728 0.265905
vt 0.793660 0.256016
vt 0.781372 0.270850
vt 0.796033 0.251553
vt 0.796468 0.252019
vt 0.796923 0.252479
vt 0.797393 0.252925
vt 0.794276 0.256514
vt 0.790948 0.261061
vt 0.787679 0.266460
vt 0.783588 0.271997
vt 0.784715 0.272546
vt 0.782469 0.271429
vt 0.788632 0.266988
vt 0.791732 0.261572
vt 0.792520 0.262059
vt 0.789584 0.267491
vt 0.794900 0.256991
vt 0.795531 0.257445
vt 0.793312 0.262521
vt 0.790536 0.267967
vt 0.796169 0.257876
vt 0.785836 0.273070
vt 0.797873 0.253352
vt 0.798363 0.253759
vt 0.798860 0.254147
vt 0.799366 0.254515
vt 0.796813 0.258286
vt 0.794108 0.262959
vt 0.791488 0.268419
vt 0.788061 0.274039
vt 0.789165 0.274486
vt 0.786952 0.273567
vt 0.792440 0.268846
vt 0.794907 0.263374
vt 0.795710 0.263765
vt 0.793392 0.269248
vt 0.797463 0.258674
vt 0.798119 0.259040
vt 0.796516 0.264134
vt 0.794343 0.269627
vt 0.798780 0.259385
vt 0.790264 0.274909
vt 0.799879 0.254864
vt 0.800400 0.255194
vt 0.800927 0.255505
vt 0.801460 0.255797
vt 0.799446 0.259710
vt 0.797324 0.264480
vt 0.795295 0.269983
vt 0.792446 0.275682
vt 0.793531 0.276035
vt 0.791357 0.275307
vt 0.796247 0.270316
vt 0.798136 0.264804
vt 0.798951 0.265106
vt 0.797198 0.270626
vt 0.800117 0.260013
vt 0.800792 0.260296
vt 0.799768 0.265386
vt 0.798150 0.270913
vt 0.801471 0.260559
vt 0.794612 0.276364
vt 0.802000 0.256071
vt 0.802544 0.256327
vt 0.803094 0.256565
vt 0.803649 0.256784
vt 0.802154 0.260802
vt 0.800587 0.265644
vt 0.799103 0.271179
vt 0.796763 0.276956
vt 0.797834 0.277219
vt 0.795689 0.276671
vt 0.800055 0.271422
vt 0.801409 0.265882
vt 0.802233 0.266098
vt 0.801007 0.271644
vt 0.802841 0.261025
vt 0.803531 0.261228
vt 0.803058 0.266293
vt 0.801960 0.271844
vt 0.804224 0.261411
vt 0.798903 0.277460
vt 0.804208 0.256986
vt 0.804771 0.257170
vt 0.805338 0.257336
vt 0.805908 0.257484
vt 0.804919 0.261575
vt 0.803885 0.266467
vt 0.802913 0.272023
vt 0.801032 0.277878
vt 0.802094 0.278055
vt 0.799968 0.277679
vt 0.803866 0.272180
vt 0.804714 0.266620
vt 0.805544 0.266753
vt 0.804820 0.272317
vt 0.805617 0.261719
vt 0.806317 0.261844
vt 0.806376 0.266865
vt 0.805774 0.272432
vt 0.807019 0.261949
vt 0.803154 0.278211
vt 0.806482 0.257615
vt 0.807057 0.257728
vt 0.807635 0.257824
vt 0.808215 0.257902
vt 0.807722 0.262035
vt 0.807208 0.266957
vt 0.806727 0.272526
vt 0.805269 0.278460
vt 0.806325 0.278553
vt 0.804212 0.278346
vt 0.807681 0.272599
vt 0.808041 0.267028
vt 0.808875 0.267079
vt 0.808635 0.272651
vt 0.808426 0.262102
vt 0.809131 0.262150
vt 0.809709 0.267110
vt 0.809589 0.272682
vt 0.809837 0.262179
vt 0.807381 0.278626
vt 0.808795 0.257963
vt 0.809378 0.258006
vt 0.809960 0.258032
vt 0.809489 0.278708
vt 0.808435 0.278677
vt 0.861033 0.619432
vt 0.860260 0.613966
vt 0.864716 0.613889
vt 0.866209 0.619365
vt 0.859467 0.609371
vt 0.863180 0.609289
vt 0.868594 0.613791
vt 0.870708 0.619281
vt 0.866418 0.609183
vt 0.855525 0.625604
vt 0.855525 0.619457
vt 0.861733 0.625583
vt 0.855525 0.613995
vt 0.855525 0.609400
vt 0.855525 0.605841
vt 0.858708 0.605815
vt 0.861709 0.605737
vt 0.864327 0.605633
vt 0.866350 0.605536
vt 0.868916 0.609086
vt 0.871582 0.613703
vt 0.874167 0.619206
vt 0.872619 0.625459
vt 0.876504 0.625398
vt 0.867561 0.625527
vt 0.437299 0.670319
vt 0.436134 0.669495
vt 0.436984 0.667109
vt 0.438042 0.667792
vt 0.435015 0.668626
vt 0.435964 0.666423
vt 0.437826 0.664496
vt 0.438809 0.664962
vt 0.436872 0.664137
vt 0.438012 0.673114
vt 0.436699 0.672270
vt 0.438506 0.671094
vt 0.435434 0.671367
vt 0.434219 0.670408
vt 0.433056 0.669396
vt 0.433948 0.667704
vt 0.435014 0.665663
vt 0.436042 0.663667
vt 0.436767 0.662227
vt 0.437531 0.662000
vt 0.438498 0.661909
vt 0.439470 0.662104
vt 0.439808 0.665539
vt 0.440436 0.662573
vt 0.439134 0.668476
vt 0.455164 0.655071
vt 0.455142 0.661491
vt 0.453945 0.660070
vt 0.453947 0.654339
vt 0.455079 0.667033
vt 0.453924 0.665006
vt 0.452738 0.658632
vt 0.452698 0.653598
vt 0.452806 0.662948
vt 0.456194 0.648211
vt 0.456195 0.655662
vt 0.455162 0.648212
vt 0.456167 0.662636
vt 0.456090 0.668656
vt 0.455942 0.673248
vt 0.454954 0.671257
vt 0.453837 0.668734
vt 0.452798 0.666087
vt 0.452093 0.664026
vt 0.451872 0.661383
vt 0.451681 0.657480
vt 0.451590 0.652987
vt 0.452686 0.648215
vt 0.451566 0.648216
vt 0.453942 0.648214
vt 0.434967 0.627845
vt 0.436084 0.626973
vt 0.436940 0.629358
vt 0.435922 0.630046
vt 0.437247 0.626147
vt 0.437997 0.628672
vt 0.437788 0.631969
vt 0.436835 0.632330
vt 0.438770 0.631501
vt 0.433007 0.627080
vt 0.434167 0.626065
vt 0.433902 0.628770
vt 0.435380 0.625104
vt 0.436644 0.624198
vt 0.437954 0.623350
vt 0.438453 0.625369
vt 0.439087 0.627986
vt 0.439768 0.630922
vt 0.440403 0.633885
vt 0.439438 0.634358
vt 0.438466 0.634555
vt 0.437499 0.634465
vt 0.436006 0.632802
vt 0.436734 0.634241
vt 0.434973 0.630809
vt 0.447796 0.674873
vt 0.446438 0.674535
vt 0.446121 0.671597
vt 0.447321 0.671820
vt 0.445064 0.674134
vt 0.444921 0.671351
vt 0.445700 0.668400
vt 0.446728 0.668382
vt 0.444707 0.668491
vt 0.449585 0.677521
vt 0.448149 0.677222
vt 0.449113 0.675145
vt 0.446667 0.676845
vt 0.445166 0.676393
vt 0.443670 0.675869
vt 0.443696 0.673662
vt 0.443731 0.670996
vt 0.443756 0.668390
vt 0.443761 0.666510
vt 0.444338 0.665890
vt 0.445133 0.665274
vt 0.446012 0.664884
vt 0.447763 0.668432
vt 0.446936 0.664682
vt 0.448496 0.672019
vt 0.426914 0.657518
vt 0.426460 0.656233
vt 0.428433 0.655378
vt 0.428768 0.656550
vt 0.426072 0.654929
vt 0.428126 0.654189
vt 0.430552 0.654515
vt 0.430661 0.655615
vt 0.430384 0.653402
vt 0.425971 0.659695
vt 0.425393 0.658325
vt 0.427438 0.658777
vt 0.424889 0.656932
vt 0.424460 0.655518
vt 0.424107 0.654086
vt 0.425749 0.653609
vt 0.427846 0.652993
vt 0.430160 0.652301
vt 0.432441 0.651604
vt 0.432600 0.652677
vt 0.432586 0.653797
vt 0.432374 0.654925
vt 0.430886 0.656591
vt 0.432092 0.655811
vt 0.429190 0.657672
vt 0.428011 0.636483
vt 0.428678 0.635284
vt 0.430374 0.636754
vt 0.429724 0.637765
vt 0.429407 0.634112
vt 0.431061 0.635736
vt 0.432143 0.638393
vt 0.431427 0.639124
vt 0.432846 0.637573
vt 0.425944 0.636798
vt 0.426591 0.635455
vt 0.427413 0.637712
vt 0.427310 0.634142
vt 0.428098 0.632863
vt 0.428953 0.631621
vt 0.430195 0.632969
vt 0.431780 0.634715
vt 0.433524 0.636674
vt 0.435228 0.638652
vt 0.434540 0.639458
vt 0.433745 0.640073
vt 0.432844 0.640472
vt 0.430867 0.639890
vt 0.432074 0.640667
vt 0.429168 0.638813
vt 0.453918 0.620780
vt 0.454372 0.621235
vt 0.453277 0.624353
vt 0.452851 0.623986
vt 0.454688 0.622550
vt 0.453589 0.625442
vt 0.452184 0.627969
vt 0.451760 0.627743
vt 0.452535 0.628681
vt 0.454132 0.618368
vt 0.454811 0.618400
vt 0.453288 0.620763
vt 0.455296 0.618897
vt 0.455639 0.620324
vt 0.455884 0.623174
vt 0.454900 0.625168
vt 0.453789 0.627693
vt 0.452756 0.630343
vt 0.452057 0.632406
vt 0.451693 0.632078
vt 0.451257 0.631851
vt 0.450804 0.631781
vt 0.451219 0.627750
vt 0.450263 0.631803
vt 0.452274 0.623978
vt 0.425183 0.646901
vt 0.425300 0.645556
vt 0.427388 0.645889
vt 0.427213 0.647071
vt 0.425485 0.644216
vt 0.427596 0.644695
vt 0.429603 0.646309
vt 0.429259 0.647300
vt 0.429902 0.645263
vt 0.423473 0.648249
vt 0.423510 0.646780
vt 0.425143 0.648247
vt 0.423626 0.645315
vt 0.423821 0.643858
vt 0.424094 0.642411
vt 0.425737 0.642884
vt 0.427835 0.643495
vt 0.430151 0.644181
vt 0.432433 0.644874
vt 0.432140 0.645891
vt 0.431681 0.646830
vt 0.431045 0.647656
vt 0.429069 0.648243
vt 0.430444 0.648241
vt 0.427138 0.648245
vt 0.432937 0.666723
vt 0.431982 0.665691
vt 0.433352 0.663779
vt 0.434154 0.664764
vt 0.431079 0.664620
vt 0.432570 0.662775
vt 0.434846 0.661764
vt 0.435419 0.662805
vt 0.434218 0.660753
vt 0.431950 0.668333
vt 0.430902 0.667221
vt 0.429915 0.666064
vt 0.428992 0.664864
vt 0.430230 0.663513
vt 0.431812 0.661763
vt 0.433551 0.659801
vt 0.435250 0.657819
vt 0.435851 0.658785
vt 0.436325 0.659916
vt 0.436630 0.661174
vt 0.439699 0.624641
vt 0.440980 0.623965
vt 0.441352 0.626644
vt 0.440208 0.627312
vt 0.442294 0.623343
vt 0.442507 0.625995
vt 0.441792 0.629504
vt 0.440783 0.630261
vt 0.442768 0.628678
vt 0.439309 0.622563
vt 0.440705 0.621838
vt 0.442138 0.621177
vt 0.443605 0.620582
vt 0.443637 0.622789
vt 0.443678 0.625455
vt 0.443709 0.628061
vt 0.443718 0.629942
vt 0.443126 0.631001
vt 0.442292 0.632199
vt 0.441366 0.633171
vt 0.442352 0.673111
vt 0.441037 0.672493
vt 0.441402 0.669812
vt 0.442559 0.670459
vt 0.439753 0.671819
vt 0.440257 0.669148
vt 0.441836 0.666951
vt 0.442813 0.667775
vt 0.440825 0.666197
vt 0.442201 0.675278
vt 0.440766 0.674620
vt 0.439369 0.673898
vt 0.441401 0.663286
vt 0.442329 0.664255
vt 0.443166 0.665452
vt 0.425494 0.652277
vt 0.425306 0.650937
vt 0.427393 0.650600
vt 0.427604 0.651794
vt 0.425187 0.649593
vt 0.427216 0.649419
vt 0.429607 0.650175
vt 0.429909 0.651220
vt 0.429261 0.649185
vt 0.423832 0.652639
vt 0.423633 0.651182
vt 0.423513 0.649718
vt 0.431047 0.648825
vt 0.431684 0.649650
vt 0.432145 0.650587
vt 0.431041 0.631860
vt 0.431942 0.630787
vt 0.433316 0.632697
vt 0.432536 0.633702
vt 0.432894 0.629753
vt 0.434116 0.631710
vt 0.434815 0.634708
vt 0.434189 0.635720
vt 0.435385 0.633665
vt 0.429874 0.630419
vt 0.430858 0.629260
vt 0.431903 0.628146
vt 0.436600 0.635293
vt 0.436298 0.636552
vt 0.435827 0.637684
vt 0.452521 0.675596
vt 0.451512 0.675494
vt 0.450657 0.672298
vt 0.451573 0.672387
vt 0.450363 0.675348
vt 0.449620 0.672178
vt 0.449719 0.668565
vt 0.450563 0.668629
vt 0.448772 0.668498
vt 0.454201 0.678059
vt 0.453299 0.677996
vt 0.453352 0.675666
vt 0.452201 0.677895
vt 0.450949 0.677741
vt 0.447874 0.664589
vt 0.448780 0.664568
vt 0.449605 0.664592
vt 0.451267 0.668684
vt 0.450301 0.664633
vt 0.452330 0.672453
vt 0.429440 0.662372
vt 0.428708 0.661202
vt 0.430400 0.659729
vt 0.431090 0.660744
vt 0.428038 0.660004
vt 0.429749 0.658719
vt 0.432166 0.658085
vt 0.432871 0.658903
vt 0.431448 0.657355
vt 0.428133 0.663624
vt 0.427343 0.662347
vt 0.426621 0.661036
vt 0.432863 0.656005
vt 0.433764 0.656401
vt 0.434561 0.657014
vt 0.426057 0.641564
vt 0.426442 0.640258
vt 0.428417 0.641109
vt 0.428112 0.642299
vt 0.426892 0.638972
vt 0.428749 0.639936
vt 0.430537 0.641967
vt 0.430372 0.643080
vt 0.430644 0.640867
vt 0.424443 0.640978
vt 0.424869 0.639563
vt 0.425370 0.638168
vt 0.432359 0.641553
vt 0.432573 0.642680
vt 0.432590 0.643800
vt 0.445004 0.622314
vt 0.446377 0.621909
vt 0.446067 0.624848
vt 0.444867 0.625097
vt 0.447734 0.621569
vt 0.447266 0.624623
vt 0.445653 0.628046
vt 0.444660 0.627958
vt 0.446681 0.628062
vt 0.445100 0.620055
vt 0.446600 0.619600
vt 0.448081 0.619219
vt 0.449517 0.618917
vt 0.449050 0.621294
vt 0.448441 0.624421
vt 0.447716 0.628010
vt 0.446898 0.631762
vt 0.445973 0.631562
vt 0.445093 0.631174
vt 0.444297 0.630559
vt 0.435988 0.655195
vt 0.435003 0.654772
vt 0.435883 0.653195
vt 0.437183 0.653366
vt 0.433803 0.654667
vt 0.434360 0.653350
vt 0.436413 0.651665
vt 0.438157 0.651427
vt 0.434588 0.652099
vt 0.436766 0.655950
vt 0.434503 0.650946
vt 0.436449 0.650287
vt 0.438485 0.649542
vt 0.439579 0.651959
vt 0.441536 0.648228
vt 0.438163 0.654078
vt 0.448770 0.635931
vt 0.448162 0.640022
vt 0.447142 0.639968
vt 0.447886 0.635907
vt 0.447769 0.644120
vt 0.446566 0.644080
vt 0.446020 0.639747
vt 0.446935 0.635772
vt 0.445121 0.643886
vt 0.449523 0.635905
vt 0.449567 0.631845
vt 0.449010 0.640010
vt 0.448714 0.644115
vt 0.448622 0.648220
vt 0.447631 0.648221
vt 0.446332 0.648222
vt 0.444615 0.648225
vt 0.443723 0.643031
vt 0.444967 0.639139
vt 0.445995 0.635448
vt 0.447836 0.631852
vt 0.448742 0.631871
vt 0.434113 0.649913
vt 0.433414 0.649007
vt 0.434803 0.648236
vt 0.435867 0.649156
vt 0.432404 0.648239
vt 0.433413 0.647468
vt 0.435865 0.647314
vt 0.437461 0.648233
vt 0.434109 0.646560
vt 0.434497 0.645527
vt 0.436444 0.646181
vt 0.438482 0.646922
vt 0.447778 0.652322
vt 0.448181 0.656419
vt 0.447161 0.656475
vt 0.446576 0.652365
vt 0.448799 0.660508
vt 0.447915 0.660534
vt 0.446039 0.656699
vt 0.445131 0.652562
vt 0.446964 0.660671
vt 0.448724 0.652325
vt 0.449030 0.656429
vt 0.449551 0.660532
vt 0.446024 0.660997
vt 0.444988 0.657309
vt 0.443735 0.653420
vt 0.433789 0.641807
vt 0.434988 0.641699
vt 0.435871 0.643275
vt 0.434348 0.643123
vt 0.435972 0.641273
vt 0.437171 0.643100
vt 0.436405 0.644803
vt 0.434579 0.644373
vt 0.438149 0.645037
vt 0.436748 0.640517
vt 0.438149 0.642386
vt 0.439570 0.644501
vt 0.443706 0.663739
vt 0.442877 0.661983
vt 0.443479 0.660082
vt 0.444387 0.662484
vt 0.441937 0.660643
vt 0.442439 0.658132
vt 0.444153 0.658477
vt 0.445162 0.661585
vt 0.442953 0.655595
vt 0.440940 0.659775
vt 0.441315 0.656949
vt 0.441564 0.653717
vt 0.437746 0.636350
vt 0.438845 0.636922
vt 0.438924 0.639066
vt 0.437661 0.638012
vt 0.439896 0.637044
vt 0.440130 0.639669
vt 0.438716 0.640970
vt 0.437318 0.639418
vt 0.440113 0.642334
vt 0.440913 0.636682
vt 0.441295 0.639507
vt 0.441551 0.642739
vt 0.437774 0.660114
vt 0.437685 0.658453
vt 0.438946 0.657397
vt 0.438871 0.659541
vt 0.437338 0.657048
vt 0.438732 0.655492
vt 0.440150 0.656790
vt 0.439922 0.659416
vt 0.440127 0.654126
vt 0.455035 0.629392
vt 0.455111 0.634933
vt 0.453917 0.636358
vt 0.453885 0.631421
vt 0.455148 0.641353
vt 0.453933 0.642088
vt 0.452714 0.637798
vt 0.452771 0.633482
vt 0.452686 0.642832
vt 0.456042 0.627766
vt 0.456133 0.633786
vt 0.456178 0.640760
vt 0.451579 0.643446
vt 0.451659 0.638952
vt 0.451842 0.635049
vt 0.840343 0.619281
vt 0.842456 0.613791
vt 0.846335 0.613889
vt 0.844842 0.619365
vt 0.844633 0.609183
vt 0.847871 0.609289
vt 0.850791 0.613966
vt 0.850018 0.619432
vt 0.851584 0.609371
vt 0.838431 0.625459
vt 0.846723 0.605633
vt 0.849342 0.605736
vt 0.852343 0.605815
vt 0.849317 0.625583
vt 0.843489 0.625527
vt 0.441908 0.635812
vt 0.442845 0.634470
vt 0.443451 0.636369
vt 0.442416 0.638323
vt 0.443670 0.632712
vt 0.444354 0.633966
vt 0.444129 0.637973
vt 0.442935 0.640858
vt 0.445131 0.634862
vt 0.837041 0.699189
vt 0.836242 0.685388
vt 0.841929 0.685407
vt 0.842493 0.699201
vt 0.835409 0.671790
vt 0.841342 0.671816
vt 0.848505 0.685421
vt 0.848797 0.699209
vt 0.848202 0.671835
vt 0.833357 0.712226
vt 0.832866 0.699176
vt 0.837443 0.712230
vt 0.831888 0.685369
vt 0.830867 0.671764
vt 0.830244 0.659314
vt 0.834901 0.659345
vt 0.840984 0.659377
vt 0.848017 0.659402
vt 0.855525 0.659413
vt 0.855525 0.671842
vt 0.855525 0.685426
vt 0.855525 0.699212
vt 0.848944 0.712236
vt 0.855525 0.712236
vt 0.842778 0.712233
vt 0.862254 0.699209
vt 0.862545 0.685421
vt 0.869121 0.685407
vt 0.868558 0.699201
vt 0.862848 0.671835
vt 0.869708 0.671816
vt 0.874808 0.685388
vt 0.874010 0.699188
vt 0.875641 0.671790
vt 0.862106 0.712236
vt 0.863033 0.659402
vt 0.870066 0.659377
vt 0.876150 0.659345
vt 0.880807 0.659314
vt 0.880184 0.671764
vt 0.879163 0.685369
vt 0.878185 0.699176
vt 0.873608 0.712230
vt 0.877694 0.712226
vt 0.868273 0.712233
vt 0.806356 0.346479
vt 0.806452 0.332347
vt 0.807819 0.332352
vt 0.807754 0.346482
vt 0.806574 0.319356
vt 0.807900 0.319368
vt 0.809182 0.332355
vt 0.809149 0.346483
vt 0.809223 0.319374
vt 0.804826 0.360532
vt 0.804953 0.346476
vt 0.806259 0.360538
vt 0.805082 0.332339
vt 0.805243 0.319339
vt 0.805435 0.308267
vt 0.806717 0.308302
vt 0.807995 0.308327
vt 0.809270 0.308342
vt 0.810544 0.308348
vt 0.810544 0.319374
vt 0.810544 0.332356
vt 0.810544 0.346484
vt 0.809117 0.360545
vt 0.810544 0.360547
vt 0.807689 0.360543
vt 0.800712 0.346461
vt 0.800929 0.332306
vt 0.802321 0.332319
vt 0.802133 0.346467
vt 0.801204 0.319254
vt 0.802559 0.319288
vt 0.803705 0.332330
vt 0.803546 0.346472
vt 0.803905 0.319316
vt 0.799042 0.360493
vt 0.799284 0.346454
vt 0.800498 0.360506
vt 0.799526 0.332290
vt 0.799838 0.319214
vt 0.800225 0.308026
vt 0.801542 0.308102
vt 0.802848 0.308167
vt 0.804145 0.308222
vt 0.803389 0.360525
vt 0.801946 0.360516
vt 0.794939 0.346425
vt 0.795250 0.332229
vt 0.796688 0.332252
vt 0.796398 0.346436
vt 0.795662 0.319062
vt 0.797068 0.319118
vt 0.798113 0.332272
vt 0.797845 0.346445
vt 0.798460 0.319169
vt 0.793141 0.360425
vt 0.793469 0.346413
vt 0.794629 0.360445
vt 0.793798 0.332204
vt 0.794240 0.319000
vt 0.794823 0.307624
vt 0.796196 0.307740
vt 0.797553 0.307846
vt 0.798896 0.307941
vt 0.797580 0.360479
vt 0.796109 0.360463
vt 0.788989 0.346369
vt 0.789353 0.332116
vt 0.790850 0.332148
vt 0.790494 0.346385
vt 0.789872 0.318781
vt 0.791346 0.318859
vt 0.792331 0.332177
vt 0.791987 0.346400
vt 0.792802 0.318932
vt 0.787094 0.360325
vt 0.787471 0.346352
vt 0.788620 0.360353
vt 0.787841 0.332082
vt 0.788379 0.318697
vt 0.789151 0.307061
vt 0.790598 0.307217
vt 0.792025 0.307363
vt 0.793433 0.307498
vt 0.791643 0.360403
vt 0.790136 0.360379
vt 0.782845 0.346294
vt 0.783207 0.331970
vt 0.784767 0.332009
vt 0.784399 0.346314
vt 0.783780 0.318418
vt 0.785333 0.318516
vt 0.786312 0.332046
vt 0.785941 0.346333
vt 0.786866 0.318609
vt 0.780907 0.360191
vt 0.781281 0.346273
vt 0.782466 0.360228
vt 0.781630 0.331930
vt 0.782206 0.318317
vt 0.783148 0.306344
vt 0.784683 0.306537
vt 0.786194 0.306721
vt 0.787684 0.306896
vt 0.785560 0.360294
vt 0.784017 0.360262
vt 0.776526 0.346209
vt 0.776806 0.331808
vt 0.778429 0.331849
vt 0.778120 0.346230
vt 0.777359 0.317993
vt 0.778996 0.318103
vt 0.780037 0.331889
vt 0.779706 0.346252
vt 0.780612 0.318212
vt 0.774612 0.360030
vt 0.774923 0.346188
vt 0.776193 0.360072
vt 0.775169 0.331768
vt 0.775702 0.317880
vt 0.776768 0.305491
vt 0.778400 0.305715
vt 0.780008 0.305933
vt 0.781590 0.306142
vt 0.779341 0.360153
vt 0.777770 0.360113
vt 0.770171 0.346136
vt 0.770277 0.331663
vt 0.771883 0.331695
vt 0.771725 0.346151
vt 0.770712 0.317546
vt 0.772357 0.317655
vt 0.773522 0.331730
vt 0.773316 0.346169
vt 0.774027 0.317767
vt 0.768495 0.359859
vt 0.768677 0.346123
vt 0.769951 0.359900
vt 0.768727 0.331635
vt 0.769119 0.317444
vt 0.770223 0.304574
vt 0.771817 0.304798
vt 0.773455 0.305028
vt 0.775114 0.305261
vt 0.773032 0.359986
vt 0.771471 0.359943
vt 0.764856 0.346103
vt 0.764735 0.331582
vt 0.765917 0.331594
vt 0.765984 0.346107
vt 0.764976 0.317197
vt 0.766208 0.317267
vt 0.767262 0.331612
vt 0.767271 0.346114
vt 0.767604 0.317350
vt 0.763888 0.359732
vt 0.763927 0.346101
vt 0.764786 0.359756
vt 0.763757 0.331572
vt 0.763953 0.317140
vt 0.765008 0.303852
vt 0.766047 0.303994
vt 0.767294 0.304165
vt 0.768702 0.304361
vt 0.767126 0.359821
vt 0.765877 0.359786
vt 0.828229 0.699180
vt 0.827048 0.685372
vt 0.827742 0.685354
vt 0.828893 0.699167
vt 0.825817 0.671756
vt 0.826541 0.671741
vt 0.829161 0.685356
vt 0.830251 0.699168
vt 0.828021 0.671747
vt 0.857199 0.359732
vt 0.857160 0.346101
vt 0.857864 0.346105
vt 0.857877 0.359714
vt 0.857330 0.331572
vt 0.858071 0.331573
vt 0.857135 0.317140
vt 0.857913 0.317104
vt 0.856079 0.303852
vt 0.856872 0.303748
vt 0.825069 0.659286
vt 0.825805 0.659283
vt 0.827326 0.659292
vt 0.830797 0.712224
vt 0.829466 0.712224
vt 0.828821 0.712226
vt 0.847771 0.346169
vt 0.847565 0.331730
vt 0.849204 0.331695
vt 0.849363 0.346151
vt 0.847060 0.317767
vt 0.848731 0.317655
vt 0.850811 0.331663
vt 0.850917 0.346135
vt 0.850375 0.317546
vt 0.846475 0.360030
vt 0.846164 0.346188
vt 0.848055 0.359986
vt 0.845918 0.331768
vt 0.845386 0.317880
vt 0.844319 0.305491
vt 0.845974 0.305261
vt 0.847632 0.305028
vt 0.849270 0.304798
vt 0.850864 0.304573
vt 0.851969 0.317444
vt 0.852360 0.331635
vt 0.852410 0.346123
vt 0.851136 0.359900
vt 0.852593 0.359859
vt 0.849616 0.359943
vt 0.841382 0.346251
vt 0.841050 0.331889
vt 0.842658 0.331849
vt 0.842967 0.346230
vt 0.840475 0.318211
vt 0.842091 0.318103
vt 0.844281 0.331808
vt 0.844562 0.346209
vt 0.843728 0.317993
vt 0.840180 0.360191
vt 0.839806 0.346273
vt 0.841746 0.360153
vt 0.839457 0.331930
vt 0.838881 0.318317
vt 0.837939 0.306344
vt 0.839497 0.306142
vt 0.841080 0.305932
vt 0.842687 0.305715
vt 0.844894 0.360072
vt 0.843317 0.360113
vt 0.835147 0.346333
vt 0.834775 0.332046
vt 0.836320 0.332009
vt 0.836688 0.346314
vt 0.834221 0.318609
vt 0.835754 0.318516
vt 0.837881 0.331970
vt 0.838242 0.346294
vt 0.837307 0.318418
vt 0.833993 0.360325
vt 0.833617 0.346352
vt 0.835527 0.360294
vt 0.833246 0.332082
vt 0.832709 0.318697
vt 0.831936 0.307061
vt 0.833404 0.306896
vt 0.834893 0.306721
vt 0.836405 0.306537
vt 0.838622 0.360227
vt 0.837070 0.360262
vt 0.829100 0.346400
vt 0.828756 0.332177
vt 0.830237 0.332147
vt 0.830594 0.346385
vt 0.828285 0.318932
vt 0.829741 0.318859
vt 0.831734 0.332116
vt 0.832099 0.346369
vt 0.831215 0.318781
vt 0.827947 0.360425
vt 0.827618 0.346413
vt 0.829444 0.360403
vt 0.827290 0.332204
vt 0.826847 0.319000
vt 0.826264 0.307624
vt 0.827654 0.307498
vt 0.829062 0.307363
vt 0.830489 0.307217
vt 0.832467 0.360353
vt 0.830951 0.360379
vt 0.823242 0.346445
vt 0.822974 0.332272
vt 0.824399 0.332252
vt 0.824690 0.346436
vt 0.822627 0.319169
vt 0.824019 0.319118
vt 0.825838 0.332229
vt 0.826149 0.346425
vt 0.825425 0.319062
vt 0.822045 0.360493
vt 0.821804 0.346454
vt 0.823508 0.360479
vt 0.821561 0.332290
vt 0.821249 0.319214
vt 0.820862 0.308026
vt 0.822191 0.307941
vt 0.823534 0.307846
vt 0.824891 0.307740
vt 0.826458 0.360445
vt 0.824979 0.360463
vt 0.817541 0.346472
vt 0.817382 0.332330
vt 0.818766 0.332319
vt 0.818954 0.346467
vt 0.817182 0.319316
vt 0.818528 0.319288
vt 0.820159 0.332306
vt 0.820375 0.346461
vt 0.819883 0.319254
vt 0.816261 0.360532
vt 0.816134 0.346476
vt 0.817699 0.360525
vt 0.816006 0.332339
vt 0.815845 0.319339
vt 0.815653 0.308267
vt 0.816942 0.308222
vt 0.818239 0.308167
vt 0.819545 0.308102
vt 0.820590 0.360506
vt 0.819141 0.360516
vt 0.811938 0.346483
vt 0.811905 0.332355
vt 0.813269 0.332352
vt 0.813334 0.346482
vt 0.811865 0.319374
vt 0.813187 0.319368
vt 0.814635 0.332347
vt 0.814732 0.346479
vt 0.814514 0.319356
vt 0.811970 0.360545
vt 0.811817 0.308342
vt 0.813092 0.308327
vt 0.814370 0.308302
vt 0.814828 0.360538
vt 0.813398 0.360543
vt 0.834993 0.648764
vt 0.835669 0.639858
vt 0.841532 0.639903
vt 0.841051 0.648802
vt 0.836843 0.632221
vt 0.842364 0.632276
vt 0.848303 0.639938
vt 0.848053 0.648831
vt 0.848735 0.632321
vt 0.830353 0.648729
vt 0.831176 0.639817
vt 0.832609 0.632172
vt 0.855525 0.632338
vt 0.855525 0.639952
vt 0.855525 0.648842
vt 0.862997 0.648831
vt 0.862748 0.639938
vt 0.869519 0.639903
vt 0.869999 0.648802
vt 0.862316 0.632321
vt 0.868686 0.632276
vt 0.875381 0.639858
vt 0.876058 0.648764
vt 0.874207 0.632221
vt 0.878442 0.632172
vt 0.879874 0.639817
vt 0.880697 0.648729
vt 0.806856 0.299318
vt 0.806996 0.291736
vt 0.808180 0.291781
vt 0.808088 0.299355
vt 0.807160 0.284959
vt 0.808289 0.285009
vt 0.809362 0.291808
vt 0.809316 0.299377
vt 0.809417 0.285039
vt 0.805621 0.299267
vt 0.805809 0.291673
vt 0.806030 0.284890
vt 0.810544 0.285049
vt 0.810543 0.291817
vt 0.810544 0.299385
vt 0.801878 0.299028
vt 0.802222 0.291379
vt 0.803423 0.291495
vt 0.803133 0.299122
vt 0.802624 0.284563
vt 0.803762 0.284692
vt 0.804618 0.291593
vt 0.804380 0.299202
vt 0.804897 0.284801
vt 0.800614 0.298919
vt 0.801014 0.291245
vt 0.801481 0.284414
vt 0.796756 0.298505
vt 0.797343 0.290736
vt 0.798575 0.290924
vt 0.798054 0.298657
vt 0.798025 0.283847
vt 0.799182 0.284056
vt 0.799799 0.291093
vt 0.799340 0.298795
vt 0.800334 0.284245
vt 0.795444 0.298337
vt 0.796100 0.290530
vt 0.796862 0.283617
vt 0.791414 0.297748
vt 0.792302 0.289802
vt 0.793580 0.290063
vt 0.792774 0.297959
vt 0.793329 0.282803
vt 0.794514 0.283095
vt 0.794846 0.290306
vt 0.794117 0.298156
vt 0.795691 0.283367
vt 0.790036 0.297522
vt 0.791009 0.289522
vt 0.792135 0.282490
vt 0.785787 0.296756
vt 0.787044 0.288571
vt 0.788381 0.288907
vt 0.787224 0.297026
vt 0.788498 0.281422
vt 0.789720 0.281800
vt 0.789703 0.289224
vt 0.788640 0.297281
vt 0.790933 0.282156
vt 0.784329 0.296472
vt 0.785688 0.288216
vt 0.787264 0.281022
vt 0.779816 0.295535
vt 0.781513 0.287035
vt 0.782924 0.287448
vt 0.781344 0.295861
vt 0.783492 0.279683
vt 0.784762 0.280153
vt 0.784316 0.287842
vt 0.782848 0.296174
vt 0.786019 0.280599
vt 0.778263 0.295195
vt 0.780081 0.286602
vt 0.782208 0.279189
vt 0.773540 0.294118
vt 0.775739 0.285212
vt 0.777176 0.285684
vt 0.775105 0.294481
vt 0.778342 0.277593
vt 0.779617 0.278137
vt 0.778630 0.286149
vt 0.776687 0.294842
vt 0.780912 0.278672
vt 0.772014 0.293760
vt 0.774339 0.284742
vt 0.777104 0.277049
vt 0.768000 0.292804
vt 0.770660 0.283461
vt 0.771762 0.283850
vt 0.769202 0.293092
vt 0.773873 0.275551
vt 0.774838 0.276008
vt 0.773001 0.284283
vt 0.770555 0.293415
vt 0.775927 0.276514
vt 0.766996 0.292563
vt 0.769739 0.283134
vt 0.773070 0.275166
vt 0.825207 0.648676
vt 0.826205 0.639734
vt 0.826898 0.639769
vt 0.825933 0.648691
vt 0.827935 0.632061
vt 0.828576 0.632113
vt 0.828361 0.639789
vt 0.827446 0.648705
vt 0.829954 0.632138
vt 0.854091 0.292563
vt 0.854857 0.292376
vt 0.851348 0.283134
vt 0.852047 0.282872
vt 0.848018 0.275166
vt 0.848623 0.274852
vt 0.844400 0.294842
vt 0.842457 0.286149
vt 0.843911 0.285684
vt 0.845982 0.294481
vt 0.840175 0.278672
vt 0.841470 0.278137
vt 0.845348 0.285212
vt 0.847548 0.294118
vt 0.842745 0.277593
vt 0.842824 0.295195
vt 0.841006 0.286601
vt 0.838880 0.279189
vt 0.843983 0.277049
vt 0.846748 0.284742
vt 0.849073 0.293760
vt 0.838239 0.296174
vt 0.836771 0.287842
vt 0.838163 0.287448
vt 0.839743 0.295861
vt 0.835068 0.280599
vt 0.836325 0.280153
vt 0.839574 0.287035
vt 0.841271 0.295535
vt 0.837595 0.279683
vt 0.836758 0.296472
vt 0.835399 0.288216
vt 0.833823 0.281022
vt 0.832447 0.297281
vt 0.831384 0.289224
vt 0.832706 0.288907
vt 0.833863 0.297026
vt 0.830154 0.282156
vt 0.831367 0.281800
vt 0.834044 0.288571
vt 0.835300 0.296756
vt 0.832589 0.281422
vt 0.831051 0.297522
vt 0.830078 0.289522
vt 0.828952 0.282490
vt 0.826971 0.298156
vt 0.826241 0.290306
vt 0.827507 0.290063
vt 0.828313 0.297959
vt 0.825396 0.283366
vt 0.826573 0.283095
vt 0.828786 0.289802
vt 0.829673 0.297748
vt 0.827758 0.282803
vt 0.825644 0.298337
vt 0.824987 0.290530
vt 0.824225 0.283617
vt 0.821747 0.298795
vt 0.821288 0.291093
vt 0.822512 0.290924
vt 0.823033 0.298657
vt 0.820753 0.284245
vt 0.821905 0.284056
vt 0.823744 0.290736
vt 0.824331 0.298505
vt 0.823062 0.283847
vt 0.820473 0.298919
vt 0.820073 0.291245
vt 0.819606 0.284414
vt 0.816707 0.299202
vt 0.816469 0.291593
vt 0.817664 0.291495
vt 0.817954 0.299122
vt 0.816190 0.284801
vt 0.817325 0.284692
vt 0.818865 0.291379
vt 0.819209 0.299028
vt 0.818464 0.284563
vt 0.815466 0.299267
vt 0.815278 0.291673
vt 0.815057 0.284890
vt 0.811771 0.299377
vt 0.811725 0.291808
vt 0.812907 0.291781
vt 0.813000 0.299355
vt 0.811671 0.285039
vt 0.812798 0.285009
vt 0.814091 0.291736
vt 0.814231 0.299318
vt 0.813927 0.284959
vt 0.801185 0.251323
vt 0.800805 0.250989
vt 0.802856 0.248931
vt 0.803140 0.249208
vt 0.800435 0.250638
vt 0.802582 0.248641
vt 0.804561 0.247403
vt 0.804771 0.247622
vt 0.804362 0.247174
vt 0.801573 0.251641
vt 0.800075 0.250271
vt 0.802318 0.248339
vt 0.804171 0.246936
vt 0.805656 0.245940
vt 0.805792 0.246122
vt 0.805937 0.246296
vt 0.806090 0.246464
vt 0.804989 0.247832
vt 0.806252 0.246625
vt 0.803434 0.249471
vt 0.810068 0.254706
vt 0.809592 0.254683
vt 0.809776 0.252021
vt 0.810160 0.252040
vt 0.809118 0.254645
vt 0.809394 0.251988
vt 0.809934 0.249883
vt 0.810238 0.249898
vt 0.809630 0.249856
vt 0.810543 0.254713
vt 0.808644 0.254591
vt 0.809012 0.251943
vt 0.809327 0.249820
vt 0.809589 0.248167
vt 0.809827 0.248196
vt 0.810065 0.248217
vt 0.810304 0.248229
vt 0.810543 0.249904
vt 0.810543 0.248233
vt 0.810543 0.252047
vt 0.817452 0.252992
vt 0.817019 0.253215
vt 0.815724 0.250784
vt 0.816063 0.250598
vt 0.816581 0.253422
vt 0.815379 0.250958
vt 0.814628 0.248883
vt 0.814890 0.248733
vt 0.814360 0.249023
vt 0.817879 0.252753
vt 0.816137 0.253613
vt 0.815028 0.251119
vt 0.814087 0.249153
vt 0.813310 0.247646
vt 0.813520 0.247545
vt 0.813725 0.247436
vt 0.813926 0.247320
vt 0.815146 0.248573
vt 0.814120 0.247196
vt 0.816396 0.250398
vt 0.853017 0.603374
vt 0.850654 0.603309
vt 0.851773 0.601797
vt 0.853590 0.601842
vt 0.848592 0.603219
vt 0.850187 0.601728
vt 0.852690 0.600936
vt 0.854057 0.600960
vt 0.851496 0.600888
vt 0.855525 0.603393
vt 0.847000 0.603135
vt 0.848965 0.601664
vt 0.850575 0.600842
vt 0.851826 0.600418
vt 0.852512 0.600450
vt 0.853396 0.600477
vt 0.854417 0.600481
vt 0.855525 0.600958
vt 0.855525 0.600473
vt 0.855525 0.601851
vt 0.862459 0.603219
vt 0.860397 0.603309
vt 0.859278 0.601797
vt 0.860864 0.601728
vt 0.858033 0.603374
vt 0.857460 0.601842
vt 0.858360 0.600936
vt 0.859555 0.600888
vt 0.856994 0.600960
vt 0.864050 0.603135
vt 0.856634 0.600481
vt 0.857654 0.600477
vt 0.858539 0.600450
vt 0.860475 0.600843
vt 0.859225 0.600418
vt 0.862085 0.601664
vt 0.865797 0.602962
vt 0.865574 0.603032
vt 0.863252 0.601581
vt 0.863418 0.601518
vt 0.865054 0.603075
vt 0.862855 0.601617
vt 0.861350 0.600782
vt 0.861470 0.600728
vt 0.861053 0.600810
vt 0.794233 0.249233
vt 0.797825 0.247122
vt 0.797927 0.247343
vt 0.868574 0.605349
vt 0.868285 0.605422
vt 0.867624 0.605468
vt 0.859656 0.600395
vt 0.859877 0.600373
vt 0.859963 0.600331
vt 0.803166 0.245086
vt 0.803133 0.244951
vt 0.804958 0.244456
vt 0.804976 0.244555
vt 0.800831 0.245956
vt 0.800771 0.245779
vt 0.806310 0.254095
vt 0.805853 0.253950
vt 0.806775 0.251402
vt 0.807140 0.251525
vt 0.805399 0.253790
vt 0.806415 0.251267
vt 0.807560 0.249381
vt 0.807847 0.249480
vt 0.807278 0.249272
vt 0.806771 0.254225
vt 0.804950 0.253614
vt 0.806059 0.251119
vt 0.807000 0.249153
vt 0.807777 0.247646
vt 0.807992 0.247739
vt 0.808211 0.247824
vt 0.808433 0.247902
vt 0.808137 0.249569
vt 0.808659 0.247971
vt 0.807508 0.251634
vt 0.813851 0.254340
vt 0.813384 0.254439
vt 0.812832 0.251814
vt 0.813206 0.251731
vt 0.812914 0.254523
vt 0.812454 0.251885
vt 0.812360 0.249715
vt 0.812656 0.249647
vt 0.812061 0.249773
vt 0.814316 0.254225
vt 0.812443 0.254591
vt 0.812074 0.251943
vt 0.811760 0.249820
vt 0.811498 0.248167
vt 0.811733 0.248130
vt 0.811967 0.248085
vt 0.812199 0.248032
vt 0.812950 0.249569
vt 0.812428 0.247971
vt 0.813579 0.251634
vt 0.822010 0.249095
vt 0.821695 0.249494
vt 0.819260 0.247701
vt 0.819482 0.247376
vt 0.821361 0.249887
vt 0.819021 0.248024
vt 0.817263 0.246436
vt 0.817416 0.246182
vt 0.817095 0.246689
vt 0.822302 0.248698
vt 0.821012 0.250270
vt 0.818769 0.248339
vt 0.816916 0.246936
vt 0.815431 0.245940
vt 0.815558 0.245753
vt 0.815676 0.245562
vt 0.815781 0.245371
vt 0.817553 0.245931
vt 0.815873 0.245183
vt 0.819684 0.247052
vt 0.802789 0.252499
vt 0.802376 0.252229
vt 0.804047 0.249961
vt 0.804365 0.250186
vt 0.801970 0.251943
vt 0.803736 0.249722
vt 0.805450 0.248222
vt 0.805692 0.248402
vt 0.805215 0.248032
vt 0.803208 0.252753
vt 0.806420 0.246778
vt 0.806596 0.246925
vt 0.806778 0.247064
vt 0.805941 0.248573
vt 0.806967 0.247196
vt 0.804691 0.250398
vt 0.819117 0.251943
vt 0.818711 0.252229
vt 0.817040 0.249961
vt 0.817351 0.249722
vt 0.818299 0.252499
vt 0.816722 0.250186
vt 0.815637 0.248222
vt 0.815871 0.248032
vt 0.815395 0.248402
vt 0.819514 0.251641
vt 0.814309 0.247064
vt 0.814491 0.246925
vt 0.814667 0.246778
vt 0.816098 0.247832
vt 0.814835 0.246625
vt 0.817653 0.249471
vt 0.799726 0.249888
vt 0.799392 0.249494
vt 0.801827 0.247701
vt 0.802065 0.248024
vt 0.799077 0.249095
vt 0.801605 0.247376
vt 0.803824 0.246436
vt 0.803992 0.246689
vt 0.803671 0.246182
vt 0.798785 0.248698
vt 0.801403 0.247052
vt 0.803534 0.245931
vt 0.805214 0.245183
vt 0.805306 0.245371
vt 0.805411 0.245562
vt 0.805528 0.245753
vt 0.808173 0.254523
vt 0.807703 0.254439
vt 0.808255 0.251814
vt 0.808633 0.251885
vt 0.807236 0.254340
vt 0.807880 0.251731
vt 0.808727 0.249715
vt 0.809026 0.249773
vt 0.808431 0.249647
vt 0.808888 0.248032
vt 0.809120 0.248085
vt 0.809354 0.248130
vt 0.815688 0.253790
vt 0.815234 0.253950
vt 0.814312 0.251402
vt 0.814673 0.251267
vt 0.814777 0.254095
vt 0.813947 0.251525
vt 0.813527 0.249381
vt 0.813809 0.249272
vt 0.813240 0.249480
vt 0.812654 0.247902
vt 0.812876 0.247824
vt 0.813095 0.247739
vt 0.822998 0.247618
vt 0.822799 0.247946
vt 0.820019 0.246442
vt 0.820150 0.246177
vt 0.822566 0.248311
vt 0.819864 0.246738
vt 0.817772 0.245459
vt 0.817855 0.245256
vt 0.817671 0.245687
vt 0.826458 0.249819
vt 0.823160 0.247343
vt 0.826169 0.250205
vt 0.825835 0.250634
vt 0.815952 0.245001
vt 0.816017 0.244831
vt 0.816070 0.244681
vt 0.817921 0.245086
vt 0.816111 0.244555
vt 0.820256 0.245956
vt 0.811969 0.254645
vt 0.811495 0.254683
vt 0.811311 0.252021
vt 0.811693 0.251988
vt 0.811019 0.254706
vt 0.810927 0.252040
vt 0.811153 0.249883
vt 0.811457 0.249856
vt 0.810849 0.249898
vt 0.810783 0.248229
vt 0.811022 0.248217
vt 0.811260 0.248196
vt 0.804506 0.253422
vt 0.804068 0.253215
vt 0.805363 0.250784
vt 0.805708 0.250958
vt 0.803635 0.252992
vt 0.805024 0.250598
vt 0.806459 0.248883
vt 0.806726 0.249023
vt 0.806197 0.248733
vt 0.807161 0.247320
vt 0.807361 0.247436
vt 0.807567 0.247545
vt 0.820652 0.250638
vt 0.820282 0.250989
vt 0.818231 0.248931
vt 0.818505 0.248641
vt 0.819902 0.251323
vt 0.817947 0.249208
vt 0.816525 0.247403
vt 0.816726 0.247174
vt 0.816316 0.247622
vt 0.814997 0.246464
vt 0.815150 0.246296
vt 0.815295 0.246122
vt 0.807087 0.245677
vt 0.806973 0.245550
vt 0.807702 0.245082
vt 0.807799 0.245179
vt 0.806864 0.245418
vt 0.807607 0.244984
vt 0.808195 0.244805
vt 0.808296 0.244881
vt 0.808086 0.244737
vt 0.807209 0.245800
vt 0.806763 0.245282
vt 0.807525 0.244882
vt 0.808003 0.244667
vt 0.808253 0.244575
vt 0.808387 0.244593
vt 0.808540 0.244635
vt 0.808666 0.244699
vt 0.808385 0.244963
vt 0.808760 0.244775
vt 0.807896 0.245276
vt 0.813188 0.246333
vt 0.813033 0.246422
vt 0.812539 0.245767
vt 0.812670 0.245704
vt 0.812874 0.246505
vt 0.812406 0.245829
vt 0.812205 0.245371
vt 0.812334 0.245338
vt 0.812079 0.245413
vt 0.813338 0.246239
vt 0.812710 0.246583
vt 0.812273 0.245890
vt 0.811959 0.245464
vt 0.811717 0.245195
vt 0.811837 0.245150
vt 0.811977 0.245126
vt 0.812131 0.245127
vt 0.812443 0.245297
vt 0.812259 0.245146
vt 0.812791 0.245634
vt 0.807605 0.246137
vt 0.807468 0.246030
vt 0.808093 0.245462
vt 0.808190 0.245553
vt 0.807336 0.245917
vt 0.807995 0.245370
vt 0.808528 0.245133
vt 0.808580 0.245223
vt 0.808464 0.245046
vt 0.807749 0.246239
vt 0.808824 0.244858
vt 0.808854 0.244951
vt 0.808850 0.245055
vt 0.808644 0.245297
vt 0.808828 0.245146
vt 0.808296 0.245634
vt 0.813751 0.245917
vt 0.813619 0.246030
vt 0.812994 0.245462
vt 0.813092 0.245370
vt 0.813481 0.246137
vt 0.812897 0.245552
vt 0.812558 0.245133
vt 0.812623 0.245046
vt 0.812507 0.245223
vt 0.813878 0.245800
vt 0.812237 0.245055
vt 0.812233 0.244951
vt 0.812263 0.244858
vt 0.812702 0.244963
vt 0.812327 0.244775
vt 0.813191 0.245276
vt 0.808213 0.246505
vt 0.808054 0.246422
vt 0.808548 0.245767
vt 0.808680 0.245829
vt 0.807899 0.246333
vt 0.808417 0.245704
vt 0.808882 0.245371
vt 0.809009 0.245413
vt 0.808753 0.245338
vt 0.808377 0.246583
vt 0.808956 0.245127
vt 0.809110 0.245126
vt 0.809250 0.245150
vt 0.809128 0.245464
vt 0.809370 0.245195
vt 0.808814 0.245890
vt 0.814223 0.245418
vt 0.814115 0.245550
vt 0.813385 0.245082
vt 0.813480 0.244984
vt 0.813999 0.245677
vt 0.813288 0.245179
vt 0.812892 0.244805
vt 0.813001 0.244737
vt 0.812791 0.244881
vt 0.814324 0.245282
vt 0.812422 0.244699
vt 0.812547 0.244635
vt 0.812700 0.244593
vt 0.813084 0.244667
vt 0.812834 0.244575
vt 0.813562 0.244882
vt 0.808887 0.246783
vt 0.808714 0.246722
vt 0.809080 0.246007
vt 0.809212 0.246063
vt 0.808544 0.246655
vt 0.808947 0.245950
vt 0.809343 0.245580
vt 0.809435 0.245647
vt 0.809240 0.245519
vt 0.809063 0.246837
vt 0.809471 0.245252
vt 0.809549 0.245328
vt 0.809601 0.245423
vt 0.809530 0.245698
vt 0.809627 0.245510
vt 0.809348 0.246110
vt 0.814570 0.244853
vt 0.814497 0.244997
vt 0.813671 0.244658
vt 0.813716 0.244545
vt 0.814415 0.245140
vt 0.813623 0.244772
vt 0.813106 0.244477
vt 0.813114 0.244380
vt 0.813107 0.244577
vt 0.814634 0.244712
vt 0.812764 0.244494
vt 0.812695 0.244397
vt 0.812654 0.244305
vt 0.813131 0.244286
vt 0.812635 0.244218
vt 0.813757 0.244434
vt 0.809608 0.246958
vt 0.809424 0.246924
vt 0.809640 0.246165
vt 0.809791 0.246187
vt 0.809242 0.246884
vt 0.809491 0.246142
vt 0.809782 0.245704
vt 0.809917 0.245710
vt 0.809649 0.245707
vt 0.809793 0.246987
vt 0.809733 0.245460
vt 0.809869 0.245419
vt 0.810004 0.245406
vt 0.810051 0.245726
vt 0.810135 0.245415
vt 0.809943 0.246209
vt 0.814765 0.244338
vt 0.814731 0.244450
vt 0.813822 0.244230
vt 0.813845 0.244143
vt 0.814687 0.244576
vt 0.813792 0.244329
vt 0.813166 0.244112
vt 0.813182 0.244037
vt 0.813149 0.244196
vt 0.814792 0.244245
vt 0.812631 0.244133
vt 0.812635 0.244053
vt 0.812644 0.243982
vt 0.813196 0.243975
vt 0.812655 0.243922
vt 0.813864 0.244070
vt 0.811107 0.247009
vt 0.810920 0.247026
vt 0.810841 0.246247
vt 0.810992 0.246229
vt 0.810732 0.247037
vt 0.810692 0.246264
vt 0.810778 0.245775
vt 0.810904 0.245746
vt 0.810657 0.245813
vt 0.811294 0.246987
vt 0.810543 0.247041
vt 0.810543 0.246272
vt 0.810543 0.245835
vt 0.810543 0.245635
vt 0.810614 0.245562
vt 0.810714 0.245489
vt 0.810828 0.245441
vt 0.811036 0.245726
vt 0.810952 0.245415
vt 0.811144 0.246209
vt 0.810355 0.247037
vt 0.810167 0.247026
vt 0.810246 0.246247
vt 0.810395 0.246264
vt 0.809980 0.247009
vt 0.810095 0.246229
vt 0.810309 0.245775
vt 0.810430 0.245813
vt 0.810183 0.245746
vt 0.810259 0.245441
vt 0.810373 0.245489
vt 0.810473 0.245562
vt 0.858882 0.600120
vt 0.858819 0.600154
vt 0.858091 0.600046
vt 0.858134 0.600019
vt 0.858655 0.600170
vt 0.857974 0.600060
vt 0.857584 0.600005
vt 0.857608 0.599980
vt 0.857512 0.600019
vt 0.806285 0.244172
vt 0.806295 0.244245
vt 0.858331 0.600186
vt 0.857732 0.600070
vt 0.857348 0.600025
vt 0.857127 0.600011
vt 0.857159 0.600003
vt 0.857183 0.599987
vt 0.857190 0.599962
vt 0.807891 0.243975
vt 0.807885 0.243927
vt 0.808426 0.243877
vt 0.808432 0.243922
vt 0.807223 0.244070
vt 0.807216 0.244014
vt 0.811845 0.246884
vt 0.811663 0.246924
vt 0.811447 0.246165
vt 0.811596 0.246142
vt 0.811479 0.246958
vt 0.811296 0.246187
vt 0.811305 0.245704
vt 0.811438 0.245707
vt 0.811170 0.245710
vt 0.812024 0.246837
vt 0.811083 0.245406
vt 0.811218 0.245419
vt 0.811354 0.245460
vt 0.811557 0.245698
vt 0.811460 0.245510
vt 0.811739 0.246110
vt 0.857819 0.600205
vt 0.857155 0.600213
vt 0.856816 0.600071
vt 0.857341 0.600076
vt 0.856374 0.600206
vt 0.856197 0.600063
vt 0.856599 0.600016
vt 0.857035 0.600022
vt 0.856083 0.600008
vt 0.855525 0.600197
vt 0.855525 0.600055
vt 0.855525 0.600002
vt 0.855525 0.599986
vt 0.856016 0.599992
vt 0.856473 0.600000
vt 0.856865 0.600007
vt 0.806672 0.245140
vt 0.806590 0.244997
vt 0.807416 0.244658
vt 0.807464 0.244772
vt 0.806517 0.244853
vt 0.807371 0.244545
vt 0.807981 0.244477
vt 0.807980 0.244577
vt 0.807973 0.244380
vt 0.806453 0.244712
vt 0.807330 0.244435
vt 0.807956 0.244286
vt 0.808451 0.244218
vt 0.808433 0.244305
vt 0.808392 0.244397
vt 0.808323 0.244494
vt 0.812543 0.246655
vt 0.812373 0.246722
vt 0.812007 0.246007
vt 0.812140 0.245949
vt 0.812200 0.246783
vt 0.811875 0.246063
vt 0.811744 0.245580
vt 0.811847 0.245518
vt 0.811652 0.245647
vt 0.811486 0.245423
vt 0.811538 0.245328
vt 0.811616 0.245252
vt 0.854677 0.600206
vt 0.853896 0.600213
vt 0.854235 0.600071
vt 0.854854 0.600063
vt 0.853232 0.600205
vt 0.853710 0.600076
vt 0.854452 0.600016
vt 0.854967 0.600008
vt 0.854016 0.600022
vt 0.852720 0.600186
vt 0.853318 0.600070
vt 0.853702 0.600025
vt 0.853924 0.600011
vt 0.854186 0.600007
vt 0.854578 0.600000
vt 0.855035 0.599992
vt 0.812010 0.244972
vt 0.811807 0.244940
vt 0.811684 0.244787
vt 0.811947 0.244842
vt 0.811633 0.244948
vt 0.811447 0.244777
vt 0.811614 0.244658
vt 0.811937 0.244735
vt 0.811282 0.244622
vt 0.811496 0.244989
vt 0.811270 0.244816
vt 0.811010 0.244655
vt 0.810543 0.244453
vt 0.811235 0.244482
vt 0.811639 0.244549
vt 0.811987 0.244644
vt 0.812238 0.244285
vt 0.812345 0.244377
vt 0.812041 0.244402
vt 0.811843 0.244310
vt 0.812495 0.244479
vt 0.812272 0.244507
vt 0.811791 0.244462
vt 0.811476 0.244376
vt 0.812101 0.244566
vt 0.812170 0.244198
vt 0.811204 0.244284
vt 0.811700 0.244220
vt 0.810070 0.245170
vt 0.809918 0.245207
vt 0.809932 0.245038
vt 0.810120 0.244969
vt 0.809759 0.245288
vt 0.809742 0.245156
vt 0.809908 0.244905
vt 0.810146 0.244790
vt 0.809687 0.245058
vt 0.810211 0.245172
vt 0.809591 0.244989
vt 0.809817 0.244816
vt 0.810077 0.244655
vt 0.810380 0.244748
vt 0.810290 0.244957
vt 0.811073 0.243943
vt 0.811600 0.243944
vt 0.811603 0.244028
vt 0.811076 0.244041
vt 0.812124 0.243954
vt 0.812122 0.244029
vt 0.811627 0.244123
vt 0.811098 0.244160
vt 0.812134 0.244112
vt 0.810543 0.243866
vt 0.811075 0.243867
vt 0.810543 0.243945
vt 0.811604 0.243875
vt 0.812131 0.243891
vt 0.810543 0.244190
vt 0.810543 0.244050
vt 0.810543 0.245397
vt 0.810449 0.245281
vt 0.810543 0.245125
vt 0.810637 0.245281
vt 0.810338 0.245208
vt 0.810430 0.245013
vt 0.810657 0.245013
vt 0.810749 0.245208
vt 0.810543 0.244848
vt 0.810707 0.244748
vt 0.810797 0.244957
vt 0.810876 0.245171
vt 0.808963 0.243954
vt 0.809487 0.243944
vt 0.809484 0.244028
vt 0.808965 0.244029
vt 0.810014 0.243943
vt 0.810011 0.244041
vt 0.809460 0.244123
vt 0.808953 0.244112
vt 0.809989 0.244160
vt 0.808956 0.243891
vt 0.808443 0.243982
vt 0.809482 0.243875
vt 0.810012 0.243867
vt 0.809883 0.244284
vt 0.809387 0.244220
vt 0.808917 0.244198
vt 0.808456 0.244133
vt 0.808452 0.244053
vt 0.811400 0.245058
vt 0.811345 0.245156
vt 0.811155 0.245038
vt 0.811179 0.244905
vt 0.811328 0.245288
vt 0.811169 0.245207
vt 0.810967 0.244969
vt 0.810941 0.244790
vt 0.811017 0.245170
vt 0.808986 0.244566
vt 0.808814 0.244507
vt 0.809046 0.244402
vt 0.809295 0.244462
vt 0.808592 0.244479
vt 0.808742 0.244377
vt 0.809244 0.244310
vt 0.809611 0.244376
vt 0.808849 0.244285
vt 0.809100 0.244644
vt 0.809852 0.244482
vt 0.809448 0.244549
vt 0.809454 0.244948
vt 0.809280 0.244940
vt 0.809403 0.244787
vt 0.809640 0.244777
vt 0.809077 0.244972
vt 0.809140 0.244842
vt 0.809473 0.244658
vt 0.809805 0.244622
vt 0.809149 0.244735
vt 0.812059 0.392258
vt 0.812034 0.383841
vt 0.813526 0.383834
vt 0.813575 0.392251
vt 0.812003 0.373198
vt 0.813464 0.373194
vt 0.815019 0.383824
vt 0.815093 0.392240
vt 0.814926 0.373186
vt 0.810544 0.398409
vt 0.810544 0.392261
vt 0.812076 0.398407
vt 0.810544 0.383843
vt 0.810544 0.373201
vt 0.816392 0.373175
vt 0.816514 0.383809
vt 0.816614 0.392225
vt 0.815146 0.398391
vt 0.816684 0.398377
vt 0.813610 0.398401
vt 0.818138 0.392206
vt 0.818014 0.383791
vt 0.819517 0.383769
vt 0.819667 0.392182
vt 0.817861 0.373162
vt 0.819334 0.373145
vt 0.821026 0.383743
vt 0.821200 0.392154
vt 0.820813 0.373126
vt 0.818226 0.398360
vt 0.822297 0.373103
vt 0.822539 0.383713
vt 0.822740 0.392121
vt 0.821325 0.398311
vt 0.822883 0.398280
vt 0.819773 0.398338
vt 0.824285 0.392084
vt 0.824060 0.383678
vt 0.825586 0.383640
vt 0.825837 0.392041
vt 0.823788 0.373077
vt 0.825286 0.373049
vt 0.827120 0.383597
vt 0.827397 0.391994
vt 0.826792 0.373016
vt 0.824448 0.398244
vt 0.828305 0.372981
vt 0.828661 0.383549
vt 0.828963 0.391942
vt 0.827599 0.398157
vt 0.829186 0.398106
vt 0.826020 0.398203
vt 0.830538 0.391884
vt 0.830209 0.383497
vt 0.831765 0.383440
vt 0.832121 0.391821
vt 0.829825 0.372942
vt 0.831354 0.372900
vt 0.833329 0.383378
vt 0.833711 0.391752
vt 0.832891 0.372854
vt 0.830782 0.398049
vt 0.834435 0.372804
vt 0.834900 0.383312
vt 0.835309 0.391678
vt 0.833998 0.397918
vt 0.835619 0.397843
vt 0.832386 0.397986
vt 0.836915 0.391597
vt 0.836478 0.383240
vt 0.838063 0.383162
vt 0.838529 0.391510
vt 0.835987 0.372751
vt 0.837545 0.372694
vt 0.839654 0.383080
vt 0.840149 0.391417
vt 0.839110 0.372633
vt 0.837248 0.397762
vt 0.840681 0.372568
vt 0.841251 0.382992
vt 0.841777 0.391317
vt 0.840531 0.397579
vt 0.842184 0.397476
vt 0.838885 0.397674
vt 0.843410 0.391210
vt 0.842853 0.382898
vt 0.844460 0.382798
vt 0.845049 0.391095
vt 0.842257 0.372500
vt 0.843838 0.372427
vt 0.846070 0.382692
vt 0.846693 0.390973
vt 0.845422 0.372351
vt 0.843844 0.397366
vt 0.847008 0.372271
vt 0.847683 0.382579
vt 0.848340 0.390842
vt 0.847184 0.397120
vt 0.848863 0.396985
vt 0.845511 0.397247
vt 0.849988 0.390703
vt 0.849294 0.382461
vt 0.850884 0.382338
vt 0.851616 0.390559
vt 0.848592 0.372188
vt 0.850155 0.372102
vt 0.852431 0.382212
vt 0.853201 0.390410
vt 0.851675 0.372015
vt 0.850543 0.396840
vt 0.853130 0.371928
vt 0.853912 0.382086
vt 0.854722 0.390259
vt 0.853826 0.396531
vt 0.855383 0.396371
vt 0.852205 0.396688
vt 0.825965 0.741105
vt 0.827370 0.733339
vt 0.828042 0.733363
vt 0.826667 0.741139
vt 0.828456 0.723689
vt 0.829107 0.723700
vt 0.829442 0.733360
vt 0.828136 0.741132
vt 0.830454 0.723699
vt 0.860334 0.395800
vt 0.859538 0.389723
vt 0.860247 0.389624
vt 0.861065 0.395692
vt 0.858591 0.381646
vt 0.859278 0.381567
vt 0.857720 0.371637
vt 0.858394 0.371588
vt 0.833049 0.723694
vt 0.832143 0.733347
vt 0.830969 0.741110
vt 0.826909 0.746939
vt 0.829857 0.746912
vt 0.825379 0.746954
vt 0.824650 0.746919
vt 0.762489 0.389833
vt 0.763408 0.381735
vt 0.764516 0.381842
vt 0.763631 0.389964
vt 0.764261 0.371695
vt 0.765347 0.371766
vt 0.765784 0.381961
vt 0.764936 0.390108
vt 0.766591 0.371844
vt 0.760753 0.395801
vt 0.761549 0.389723
vt 0.761723 0.395918
vt 0.762496 0.381646
vt 0.763367 0.371637
vt 0.767957 0.371928
vt 0.767175 0.382086
vt 0.766366 0.390259
vt 0.764238 0.396211
vt 0.765705 0.396371
vt 0.762898 0.396058
vt 0.767886 0.390410
vt 0.768656 0.382212
vt 0.770203 0.382338
vt 0.769472 0.390559
vt 0.769413 0.372015
vt 0.770933 0.372102
vt 0.771794 0.382461
vt 0.771100 0.390703
vt 0.772496 0.372188
vt 0.767261 0.396531
vt 0.774080 0.372271
vt 0.773405 0.382580
vt 0.772747 0.390842
vt 0.770544 0.396840
vt 0.772224 0.396985
vt 0.768882 0.396688
vt 0.774395 0.390973
vt 0.775017 0.382692
vt 0.776627 0.382798
vt 0.776038 0.391095
vt 0.775666 0.372351
vt 0.777250 0.372428
vt 0.778234 0.382898
vt 0.777677 0.391210
vt 0.778830 0.372500
vt 0.773903 0.397121
vt 0.780406 0.372568
vt 0.779836 0.382992
vt 0.779311 0.391317
vt 0.777243 0.397366
vt 0.778903 0.397476
vt 0.775576 0.397247
vt 0.780938 0.391417
vt 0.781434 0.383080
vt 0.783025 0.383163
vt 0.782559 0.391511
vt 0.781977 0.372633
vt 0.783542 0.372694
vt 0.784610 0.383240
vt 0.784172 0.391597
vt 0.785101 0.372751
vt 0.780557 0.397579
vt 0.786653 0.372804
vt 0.786188 0.383312
vt 0.785778 0.391678
vt 0.783839 0.397762
vt 0.785469 0.397843
vt 0.782202 0.397674
vt 0.787376 0.391752
vt 0.787759 0.383378
vt 0.789322 0.383440
vt 0.788967 0.391821
vt 0.788197 0.372854
vt 0.789733 0.372900
vt 0.790878 0.383497
vt 0.790549 0.391884
vt 0.791262 0.372942
vt 0.787089 0.397918
vt 0.792783 0.372981
vt 0.792427 0.383549
vt 0.792124 0.391942
vt 0.790305 0.398049
vt 0.791901 0.398106
vt 0.788702 0.397986
vt 0.793691 0.391994
vt 0.793967 0.383597
vt 0.795501 0.383640
vt 0.795250 0.392041
vt 0.794296 0.373016
vt 0.795801 0.373049
vt 0.797028 0.383678
vt 0.796802 0.392084
vt 0.797299 0.373077
vt 0.793488 0.398157
vt 0.798790 0.373103
vt 0.798548 0.383713
vt 0.798348 0.392121
vt 0.796639 0.398244
vt 0.798204 0.398280
vt 0.795067 0.398203
vt 0.799887 0.392154
vt 0.800062 0.383743
vt 0.801570 0.383769
vt 0.801421 0.392182
vt 0.800275 0.373126
vt 0.801753 0.373145
vt 0.803074 0.383791
vt 0.802949 0.392206
vt 0.803227 0.373162
vt 0.799762 0.398311
vt 0.804696 0.373175
vt 0.804573 0.383809
vt 0.804473 0.392225
vt 0.802861 0.398360
vt 0.804403 0.398378
vt 0.801314 0.398338
vt 0.805994 0.392240
vt 0.806069 0.383824
vt 0.807562 0.383834
vt 0.807512 0.392251
vt 0.806161 0.373186
vt 0.807623 0.373194
vt 0.809053 0.383841
vt 0.809028 0.392258
vt 0.809084 0.373199
vt 0.805942 0.398391
vt 0.809011 0.398407
vt 0.807477 0.398401
vt 0.862821 0.741053
vt 0.862468 0.733306
vt 0.868971 0.733316
vt 0.869653 0.741065
vt 0.862197 0.723678
vt 0.868449 0.723682
vt 0.874598 0.733331
vt 0.875560 0.741086
vt 0.873858 0.723688
vt 0.855525 0.746852
vt 0.855525 0.741049
vt 0.863159 0.746856
vt 0.855525 0.733303
vt 0.855525 0.723676
vt 0.878002 0.723694
vt 0.878908 0.733347
vt 0.880082 0.741110
vt 0.876479 0.746887
vt 0.881194 0.746912
vt 0.870306 0.746868
vt 0.835491 0.741086
vt 0.836453 0.733331
vt 0.842080 0.733316
vt 0.841398 0.741065
vt 0.837193 0.723688
vt 0.842602 0.723682
vt 0.848583 0.733306
vt 0.848230 0.741053
vt 0.848854 0.723678
vt 0.834572 0.746887
vt 0.847892 0.746856
vt 0.840745 0.746868
vt 0.834013 0.754365
vt 0.833709 0.753093
vt 0.840135 0.753085
vt 0.840354 0.754357
vt 0.833933 0.750764
vt 0.840292 0.750750
vt 0.847577 0.753075
vt 0.847691 0.754348
vt 0.847658 0.750740
vt 0.456699 0.621993
vt 0.456878 0.626807
vt 0.829165 0.754362
vt 0.828808 0.753090
vt 0.829088 0.750775
vt 0.855526 0.750736
vt 0.855525 0.753072
vt 0.855525 0.754345
vt 0.457028 0.640411
vt 0.457046 0.648210
vt 0.456979 0.633110
vt 0.863360 0.754348
vt 0.863474 0.753076
vt 0.870916 0.753085
vt 0.870697 0.754357
vt 0.863394 0.750740
vt 0.870759 0.750750
vt 0.877342 0.753093
vt 0.877038 0.754365
vt 0.877118 0.750764
vt 0.457046 0.656009
vt 0.881963 0.750775
vt 0.882242 0.753090
vt 0.881886 0.754362
vt 0.456928 0.669614
vt 0.456760 0.674428
vt 0.457014 0.663310
vt 0.805915 0.405988
vt 0.805900 0.404729
vt 0.807450 0.404735
vt 0.807461 0.405993
vt 0.805909 0.402395
vt 0.807455 0.402402
vt 0.808998 0.404739
vt 0.809004 0.405995
vt 0.809000 0.402407
vt 0.423013 0.654394
vt 0.422722 0.652872
vt 0.804365 0.405980
vt 0.804346 0.404719
vt 0.804359 0.402383
vt 0.810544 0.402407
vt 0.810544 0.404743
vt 0.810544 0.405995
vt 0.422385 0.649797
vt 0.422340 0.648250
vt 0.422512 0.651339
vt 0.799686 0.405932
vt 0.799654 0.404667
vt 0.801223 0.404689
vt 0.801251 0.405952
vt 0.799682 0.402325
vt 0.801246 0.402349
vt 0.802787 0.404706
vt 0.802811 0.405968
vt 0.802805 0.402368
vt 0.424981 0.660294
vt 0.424371 0.658854
vt 0.798115 0.405908
vt 0.798078 0.404642
vt 0.798111 0.402297
vt 0.423386 0.655900
vt 0.423839 0.657388
vt 0.793360 0.405808
vt 0.793308 0.404535
vt 0.794906 0.404576
vt 0.794953 0.405846
vt 0.793356 0.402183
vt 0.794949 0.402226
vt 0.796496 0.404611
vt 0.796537 0.405879
vt 0.796534 0.402264
vt 0.428168 0.665730
vt 0.427263 0.664427
vt 0.791760 0.405764
vt 0.791703 0.404489
vt 0.791755 0.402135
vt 0.425667 0.661705
vt 0.426429 0.663084
vt 0.786909 0.405600
vt 0.786834 0.404318
vt 0.788466 0.404381
vt 0.788534 0.405660
vt 0.786902 0.401956
vt 0.788528 0.402022
vt 0.790089 0.404438
vt 0.790151 0.405715
vt 0.790146 0.402081
vt 0.432456 0.670492
vt 0.431289 0.669376
vt 0.785275 0.405533
vt 0.785194 0.404248
vt 0.785266 0.401884
vt 0.429143 0.666992
vt 0.430184 0.668208
vt 0.780320 0.405294
vt 0.780219 0.403998
vt 0.781886 0.404088
vt 0.781980 0.405380
vt 0.780307 0.401627
vt 0.781969 0.401720
vt 0.783544 0.404172
vt 0.783632 0.405460
vt 0.783622 0.401805
vt 0.437681 0.674396
vt 0.436297 0.673509
vt 0.778651 0.405200
vt 0.778544 0.403900
vt 0.778637 0.401527
vt 0.433682 0.671555
vt 0.434963 0.672562
vt 0.773596 0.404870
vt 0.773470 0.403555
vt 0.775169 0.403679
vt 0.775289 0.404988
vt 0.773582 0.401175
vt 0.775275 0.401301
vt 0.776861 0.403793
vt 0.776974 0.405098
vt 0.776960 0.401418
vt 0.443644 0.677284
vt 0.442096 0.676664
vt 0.771896 0.404743
vt 0.771765 0.403422
vt 0.771883 0.401040
vt 0.439111 0.675218
vt 0.440584 0.675975
vt 0.766859 0.404313
vt 0.766711 0.402974
vt 0.768363 0.403130
vt 0.768507 0.404463
vt 0.766855 0.400587
vt 0.768499 0.400744
vt 0.770056 0.403280
vt 0.770193 0.404607
vt 0.770183 0.400896
vt 0.449882 0.679008
vt 0.448365 0.678698
vt 0.765276 0.404161
vt 0.765125 0.402815
vt 0.765276 0.400428
vt 0.445221 0.677832
vt 0.446803 0.678304
vt 0.761218 0.403730
vt 0.761058 0.402367
vt 0.762259 0.402506
vt 0.762416 0.403865
vt 0.761231 0.399975
vt 0.762426 0.400113
vt 0.763628 0.402657
vt 0.763783 0.404010
vt 0.763788 0.400267
vt 0.454780 0.679542
vt 0.453814 0.679489
vt 0.760230 0.403612
vt 0.760070 0.402248
vt 0.760241 0.399859
vt 0.451322 0.679236
vt 0.452647 0.679392
vt 0.823790 0.754436
vt 0.823513 0.753110
vt 0.824246 0.753055
vt 0.824544 0.754333
vt 0.823785 0.750803
vt 0.824534 0.750813
vt 0.825778 0.753065
vt 0.826130 0.754341
vt 0.826084 0.750791
vt 0.454707 0.616883
vt 0.455440 0.616929
vt 0.860857 0.403612
vt 0.861017 0.402248
vt 0.861770 0.402163
vt 0.861609 0.403542
vt 0.860847 0.399859
vt 0.861593 0.399755
vt 0.456403 0.618987
vt 0.455971 0.617460
vt 0.850894 0.404607
vt 0.851032 0.403280
vt 0.852724 0.403130
vt 0.852581 0.404463
vt 0.850905 0.400896
vt 0.852589 0.400744
vt 0.854376 0.402974
vt 0.854228 0.404313
vt 0.854232 0.400587
vt 0.443576 0.619167
vt 0.445152 0.618616
vt 0.849191 0.404743
vt 0.849323 0.403422
vt 0.849204 0.401040
vt 0.855811 0.400427
vt 0.855963 0.402815
vt 0.855811 0.404161
vt 0.448295 0.617743
vt 0.449810 0.617428
vt 0.446733 0.618140
vt 0.844113 0.405098
vt 0.844227 0.403793
vt 0.845918 0.403679
vt 0.845798 0.404988
vt 0.844128 0.401418
vt 0.845813 0.401301
vt 0.847617 0.403555
vt 0.847491 0.404870
vt 0.847505 0.401175
vt 0.437620 0.622070
vt 0.439048 0.621244
vt 0.842436 0.405200
vt 0.842543 0.403900
vt 0.842450 0.401526
vt 0.442030 0.619790
vt 0.440519 0.620483
vt 0.837456 0.405460
vt 0.837543 0.404171
vt 0.839201 0.404088
vt 0.839107 0.405380
vt 0.837466 0.401805
vt 0.839119 0.401720
vt 0.840868 0.403998
vt 0.840767 0.405294
vt 0.840780 0.401627
vt 0.432404 0.625985
vt 0.433627 0.624919
vt 0.835813 0.405533
vt 0.835894 0.404248
vt 0.835821 0.401884
vt 0.436238 0.622959
vt 0.434906 0.623910
vt 0.830936 0.405715
vt 0.830999 0.404438
vt 0.832622 0.404381
vt 0.832553 0.405660
vt 0.830941 0.402081
vt 0.832559 0.402022
vt 0.834253 0.404317
vt 0.834178 0.405600
vt 0.834186 0.401956
vt 0.428128 0.630757
vt 0.429099 0.629494
vt 0.829328 0.405764
vt 0.829385 0.404489
vt 0.829332 0.402135
vt 0.431240 0.627104
vt 0.430138 0.628275
vt 0.824550 0.405879
vt 0.824592 0.404611
vt 0.826181 0.404576
vt 0.826135 0.405846
vt 0.824554 0.402264
vt 0.826139 0.402226
vt 0.827779 0.404535
vt 0.827727 0.405807
vt 0.827731 0.402183
vt 0.424953 0.636200
vt 0.425636 0.634788
vt 0.822972 0.405908
vt 0.823009 0.404642
vt 0.822976 0.402297
vt 0.427225 0.632063
vt 0.426394 0.633407
vt 0.818277 0.405968
vt 0.818300 0.404706
vt 0.819864 0.404689
vt 0.819836 0.405952
vt 0.818282 0.402368
vt 0.819841 0.402349
vt 0.821433 0.404667
vt 0.821401 0.405932
vt 0.821406 0.402325
vt 0.422999 0.642106
vt 0.423368 0.640598
vt 0.816722 0.405980
vt 0.816742 0.404719
vt 0.816728 0.402383
vt 0.424346 0.637642
vt 0.423817 0.639109
vt 0.812083 0.405995
vt 0.812089 0.404739
vt 0.813637 0.404735
vt 0.813626 0.405993
vt 0.812087 0.402407
vt 0.813632 0.402402
vt 0.815188 0.404729
vt 0.815172 0.405988
vt 0.815179 0.402395
vt 0.422381 0.646704
vt 0.422711 0.643628
vt 0.422505 0.645162
vt 0.857305 0.404010
vt 0.857459 0.402657
vt 0.858829 0.402506
vt 0.858671 0.403865
vt 0.857299 0.400267
vt 0.858661 0.400113
vt 0.860030 0.402367
vt 0.859869 0.403730
vt 0.859857 0.399975
vt 0.451250 0.617197
vt 0.450881 0.618693
vt 0.856849 0.396211
vt 0.858189 0.396058
vt 0.859365 0.395918
vt 0.453230 0.618433
vt 0.453741 0.616939
vt 0.452132 0.618536
vt 0.452575 0.617038
vt 0.884921 0.754341
vt 0.885273 0.753066
vt 0.886805 0.753055
vt 0.886507 0.754333
vt 0.884967 0.750791
vt 0.886517 0.750813
vt 0.887538 0.753110
vt 0.887261 0.754436
vt 0.887265 0.750803
vt 0.456471 0.677435
vt 0.455703 0.676099
vt 0.884142 0.746939
vt 0.885672 0.746954
vt 0.886401 0.746919
vt 0.759494 0.399755
vt 0.760022 0.395693
vt 0.759317 0.402163
vt 0.759479 0.403542
vt 0.454881 0.678025
vt 0.455513 0.679494
vt 0.455364 0.677527
vt 0.456042 0.678962
vt 0.882915 0.741132
vt 0.881608 0.733360
vt 0.883009 0.733363
vt 0.884384 0.741139
vt 0.880597 0.723699
vt 0.881944 0.723700
vt 0.883681 0.733339
vt 0.885086 0.741105
vt 0.882595 0.723689
vt 0.880254 0.712224
vt 0.881585 0.712224
vt 0.882230 0.712226
vt 0.762693 0.371588
vt 0.763210 0.359714
vt 0.761810 0.381567
vt 0.760841 0.389624
vt 0.856151 0.390108
vt 0.855303 0.381960
vt 0.856571 0.381842
vt 0.857456 0.389964
vt 0.854496 0.371844
vt 0.855740 0.371766
vt 0.857680 0.381735
vt 0.858598 0.389833
vt 0.856827 0.371695
vt 0.853962 0.359820
vt 0.855210 0.359786
vt 0.856301 0.359756
vt 0.856803 0.599993
vt 0.856407 0.599983
vt 0.856380 0.599961
vt 0.856788 0.599974
vt 0.855977 0.599974
vt 0.855958 0.599951
vt 0.856370 0.599931
vt 0.856784 0.599947
vt 0.855950 0.599918
vt 0.855525 0.599968
vt 0.855525 0.599944
vt 0.855525 0.599910
vt 0.810008 0.243810
vt 0.810543 0.243807
vt 0.809476 0.243822
vt 0.808949 0.243843
vt 0.855074 0.599974
vt 0.854643 0.599983
vt 0.854671 0.599962
vt 0.855093 0.599951
vt 0.854248 0.599993
vt 0.854262 0.599974
vt 0.854680 0.599931
vt 0.855100 0.599918
vt 0.854267 0.599947
vt 0.853891 0.600003
vt 0.853868 0.599987
vt 0.853860 0.599962
vt 0.812138 0.243843
vt 0.812661 0.243877
vt 0.811611 0.243822
vt 0.811079 0.243810
vt 0.806400 0.244576
vt 0.806356 0.244450
vt 0.807265 0.244230
vt 0.807295 0.244329
vt 0.806322 0.244338
vt 0.807241 0.244143
vt 0.807921 0.244112
vt 0.807938 0.244196
vt 0.807905 0.244037
vt 0.805135 0.245001
vt 0.805070 0.244832
vt 0.805017 0.244681
vt 0.852396 0.600170
vt 0.852232 0.600154
vt 0.852960 0.600046
vt 0.853077 0.600060
vt 0.852169 0.600120
vt 0.852917 0.600019
vt 0.853467 0.600005
vt 0.853539 0.600019
vt 0.853442 0.599980
vt 0.851395 0.600395
vt 0.851173 0.600373
vt 0.851087 0.600331
vt 0.816129 0.244456
vt 0.814802 0.244172
vt 0.813870 0.244014
vt 0.813202 0.243927
vt 0.845996 0.603075
vt 0.845477 0.603032
vt 0.847798 0.601581
vt 0.848196 0.601617
vt 0.845254 0.602962
vt 0.847633 0.601518
vt 0.849701 0.600782
vt 0.849997 0.600810
vt 0.849581 0.600728
vt 0.823262 0.247122
vt 0.820316 0.245779
vt 0.817954 0.244951
vt 0.798521 0.248311
vt 0.798288 0.247946
vt 0.801068 0.246442
vt 0.801223 0.246738
vt 0.798089 0.247619
vt 0.800937 0.246177
vt 0.803315 0.245459
vt 0.803416 0.245687
vt 0.803232 0.245256
vt 0.850532 0.293415
vt 0.848086 0.284283
vt 0.849326 0.283850
vt 0.851885 0.293092
vt 0.845161 0.276514
vt 0.846249 0.276008
vt 0.850427 0.283461
vt 0.853088 0.292804
vt 0.847214 0.275551
vt 0.852386 0.304361
vt 0.841776 0.269699
vt 0.842697 0.269158
vt 0.843508 0.268670
vt 0.855041 0.303994
vt 0.853793 0.304165
vt 0.883605 0.648705
vt 0.882690 0.639789
vt 0.884153 0.639769
vt 0.885118 0.648691
vt 0.881097 0.632138
vt 0.882475 0.632113
vt 0.884845 0.639734
vt 0.885844 0.648676
vt 0.883115 0.632061
vt 0.883725 0.659292
vt 0.878941 0.625356
vt 0.880204 0.625326
vt 0.880781 0.625263
vt 0.772464 0.274853
vt 0.776402 0.267920
vt 0.769040 0.282872
vt 0.766230 0.292376
vt 0.764215 0.303748
vt 0.885246 0.659283
vt 0.885982 0.659286
vt 0.853817 0.346114
vt 0.853825 0.331612
vt 0.855170 0.331594
vt 0.855103 0.346107
vt 0.853483 0.317350
vt 0.854879 0.317267
vt 0.856352 0.331581
vt 0.856231 0.346103
vt 0.856112 0.317197
vt 0.880799 0.699168
vt 0.881890 0.685356
vt 0.883308 0.685353
vt 0.882158 0.699167
vt 0.883029 0.671747
vt 0.884510 0.671741
vt 0.884002 0.685371
vt 0.882822 0.699180
vt 0.885233 0.671756
vt 0.763174 0.317104
vt 0.763016 0.331573
vt 0.763223 0.346105
vt 0.450745 0.652606
vt 0.450885 0.656834
vt 0.450266 0.656560
vt 0.450079 0.652416
vt 0.451190 0.660759
vt 0.450649 0.660610
vt 0.449691 0.656459
vt 0.449451 0.652343
vt 0.450140 0.660562
vt 0.450709 0.648217
vt 0.451730 0.664355
vt 0.451296 0.664582
vt 0.450843 0.664653
vt 0.449378 0.648219
vt 0.450027 0.648218
vt 0.451161 0.635674
vt 0.450865 0.639601
vt 0.450246 0.639876
vt 0.450621 0.635825
vt 0.450735 0.643829
vt 0.450069 0.644021
vt 0.449672 0.639979
vt 0.450111 0.635874
vt 0.449441 0.644095
vt 0.454748 0.673876
vt 0.454435 0.675192
vt 0.453333 0.672076
vt 0.453642 0.670986
vt 0.453982 0.675647
vt 0.452908 0.672444
vt 0.452231 0.668463
vt 0.452581 0.667750
vt 0.451808 0.668689
vt 0.450300 0.621087
vt 0.451449 0.620939
vt 0.450601 0.624137
vt 0.449564 0.624260
vt 0.452457 0.620835
vt 0.451517 0.624046
vt 0.449672 0.627872
vt 0.448725 0.627942
vt 0.450516 0.627807
vt 0.876340 0.619155
vt 0.873460 0.613643
vt 0.874433 0.613601
vt 0.877465 0.619119
vt 0.870488 0.609019
vt 0.871303 0.608973
vt 0.874867 0.613529
vt 0.877973 0.619050
vt 0.871664 0.608900
vt 0.790014 0.252369
vt 0.785438 0.256584
vt 0.780802 0.261804
vt 0.837918 0.263589
vt 0.833784 0.258295
vt 0.834383 0.257773
vt 0.838671 0.263046
vt 0.829660 0.253947
vt 0.830118 0.253465
vt 0.834907 0.257302
vt 0.839334 0.262555
vt 0.830517 0.253030
s 0
usemtl lay_figure_material
f 1/1/1 2/2/1 3/3/1 4/4/1
f 2/2/2 5/5/2 6/6/2 3/3/2
f 4/4/3 3/3/3 7/7/3 8/8/3
f 3/3/4 6/6/4 9/9/4 7/7/4
f 10/10/5 11/11/5 1/1/5 12/12/5
f 11/11/6 13/13/6 2/2/6 1/1/6
f 13/13/7 14/14/7 5/5/7 2/2/7
f 14/14/8 15/15/8 16/16/8 5/5/8
f 5/5/9 16/16/9 17/17/9 6/6/9
f 6/6/10 17/17/10 18/18/10 9/9/10
f 9/9/11 18/18/11 19/19/11 20/20/11
f 7/7/12 9/9/12 20/20/12 21/21/12
f 8/8/13 7/7/13 21/21/13 22/22/13
f 23/23/14 8/8/14 22/22/14 24/24/14
f 25/25/15 4/4/15 8/8/15 23/23/15
f 12/12/16 1/1/16 4/4/16 25/25/16
f 26/26/17 27/27/17 28/28/17 29/29/17
f 27/27/18 30/30/18 31/31/18 28/28/18
f 29/29/19 28/28/19 32/32/19 33/33/19
f 28/28/20 31/31/20 34/34/20 32/32/20
f 24/24/21 22/22/21 26/26/21 35/35/21
f 22/22/22 21/21/22 27/27/22 26/26/22
f 21/21/23 20/20/23 30/30/23 27/27/23
f 20/20/24 19/19/24 36/36/24 30/30/24
f 30/30/25 36/36/25 37/37/25 31/31/25
f 31/31/26 37/37/26 38/38/26 34/34/26
f 34/34/27 38/38/27 39/39/27 40/40/27
f 32/32/28 34/34/28 40/40/28 41/41/28
f 33/33/29 32/32/29 41/41/29 42/42/29
f 43/43/30 33/33/30 42/42/30 44/44/30
f 45/45/31 29/29/31 33/33/31 43/43/31
f 35/35/32 26/26/32 29/29/32 45/45/32
f 46/46/33 47/47/33 48/48/33 49/49/33
f 47/47/34 50/50/34 51/51/34 48/48/34
f 49/49/35 48/48/35 52/52/35 53/53/35
f 48/48/36 51/51/36 54/54/36 52/52/36
f 44/44/37 42/42/37 46/46/37 55/55/37
f 42/42/38 41/41/38 47/47/38 46/46/38
f 41/41/39 40/40/39 50/50/39 47/47/39
f 40/40/40 39/39/40 56/56/40 50/50/40
f 50/50/41 56/56/41 57/57/41 51/51/41
f 51/51/42 57/57/42 58/58/42 54/54/42
f 54/54/43 58/58/43 59/59/43 60/60/43
f 52/52/44 54/54/44 60/60/44 61/61/44
f 53/53/45 52/52/45 61/61/45 62/62/45
f 63/63/46 53/53/46 62/62/46 64/64/46
f 65/65/47 49/49/47 53/53/47 63/63/47
f 55/55/48 46/46/48 49/49/48 65/65/48
f 66/66/49 67/67/49 68/68/49 69/69/49
f 67/67/50 70/70/50 71/71/50 68/68/50
f 69/69/51 68/68/51 72/72/51 73/73/51
f 68/68/52 71/71/52 74/74/52 72/72/52
f 64/64/53 62/62/53 66/66/53 75/75/53
f 62/62/54 61/61/54 67/67/54 66/66/54
f 61/61/55 60/60/55 70/70/55 67/67/55
f 60/60/56 59/59/56 76/76/56 70/70/56
f 70/70/57 76/76/57 77/77/57 71/71/57
f 71/71/58 77/77/58 78/78/58 74/74/58
f 74/74/59 78/78/59 79/79/59 80/80/59
f 72/72/60 74/74/60 80/80/60 81/81/60
f 73/73/61 72/72/61 81/81/61 82/82/61
f 83/83/62 73/73/62 82/82/62 84/84/62
f 85/85/63 69/69/63 73/73/63 83/83/63
f 75/75/64 66/66/64 69/69/64 85/85/64
f 86/86/65 87/87/65 88/88/65 89/89/65
f 87/87/66 90/90/66 91/91/66 88/88/66
f 89/89/67 88/88/67 92/92/67 93/93/67
f 88/88/68 91/91/68 94/94/68 92/92/68
f 84/84/69 82/82/69 86/86/69 95/95/69
f 82/82/70 81/81/70 87/87/70 86/86/70
f 81/81/71 80/80/71 90/90/71 87/87/71
f 80/80/72 79/79/72 96/96/72 90/90/72
f 90/90/73 96/96/73 97/97/73 91/91/73
f 91/91/74 97/97/74 98/98/74 94/94/74
f 94/94/75 98/98/75 99/99/75 100/100/75
f 92/92/76 94/94/76 100/100/76 101/101/76
f 93/93/77 92/92/77 101/101/77 102/102/77
f 103/103/78 93/93/78 102/102/78 104/104/78
f 105/105/79 89/89/79 93/93/79 103/103/79
f 95/95/80 86/86/80 89/89/80 105/105/80
f 106/106/81 107/107/81 108/108/81 109/109/81
f 107/107/82 110/110/82 111/111/82 108/108/82
f 109/109/83 108/108/83 112/112/83 113/113/83
f 108/108/84 111/111/84 114/114/84 112/112/84
f 104/104/85 102/102/85 106/106/85 115/115/85
f 102/102/86 101/101/86 107/107/86 106/106/86
f 101/101/87 100/100/87 110/110/87 107/107/87
f 100/100/88 99/99/88 116/116/88 110/110/88
f 110/110/89 116/116/89 117/117/89 111/111/89
f 111/111/90 117/117/90 118/118/90 114/114/90
f 114/114/91 118/118/91 119/119/91 120/120/91
f 112/112/92 114/114/92 120/120/92 121/121/92
f 113/113/93 112/112/93 121/121/93 122/122/93
f 123/123/94 113/113/94 122/122/94 124/124/94
f 125/125/95 109/109/95 113/113/95 123/123/95
f 115/115/96 106/106/96 109/109/96 125/125/96
f 126/126/97 127/127/97 128/128/97 129/129/97
f 127/127/98 130/130/98 131/131/98 128/128/98
f 129/129/99 128/128/99 132/132/99 133/133/99
f 128/128/100 131/131/100 134/134/100 132/132/100
f 124/124/101 122/122/101 126/126/101 135/135/101
f 122/122/102 121/121/102 127/127/102 126/126/102
f 121/121/103 120/120/103 130/130/103 127/127/103
f 120/120/104 119/119/104 136/136/104 130/130/104
f 130/130/105 136/136/105 137/137/105 131/131/105
f 131/131/106 137/137/106 138/138/106 134/134/106
f 134/134/107 138/138/107 139/139/107 140/140/107
f 132/132/108 134/134/108 140/140/108 141/141/108
f 133/133/109 132/132/109 141/141/109 142/142/109
f 143/143/110 133/133/110 142/142/110 144/144/110
f 145/145/111 129/129/111 133/133/111 143/143/111
f 135/135/112 126/126/112 129/129/112 145/145/112
f 146/146/113 147/147/113 148/148/113 149/149/113
f 147/147/114 150/150/114 151/151/114 148/148/114
f 149/149/115 148/148/115 152/152/115 153/153/115
f 148/148/116 151/151/116 154/154/116 152/152/116
f 155/155/117 156/156/117 146/157/117 157/158/117
f 156/156/118 158/159/118 147/160/118 146/157/118
f 158/159/119 159/161/119 150/162/119 147/160/119
f 159/161/120 160/163/120 161/164/120 150/162/120
f 150/150/121 161/165/121 162/166/121 151/151/121
f 151/151/122 162/166/122 163/167/122 154/154/122
f 154/154/123 163/167/123 164/168/123 165/169/123
f 152/152/124 154/154/124 165/169/124 166/170/124
f 153/153/125 152/152/125 166/170/125 167/171/125
f 168/172/126 153/153/126 167/171/126 169/173/126
f 170/174/127 149/149/127 153/153/127 168/172/127
f 157/175/128 146/146/128 149/149/128 170/174/128
f 171/176/129 172/177/129 173/178/129 174/179/129
f 172/177/130 175/180/130 176/181/130 173/178/130
f 174/179/131 173/178/131 177/182/131 178/183/131
f 173/178/132 176/181/132 179/184/132 177/182/132
f 180/185/133 181/186/133 171/176/133 182/187/133
f 181/186/134 183/188/134 172/177/134 171/176/134
f 183/188/135 184/189/135 175/180/135 172/177/135
f 184/189/136 185/190/136 186/191/136 175/180/136
f 175/180/137 186/191/137 187/192/137 176/181/137
f 176/181/138 187/192/138 188/193/138 179/184/138
f 179/184/139 188/193/139 189/194/139 190/195/139
f 177/182/140 179/184/140 190/195/140 191/196/140
f 178/183/141 177/182/141 191/196/141 192/197/141
f 193/198/142 178/183/142 192/197/142 194/199/142
f 195/200/143 174/179/143 178/183/143 193/198/143
f 182/187/144 171/176/144 174/179/144 195/200/144
f 196/201/145 197/202/145 198/203/145 199/204/145
f 197/202/146 200/205/146 201/206/146 198/203/146
f 199/204/147 198/203/147 202/207/147 203/208/147
f 198/203/148 201/206/148 204/209/148 202/207/148
f 194/199/149 192/197/149 196/201/149 205/210/149
f 192/197/150 191/196/150 197/202/150 196/201/150
f 191/196/151 190/195/151 200/205/151 197/202/151
f 190/195/152 189/194/152 206/211/152 200/205/152
f 200/205/153 206/211/153 207/212/153 201/206/153
f 201/206/154 207/212/154 208/213/154 204/209/154
f 204/209/155 208/213/155 209/214/155 210/215/155
f 202/207/156 204/209/156 210/215/156 211/216/156
f 203/208/157 202/207/157 211/216/157 212/217/157
f 213/218/158 203/208/158 212/217/158 214/219/158
f 215/220/159 199/204/159 203/208/159 213/218/159
f 205/210/160 196/201/160 199/204/160 215/220/160
f 216/221/161 217/222/161 218/223/161 219/224/161
f 217/222/162 220/225/162 221/226/162 218/223/162
f 219/224/163 218/223/163 222/227/163 223/228/163
f 218/223/164 221/226/164 224/229/164 222/227/164
f 214/219/165 212/217/165 216/221/165 225/230/165
f 212/217/166 211/216/166 217/222/166 216/221/166
f 211/216/167 210/215/167 220/225/167 217/222/167
f 210/215/168 209/214/168 226/231/168 220/225/168
f 220/225/169 226/231/169 227/232/169 221/226/169
f 221/226/170 227/232/170 228/233/170 224/229/170
f 224/229/171 228/233/171 229/234/171 230/235/171
f 222/227/172 224/229/172 230/235/172 231/236/172
f 223/228/173 222/227/173 231/236/173 232/237/173
f 233/238/174 223/228/174 232/237/174 234/239/174
f 235/240/175 219/224/175 223/228/175 233/238/175
f 225/230/176 216/221/176 219/224/176 235/240/176
f 236/241/177 237/242/177 238/243/177 239/244/177
f 237/242/178 240/245/178 241/246/178 238/243/178
f 239/244/179 238/243/179 242/247/179 243/248/179
f 238/243/180 241/246/180 244/249/180 242/247/180
f 234/239/181 232/237/181 236/241/181 245/250/181
f 232/237/182 231/236/182 237/242/182 236/241/182
f 231/236/183 230/235/183 240/245/183 237/242/183
f 230/235/184 229/234/184 246/251/184 240/245/184
f 240/245/185 246/251/185 247/252/185 241/246/185
f 241/246/186 247/252/186 248/253/186 244/249/186
f 244/249/187 248/253/187 249/254/187 250/255/187
f 242/247/188 244/249/188 250/255/188 251/256/188
f 243/248/189 242/247/189 251/256/189 252/257/189
f 253/258/190 243/248/190 252/257/190 254/259/190
f 255/260/191 239/244/191 243/248/191 253/258/191
f 245/250/192 236/241/192 239/244/192 255/260/192
f 256/261/193 257/262/193 258/263/193 259/264/193
f 257/262/194 260/265/194 261/266/194 258/263/194
f 259/264/195 258/263/195 262/267/195 263/268/195
f 258/263/196 261/266/196 264/269/196 262/267/196
f 254/259/197 252/257/197 256/261/197 265/270/197
f 252/257/198 251/256/198 257/262/198 256/261/198
f 251/256/199 250/255/199 260/265/199 257/262/199
f 250/255/200 249/254/200 266/271/200 260/265/200
f 260/265/201 266/271/201 267/272/201 261/266/201
f 261/266/202 267/272/202 268/273/202 264/269/202
f 264/269/203 268/273/203 269/274/203 270/275/203
f 262/267/204 264/269/204 270/275/204 271/276/204
f 263/268/205 262/267/205 271/276/205 272/277/205
f 273/278/206 263/268/206 272/277/206 274/279/206
f 275/280/207 259/264/207 263/268/207 273/278/207
f 265/270/208 256/261/208 259/264/208 275/280/208
f 276/281/209 277/282/209 278/283/209 279/284/209
f 277/282/210 280/285/210 281/286/210 278/283/210
f 279/284/211 278/283/211 282/287/211 283/288/211
f 278/283/212 281/286/212 284/289/212 282/287/212
f 274/279/213 272/277/213 276/281/213 285/290/213
f 272/277/214 271/276/214 277/282/214 276/281/214
f 271/276/215 270/275/215 280/285/215 277/282/215
f 270/275/216 269/274/216 286/291/216 280/285/216
f 280/285/217 286/291/217 287/292/217 281/286/217
f 281/286/218 287/292/218 288/293/218 284/289/218
f 284/289/219 288/293/219 289/294/219 290/295/219
f 282/287/220 284/289/220 290/295/220 291/296/220
f 283/288/221 282/287/221 291/296/221 292/297/221
f 293/298/222 283/288/222 292/297/222 294/299/222
f 295/300/223 279/284/223 283/288/223 293/298/223
f 285/290/224 276/281/224 279/284/224 295/300/224
f 296/301/225 297/302/225 298/303/225 299/304/225
f 297/302/226 300/305/226 301/306/226 298/303/226
f 299/304/227 298/303/227 302/307/227 303/308/227
f 298/303/228 301/306/228 304/309/228 302/307/228
f 294/299/229 292/297/229 296/301/229 305/310/229
f 292/297/230 291/296/230 297/302/230 296/301/230
f 291/296/231 290/295/231 300/305/231 297/302/231
f 290/295/232 289/294/232 306/311/232 300/305/232
f 300/305/233 306/311/233 307/312/233 301/306/233
f 301/306/234 307/312/234 308/313/234 304/309/234
f 304/309/235 308/313/235 309/314/235 310/315/235
f 302/307/236 304/309/236 310/315/236 311/316/236
f 303/308/237 302/307/237 311/316/237 312/317/237
f 313/318/238 303/308/238 312/317/238 314/319/238
f 315/320/239 299/304/239 303/308/239 313/318/239
f 305/310/240 296/301/240 299/304/240 315/320/240
f 316/321/241 317/322/241 318/323/241 319/324/241
f 317/322/242 320/325/242 321/326/242 318/323/242
f 319/324/243 318/323/243 322/327/243 323/328/243
f 318/323/244 321/326/244 324/329/244 322/327/244
f 314/319/245 312/317/245 316/321/245 325/330/245
f 312/317/246 311/316/246 317/322/246 316/321/246
f 311/316/247 310/315/247 320/325/247 317/322/247
f 310/315/248 309/314/248 326/331/248 320/325/248
f 320/325/249 326/331/249 327/332/249 321/326/249
f 321/326/250 327/332/250 328/333/250 324/329/250
f 324/329/251 328/333/251 15/15/251 14/14/251
f 322/327/252 324/329/252 14/14/252 13/13/252
f 323/328/253 322/327/253 13/13/253 11/11/253
f 329/334/254 323/328/254 11/11/254 10/10/254
f 330/335/255 319/324/255 323/328/255 329/334/255
f 325/330/256 316/321/256 319/324/256 330/335/256
f 331/336/257 332/337/257 333/338/257 334/339/257
f 332/337/258 335/340/258 336/341/258 333/338/258
f 334/339/259 333/338/259 337/342/259 338/343/259
f 333/338/260 336/341/260 339/344/260 337/342/260
f 340/345/261 341/346/261 331/336/261 342/347/261
f 341/346/262 343/348/262 332/337/262 331/336/262
f 343/348/263 344/349/263 335/340/263 332/337/263
f 344/349/264 345/350/264 346/351/264 335/340/264
f 335/340/265 346/351/265 347/352/265 336/341/265
f 336/341/266 347/352/266 348/353/266 339/344/266
f 339/344/267 348/353/267 349/354/267 350/355/267
f 337/342/268 339/344/268 350/355/268 351/356/268
f 338/343/269 337/342/269 351/356/269 352/357/269
f 353/358/270 338/343/270 352/357/270 354/359/270
f 355/360/271 334/339/271 338/343/271 353/358/271
f 342/347/272 331/336/272 334/339/272 355/360/272
f 356/361/273 357/362/273 358/363/273 359/364/273
f 357/362/274 360/365/274 361/366/274 358/363/274
f 359/364/275 358/363/275 362/367/275 363/368/275
f 358/363/276 361/366/276 364/369/276 362/367/276
f 365/370/277 366/371/277 356/361/277 367/372/277
f 366/371/278 368/373/278 357/362/278 356/361/278
f 368/373/279 369/374/279 360/365/279 357/362/279
f 369/374/280 370/375/280 371/376/280 360/365/280
f 360/365/281 371/376/281 372/377/281 361/366/281
f 361/366/282 372/377/282 373/378/282 364/369/282
f 364/369/283 373/378/283 374/379/283 375/380/283
f 362/367/284 364/369/284 375/380/284 376/381/284
f 363/368/285 362/367/285 376/381/285 377/382/285
f 378/383/286 363/368/286 377/382/286 379/384/286
f 380/385/287 359/364/287 363/368/287 378/383/287
f 367/372/288 356/361/288 359/364/288 380/385/288
f 381/386/289 382/387/289 383/388/289 384/389/289
f 382/387/290 385/390/290 386/391/290 383/388/290
f 384/389/291 383/388/291 387/392/291 388/393/291
f 383/388/292 386/391/292 389/394/292 387/392/292
f 390/395/293 391/396/293 381/386/293 392/397/293
f 391/396/294 393/398/294 382/387/294 381/386/294
f 393/398/295 394/399/295 385/390/295 382/387/295
f 394/399/296 395/400/296 396/401/296 385/390/296
f 385/390/297 396/401/297 397/402/297 386/391/297
f 386/391/298 397/402/298 398/403/298 389/394/298
f 389/394/299 398/403/299 399/404/299 400/405/299
f 387/392/300 389/394/300 400/405/300 401/406/300
f 388/393/301 387/392/301 401/406/301 402/407/301
f 403/408/302 388/393/302 402/407/302 404/409/302
f 405/410/303 384/389/303 388/393/303 403/408/303
f 392/397/304 381/386/304 384/389/304 405/410/304
f 406/411/305 407/412/305 408/413/305 409/414/305
f 407/412/306 410/415/306 411/416/306 408/413/306
f 409/414/307 408/413/307 412/417/307 413/418/307
f 408/413/308 411/416/308 414/419/308 412/417/308
f 415/420/309 416/421/309 406/411/309 417/422/309
f 416/421/310 418/423/310 407/412/310 406/411/310
f 418/423/311 419/424/311 410/415/311 407/412/311
f 419/424/312 420/425/312 421/426/312 410/415/312
f 410/415/313 421/426/313 422/427/313 411/416/313
f 411/416/314 422/427/314 423/428/314 414/419/314
f 414/419/315 423/428/315 424/429/315 425/430/315
f 412/417/316 414/419/316 425/430/316 426/431/316
f 413/418/317 412/417/317 426/431/317 427/432/317
f 428/433/318 413/418/318 427/432/318 429/434/318
f 430/435/319 409/414/319 413/418/319 428/433/319
f 417/422/320 406/411/320 409/414/320 430/435/320
f 431/436/321 432/437/321 433/438/321 434/439/321
f 432/437/322 435/440/322 436/441/322 433/438/322
f 434/439/323 433/438/323 437/442/323 438/443/323
f 433/438/324 436/441/324 439/444/324 437/442/324
f 440/445/325 441/446/325 431/436/325 442/447/325
f 441/446/326 443/448/326 432/437/326 431/436/326
f 443/448/327 444/449/327 435/440/327 432/437/327
f 444/449/328 445/450/328 446/451/328 435/440/328
f 435/440/329 446/451/329 447/452/329 436/441/329
f 436/441/330 447/452/330 448/453/330 439/444/330
f 439/444/331 448/453/331 449/454/331 450/455/331
f 437/442/332 439/444/332 450/455/332 451/456/332
f 438/443/333 437/442/333 451/456/333 452/457/333
f 453/458/334 438/443/334 452/457/334 454/459/334
f 455/460/335 434/439/335 438/443/335 453/458/335
f 442/447/336 431/436/336 434/439/336 455/460/336
f 456/461/337 457/462/337 458/463/337 459/464/337
f 457/462/338 460/465/338 461/466/338 458/463/338
f 459/464/339 458/463/339 462/467/339 463/468/339
f 458/463/340 461/466/340 464/469/340 462/467/340
f 465/470/341 466/471/341 456/461/341 467/472/341
f 466/471/342 468/473/342 457/462/342 456/461/342
f 468/473/343 469/474/343 460/465/343 457/462/343
f 469/474/344 470/475/344 471/476/344 460/465/344
f 460/465/345 471/476/345 472/477/345 461/466/345
f 461/466/346 472/477/346 473/478/346 464/469/346
f 464/469/347 473/478/347 474/479/347 475/480/347
f 462/467/348 464/469/348 475/480/348 476/481/348
f 463/468/349 462/467/349 476/481/349 477/482/349
f 478/483/350 463/468/350 477/482/350 479/484/350
f 480/485/351 459/464/351 463/468/351 478/483/351
f 467/472/352 456/461/352 459/464/352 480/485/352
f 481/486/353 482/487/353 483/488/353 484/489/353
f 482/487/354 485/490/354 486/491/354 483/488/354
f 484/489/355 483/488/355 487/492/355 488/493/355
f 483/488/356 486/491/356 489/494/356 487/492/356
f 490/495/357 491/496/357 481/486/357 492/497/357
f 491/496/358 493/498/358 482/487/358 481/486/358
f 493/498/359 494/499/359 485/490/359 482/487/359
f 494/499/360 495/500/360 496/501/360 485/490/360
f 485/490/361 496/501/361 497/502/361 486/491/361
f 486/491/362 497/502/362 498/503/362 489/494/362
f 489/494/363 498/503/363 499/504/363 500/505/363
f 487/492/364 489/494/364 500/505/364 501/506/364
f 488/493/365 487/492/365 501/506/365 502/507/365
f 503/508/366 488/493/366 502/507/366 504/509/366
f 505/510/367 484/489/367 488/493/367 503/508/367
f 492/497/368 481/486/368 484/489/368 505/510/368
f 506/511/369 507/512/369 508/513/369 509/514/369
f 507/512/370 510/515/370 511/516/370 508/513/370
f 509/514/371 508/513/371 512/517/371 513/518/371
f 508/513/372 511/516/372 514/519/372 512/517/372
f 515/520/373 516/521/373 506/511/373 517/522/373
f 516/521/374 518/523/374 507/512/374 506/511/374
f 518/523/375 519/524/375 510/515/375 507/512/375
f 519/524/376 520/525/376 521/526/376 510/515/376
f 510/515/377 521/526/377 522/527/377 511/516/377
f 511/516/378 522/527/378 523/528/378 514/519/378
f 514/519/379 523/528/379 524/529/379 525/530/379
f 512/517/380 514/519/380 525/530/380 526/531/380
f 513/518/381 512/517/381 526/531/381 527/532/381
f 528/533/382 513/518/382 527/532/382 529/534/382
f 530/535/383 509/514/383 513/518/383 528/533/383
f 517/522/384 506/511/384 509/514/384 530/535/384
f 531/536/385 532/537/385 533/538/385 534/539/385
f 532/537/386 535/540/386 536/541/386 533/538/386
f 534/539/387 533/538/387 537/542/387 538/543/387
f 533/538/388 536/541/388 539/544/388 537/542/388
f 540/545/389 541/546/389 531/536/389 542/547/389
f 541/546/390 543/548/390 532/537/390 531/536/390
f 543/548/391 544/549/391 535/540/391 532/537/391
f 544/549/392 545/550/392 546/551/392 535/540/392
f 535/540/393 546/551/393 547/552/393 536/541/393
f 536/541/394 547/552/394 548/553/394 539/544/394
f 539/544/395 548/553/395 549/554/395 550/555/395
f 537/542/396 539/544/396 550/555/396 551/556/396
f 538/543/397 537/542/397 551/556/397 552/557/397
f 553/558/398 538/543/398 552/557/398 554/559/398
f 555/560/399 534/539/399 538/543/399 553/558/399
f 542/547/400 531/536/400 534/539/400 555/560/400
f 556/561/401 557/562/401 558/563/401 559/564/401
f 557/562/402 560/565/402 561/566/402 558/563/402
f 559/564/403 558/563/403 562/567/403 563/568/403
f 558/563/404 561/566/404 564/569/404 562/567/404
f 370/375/405 565/570/405 556/561/405 371/376/405
f 565/570/406 566/571/406 557/562/406 556/561/406
f 566/571/407 567/572/407 560/565/407 557/562/407
f 567/572/408 568/573/408 569/574/408 560/565/408
f 560/565/409 569/574/409 570/575/409 561/566/409
f 561/566/410 570/575/410 571/576/410 564/569/410
f 564/569/411 571/576/411 572/577/411 573/578/411
f 562/567/412 564/569/412 573/578/412 574/579/412
f 563/568/413 562/567/413 574/579/413 575/580/413
f 373/378/414 563/568/414 575/580/414 374/379/414
f 372/377/415 559/564/415 563/568/415 373/378/415
f 371/376/416 556/561/416 559/564/416 372/377/416
f 576/581/417 577/582/417 578/583/417 579/584/417
f 577/582/418 580/585/418 581/586/418 578/583/418
f 579/584/419 578/583/419 582/587/419 583/588/419
f 578/583/420 581/586/420 584/589/420 582/587/420
f 420/425/421 585/590/421 576/581/421 421/426/421
f 585/590/422 586/591/422 577/582/422 576/581/422
f 586/591/423 587/592/423 580/585/423 577/582/423
f 587/592/424 588/593/424 589/594/424 580/585/424
f 580/585/425 589/594/425 590/595/425 581/586/425
f 581/586/426 590/595/426 591/596/426 584/589/426
f 584/589/427 591/596/427 592/597/427 593/598/427
f 582/587/428 584/589/428 593/598/428 594/599/428
f 583/588/429 582/587/429 594/599/429 595/600/429
f 423/428/430 583/588/430 595/600/430 424/429/430
f 422/427/431 579/584/431 583/588/431 423/428/431
f 421/426/432 576/581/432 579/584/432 422/427/432
f 596/601/433 597/602/433 598/603/433 599/604/433
f 597/602/434 600/605/434 601/606/434 598/603/434
f 599/604/435 598/603/435 602/607/435 603/608/435
f 598/603/436 601/606/436 604/609/436 602/607/436
f 445/450/437 605/610/437 596/601/437 446/451/437
f 605/610/438 606/611/438 597/602/438 596/601/438
f 606/611/439 607/612/439 600/605/439 597/602/439
f 607/612/440 365/370/440 367/372/440 600/605/440
f 600/605/441 367/372/441 380/385/441 601/606/441
f 601/606/442 380/385/442 378/383/442 604/609/442
f 604/609/443 378/383/443 379/384/443 608/613/443
f 602/607/444 604/609/444 608/613/444 609/614/444
f 603/608/445 602/607/445 609/614/445 610/615/445
f 448/453/446 603/608/446 610/615/446 449/454/446
f 447/452/447 599/604/447 603/608/447 448/453/447
f 446/451/448 596/601/448 599/604/448 447/452/448
f 611/616/449 612/617/449 613/618/449 614/619/449
f 612/617/450 615/620/450 616/621/450 613/618/450
f 614/619/451 613/618/451 617/622/451 618/623/451
f 613/618/452 616/621/452 619/624/452 617/622/452
f 470/475/453 620/625/453 611/616/453 471/476/453
f 620/625/454 621/626/454 612/617/454 611/616/454
f 621/626/455 622/627/455 615/620/455 612/617/455
f 622/627/456 540/545/456 542/547/456 615/620/456
f 615/620/457 542/547/457 555/560/457 616/621/457
f 616/621/458 555/560/458 553/558/458 619/624/458
f 619/624/459 553/558/459 554/559/459 623/628/459
f 617/622/460 619/624/460 623/628/460 624/629/460
f 618/623/461 617/622/461 624/629/461 625/630/461
f 473/478/462 618/623/462 625/630/462 474/479/462
f 472/477/346 614/619/346 618/623/346 473/478/346
f 471/476/463 611/616/463 614/619/463 472/477/463
f 626/631/464 627/632/464 628/633/464 629/634/464
f 627/632/465 630/635/465 631/636/465 628/633/465
f 629/634/466 628/633/466 632/637/466 633/638/466
f 628/633/467 631/636/467 634/639/467 632/637/467
f 495/500/468 635/640/468 626/631/468 496/501/468
f 635/640/469 636/641/469 627/632/469 626/631/469
f 636/641/470 637/642/470 630/635/470 627/632/470
f 637/642/471 415/420/471 417/422/471 630/635/471
f 630/635/472 417/422/472 430/435/472 631/636/472
f 631/636/473 430/435/473 428/433/473 634/639/473
f 634/639/474 428/433/474 429/434/474 638/643/474
f 632/637/475 634/639/475 638/643/475 639/644/475
f 633/638/476 632/637/476 639/644/476 640/645/476
f 498/503/477 633/638/477 640/645/477 499/504/477
f 497/502/478 629/634/478 633/638/478 498/503/478
f 496/501/479 626/631/479 629/634/479 497/502/479
f 641/646/480 642/647/480 643/648/480 644/649/480
f 642/647/481 645/650/481 646/651/481 643/648/481
f 644/649/482 643/648/482 647/652/482 648/653/482
f 643/648/483 646/651/483 649/654/483 647/652/483
f 650/655/484 651/656/484 641/646/484 652/657/484
f 651/656/485 653/658/485 642/647/485 641/646/485
f 653/658/486 654/659/486 645/650/486 642/647/486
f 654/659/487 440/445/487 442/447/487 645/650/487
f 645/650/488 442/447/488 455/460/488 646/651/488
f 646/651/489 455/460/489 453/458/489 649/654/489
f 649/654/490 453/458/490 454/459/490 655/660/490
f 647/652/491 649/654/491 655/660/491 656/661/491
f 648/653/491 647/652/491 656/661/491 657/662/491
f 658/663/491 648/653/491 657/662/491 659/664/491
f 660/665/492 644/649/492 648/653/492 658/663/492
f 652/657/493 641/646/493 644/649/493 660/665/493
f 661/666/494 662/667/494 663/668/494 664/669/494
f 662/667/495 665/670/495 666/671/495 663/668/495
f 664/669/496 663/668/496 667/672/496 668/673/496
f 663/668/497 666/671/497 669/674/497 667/672/497
f 568/573/498 670/675/498 661/666/498 569/574/498
f 670/675/499 671/676/499 662/667/499 661/666/499
f 671/676/500 672/677/500 665/670/500 662/667/500
f 672/677/501 465/470/501 467/472/501 665/670/501
f 665/670/502 467/472/502 480/485/502 666/671/502
f 666/671/503 480/485/503 478/483/503 669/674/503
f 669/674/504 478/483/504 479/484/504 673/678/504
f 667/672/505 669/674/505 673/678/505 674/679/505
f 668/673/506 667/672/506 674/679/506 675/680/506
f 571/576/507 668/673/507 675/680/507 572/577/507
f 570/575/508 664/669/508 668/673/508 571/576/508
f 569/574/509 661/666/509 664/669/509 570/575/509
f 676/681/510 677/682/510 678/683/510 679/684/510
f 677/682/511 680/685/511 681/686/511 678/683/511
f 679/684/512 678/683/512 682/687/512 683/688/512
f 678/683/513 681/686/513 684/689/513 682/687/513
f 545/550/514 685/690/514 676/681/514 546/551/514
f 685/690/515 686/691/515 677/682/515 676/681/515
f 686/691/516 687/692/516 680/685/516 677/682/516
f 687/692/517 490/495/517 492/497/517 680/685/517
f 680/685/518 492/497/518 505/510/518 681/686/518
f 681/686/519 505/510/519 503/508/519 684/689/519
f 684/689/520 503/508/520 504/509/520 688/693/520
f 682/687/521 684/689/521 688/693/521 689/694/521
f 683/688/522 682/687/522 689/694/522 690/695/522
f 548/553/523 683/688/523 690/695/523 549/554/523
f 547/552/394 679/684/394 683/688/394 548/553/394
f 546/551/524 676/681/524 679/684/524 547/552/524
f 691/696/525 692/697/525 693/698/525 694/699/525
f 692/697/526 695/700/526 696/701/526 693/698/526
f 694/699/527 693/698/527 697/702/527 698/703/527
f 693/698/528 696/701/528 699/704/528 697/702/528
f 588/593/529 700/705/529 691/696/529 589/594/529
f 700/705/530 701/706/530 692/697/530 691/696/530
f 701/706/531 702/707/531 695/700/531 692/697/531
f 702/707/532 703/708/532 704/709/532 695/700/532
f 695/700/533 704/709/533 705/710/533 696/701/533
f 696/701/534 705/710/534 706/711/534 699/704/534
f 699/704/535 706/711/535 707/712/535 708/713/535
f 697/702/536 699/704/536 708/713/536 709/714/536
f 698/703/537 697/702/537 709/714/537 710/715/537
f 591/596/538 698/703/538 710/715/538 592/597/538
f 590/595/539 694/699/539 698/703/539 591/596/539
f 589/594/540 691/696/540 694/699/540 590/595/540
f 711/716/541 712/717/541 713/718/541 714/719/541
f 712/717/541 715/720/541 716/721/541 713/718/541
f 714/719/541 713/718/541 717/722/541 718/723/541
f 713/718/541 716/721/541 719/724/541 717/722/541
f 572/577/541 675/680/541 711/716/541 720/725/541
f 675/680/541 674/679/541 712/717/541 711/716/541
f 674/679/541 673/678/541 715/720/541 712/717/541
f 673/678/541 479/484/541 477/482/541 715/720/541
f 715/720/541 477/482/541 476/481/541 716/721/541
f 716/721/541 476/481/541 475/480/541 719/724/541
f 719/724/541 475/480/541 474/479/541 721/726/541
f 717/722/541 719/724/541 721/726/541 722/727/541
f 718/723/541 717/722/541 722/727/541 723/728/541
f 724/729/541 718/723/541 723/728/541 725/730/541
f 726/731/541 714/719/541 718/723/541 724/729/541
f 720/725/541 711/716/541 714/719/541 726/731/541
f 727/732/541 728/733/541 729/734/541 730/735/541
f 728/733/541 731/736/541 732/737/541 729/734/541
f 730/735/541 729/734/541 733/738/541 734/739/541
f 729/734/541 732/737/541 735/740/541 733/738/541
f 529/534/541 736/741/541 727/732/541 737/742/541
f 736/741/541 738/743/541 728/733/541 727/732/541
f 738/743/541 739/744/541 731/736/541 728/733/541
f 739/744/541 740/745/541 741/746/541 731/736/541
f 731/736/541 741/746/541 742/747/541 732/737/541
f 732/737/541 742/747/541 743/748/541 735/740/541
f 735/740/541 743/748/541 725/730/541 744/749/541
f 733/738/541 735/740/541 744/749/541 745/750/541
f 734/739/541 733/738/541 745/750/541 746/751/541
f 747/752/541 734/739/541 746/751/541 707/712/541
f 748/753/541 730/735/541 734/739/541 747/752/541
f 737/742/541 727/732/541 730/735/541 748/753/541
f 749/754/541 750/755/541 751/756/541 752/757/541
f 750/755/541 753/758/541 754/759/541 751/756/541
f 752/757/541 751/756/541 755/760/541 756/761/541
f 751/756/541 754/759/541 757/762/541 755/760/541
f 474/479/541 625/630/541 749/754/541 721/726/541
f 625/630/541 624/629/541 750/755/541 749/754/541
f 624/629/541 623/628/541 753/758/541 750/755/541
f 623/628/541 554/559/541 552/557/541 753/758/541
f 753/758/541 552/557/541 551/556/541 754/759/541
f 754/759/541 551/556/541 550/555/541 757/762/541
f 757/762/541 550/555/541 549/554/541 758/763/541
f 755/760/541 757/762/541 758/763/541 759/764/541
f 756/761/541 755/760/541 759/764/541 760/765/541
f 723/728/541 756/761/541 760/765/541 725/730/541
f 722/727/541 752/757/541 756/761/541 723/728/541
f 721/726/541 749/754/541 752/757/541 722/727/541
f 761/766/541 762/767/541 763/768/541 764/769/541
f 762/767/541 765/770/541 766/771/541 763/768/541
f 764/769/541 763/768/541 767/772/541 768/773/541
f 763/768/541 766/771/541 769/774/541 767/772/541
f 740/745/541 770/775/541 761/766/541 741/746/541
f 770/775/541 771/776/541 762/767/541 761/766/541
f 771/776/541 772/777/541 765/770/541 762/767/541
f 772/777/541 659/664/541 657/662/541 765/770/541
f 765/770/541 657/662/541 656/661/541 766/771/541
f 766/771/541 656/661/541 655/660/541 769/774/541
f 769/774/541 655/660/541 454/459/541 773/778/541
f 767/772/541 769/774/541 773/778/541 774/779/541
f 768/773/541 767/772/541 774/779/541 775/780/541
f 743/748/541 768/773/541 775/780/541 725/730/541
f 742/747/541 764/769/541 768/773/541 743/748/541
f 741/746/541 761/766/541 764/769/541 742/747/541
f 776/781/541 777/782/541 778/783/541 779/784/541
f 777/782/541 780/785/541 781/786/541 778/783/541
f 779/784/541 778/783/541 782/787/541 783/788/541
f 778/783/541 781/786/541 784/789/541 782/787/541
f 504/509/541 502/507/541 776/781/541 688/693/541
f 502/507/541 501/506/541 777/782/541 776/781/541
f 501/506/541 500/505/541 780/785/541 777/782/541
f 500/505/541 499/504/541 785/790/541 780/785/541
f 780/785/541 785/790/541 786/791/541 781/786/541
f 781/786/541 786/791/541 787/792/541 784/789/541
f 784/789/541 787/792/541 725/730/541 760/765/541
f 782/787/541 784/789/541 760/765/541 759/764/541
f 783/788/541 782/787/541 759/764/541 758/763/541
f 690/695/541 783/788/541 758/763/541 549/554/541
f 689/694/541 779/784/541 783/788/541 690/695/541
f 688/693/541 776/781/541 779/784/541 689/694/541
f 788/793/541 789/794/541 790/795/541 791/796/541
f 789/794/541 792/797/541 793/798/541 790/795/541
f 791/796/541 790/795/541 794/799/541 795/800/541
f 790/795/541 793/798/541 796/801/541 794/799/541
f 449/454/541 610/615/541 788/793/541 450/455/541
f 610/615/541 609/614/541 789/794/541 788/793/541
f 609/614/541 608/613/541 792/797/541 789/794/541
f 608/613/541 379/384/541 797/802/541 792/797/541
f 792/797/541 797/802/541 798/803/541 793/798/541
f 793/798/541 798/803/541 799/804/541 796/801/541
f 796/801/541 799/804/541 725/730/541 775/780/541
f 794/799/541 796/801/541 775/780/541 774/779/541
f 795/800/541 794/799/541 774/779/541 773/778/541
f 452/457/541 795/800/541 773/778/541 454/459/541
f 451/456/541 791/796/541 795/800/541 452/457/541
f 450/455/541 788/793/541 791/796/541 451/456/541
f 800/805/541 801/806/541 802/807/541 803/808/541
f 801/806/541 804/809/541 805/810/541 802/807/541
f 803/808/541 802/807/541 806/811/541 807/812/541
f 802/807/541 805/810/541 808/813/541 806/811/541
f 429/434/541 427/432/541 800/805/541 638/643/541
f 427/432/541 426/431/541 801/806/541 800/805/541
f 426/431/541 425/430/541 804/809/541 801/806/541
f 425/430/541 424/429/541 809/814/541 804/809/541
f 804/809/541 809/814/541 810/815/541 805/810/541
f 805/810/541 810/815/541 811/816/541 808/813/541
f 808/813/541 811/816/541 725/730/541 787/792/541
f 806/811/541 808/813/541 787/792/541 786/791/541
f 807/812/541 806/811/541 786/791/541 785/790/541
f 640/645/541 807/812/541 785/790/541 499/504/541
f 639/644/541 803/808/541 807/812/541 640/645/541
f 638/643/541 800/805/541 803/808/541 639/644/541
f 812/817/541 813/818/541 814/819/541 815/820/541
f 813/818/541 816/821/541 817/822/541 814/819/541
f 815/820/541 814/819/541 818/823/541 819/824/541
f 814/819/541 817/822/541 820/825/541 818/823/541
f 374/379/541 575/580/541 812/817/541 375/380/541
f 575/580/541 574/579/541 813/818/541 812/817/541
f 574/579/541 573/578/541 816/821/541 813/818/541
f 573/578/541 572/577/541 720/725/541 816/821/541
f 816/821/541 720/725/541 726/731/541 817/822/541
f 817/822/541 726/731/541 724/729/541 820/825/541
f 820/825/541 724/729/541 725/730/541 799/804/541
f 818/823/541 820/825/541 799/804/541 798/803/541
f 819/824/541 818/823/541 798/803/541 797/802/541
f 377/382/541 819/824/541 797/802/541 379/384/541
f 376/381/541 815/820/541 819/824/541 377/382/541
f 375/380/541 812/817/541 815/820/541 376/381/541
f 821/826/542 822/827/542 823/828/542 824/829/542
f 822/827/543 825/830/543 826/831/543 823/828/543
f 824/829/544 823/828/544 827/832/544 828/833/544
f 823/828/545 826/831/545 829/834/545 827/832/545
f 520/525/546 830/835/546 821/826/546 521/526/546
f 830/835/547 831/836/547 822/827/547 821/826/547
f 831/836/548 832/837/548 825/830/548 822/827/548
f 832/837/549 390/395/549 392/397/549 825/830/549
f 825/830/304 392/397/304 405/410/304 826/831/304
f 826/831/303 405/410/303 403/408/303 829/834/303
f 829/834/302 403/408/302 404/409/302 833/838/302
f 827/832/550 829/834/550 833/838/550 834/839/550
f 828/833/551 827/832/551 834/839/551 835/840/551
f 523/528/552 828/833/552 835/840/552 524/529/552
f 522/527/553 824/829/553 828/833/553 523/528/553
f 521/526/554 821/826/554 824/829/554 522/527/554
f 836/841/555 837/842/555 838/843/555 839/844/555
f 837/842/556 840/845/556 841/846/556 838/843/556
f 839/844/557 838/843/557 842/847/557 843/848/557
f 838/843/558 841/846/558 844/849/558 842/847/558
f 169/173/559 167/171/559 836/841/559 845/850/559
f 167/171/560 166/170/560 837/842/560 836/841/560
f 166/170/561 165/169/561 840/845/561 837/842/561
f 165/169/562 164/168/562 846/851/562 840/845/562
f 840/845/563 846/851/563 847/852/563 841/846/563
f 841/846/564 847/852/564 848/853/564 844/849/564
f 844/849/565 848/853/565 345/350/565 344/349/565
f 842/847/566 844/849/566 344/349/566 343/348/566
f 843/848/567 842/847/567 343/348/567 341/346/567
f 849/854/568 843/848/568 341/346/568 340/345/568
f 850/855/569 839/844/569 843/848/569 849/854/569
f 845/850/570 836/841/570 839/844/570 850/855/570
f 851/856/541 852/857/541 853/858/541 854/859/541
f 852/857/541 855/860/541 856/861/541 853/858/541
f 854/859/541 853/858/541 857/862/541 858/863/541
f 853/858/541 856/861/541 859/864/541 857/862/541
f 424/429/541 595/600/541 851/856/541 809/814/541
f 595/600/541 594/599/541 852/857/541 851/856/541
f 594/599/541 593/598/541 855/860/541 852/857/541
f 593/598/541 592/597/541 710/715/541 855/860/541
f 855/860/541 710/715/541 709/714/541 856/861/541
f 856/861/541 709/714/541 708/713/541 859/864/541
f 859/864/541 708/713/541 707/712/541 746/751/541
f 857/862/541 859/864/541 746/751/541 745/750/541
f 858/863/541 857/862/541 745/750/541 744/749/541
f 811/816/541 858/863/541 744/749/541 725/730/541
f 810/815/541 854/859/541 858/863/541 811/816/541
f 809/814/541 851/856/541 854/859/541 810/815/541
f 860/865/571 861/866/571 862/867/571 863/868/571
f 861/866/572 864/869/572 865/870/572 862/867/572
f 863/868/573 862/867/573 866/871/573 867/872/573
f 862/867/574 865/870/574 868/873/574 866/871/574
f 869/874/575 870/875/575 860/865/575 871/876/575
f 870/875/576 872/877/576 861/866/576 860/865/576
f 872/877/577 873/878/577 864/869/577 861/866/577
f 873/878/578 874/879/578 875/880/578 864/869/578
f 864/869/579 875/880/579 876/881/579 865/870/579
f 865/870/580 876/881/580 877/882/580 868/873/580
f 868/873/581 877/882/581 878/883/581 879/884/581
f 866/871/582 868/873/582 879/884/582 880/885/582
f 867/872/583 866/871/583 880/885/583 881/886/583
f 882/887/584 867/872/584 881/886/584 883/888/584
f 884/889/585 863/868/585 867/872/585 882/887/585
f 871/876/586 860/865/586 863/868/586 884/889/586
f 885/890/587 886/891/587 887/892/587 888/893/587
f 886/891/588 889/894/588 890/895/588 887/892/588
f 888/893/589 887/892/589 891/896/589 892/897/589
f 887/892/590 890/895/590 893/898/590 891/896/590
f 883/888/591 881/886/591 885/890/591 894/899/591
f 881/886/592 880/885/592 886/891/592 885/890/592
f 880/885/593 879/884/593 889/894/593 886/891/593
f 879/884/594 878/883/594 895/900/594 889/894/594
f 889/894/595 895/900/595 896/901/595 890/895/595
f 890/895/596 896/901/596 897/902/596 893/898/596
f 893/898/597 897/902/597 898/903/597 899/904/597
f 891/896/598 893/898/598 899/904/598 900/905/598
f 892/897/599 891/896/599 900/905/599 901/906/599
f 902/907/600 892/897/600 901/906/600 903/908/600
f 904/909/601 888/893/601 892/897/601 902/907/601
f 894/899/602 885/890/602 888/893/602 904/909/602
f 905/910/603 906/911/603 907/912/603 908/913/603
f 906/911/604 909/914/604 910/915/604 907/912/604
f 908/913/605 907/912/605 911/916/605 912/917/605
f 907/912/606 910/915/606 913/918/606 911/916/606
f 914/919/607 915/920/607 905/910/607 916/921/607
f 915/920/608 917/922/608 906/911/608 905/910/608
f 917/922/609 918/923/609 909/914/609 906/911/609
f 918/923/610 919/924/610 920/925/610 909/914/610
f 909/914/611 920/925/611 921/926/611 910/915/611
f 910/915/612 921/926/612 922/927/612 913/918/612
f 913/918/613 922/927/613 923/928/613 924/929/613
f 911/916/614 913/918/614 924/929/614 925/930/614
f 912/917/615 911/916/615 925/930/615 926/931/615
f 927/932/616 912/917/616 926/931/616 928/933/616
f 929/934/617 908/913/617 912/917/617 927/932/617
f 916/921/618 905/910/618 908/913/618 929/934/618
f 930/935/619 931/936/619 932/937/619 933/938/619
f 931/936/620 934/939/620 935/940/620 932/937/620
f 933/938/621 932/937/621 936/941/621 937/942/621
f 932/937/622 935/940/622 938/943/622 936/941/622
f 939/944/623 940/945/623 930/935/623 941/946/623
f 940/945/624 942/947/624 931/936/624 930/935/624
f 942/947/625 943/948/625 934/939/625 931/936/625
f 943/948/626 944/949/626 945/950/626 934/939/626
f 934/939/627 945/950/627 946/951/627 935/940/627
f 935/940/628 946/951/628 947/952/628 938/943/628
f 938/943/629 947/952/629 919/924/629 918/923/629
f 936/941/630 938/943/630 918/923/630 917/922/630
f 937/942/631 936/941/631 917/922/631 915/920/631
f 948/953/632 937/942/632 915/920/632 914/919/632
f 949/954/633 933/938/633 937/942/633 948/953/633
f 941/946/634 930/935/634 933/938/634 949/954/634
f 950/955/635 951/956/635 952/957/635 953/958/635
f 951/956/636 954/959/636 955/960/636 952/957/636
f 953/958/637 952/957/637 956/961/637 957/962/637
f 952/957/638 955/960/638 958/963/638 956/961/638
f 959/964/639 960/965/639 950/955/639 961/966/639
f 960/965/640 962/967/640 951/956/640 950/955/640
f 962/967/641 963/968/641 954/959/641 951/956/641
f 963/968/642 964/969/642 965/970/642 954/959/642
f 954/959/643 965/970/643 966/971/643 955/960/643
f 955/960/644 966/971/644 967/972/644 958/963/644
f 958/963/645 967/972/645 944/949/645 943/948/645
f 956/961/646 958/963/646 943/948/646 942/947/646
f 957/962/647 956/961/647 942/947/647 940/945/647
f 968/973/648 957/962/648 940/945/648 939/944/648
f 969/974/649 953/958/649 957/962/649 968/973/649
f 961/966/650 950/955/650 953/958/650 969/974/650
f 970/975/651 971/976/651 972/977/651 973/978/651
f 971/976/652 974/979/652 975/980/652 972/977/652
f 973/978/653 972/977/653 976/981/653 977/982/653
f 972/977/654 975/980/654 978/983/654 976/981/654
f 979/984/655 980/985/655 970/975/655 981/986/655
f 980/985/656 982/987/656 971/976/656 970/975/656
f 982/987/657 983/988/657 974/979/657 971/976/657
f 983/988/658 984/989/658 985/990/658 974/979/658
f 974/979/659 985/990/659 986/991/659 975/980/659
f 975/980/660 986/991/660 987/992/660 978/983/660
f 978/983/661 987/992/661 964/969/661 963/968/661
f 976/981/662 978/983/662 963/968/662 962/967/662
f 977/982/663 976/981/663 962/967/663 960/965/663
f 988/993/664 977/982/664 960/965/664 959/964/664
f 989/994/665 973/978/665 977/982/665 988/993/665
f 981/986/666 970/975/666 973/978/666 989/994/666
f 990/995/667 991/996/667 992/997/667 993/998/667
f 991/996/668 994/999/668 995/1000/668 992/997/668
f 993/998/669 992/997/669 996/1001/669 997/1002/669
f 992/997/670 995/1000/670 998/1003/670 996/1001/670
f 999/1004/671 1000/1005/671 990/995/671 1001/1006/671
f 1000/1005/672 1002/1007/672 991/996/672 990/995/672
f 1002/1007/673 1003/1008/673 994/999/673 991/996/673
f 1003/1008/674 1004/1009/674 1005/1010/674 994/999/674
f 994/999/675 1005/1010/675 1006/1011/675 995/1000/675
f 995/1000/676 1006/1011/676 1007/1012/676 998/1003/676
f 998/1003/677 1007/1012/677 984/989/677 983/988/677
f 996/1001/678 998/1003/678 983/988/678 982/987/678
f 997/1002/679 996/1001/679 982/987/679 980/985/679
f 1008/1013/680 997/1002/680 980/985/680 979/984/680
f 1009/1014/681 993/998/681 997/1002/681 1008/1013/681
f 1001/1006/682 990/995/682 993/998/682 1009/1014/682
f 1010/1015/683 1011/1016/683 1012/1017/683 1013/1018/683
f 1011/1016/684 1014/1019/684 1015/1020/684 1012/1017/684
f 1013/1018/685 1012/1017/685 1016/1021/685 1017/1022/685
f 1012/1017/686 1015/1020/686 1018/1023/686 1016/1021/686
f 1019/1024/687 1020/1025/687 1010/1015/687 1021/1026/687
f 1020/1025/688 1022/1027/688 1011/1016/688 1010/1015/688
f 1022/1027/689 1023/1028/689 1014/1019/689 1011/1016/689
f 1023/1028/690 1024/1029/690 1025/1030/690 1014/1019/690
f 1014/1019/691 1025/1030/691 1026/1031/691 1015/1020/691
f 1015/1020/692 1026/1031/692 1027/1032/692 1018/1023/692
f 1018/1023/693 1027/1032/693 1004/1009/693 1003/1008/693
f 1016/1021/694 1018/1023/694 1003/1008/694 1002/1007/694
f 1017/1022/695 1016/1021/695 1002/1007/695 1000/1005/695
f 1028/1033/696 1017/1022/696 1000/1005/696 999/1004/696
f 1029/1034/697 1013/1018/697 1017/1022/697 1028/1033/697
f 1021/1026/698 1010/1015/698 1013/1018/698 1029/1034/698
f 1030/1035/699 1031/1036/699 1032/1037/699 1033/1038/699
f 1031/1036/700 1034/1039/700 1035/1040/700 1032/1037/700
f 1033/1038/701 1032/1037/701 1036/1041/701 1037/1042/701
f 1032/1037/702 1035/1040/702 1038/1043/702 1036/1041/702
f 1039/1044/703 1040/1045/703 1030/1035/703 1041/1046/703
f 1040/1045/704 1042/1047/704 1031/1036/704 1030/1035/704
f 1042/1047/705 1043/1048/705 1034/1039/705 1031/1036/705
f 1043/1048/706 1044/1049/706 1045/1050/706 1034/1039/706
f 1034/1039/707 1045/1050/707 1046/1051/707 1035/1040/707
f 1035/1040/708 1046/1051/708 1047/1052/708 1038/1043/708
f 1038/1043/709 1047/1052/709 1024/1029/709 1023/1028/709
f 1036/1041/710 1038/1043/710 1023/1028/710 1022/1027/710
f 1037/1042/711 1036/1041/711 1022/1027/711 1020/1025/711
f 1048/1053/712 1037/1042/712 1020/1025/712 1019/1024/712
f 1049/1054/713 1033/1038/713 1037/1042/713 1048/1053/713
f 1041/1046/714 1030/1035/714 1033/1038/714 1049/1054/714
f 1050/1055/715 1051/1056/715 1052/1057/715 1053/1058/715
f 1051/1056/716 1054/1059/716 1055/1060/716 1052/1057/716
f 1053/1058/717 1052/1057/717 1056/1061/717 1057/1062/717
f 1052/1057/718 1055/1060/718 1058/1063/718 1056/1061/718
f 1059/1064/719 1060/1065/719 1050/1055/719 1061/1066/719
f 1060/1065/720 1062/1067/720 1051/1056/720 1050/1055/720
f 1062/1067/721 1063/1068/721 1054/1059/721 1051/1056/721
f 1063/1068/722 1064/1069/722 1065/1070/722 1054/1059/722
f 1054/1059/723 1065/1070/723 1066/1071/723 1055/1060/723
f 1055/1060/724 1066/1071/724 1067/1072/724 1058/1063/724
f 1058/1063/725 1067/1072/725 1044/1049/725 1043/1048/725
f 1056/1061/726 1058/1063/726 1043/1048/726 1042/1047/726
f 1057/1062/727 1056/1061/727 1042/1047/727 1040/1045/727
f 1068/1073/728 1057/1062/728 1040/1045/728 1039/1044/728
f 1069/1074/729 1053/1058/729 1057/1062/729 1068/1073/729
f 1061/1066/730 1050/1055/730 1053/1058/730 1069/1074/730
f 1070/1075/731 1071/1076/731 1072/1077/731 1073/1078/731
f 1071/1076/732 1074/1079/732 1075/1080/732 1072/1077/732
f 1073/1078/733 1072/1077/733 1076/1081/733 1077/1082/733
f 1072/1077/734 1075/1080/734 1078/1083/734 1076/1081/734
f 1079/1084/735 1080/1085/735 1070/1086/735 1081/1087/735
f 1080/1085/736 1082/1088/736 1071/1089/736 1070/1086/736
f 1082/1088/737 1083/1090/737 1074/1091/737 1071/1089/737
f 1083/1090/738 1084/1092/738 1085/1093/738 1074/1091/738
f 1074/1079/739 1085/1094/739 1086/1095/739 1075/1080/739
f 1075/1080/740 1086/1095/740 1087/1096/740 1078/1083/740
f 1078/1083/741 1087/1096/741 874/879/741 873/878/741
f 1076/1081/742 1078/1083/742 873/878/742 872/877/742
f 1077/1082/743 1076/1081/743 872/877/743 870/875/743
f 1088/1097/744 1077/1082/744 870/875/744 869/874/744
f 1089/1098/745 1073/1078/745 1077/1082/745 1088/1097/745
f 1081/1099/746 1070/1075/746 1073/1078/746 1089/1098/746
f 1090/1100/747 1091/1101/747 1092/1102/747 1093/1103/747
f 1091/1101/748 1094/1104/748 1095/1105/748 1092/1102/748
f 1093/1103/749 1092/1102/749 1096/1106/749 1097/1107/749
f 1092/1102/750 1095/1105/750 1098/1108/750 1096/1106/750
f 1099/1109/751 1100/1110/751 1090/1100/751 1101/1111/751
f 1100/1110/752 1102/1112/752 1091/1101/752 1090/1100/752
f 1102/1112/753 1103/1113/753 1094/1104/753 1091/1101/753
f 1103/1113/754 1104/1114/754 1105/1115/754 1094/1104/754
f 1094/1104/755 1105/1115/755 1106/1116/755 1095/1105/755
f 1095/1105/756 1106/1116/756 1107/1117/756 1098/1108/756
f 1098/1108/757 1107/1117/757 1108/1118/757 1109/1119/757
f 1096/1106/758 1098/1108/758 1109/1119/758 1110/1120/758
f 1097/1107/759 1096/1106/759 1110/1120/759 1111/1121/759
f 1112/1122/760 1097/1107/760 1111/1121/760 1113/1123/760
f 1114/1124/761 1093/1103/761 1097/1107/761 1112/1122/761
f 1101/1111/762 1090/1100/762 1093/1103/762 1114/1124/762
f 1115/1125/763 1116/1126/763 1117/1127/763 1118/1128/763
f 1116/1126/764 1119/1129/764 1120/1130/764 1117/1127/764
f 1118/1128/765 1117/1127/765 1121/1131/765 1122/1132/765
f 1117/1127/766 1120/1130/766 1123/1133/766 1121/1131/766
f 1124/1134/767 1125/1135/767 1115/1125/767 1126/1136/767
f 1125/1135/768 1127/1137/768 1116/1126/768 1115/1125/768
f 1127/1137/769 1128/1138/769 1119/1129/769 1116/1126/769
f 1128/1138/770 1129/1139/770 1130/1140/770 1119/1129/770
f 1119/1129/771 1130/1140/771 1131/1141/771 1120/1130/771
f 1120/1130/772 1131/1141/772 1132/1142/772 1123/1133/772
f 1123/1133/773 1132/1142/773 1104/1114/773 1103/1113/773
f 1121/1131/774 1123/1133/774 1103/1113/774 1102/1112/774
f 1122/1132/775 1121/1131/775 1102/1112/775 1100/1110/775
f 1133/1143/776 1122/1132/776 1100/1110/776 1099/1109/776
f 1134/1144/777 1118/1128/777 1122/1132/777 1133/1143/777
f 1126/1136/778 1115/1125/778 1118/1128/778 1134/1144/778
f 1135/1145/779 1136/1146/779 1137/1147/779 1138/1148/779
f 1136/1146/780 1139/1149/780 1140/1150/780 1137/1147/780
f 1138/1148/781 1137/1147/781 1141/1151/781 1142/1152/781
f 1137/1147/782 1140/1150/782 1143/1153/782 1141/1151/782
f 1144/1154/783 1145/1155/783 1135/1145/783 1146/1156/783
f 1145/1155/784 1147/1157/784 1136/1146/784 1135/1145/784
f 1147/1157/785 1148/1158/785 1139/1149/785 1136/1146/785
f 1148/1158/786 1149/1159/786 1150/1160/786 1139/1149/786
f 1139/1149/787 1150/1160/787 1151/1161/787 1140/1150/787
f 1140/1150/788 1151/1161/788 1152/1162/788 1143/1153/788
f 1143/1153/789 1152/1162/789 1129/1139/789 1128/1138/789
f 1141/1151/790 1143/1153/790 1128/1138/790 1127/1137/790
f 1142/1152/791 1141/1151/791 1127/1137/791 1125/1135/791
f 1153/1163/792 1142/1152/792 1125/1135/792 1124/1134/792
f 1154/1164/793 1138/1148/793 1142/1152/793 1153/1163/793
f 1146/1156/794 1135/1145/794 1138/1148/794 1154/1164/794
f 1155/1165/795 1156/1166/795 1157/1167/795 1158/1168/795
f 1156/1166/796 1159/1169/796 1160/1170/796 1157/1167/796
f 1158/1168/797 1157/1167/797 1161/1171/797 1162/1172/797
f 1157/1167/798 1160/1170/798 1163/1173/798 1161/1171/798
f 1164/1174/799 1165/1175/799 1155/1165/799 1166/1176/799
f 1165/1175/800 1167/1177/800 1156/1166/800 1155/1165/800
f 1167/1177/801 1168/1178/801 1159/1169/801 1156/1166/801
f 1168/1178/802 1169/1179/802 1170/1180/802 1159/1169/802
f 1159/1169/803 1170/1180/803 1171/1181/803 1160/1170/803
f 1160/1170/804 1171/1181/804 1172/1182/804 1163/1173/804
f 1163/1173/805 1172/1182/805 1149/1159/805 1148/1158/805
f 1161/1171/806 1163/1173/806 1148/1158/806 1147/1157/806
f 1162/1172/807 1161/1171/807 1147/1157/807 1145/1155/807
f 1173/1183/808 1162/1172/808 1145/1155/808 1144/1154/808
f 1174/1184/809 1158/1168/809 1162/1172/809 1173/1183/809
f 1166/1176/810 1155/1165/810 1158/1168/810 1174/1184/810
f 1175/1185/811 1176/1186/811 1177/1187/811 1178/1188/811
f 1176/1186/812 1179/1189/812 1180/1190/812 1177/1187/812
f 1178/1188/813 1177/1187/813 1181/1191/813 1182/1192/813
f 1177/1187/814 1180/1190/814 1183/1193/814 1181/1191/814
f 1184/1194/815 1185/1195/815 1175/1185/815 1186/1196/815
f 1185/1195/816 1187/1197/816 1176/1186/816 1175/1185/816
f 1187/1197/817 1188/1198/817 1179/1189/817 1176/1186/817
f 1188/1198/818 1189/1199/818 1190/1200/818 1179/1189/818
f 1179/1189/819 1190/1200/819 1191/1201/819 1180/1190/819
f 1180/1190/820 1191/1201/820 1192/1202/820 1183/1193/820
f 1183/1193/821 1192/1202/821 1169/1179/821 1168/1178/821
f 1181/1191/822 1183/1193/822 1168/1178/822 1167/1177/822
f 1182/1192/823 1181/1191/823 1167/1177/823 1165/1175/823
f 1193/1203/824 1182/1192/824 1165/1175/824 1164/1174/824
f 1194/1204/825 1178/1188/825 1182/1192/825 1193/1203/825
f 1186/1196/826 1175/1185/826 1178/1188/826 1194/1204/826
f 1195/1205/827 1196/1206/827 1197/1207/827 1198/1208/827
f 1196/1206/828 1199/1209/828 1200/1210/828 1197/1207/828
f 1198/1208/829 1197/1207/829 1201/1211/829 1202/1212/829
f 1197/1207/830 1200/1210/830 1203/1213/830 1201/1211/830
f 1204/1214/831 1205/1215/831 1195/1205/831 1206/1216/831
f 1205/1215/832 1207/1217/832 1196/1206/832 1195/1205/832
f 1207/1217/833 1208/1218/833 1199/1209/833 1196/1206/833
f 1208/1218/834 1209/1219/834 1210/1220/834 1199/1209/834
f 1199/1209/835 1210/1220/835 1211/1221/835 1200/1210/835
f 1200/1210/836 1211/1221/836 1212/1222/836 1203/1213/836
f 1203/1213/837 1212/1222/837 1189/1199/837 1188/1198/837
f 1201/1211/838 1203/1213/838 1188/1198/838 1187/1197/838
f 1202/1212/839 1201/1211/839 1187/1197/839 1185/1195/839
f 1213/1223/840 1202/1212/840 1185/1195/840 1184/1194/840
f 1214/1224/841 1198/1208/841 1202/1212/841 1213/1223/841
f 1206/1216/842 1195/1205/842 1198/1208/842 1214/1224/842
f 1215/1225/843 1216/1226/843 1217/1227/843 1218/1228/843
f 1216/1226/844 1219/1229/844 1220/1230/844 1217/1227/844
f 1218/1228/845 1217/1227/845 1221/1231/845 1222/1232/845
f 1217/1227/846 1220/1230/846 1223/1233/846 1221/1231/846
f 928/933/847 926/931/847 1215/1225/847 1224/1234/847
f 926/931/848 925/930/848 1216/1226/848 1215/1225/848
f 925/930/849 924/929/849 1219/1229/849 1216/1226/849
f 924/929/850 923/928/850 1225/1235/850 1219/1229/850
f 1219/1229/851 1225/1235/851 1226/1236/851 1220/1230/851
f 1220/1230/852 1226/1236/852 1227/1237/852 1223/1233/852
f 1223/1233/853 1227/1237/853 1209/1219/853 1208/1218/853
f 1221/1231/854 1223/1233/854 1208/1218/854 1207/1217/854
f 1222/1232/855 1221/1231/855 1207/1217/855 1205/1215/855
f 1228/1238/856 1222/1232/856 1205/1215/856 1204/1214/856
f 1229/1239/857 1218/1228/857 1222/1232/857 1228/1238/857
f 1224/1234/858 1215/1225/858 1218/1228/858 1229/1239/858
f 1230/1240/859 1231/1241/859 1232/1242/859 1233/1243/859
f 1231/1241/860 1234/1244/860 1235/1245/860 1232/1242/860
f 1233/1243/861 1232/1242/861 1236/1246/861 1237/1247/861
f 1232/1242/862 1235/1245/862 1238/1248/862 1236/1246/862
f 874/879/863 1239/1249/863 1230/1240/863 875/880/863
f 1239/1249/864 1240/1250/864 1231/1241/864 1230/1240/864
f 1240/1250/865 1241/1251/865 1234/1244/865 1231/1241/865
f 1241/1251/866 169/173/866 845/850/866 1234/1244/866
f 1234/1244/867 845/850/867 850/855/867 1235/1245/867
f 1235/1245/868 850/855/868 849/854/868 1238/1248/868
f 1238/1248/869 849/854/869 340/345/869 1242/1252/869
f 1236/1246/870 1238/1248/870 1242/1252/870 1243/1253/870
f 1237/1247/871 1236/1246/871 1243/1253/871 1244/1254/871
f 877/882/872 1237/1247/872 1244/1254/872 878/883/872
f 876/881/873 1233/1243/873 1237/1247/873 877/882/873
f 875/880/874 1230/1240/874 1233/1243/874 876/881/874
f 1245/1255/875 1246/1256/875 1247/1257/875 1248/1258/875
f 1246/1256/876 1249/1259/876 1250/1260/876 1247/1257/876
f 1248/1258/877 1247/1257/877 1251/1261/877 1252/1262/877
f 1247/1257/878 1250/1260/878 1253/1263/878 1251/1261/878
f 878/883/879 1244/1254/879 1245/1255/879 895/900/879
f 1244/1254/880 1243/1253/880 1246/1256/880 1245/1255/880
f 1243/1253/881 1242/1252/881 1249/1259/881 1246/1256/881
f 1242/1252/882 340/345/882 342/347/882 1249/1259/882
f 1249/1259/883 342/347/883 355/360/883 1250/1260/883
f 1250/1260/884 355/360/884 353/358/884 1253/1263/884
f 1253/1263/885 353/358/885 354/359/885 1254/1264/885
f 1251/1261/886 1253/1263/886 1254/1264/886 1255/1265/886
f 1252/1262/887 1251/1261/887 1255/1265/887 1256/1266/887
f 897/902/888 1252/1262/888 1256/1266/888 898/903/888
f 896/901/889 1248/1258/889 1252/1262/889 897/902/889
f 895/900/890 1245/1255/890 1248/1258/890 896/901/890
f 1257/1267/891 1258/1268/891 1259/1269/891 1260/1270/891
f 1258/1268/892 1261/1271/892 1262/1272/892 1259/1269/892
f 1260/1270/893 1259/1269/893 1263/1273/893 1264/1274/893
f 1259/1269/894 1262/1272/894 1265/1275/894 1263/1273/894
f 919/924/895 1266/1276/895 1257/1267/895 920/925/895
f 1266/1276/896 1267/1277/896 1258/1268/896 1257/1267/896
f 1267/1277/897 1268/1278/897 1261/1271/897 1258/1268/897
f 1268/1278/898 314/319/898 325/330/898 1261/1271/898
f 1261/1271/899 325/330/899 330/335/899 1262/1272/899
f 1262/1272/900 330/335/900 329/334/900 1265/1275/900
f 1265/1275/901 329/334/901 10/10/901 1269/1279/901
f 1263/1273/902 1265/1275/902 1269/1279/902 1270/1280/902
f 1264/1274/903 1263/1273/903 1270/1280/903 1271/1281/903
f 922/927/904 1264/1274/904 1271/1281/904 923/928/904
f 921/926/905 1260/1270/905 1264/1274/905 922/927/905
f 920/925/906 1257/1267/906 1260/1270/906 921/926/906
f 1272/1282/907 1273/1283/907 1274/1284/907 1275/1285/907
f 1273/1283/908 1276/1286/908 1277/1287/908 1274/1284/908
f 1275/1285/909 1274/1284/909 1278/1288/909 1279/1289/909
f 1274/1284/910 1277/1287/910 1280/1290/910 1278/1288/910
f 944/949/911 1281/1291/911 1272/1282/911 945/950/911
f 1281/1291/912 1282/1292/912 1273/1283/912 1272/1282/912
f 1282/1292/913 1283/1293/913 1276/1286/913 1273/1283/913
f 1283/1293/914 294/299/914 305/310/914 1276/1286/914
f 1276/1286/915 305/310/915 315/320/915 1277/1287/915
f 1277/1287/916 315/320/916 313/318/916 1280/1290/916
f 1280/1290/917 313/318/917 314/319/917 1268/1278/917
f 1278/1288/918 1280/1290/918 1268/1278/918 1267/1277/918
f 1279/1289/919 1278/1288/919 1267/1277/919 1266/1276/919
f 947/952/920 1279/1289/920 1266/1276/920 919/924/920
f 946/951/921 1275/1285/921 1279/1289/921 947/952/921
f 945/950/922 1272/1282/922 1275/1285/922 946/951/922
f 1284/1294/923 1285/1295/923 1286/1296/923 1287/1297/923
f 1285/1295/924 1288/1298/924 1289/1299/924 1286/1296/924
f 1287/1297/925 1286/1296/925 1290/1300/925 1291/1301/925
f 1286/1296/926 1289/1299/926 1292/1302/926 1290/1300/926
f 964/969/927 1293/1303/927 1284/1294/927 965/970/927
f 1293/1303/928 1294/1304/928 1285/1295/928 1284/1294/928
f 1294/1304/929 1295/1305/929 1288/1298/929 1285/1295/929
f 1295/1305/930 274/279/930 285/290/930 1288/1298/930
f 1288/1298/931 285/290/931 295/300/931 1289/1299/931
f 1289/1299/932 295/300/932 293/298/932 1292/1302/932
f 1292/1302/933 293/298/933 294/299/933 1283/1293/933
f 1290/1300/934 1292/1302/934 1283/1293/934 1282/1292/934
f 1291/1301/935 1290/1300/935 1282/1292/935 1281/1291/935
f 967/972/936 1291/1301/936 1281/1291/936 944/949/936
f 966/971/937 1287/1297/937 1291/1301/937 967/972/937
f 965/970/938 1284/1294/938 1287/1297/938 966/971/938
f 1296/1306/939 1297/1307/939 1298/1308/939 1299/1309/939
f 1297/1307/940 1300/1310/940 1301/1311/940 1298/1308/940
f 1299/1309/941 1298/1308/941 1302/1312/941 1303/1313/941
f 1298/1308/942 1301/1311/942 1304/1314/942 1302/1312/942
f 984/989/943 1305/1315/943 1296/1306/943 985/990/943
f 1305/1315/944 1306/1316/944 1297/1307/944 1296/1306/944
f 1306/1316/945 1307/1317/945 1300/1310/945 1297/1307/945
f 1307/1317/946 254/259/946 265/270/946 1300/1310/946
f 1300/1310/947 265/270/947 275/280/947 1301/1311/947
f 1301/1311/948 275/280/948 273/278/948 1304/1314/948
f 1304/1314/949 273/278/949 274/279/949 1295/1305/949
f 1302/1312/950 1304/1314/950 1295/1305/950 1294/1304/950
f 1303/1313/951 1302/1312/951 1294/1304/951 1293/1303/951
f 987/992/952 1303/1313/952 1293/1303/952 964/969/952
f 986/991/953 1299/1309/953 1303/1313/953 987/992/953
f 985/990/954 1296/1306/954 1299/1309/954 986/991/954
f 1308/1318/955 1309/1319/955 1310/1320/955 1311/1321/955
f 1309/1319/956 1312/1322/956 1313/1323/956 1310/1320/956
f 1311/1321/957 1310/1320/957 1314/1324/957 1315/1325/957
f 1310/1320/958 1313/1323/958 1316/1326/958 1314/1324/958
f 1004/1009/959 1317/1327/959 1308/1318/959 1005/1010/959
f 1317/1327/960 1318/1328/960 1309/1319/960 1308/1318/960
f 1318/1328/961 1319/1329/961 1312/1322/961 1309/1319/961
f 1319/1329/962 234/239/962 245/250/962 1312/1322/962
f 1312/1322/963 245/250/963 255/260/963 1313/1323/963
f 1313/1323/964 255/260/964 253/258/964 1316/1326/964
f 1316/1326/965 253/258/965 254/259/965 1307/1317/965
f 1314/1324/966 1316/1326/966 1307/1317/966 1306/1316/966
f 1315/1325/967 1314/1324/967 1306/1316/967 1305/1315/967
f 1007/1012/968 1315/1325/968 1305/1315/968 984/989/968
f 1006/1011/969 1311/1321/969 1315/1325/969 1007/1012/969
f 1005/1010/970 1308/1318/970 1311/1321/970 1006/1011/970
f 1320/1330/971 1321/1331/971 1322/1332/971 1323/1333/971
f 1321/1331/972 1324/1334/972 1325/1335/972 1322/1332/972
f 1323/1333/973 1322/1332/973 1326/1336/973 1327/1337/973
f 1322/1332/974 1325/1335/974 1328/1338/974 1326/1336/974
f 1024/1029/975 1329/1339/975 1320/1330/975 1025/1030/975
f 1329/1339/976 1330/1340/976 1321/1331/976 1320/1330/976
f 1330/1340/977 1331/1341/977 1324/1334/977 1321/1331/977
f 1331/1341/978 214/219/978 225/230/978 1324/1334/978
f 1324/1334/979 225/230/979 235/240/979 1325/1335/979
f 1325/1335/980 235/240/980 233/238/980 1328/1338/980
f 1328/1338/981 233/238/981 234/239/981 1319/1329/981
f 1326/1336/982 1328/1338/982 1319/1329/982 1318/1328/982
f 1327/1337/983 1326/1336/983 1318/1328/983 1317/1327/983
f 1027/1032/984 1327/1337/984 1317/1327/984 1004/1009/984
f 1026/1031/985 1323/1333/985 1327/1337/985 1027/1032/985
f 1025/1030/986 1320/1330/986 1323/1333/986 1026/1031/986
f 1332/1342/987 1333/1343/987 1334/1344/987 1335/1345/987
f 1333/1343/988 1336/1346/988 1337/1347/988 1334/1344/988
f 1335/1345/989 1334/1344/989 1338/1348/989 1339/1349/989
f 1334/1344/990 1337/1347/990 1340/1350/990 1338/1348/990
f 1044/1049/991 1341/1351/991 1332/1342/991 1045/1050/991
f 1341/1351/992 1342/1352/992 1333/1343/992 1332/1342/992
f 1342/1352/993 1343/1353/993 1336/1346/993 1333/1343/993
f 1343/1353/994 194/199/994 205/210/994 1336/1346/994
f 1336/1346/995 205/210/995 215/220/995 1337/1347/995
f 1337/1347/996 215/220/996 213/218/996 1340/1350/996
f 1340/1350/997 213/218/997 214/219/997 1331/1341/997
f 1338/1348/998 1340/1350/998 1331/1341/998 1330/1340/998
f 1339/1349/999 1338/1348/999 1330/1340/999 1329/1339/999
f 1047/1052/1000 1339/1349/1000 1329/1339/1000 1024/1029/1000
f 1046/1051/1001 1335/1345/1001 1339/1349/1001 1047/1052/1001
f 1045/1050/1002 1332/1342/1002 1335/1345/1002 1046/1051/1002
f 1344/1354/1003 1345/1355/1003 1346/1356/1003 1347/1357/1003
f 1345/1355/1004 1348/1358/1004 1349/1359/1004 1346/1356/1004
f 1347/1357/1005 1346/1356/1005 1350/1360/1005 1351/1361/1005
f 1346/1356/1006 1349/1359/1006 1352/1362/1006 1350/1360/1006
f 1064/1069/1007 1353/1363/1007 1344/1354/1007 1065/1070/1007
f 1353/1363/1008 1354/1364/1008 1345/1355/1008 1344/1354/1008
f 1354/1364/1009 1355/1365/1009 1348/1358/1009 1345/1355/1009
f 1355/1365/1010 180/185/1010 182/187/1010 1348/1358/1010
f 1348/1358/1011 182/187/1011 195/200/1011 1349/1359/1011
f 1349/1359/1012 195/200/1012 193/198/1012 1352/1362/1012
f 1352/1362/1013 193/198/1013 194/199/1013 1343/1353/1013
f 1350/1360/1014 1352/1362/1014 1343/1353/1014 1342/1352/1014
f 1351/1361/1015 1350/1360/1015 1342/1352/1015 1341/1351/1015
f 1067/1072/1016 1351/1361/1016 1341/1351/1016 1044/1049/1016
f 1066/1071/1017 1347/1357/1017 1351/1361/1017 1067/1072/1017
f 1065/1070/1018 1344/1354/1018 1347/1357/1018 1066/1071/1018
f 1356/1366/1019 1357/1367/1019 1358/1368/1019 1359/1369/1019
f 1357/1367/1020 1360/1370/1020 1361/1371/1020 1358/1368/1020
f 1359/1369/1021 1358/1368/1021 1362/1372/1021 1363/1373/1021
f 1358/1368/1022 1361/1371/1022 1364/1374/1022 1362/1372/1022
f 1084/1092/1023 1365/1375/1023 1356/1376/1023 1085/1093/1023
f 1365/1375/1024 1366/1377/1024 1357/1378/1024 1356/1376/1024
f 1366/1377/1025 1367/1379/1025 1360/1380/1025 1357/1378/1025
f 1367/1379/1026 155/155/1026 157/158/1026 1360/1380/1026
f 1360/1370/1027 157/175/1027 170/174/1027 1361/1371/1027
f 1361/1371/1028 170/174/1028 168/172/1028 1364/1374/1028
f 1364/1374/1029 168/172/1029 169/173/1029 1241/1251/1029
f 1362/1372/1030 1364/1374/1030 1241/1251/1030 1240/1250/1030
f 1363/1373/1031 1362/1372/1031 1240/1250/1031 1239/1249/1031
f 1087/1096/1032 1363/1373/1032 1239/1249/1032 874/879/1032
f 1086/1095/1033 1359/1369/1033 1363/1373/1033 1087/1096/1033
f 1085/1094/1034 1356/1366/1034 1359/1369/1034 1086/1095/1034
f 1368/1381/1035 1369/1382/1035 1370/1383/1035 1371/1384/1035
f 1369/1382/1036 1372/1385/1036 1373/1386/1036 1370/1383/1036
f 1371/1384/1037 1370/1383/1037 1374/1387/1037 1375/1388/1037
f 1370/1383/1038 1373/1386/1038 1376/1389/1038 1374/1387/1038
f 1104/1114/1039 1377/1390/1039 1368/1381/1039 1105/1115/1039
f 1377/1390/1040 1378/1391/1040 1369/1382/1040 1368/1381/1040
f 1378/1391/1041 1379/1392/1041 1372/1385/1041 1369/1382/1041
f 1379/1392/1042 124/124/1042 135/135/1042 1372/1385/1042
f 1372/1385/1043 135/135/1043 145/145/1043 1373/1386/1043
f 1373/1386/1044 145/145/1044 143/143/1044 1376/1389/1044
f 1376/1389/1045 143/143/1045 144/144/1045 1380/1393/1045
f 1374/1387/1046 1376/1389/1046 1380/1393/1046 1381/1394/1046
f 1375/1388/1047 1374/1387/1047 1381/1394/1047 1382/1395/1047
f 1107/1117/1048 1375/1388/1048 1382/1395/1048 1108/1118/1048
f 1106/1116/1049 1371/1384/1049 1375/1388/1049 1107/1117/1049
f 1105/1115/1050 1368/1381/1050 1371/1384/1050 1106/1116/1050
f 1383/1396/1051 1384/1397/1051 1385/1398/1051 1386/1399/1051
f 1384/1397/1052 1387/1400/1052 1388/1401/1052 1385/1398/1052
f 1386/1399/1053 1385/1398/1053 1389/1402/1053 1390/1403/1053
f 1385/1398/1054 1388/1401/1054 1391/1404/1054 1389/1402/1054
f 1129/1139/1055 1392/1405/1055 1383/1396/1055 1130/1140/1055
f 1392/1405/1056 1393/1406/1056 1384/1397/1056 1383/1396/1056
f 1393/1406/1057 1394/1407/1057 1387/1400/1057 1384/1397/1057
f 1394/1407/1058 104/104/1058 115/115/1058 1387/1400/1058
f 1387/1400/1059 115/115/1059 125/125/1059 1388/1401/1059
f 1388/1401/1060 125/125/1060 123/123/1060 1391/1404/1060
f 1391/1404/1061 123/123/1061 124/124/1061 1379/1392/1061
f 1389/1402/1062 1391/1404/1062 1379/1392/1062 1378/1391/1062
f 1390/1403/1063 1389/1402/1063 1378/1391/1063 1377/1390/1063
f 1132/1142/1064 1390/1403/1064 1377/1390/1064 1104/1114/1064
f 1131/1141/1065 1386/1399/1065 1390/1403/1065 1132/1142/1065
f 1130/1140/1066 1383/1396/1066 1386/1399/1066 1131/1141/1066
f 1395/1408/1067 1396/1409/1067 1397/1410/1067 1398/1411/1067
f 1396/1409/1068 1399/1412/1068 1400/1413/1068 1397/1410/1068
f 1398/1411/1069 1397/1410/1069 1401/1414/1069 1402/1415/1069
f 1397/1410/1070 1400/1413/1070 1403/1416/1070 1401/1414/1070
f 1149/1159/1071 1404/1417/1071 1395/1408/1071 1150/1160/1071
f 1404/1417/1072 1405/1418/1072 1396/1409/1072 1395/1408/1072
f 1405/1418/1073 1406/1419/1073 1399/1412/1073 1396/1409/1073
f 1406/1419/1074 84/84/1074 95/95/1074 1399/1412/1074
f 1399/1412/1075 95/95/1075 105/105/1075 1400/1413/1075
f 1400/1413/1076 105/105/1076 103/103/1076 1403/1416/1076
f 1403/1416/1077 103/103/1077 104/104/1077 1394/1407/1077
f 1401/1414/1078 1403/1416/1078 1394/1407/1078 1393/1406/1078
f 1402/1415/1079 1401/1414/1079 1393/1406/1079 1392/1405/1079
f 1152/1162/1080 1402/1415/1080 1392/1405/1080 1129/1139/1080
f 1151/1161/1081 1398/1411/1081 1402/1415/1081 1152/1162/1081
f 1150/1160/1082 1395/1408/1082 1398/1411/1082 1151/1161/1082
f 1407/1420/1083 1408/1421/1083 1409/1422/1083 1410/1423/1083
f 1408/1421/1084 1411/1424/1084 1412/1425/1084 1409/1422/1084
f 1410/1423/1085 1409/1422/1085 1413/1426/1085 1414/1427/1085
f 1409/1422/1086 1412/1425/1086 1415/1428/1086 1413/1426/1086
f 1169/1179/1087 1416/1429/1087 1407/1420/1087 1170/1180/1087
f 1416/1429/1088 1417/1430/1088 1408/1421/1088 1407/1420/1088
f 1417/1430/1089 1418/1431/1089 1411/1424/1089 1408/1421/1089
f 1418/1431/1090 64/64/1090 75/75/1090 1411/1424/1090
f 1411/1424/1091 75/75/1091 85/85/1091 1412/1425/1091
f 1412/1425/1092 85/85/1092 83/83/1092 1415/1428/1092
f 1415/1428/1093 83/83/1093 84/84/1093 1406/1419/1093
f 1413/1426/1094 1415/1428/1094 1406/1419/1094 1405/1418/1094
f 1414/1427/1095 1413/1426/1095 1405/1418/1095 1404/1417/1095
f 1172/1182/1096 1414/1427/1096 1404/1417/1096 1149/1159/1096
f 1171/1181/1097 1410/1423/1097 1414/1427/1097 1172/1182/1097
f 1170/1180/1098 1407/1420/1098 1410/1423/1098 1171/1181/1098
f 1419/1432/1099 1420/1433/1099 1421/1434/1099 1422/1435/1099
f 1420/1433/1100 1423/1436/1100 1424/1437/1100 1421/1434/1100
f 1422/1435/1101 1421/1434/1101 1425/1438/1101 1426/1439/1101
f 1421/1434/1102 1424/1437/1102 1427/1440/1102 1425/1438/1102
f 1189/1199/1103 1428/1441/1103 1419/1432/1103 1190/1200/1103
f 1428/1441/1104 1429/1442/1104 1420/1433/1104 1419/1432/1104
f 1429/1442/1105 1430/1443/1105 1423/1436/1105 1420/1433/1105
f 1430/1443/1106 44/44/1106 55/55/1106 1423/1436/1106
f 1423/1436/1107 55/55/1107 65/65/1107 1424/1437/1107
f 1424/1437/1108 65/65/1108 63/63/1108 1427/1440/1108
f 1427/1440/1109 63/63/1109 64/64/1109 1418/1431/1109
f 1425/1438/1110 1427/1440/1110 1418/1431/1110 1417/1430/1110
f 1426/1439/1111 1425/1438/1111 1417/1430/1111 1416/1429/1111
f 1192/1202/1112 1426/1439/1112 1416/1429/1112 1169/1179/1112
f 1191/1201/1113 1422/1435/1113 1426/1439/1113 1192/1202/1113
f 1190/1200/1114 1419/1432/1114 1422/1435/1114 1191/1201/1114
f 1431/1444/1115 1432/1445/1115 1433/1446/1115 1434/1447/1115
f 1432/1445/1116 1435/1448/1116 1436/1449/1116 1433/1446/1116
f 1434/1447/1117 1433/1446/1117 1437/1450/1117 1438/1451/1117
f 1433/1446/1118 1436/1449/1118 1439/1452/1118 1437/1450/1118
f 1209/1219/1119 1440/1453/1119 1431/1444/1119 1210/1220/1119
f 1440/1453/1120 1441/1454/1120 1432/1445/1120 1431/1444/1120
f 1441/1454/1121 1442/1455/1121 1435/1448/1121 1432/1445/1121
f 1442/1455/1122 24/24/1122 35/35/1122 1435/1448/1122
f 1435/1448/1123 35/35/1123 45/45/1123 1436/1449/1123
f 1436/1449/1124 45/45/1124 43/43/1124 1439/1452/1124
f 1439/1452/1125 43/43/1125 44/44/1125 1430/1443/1125
f 1437/1450/1126 1439/1452/1126 1430/1443/1126 1429/1442/1126
f 1438/1451/1127 1437/1450/1127 1429/1442/1127 1428/1441/1127
f 1212/1222/1128 1438/1451/1128 1428/1441/1128 1189/1199/1128
f 1211/1221/1129 1434/1447/1129 1438/1451/1129 1212/1222/1129
f 1210/1220/1130 1431/1444/1130 1434/1447/1130 1211/1221/1130
f 1443/1456/1131 1444/1457/1131 1445/1458/1131 1446/1459/1131
f 1444/1457/1132 1447/1460/1132 1448/1461/1132 1445/1458/1132
f 1446/1459/1133 1445/1458/1133 1449/1462/1133 1450/1463/1133
f 1445/1458/1134 1448/1461/1134 1451/1464/1134 1449/1462/1134
f 923/928/1135 1271/1281/1135 1443/1456/1135 1225/1235/1135
f 1271/1281/1136 1270/1280/1136 1444/1457/1136 1443/1456/1136
f 1270/1280/1137 1269/1279/1137 1447/1460/1137 1444/1457/1137
f 1269/1279/1138 10/10/1138 12/12/1138 1447/1460/1138
f 1447/1460/1139 12/12/1139 25/25/1139 1448/1461/1139
f 1448/1461/1140 25/25/1140 23/23/1140 1451/1464/1140
f 1451/1464/1141 23/23/1141 24/24/1141 1442/1455/1141
f 1449/1462/1142 1451/1464/1142 1442/1455/1142 1441/1454/1142
f 1450/1463/1143 1449/1462/1143 1441/1454/1143 1440/1453/1143
f 1227/1237/1144 1450/1463/1144 1440/1453/1144 1209/1219/1144
f 1226/1236/1145 1446/1459/1145 1450/1463/1145 1227/1237/1145
f 1225/1235/1146 1443/1456/1146 1446/1459/1146 1226/1236/1146
f 1452/1465/1147 1453/1466/1147 1454/1467/1147 1455/1468/1147
f 1453/1466/1148 1456/1469/1148 1457/1470/1148 1454/1467/1148
f 1455/1468/1149 1454/1467/1149 1458/1471/1149 1459/1472/1149
f 1454/1467/1150 1457/1470/1150 1460/1473/1150 1458/1471/1150
f 229/234/1151 228/233/1151 1452/1465/1151 1461/1474/1151
f 228/233/1152 227/232/1152 1453/1466/1152 1452/1465/1152
f 227/232/1153 226/231/1153 1456/1469/1153 1453/1466/1153
f 226/231/1154 209/214/1154 1462/1475/1154 1456/1469/1154
f 1456/1469/1155 1462/1475/1155 1463/1476/1155 1457/1470/1155
f 1457/1470/1156 1463/1476/1156 1464/1477/1156 1460/1473/1156
f 1460/1473/1157 1464/1477/1157 1465/1478/1157 1466/1479/1157
f 1458/1471/1158 1460/1473/1158 1466/1479/1158 1467/1480/1158
f 1459/1472/1159 1458/1471/1159 1467/1480/1159 1468/1481/1159
f 1469/1482/1160 1459/1472/1160 1468/1481/1160 1470/1483/1160
f 1471/1484/1161 1455/1468/1161 1459/1472/1161 1469/1482/1161
f 1461/1474/1162 1452/1465/1162 1455/1468/1162 1471/1484/1162
f 1472/1485/1163 1473/1486/1163 1474/1487/1163 1475/1488/1163
f 1473/1486/1164 1476/1489/1164 1477/1490/1164 1474/1487/1164
f 1475/1488/1165 1474/1487/1165 1478/1491/1165 1479/1492/1165
f 1474/1487/1166 1477/1490/1166 1480/1493/1166 1478/1491/1166
f 15/15/1167 328/333/1167 1472/1485/1167 1481/1494/1167
f 328/333/1168 327/332/1168 1473/1486/1168 1472/1485/1168
f 327/332/1169 326/331/1169 1476/1489/1169 1473/1486/1169
f 326/331/1170 309/314/1170 1482/1495/1170 1476/1489/1170
f 1476/1489/1171 1482/1495/1171 1483/1496/1171 1477/1490/1171
f 1477/1490/1172 1483/1496/1172 1484/1497/1172 1480/1493/1172
f 1480/1493/1173 1484/1497/1173 1485/1498/1173 1486/1499/1173
f 1478/1491/1174 1480/1493/1174 1486/1499/1174 1487/1500/1174
f 1479/1492/1175 1478/1491/1175 1487/1500/1175 1488/1501/1175
f 1489/1502/1176 1479/1492/1176 1488/1501/1176 1490/1503/1176
f 1491/1504/1177 1475/1488/1177 1479/1492/1177 1489/1502/1177
f 1481/1494/1178 1472/1485/1178 1475/1488/1178 1491/1504/1178
f 1492/1505/1179 1493/1506/1179 1494/1507/1179 1495/1508/1179
f 1493/1506/1180 1496/1509/1180 1497/1510/1180 1494/1507/1180
f 1495/1508/1181 1494/1507/1181 1498/1511/1181 1499/1512/1181
f 1494/1507/1182 1497/1510/1182 1500/1513/1182 1498/1511/1182
f 79/79/1183 78/78/1183 1492/1505/1183 1501/1514/1183
f 78/78/1184 77/77/1184 1493/1506/1184 1492/1505/1184
f 77/77/1185 76/76/1185 1496/1509/1185 1493/1506/1185
f 76/76/1186 59/59/1186 1502/1515/1186 1496/1509/1186
f 1496/1509/1187 1502/1515/1187 1503/1516/1187 1497/1510/1187
f 1497/1510/1188 1503/1516/1188 1504/1517/1188 1500/1513/1188
f 1500/1513/1189 1504/1517/1189 1505/1518/1189 1506/1519/1189
f 1498/1511/1190 1500/1513/1190 1506/1519/1190 1507/1520/1190
f 1499/1512/1191 1498/1511/1191 1507/1520/1191 1508/1521/1191
f 1509/1522/1192 1499/1512/1192 1508/1521/1192 1510/1523/1192
f 1511/1524/1193 1495/1508/1193 1499/1512/1193 1509/1522/1193
f 1501/1514/1194 1492/1505/1194 1495/1508/1194 1511/1524/1194
f 1512/1525/1195 1513/1526/1195 1514/1527/1195 1515/1528/1195
f 1513/1526/1196 1516/1529/1196 1517/1530/1196 1514/1527/1196
f 1515/1528/1197 1514/1527/1197 1518/1531/1197 1519/1532/1197
f 1514/1527/1198 1517/1530/1198 1520/1533/1198 1518/1531/1198
f 345/350/1199 848/853/1199 1512/1525/1199 1521/1534/1199
f 848/853/1200 847/852/1200 1513/1526/1200 1512/1525/1200
f 847/852/1201 846/851/1201 1516/1529/1201 1513/1526/1201
f 846/851/1202 164/168/1202 1522/1535/1202 1516/1529/1202
f 1516/1529/1203 1522/1535/1203 1523/1536/1203 1517/1530/1203
f 1517/1530/1204 1523/1536/1204 1524/1537/1204 1520/1533/1204
f 1520/1533/1205 1524/1537/1205 1525/1538/1205 1526/1539/1205
f 1518/1531/1206 1520/1533/1206 1526/1539/1206 1527/1540/1206
f 1519/1532/1207 1518/1531/1207 1527/1540/1207 1528/1541/1207
f 1529/1542/1208 1519/1532/1208 1528/1541/1208 1530/1543/1208
f 1531/1544/1209 1515/1528/1209 1519/1532/1209 1529/1542/1209
f 1521/1534/567 1512/1525/567 1515/1528/567 1531/1544/567
f 1532/1545/1210 1533/1546/1210 1534/1547/1210 1535/1548/1210
f 1533/1546/1211 1536/1549/1211 1537/1550/1211 1534/1547/1211
f 1535/1548/1212 1534/1547/1212 1538/1551/1212 1539/1552/1212
f 1534/1547/1213 1537/1550/1213 1540/1553/1213 1538/1551/1213
f 349/354/1214 348/353/1214 1532/1545/1214 1541/1554/1214
f 348/353/1215 347/352/1215 1533/1546/1215 1532/1545/1215
f 347/352/1216 346/351/1216 1536/1549/1216 1533/1546/1216
f 346/351/1217 345/350/1217 1521/1534/1217 1536/1549/1217
f 1536/1549/262 1521/1534/262 1531/1544/262 1537/1550/262
f 1537/1550/1218 1531/1544/1218 1529/1542/1218 1540/1553/1218
f 1540/1553/1219 1529/1542/1219 1530/1543/1219 1542/1555/1219
f 1538/1551/1220 1540/1553/1220 1542/1555/1220 1543/1556/1220
f 1539/1552/1221 1538/1551/1221 1543/1556/1221 1544/1557/1221
f 1545/1558/1222 1539/1552/1222 1544/1557/1222 1546/1559/1222
f 1547/1560/1223 1535/1548/1223 1539/1552/1223 1545/1558/1223
f 1541/1554/1224 1532/1545/1224 1535/1548/1224 1547/1560/1224
f 1548/1561/1225 1549/1562/1225 1550/1563/1225 1551/1564/1225
f 1549/1562/1226 1552/1565/1226 1553/1566/1226 1550/1563/1226
f 1551/1564/1227 1550/1563/1227 1554/1567/1227 1555/1568/1227
f 1550/1563/1228 1553/1566/1228 1556/1569/1228 1554/1567/1228
f 185/190/1229 1557/1570/1229 1548/1571/1229 1558/1572/1229
f 1557/1573/1230 1559/1574/1230 1549/1562/1230 1548/1561/1230
f 1559/1574/1231 1560/1575/1231 1552/1565/1231 1549/1562/1231
f 1560/1575/1232 349/354/1232 1541/1554/1232 1552/1565/1232
f 1552/1565/1233 1541/1554/1233 1547/1560/1233 1553/1566/1233
f 1553/1566/1234 1547/1560/1234 1545/1558/1234 1556/1569/1234
f 1556/1569/1235 1545/1558/1235 1546/1559/1235 1561/1576/1235
f 1554/1567/1236 1556/1569/1236 1561/1576/1236 1562/1577/1236
f 1555/1568/1237 1554/1567/1237 1562/1577/1237 1563/1578/1237
f 1564/1579/1238 1555/1580/1238 1563/1581/1238 1565/1582/1238
f 1566/1583/1239 1551/1584/1239 1555/1580/1239 1564/1579/1239
f 1558/1572/1240 1548/1571/1240 1551/1584/1240 1566/1583/1240
f 1567/1585/1241 1568/1586/1241 1569/1587/1241 1570/1588/1241
f 1568/1586/1242 1571/1589/1242 1572/1590/1242 1569/1587/1242
f 1570/1588/1243 1569/1587/1243 1573/1591/1243 1574/1592/1243
f 1569/1587/1244 1572/1590/1244 1575/1593/1244 1573/1591/1244
f 289/294/1245 288/293/1245 1567/1585/1245 1576/1594/1245
f 288/293/1246 287/292/1246 1568/1586/1246 1567/1585/1246
f 287/292/1247 286/291/1247 1571/1589/1247 1568/1586/1247
f 286/291/1248 269/274/1248 1577/1595/1248 1571/1589/1248
f 1571/1589/1249 1577/1595/1249 1578/1596/1249 1572/1590/1249
f 1572/1590/1250 1578/1596/1250 1579/1597/1250 1575/1593/1250
f 1575/1593/1251 1579/1597/1251 1580/1598/1251 1581/1599/1251
f 1573/1591/1252 1575/1593/1252 1581/1599/1252 1582/1600/1252
f 1574/1592/1253 1573/1591/1253 1582/1600/1253 1583/1601/1253
f 1584/1602/1254 1574/1592/1254 1583/1601/1254 1585/1603/1254
f 1586/1604/1255 1570/1588/1255 1574/1592/1255 1584/1602/1255
f 1576/1594/1256 1567/1585/1256 1570/1588/1256 1586/1604/1256
f 1587/1605/1257 1588/1606/1257 1589/1607/1257 1590/1608/1257
f 1588/1606/1258 1591/1609/1258 1592/1610/1258 1589/1607/1258
f 1590/1608/1259 1589/1607/1259 1593/1611/1259 1594/1612/1259
f 1589/1607/1260 1592/1610/1260 1595/1613/1260 1593/1611/1260
f 39/39/1261 38/38/1261 1587/1605/1261 1596/1614/1261
f 38/38/1262 37/37/1262 1588/1606/1262 1587/1605/1262
f 37/37/1263 36/36/1263 1591/1609/1263 1588/1606/1263
f 36/36/1264 19/19/1264 1597/1615/1264 1591/1609/1264
f 1591/1609/1265 1597/1615/1265 1598/1616/1265 1592/1610/1265
f 1592/1610/1266 1598/1616/1266 1599/1617/1266 1595/1613/1266
f 1595/1613/1267 1599/1617/1267 1600/1618/1267 1601/1619/1267
f 1593/1611/1268 1595/1613/1268 1601/1619/1268 1602/1620/1268
f 1594/1612/1269 1593/1611/1269 1602/1620/1269 1603/1621/1269
f 1604/1622/1270 1594/1612/1270 1603/1621/1270 1605/1623/1270
f 1606/1624/1271 1590/1608/1271 1594/1612/1271 1604/1622/1271
f 1596/1614/1272 1587/1605/1272 1590/1608/1272 1606/1624/1272
f 1607/1625/1273 1608/1626/1273 1609/1627/1273 1610/1628/1273
f 1608/1626/1274 1611/1629/1274 1612/1630/1274 1609/1627/1274
f 1610/1628/1275 1609/1627/1275 1613/1631/1275 1614/1632/1275
f 1609/1627/1276 1612/1630/1276 1615/1633/1276 1613/1631/1276
f 139/139/1277 138/138/1277 1607/1625/1277 1616/1634/1277
f 138/138/1278 137/137/1278 1608/1626/1278 1607/1625/1278
f 137/137/1279 136/136/1279 1611/1629/1279 1608/1626/1279
f 136/136/1280 119/119/1280 1617/1635/1280 1611/1629/1280
f 1611/1629/1281 1617/1635/1281 1618/1636/1281 1612/1630/1281
f 1612/1630/1282 1618/1636/1282 1619/1637/1282 1615/1633/1282
f 1615/1633/1283 1619/1637/1283 1620/1638/1283 1621/1639/1283
f 1613/1631/1284 1615/1633/1284 1621/1639/1284 1622/1640/1284
f 1614/1632/1285 1613/1631/1285 1622/1640/1285 1623/1641/1285
f 1624/1642/1286 1614/1632/1286 1623/1641/1286 1625/1643/1286
f 1626/1644/1287 1610/1628/1287 1614/1632/1287 1624/1642/1287
f 1616/1634/1288 1607/1625/1288 1610/1628/1288 1626/1644/1288
f 1627/1645/1289 1628/1646/1289 1629/1647/1289 1630/1648/1289
f 1628/1646/1290 1631/1649/1290 1632/1650/1290 1629/1647/1290
f 1630/1648/1291 1629/1647/1291 1633/1651/1291 1634/1652/1291
f 1629/1647/1292 1632/1650/1292 1635/1653/1292 1633/1651/1292
f 249/254/1293 248/253/1293 1627/1645/1293 1636/1654/1293
f 248/253/1294 247/252/1294 1628/1646/1294 1627/1645/1294
f 247/252/1295 246/251/1295 1631/1649/1295 1628/1646/1295
f 246/251/1296 229/234/1296 1461/1474/1296 1631/1649/1296
f 1631/1649/1297 1461/1474/1297 1471/1484/1297 1632/1650/1297
f 1632/1650/1298 1471/1484/1298 1469/1482/1298 1635/1653/1298
f 1635/1653/1299 1469/1482/1299 1470/1483/1299 1637/1655/1299
f 1633/1651/1300 1635/1653/1300 1637/1655/1300 1638/1656/1300
f 1634/1652/1301 1633/1651/1301 1638/1656/1301 1639/1657/1301
f 1640/1658/1302 1634/1652/1302 1639/1657/1302 1641/1659/1302
f 1642/1660/1303 1630/1648/1303 1634/1652/1303 1640/1658/1303
f 1636/1654/1304 1627/1645/1304 1630/1648/1304 1642/1660/1304
f 1643/1661/1305 1644/1662/1305 1645/1663/1305 1646/1664/1305
f 1644/1662/1306 1647/1665/1306 1648/1666/1306 1645/1663/1306
f 1646/1664/1307 1645/1663/1307 1649/1667/1307 1650/1668/1307
f 1645/1663/1308 1648/1666/1308 1651/1669/1308 1649/1667/1308
f 99/99/1309 98/98/1309 1643/1661/1309 1652/1670/1309
f 98/98/1310 97/97/1310 1644/1662/1310 1643/1661/1310
f 97/97/1311 96/96/1311 1647/1665/1311 1644/1662/1311
f 96/96/1312 79/79/1312 1501/1514/1312 1647/1665/1312
f 1647/1665/1313 1501/1514/1313 1511/1524/1313 1648/1666/1313
f 1648/1666/1314 1511/1524/1314 1509/1522/1314 1651/1669/1314
f 1651/1669/1315 1509/1522/1315 1510/1523/1315 1653/1671/1315
f 1649/1667/1316 1651/1669/1316 1653/1671/1316 1654/1672/1316
f 1650/1668/1317 1649/1667/1317 1654/1672/1317 1655/1673/1317
f 1656/1674/1318 1650/1668/1318 1655/1673/1318 1657/1675/1318
f 1658/1676/1319 1646/1664/1319 1650/1668/1319 1656/1674/1319
f 1652/1670/1320 1643/1661/1320 1646/1664/1320 1658/1676/1320
f 1659/1677/1321 1660/1678/1321 1661/1679/1321 1662/1680/1321
f 1660/1678/1322 1663/1681/1322 1664/1682/1322 1661/1679/1322
f 1662/1680/1323 1661/1679/1323 1665/1683/1323 1666/1684/1323
f 1661/1679/1324 1664/1682/1324 1667/1685/1324 1665/1683/1324
f 209/214/1325 208/213/1325 1659/1677/1325 1462/1475/1325
f 208/213/1326 207/212/1326 1660/1678/1326 1659/1677/1326
f 207/212/1327 206/211/1327 1663/1681/1327 1660/1678/1327
f 206/211/1328 189/194/1328 1668/1686/1328 1663/1681/1328
f 1663/1681/1329 1668/1686/1329 1669/1687/1329 1664/1682/1329
f 1664/1682/1330 1669/1687/1330 1670/1688/1330 1667/1685/1330
f 1667/1685/1331 1670/1688/1331 1671/1689/1331 1672/1690/1331
f 1665/1683/1332 1667/1685/1332 1672/1690/1332 1673/1691/1332
f 1666/1684/1333 1665/1683/1333 1673/1691/1333 1674/1692/1333
f 1464/1477/1334 1666/1684/1334 1674/1692/1334 1465/1478/1334
f 1463/1476/1335 1662/1680/1335 1666/1684/1335 1464/1477/1335
f 1462/1475/1336 1659/1677/1336 1662/1680/1336 1463/1476/1336
f 1675/1693/1337 1676/1694/1337 1677/1695/1337 1678/1696/1337
f 1676/1694/1338 1679/1697/1338 1680/1698/1338 1677/1695/1338
f 1678/1696/1339 1677/1695/1339 1681/1699/1339 1682/1700/1339
f 1677/1695/1340 1680/1698/1340 1683/1701/1340 1681/1699/1340
f 309/314/1341 308/313/1341 1675/1693/1341 1482/1495/1341
f 308/313/1342 307/312/1342 1676/1694/1342 1675/1693/1342
f 307/312/1343 306/311/1343 1679/1697/1343 1676/1694/1343
f 306/311/1344 289/294/1344 1576/1594/1344 1679/1697/1344
f 1679/1697/1345 1576/1594/1345 1586/1604/1345 1680/1698/1345
f 1680/1698/1346 1586/1604/1346 1584/1602/1346 1683/1701/1346
f 1683/1701/1347 1584/1602/1347 1585/1603/1347 1684/1702/1347
f 1681/1699/1348 1683/1701/1348 1684/1702/1348 1685/1703/1348
f 1682/1700/1349 1681/1699/1349 1685/1703/1349 1686/1704/1349
f 1484/1497/1350 1682/1700/1350 1686/1704/1350 1485/1498/1350
f 1483/1496/1351 1678/1696/1351 1682/1700/1351 1484/1497/1351
f 1482/1495/1352 1675/1693/1352 1678/1696/1352 1483/1496/1352
f 1687/1705/1353 1688/1706/1353 1689/1707/1353 1690/1708/1353
f 1688/1706/1354 1691/1709/1354 1692/1710/1354 1689/1707/1354
f 1690/1708/1355 1689/1707/1355 1693/1711/1355 1694/1712/1355
f 1689/1707/1356 1692/1710/1356 1695/1713/1356 1693/1711/1356
f 59/59/1357 58/58/1357 1687/1705/1357 1502/1515/1357
f 58/58/1358 57/57/1358 1688/1706/1358 1687/1705/1358
f 57/57/1359 56/56/1359 1691/1709/1359 1688/1706/1359
f 56/56/1360 39/39/1360 1596/1614/1360 1691/1709/1360
f 1691/1709/1361 1596/1614/1361 1606/1624/1361 1692/1710/1361
f 1692/1710/1362 1606/1624/1362 1604/1622/1362 1695/1713/1362
f 1695/1713/1363 1604/1622/1363 1605/1623/1363 1696/1714/1363
f 1693/1711/1364 1695/1713/1364 1696/1714/1364 1697/1715/1364
f 1694/1712/1365 1693/1711/1365 1697/1715/1365 1698/1716/1365
f 1504/1517/1366 1694/1712/1366 1698/1716/1366 1505/1518/1366
f 1503/1516/1367 1690/1708/1367 1694/1712/1367 1504/1517/1367
f 1502/1515/1368 1687/1705/1368 1690/1708/1368 1503/1516/1368
f 1699/1717/1369 1700/1718/1369 1701/1719/1369 1702/1720/1369
f 1700/1718/1370 1703/1721/1370 1704/1722/1370 1701/1719/1370
f 1702/1720/1371 1701/1719/1371 1705/1723/1371 1706/1724/1371
f 1701/1719/1372 1704/1722/1372 1707/1725/1372 1705/1723/1372
f 160/163/1373 1708/1726/1373 1699/1717/1373 1709/1727/1373
f 1708/1726/1374 1710/1728/1374 1700/1718/1374 1699/1717/1374
f 1710/1728/1375 1711/1729/1375 1703/1721/1375 1700/1718/1375
f 1711/1729/1376 139/139/1376 1616/1634/1376 1703/1721/1376
f 1703/1721/1377 1616/1634/1377 1626/1644/1377 1704/1722/1377
f 1704/1722/1378 1626/1644/1378 1624/1642/1378 1707/1725/1378
f 1707/1725/1379 1624/1642/1379 1625/1643/1379 1712/1730/1379
f 1705/1723/1380 1707/1725/1380 1712/1730/1380 1713/1731/1380
f 1706/1724/1381 1705/1723/1381 1713/1731/1381 1714/1732/1381
f 1715/1733/1382 1706/1724/1382 1714/1732/1382 1716/1734/1382
f 1717/1735/1383 1702/1720/1383 1706/1724/1383 1715/1733/1383
f 1709/1727/1384 1699/1717/1384 1702/1720/1384 1717/1735/1384
f 1718/1736/1385 1719/1737/1385 1720/1738/1385 1721/1739/1385
f 1719/1737/1386 1722/1740/1386 1723/1741/1386 1720/1738/1386
f 1721/1739/1387 1720/1738/1387 1724/1742/1387 1725/1743/1387
f 1720/1738/1388 1723/1741/1388 1726/1744/1388 1724/1742/1388
f 19/19/1389 18/18/1389 1718/1736/1389 1597/1615/1389
f 18/18/1390 17/17/1390 1719/1737/1390 1718/1736/1390
f 17/17/1391 16/16/1391 1722/1740/1391 1719/1737/1391
f 16/16/1392 15/15/1392 1481/1494/1392 1722/1740/1392
f 1722/1740/1393 1481/1494/1393 1491/1504/1393 1723/1741/1393
f 1723/1741/1394 1491/1504/1394 1489/1502/1394 1726/1744/1394
f 1726/1744/1395 1489/1502/1395 1490/1503/1395 1727/1745/1395
f 1724/1742/1396 1726/1744/1396 1727/1745/1396 1728/1746/1396
f 1725/1743/1397 1724/1742/1397 1728/1746/1397 1729/1747/1397
f 1599/1617/1398 1725/1743/1398 1729/1747/1398 1600/1618/1398
f 1598/1616/1399 1721/1739/1399 1725/1743/1399 1599/1617/1399
f 1597/1615/1400 1718/1736/1400 1721/1739/1400 1598/1616/1400
f 1730/1748/1401 1731/1749/1401 1732/1750/1401 1733/1751/1401
f 1731/1749/1402 1734/1752/1402 1735/1753/1402 1732/1750/1402
f 1733/1751/1403 1732/1750/1403 1736/1754/1403 1737/1755/1403
f 1732/1750/1404 1735/1753/1404 1738/1756/1404 1736/1754/1404
f 269/274/1405 268/273/1405 1730/1748/1405 1577/1595/1405
f 268/273/1406 267/272/1406 1731/1749/1406 1730/1748/1406
f 267/272/1407 266/271/1407 1734/1752/1407 1731/1749/1407
f 266/271/1408 249/254/1408 1636/1654/1408 1734/1752/1408
f 1734/1752/1409 1636/1654/1409 1642/1660/1409 1735/1753/1409
f 1735/1753/1410 1642/1660/1410 1640/1658/1410 1738/1756/1410
f 1738/1756/1411 1640/1658/1411 1641/1659/1411 1739/1757/1411
f 1736/1754/1412 1738/1756/1412 1739/1757/1412 1740/1758/1412
f 1737/1755/1413 1736/1754/1413 1740/1758/1413 1741/1759/1413
f 1579/1597/1414 1737/1755/1414 1741/1759/1414 1580/1598/1414
f 1578/1596/1415 1733/1751/1415 1737/1755/1415 1579/1597/1415
f 1577/1595/1416 1730/1748/1416 1733/1751/1416 1578/1596/1416
f 1742/1760/1417 1743/1761/1417 1744/1762/1417 1745/1763/1417
f 1743/1761/1418 1746/1764/1418 1747/1765/1418 1744/1762/1418
f 1745/1763/1419 1744/1762/1419 1748/1766/1419 1749/1767/1419
f 1744/1762/1420 1747/1765/1420 1750/1768/1420 1748/1766/1420
f 119/119/1421 118/118/1421 1742/1760/1421 1617/1635/1421
f 118/118/1422 117/117/1422 1743/1761/1422 1742/1760/1422
f 117/117/1423 116/116/1423 1746/1764/1423 1743/1761/1423
f 116/116/1424 99/99/1424 1652/1670/1424 1746/1764/1424
f 1746/1764/1425 1652/1670/1425 1658/1676/1425 1747/1765/1425
f 1747/1765/1426 1658/1676/1426 1656/1674/1426 1750/1768/1426
f 1750/1768/1427 1656/1674/1427 1657/1675/1427 1751/1769/1427
f 1748/1766/1428 1750/1768/1428 1751/1769/1428 1752/1770/1428
f 1749/1767/1429 1748/1766/1429 1752/1770/1429 1753/1771/1429
f 1619/1637/1430 1749/1767/1430 1753/1771/1430 1620/1638/1430
f 1618/1636/1431 1745/1763/1431 1749/1767/1431 1619/1637/1431
f 1617/1635/1432 1742/1760/1432 1745/1763/1432 1618/1636/1432
f 1754/1772/1433 1755/1773/1433 1756/1774/1433 1757/1775/1433
f 1755/1773/1434 1758/1776/1434 1759/1777/1434 1756/1774/1434
f 1757/1775/1435 1756/1774/1435 1760/1778/1435 1761/1779/1435
f 1756/1774/1436 1759/1777/1436 1762/1780/1436 1760/1778/1436
f 1470/1483/1437 1468/1481/1437 1754/1772/1437 1763/1781/1437
f 1468/1481/1438 1467/1480/1438 1755/1773/1438 1754/1772/1438
f 1467/1480/1439 1466/1479/1439 1758/1776/1439 1755/1773/1439
f 1466/1479/1440 1465/1478/1440 1764/1782/1440 1758/1776/1440
f 1758/1776/1441 1764/1782/1441 1765/1783/1441 1759/1777/1441
f 1759/1777/1442 1765/1783/1442 1766/1784/1442 1762/1780/1442
f 1762/1780/1443 1766/1784/1443 1767/1785/1443 1768/1786/1443
f 1760/1778/1444 1762/1780/1444 1768/1786/1444 1769/1787/1444
f 1761/1779/1445 1760/1778/1445 1769/1787/1445 1770/1788/1445
f 1771/1789/1446 1761/1779/1446 1770/1788/1446 1772/1790/1446
f 1773/1791/1447 1757/1775/1447 1761/1779/1447 1771/1789/1447
f 1763/1781/1448 1754/1772/1448 1757/1775/1448 1773/1791/1448
f 1774/1792/1449 1775/1793/1449 1776/1794/1449 1777/1795/1449
f 1775/1793/1450 1778/1796/1450 1779/1797/1450 1776/1794/1450
f 1777/1795/1451 1776/1794/1451 1780/1798/1451 1781/1799/1451
f 1776/1794/1452 1779/1797/1452 1782/1800/1452 1780/1798/1452
f 1510/1523/1453 1508/1521/1453 1774/1792/1453 1783/1801/1453
f 1508/1521/1454 1507/1520/1454 1775/1793/1454 1774/1792/1454
f 1507/1520/1455 1506/1519/1455 1778/1796/1455 1775/1793/1455
f 1506/1519/1456 1505/1518/1456 1784/1802/1456 1778/1796/1456
f 1778/1796/1457 1784/1802/1457 1785/1803/1457 1779/1797/1457
f 1779/1797/1458 1785/1803/1458 1786/1804/1458 1782/1800/1458
f 1782/1800/1459 1786/1804/1459 1787/1805/1459 1788/1806/1459
f 1780/1798/1460 1782/1800/1460 1788/1806/1460 1789/1807/1460
f 1781/1799/1461 1780/1798/1461 1789/1807/1461 1790/1808/1461
f 1791/1809/1462 1781/1799/1462 1790/1808/1462 1792/1810/1462
f 1793/1811/1463 1777/1795/1463 1781/1799/1463 1791/1809/1463
f 1783/1801/1464 1774/1792/1464 1777/1795/1464 1793/1811/1464
f 1794/1812/1465 1795/1813/1465 1796/1814/1465 1797/1815/1465
f 1795/1813/1466 1798/1816/1466 1799/1817/1466 1796/1814/1466
f 1797/1815/1467 1796/1814/1467 1800/1818/1467 1801/1819/1467
f 1796/1814/1468 1799/1817/1468 1802/1820/1468 1800/1818/1468
f 1641/1659/1469 1639/1657/1469 1794/1812/1469 1803/1821/1469
f 1639/1657/1470 1638/1656/1470 1795/1813/1470 1794/1812/1470
f 1638/1656/1471 1637/1655/1471 1798/1816/1471 1795/1813/1471
f 1637/1655/1472 1470/1483/1472 1763/1781/1472 1798/1816/1472
f 1798/1816/1473 1763/1781/1473 1773/1791/1473 1799/1817/1473
f 1799/1817/1474 1773/1791/1474 1771/1789/1474 1802/1820/1474
f 1802/1820/1475 1771/1789/1475 1772/1790/1475 1804/1822/1475
f 1800/1818/1476 1802/1820/1476 1804/1822/1476 1805/1823/1476
f 1801/1819/1477 1800/1818/1477 1805/1823/1477 1806/1824/1477
f 1807/1825/1478 1801/1819/1478 1806/1824/1478 1808/1826/1478
f 1809/1827/1479 1797/1815/1479 1801/1819/1479 1807/1825/1479
f 1803/1821/1480 1794/1812/1480 1797/1815/1480 1809/1827/1480
f 1810/1828/1481 1811/1829/1481 1812/1830/1481 1813/1831/1481
f 1811/1829/1482 1814/1832/1482 1815/1833/1482 1812/1830/1482
f 1813/1831/1483 1812/1830/1483 1816/1834/1483 1817/1835/1483
f 1812/1830/1484 1815/1833/1484 1818/1836/1484 1816/1834/1484
f 1657/1675/1485 1655/1673/1485 1810/1828/1485 1819/1837/1485
f 1655/1673/1486 1654/1672/1486 1811/1829/1486 1810/1828/1486
f 1654/1672/1487 1653/1671/1487 1814/1832/1487 1811/1829/1487
f 1653/1671/1488 1510/1523/1488 1783/1801/1488 1814/1832/1488
f 1814/1832/1489 1783/1801/1489 1793/1811/1489 1815/1833/1489
f 1815/1833/1490 1793/1811/1490 1791/1809/1490 1818/1836/1490
f 1818/1836/1491 1791/1809/1491 1792/1810/1491 1820/1838/1491
f 1816/1834/1492 1818/1836/1492 1820/1838/1492 1821/1839/1492
f 1817/1835/1493 1816/1834/1493 1821/1839/1493 1822/1840/1493
f 1823/1841/1494 1817/1835/1494 1822/1840/1494 1824/1842/1494
f 1825/1843/1495 1813/1831/1495 1817/1835/1495 1823/1841/1495
f 1819/1837/1496 1810/1828/1496 1813/1831/1496 1825/1843/1496
f 1826/1844/1497 1827/1845/1497 1828/1846/1497 1829/1847/1497
f 1827/1845/1498 1830/1848/1498 1831/1849/1498 1828/1846/1498
f 1829/1847/1499 1828/1846/1499 1832/1850/1499 1833/1851/1499
f 1828/1846/1500 1831/1849/1500 1834/1852/1500 1832/1850/1500
f 1580/1598/1501 1741/1759/1501 1826/1844/1501 1835/1853/1501
f 1741/1759/1502 1740/1758/1502 1827/1845/1502 1826/1844/1502
f 1740/1758/1503 1739/1757/1503 1830/1848/1503 1827/1845/1503
f 1739/1757/1504 1641/1659/1504 1803/1821/1504 1830/1848/1504
f 1830/1848/1505 1803/1821/1505 1809/1827/1505 1831/1849/1505
f 1831/1849/1506 1809/1827/1506 1807/1825/1506 1834/1852/1506
f 1834/1852/1507 1807/1825/1507 1808/1826/1507 1836/1854/1507
f 1832/1850/1508 1834/1852/1508 1836/1854/1508 1837/1855/1508
f 1833/1851/1509 1832/1850/1509 1837/1855/1509 1838/1856/1509
f 1839/1857/1510 1833/1851/1510 1838/1856/1510 1840/1858/1510
f 1841/1859/1511 1829/1847/1511 1833/1851/1511 1839/1857/1511
f 1835/1853/1512 1826/1844/1512 1829/1847/1512 1841/1859/1512
f 1842/1860/1513 1843/1861/1513 1844/1862/1513 1845/1863/1513
f 1843/1861/1514 1846/1864/1514 1847/1865/1514 1844/1862/1514
f 1845/1863/1515 1844/1862/1515 1848/1866/1515 1849/1867/1515
f 1844/1862/1516 1847/1865/1516 1850/1868/1516 1848/1866/1516
f 1620/1638/1517 1753/1771/1517 1842/1860/1517 1851/1869/1517
f 1753/1771/1518 1752/1770/1518 1843/1861/1518 1842/1860/1518
f 1752/1770/1519 1751/1769/1519 1846/1864/1519 1843/1861/1519
f 1751/1769/1520 1657/1675/1520 1819/1837/1520 1846/1864/1520
f 1846/1864/1521 1819/1837/1521 1825/1843/1521 1847/1865/1521
f 1847/1865/1522 1825/1843/1522 1823/1841/1522 1850/1868/1522
f 1850/1868/1523 1823/1841/1523 1824/1842/1523 1852/1870/1523
f 1848/1866/1524 1850/1868/1524 1852/1870/1524 1853/1871/1524
f 1849/1867/1525 1848/1866/1525 1853/1871/1525 1854/1872/1525
f 1855/1873/1526 1849/1867/1526 1854/1872/1526 1856/1874/1526
f 1857/1875/1527 1845/1863/1527 1849/1867/1527 1855/1873/1527
f 1851/1869/1528 1842/1860/1528 1845/1863/1528 1857/1875/1528
f 1858/1876/1529 1859/1877/1529 1860/1878/1529 1861/1879/1529
f 1859/1877/1530 1862/1880/1530 1863/1881/1530 1860/1878/1530
f 1861/1879/1531 1860/1878/1531 1864/1882/1531 1865/1883/1531
f 1860/1878/1532 1863/1881/1532 1866/1884/1532 1864/1882/1532
f 1585/1603/1533 1583/1601/1533 1858/1876/1533 1867/1885/1533
f 1583/1601/1534 1582/1600/1534 1859/1877/1534 1858/1876/1534
f 1582/1600/1535 1581/1599/1535 1862/1880/1535 1859/1877/1535
f 1581/1599/1536 1580/1598/1536 1835/1853/1536 1862/1880/1536
f 1862/1880/1537 1835/1853/1537 1841/1859/1537 1863/1881/1537
f 1863/1881/1538 1841/1859/1538 1839/1857/1538 1866/1884/1538
f 1866/1884/1539 1839/1857/1539 1840/1858/1539 1868/1886/1539
f 1864/1882/1540 1866/1884/1540 1868/1886/1540 1869/1887/1540
f 1865/1883/1541 1864/1882/1541 1869/1887/1541 1870/1888/1541
f 1871/1889/1542 1865/1883/1542 1870/1888/1542 1872/1890/1542
f 1873/1891/1543 1861/1879/1543 1865/1883/1543 1871/1889/1543
f 1867/1885/1544 1858/1876/1544 1861/1879/1544 1873/1891/1544
f 1874/1892/1545 1875/1893/1545 1876/1894/1545 1877/1895/1545
f 1875/1893/1546 1878/1896/1546 1879/1897/1546 1876/1894/1546
f 1877/1895/1547 1876/1894/1547 1880/1898/1547 1881/1899/1547
f 1876/1894/1548 1879/1897/1548 1882/1900/1548 1880/1898/1548
f 1625/1643/1549 1623/1641/1549 1874/1892/1549 1883/1901/1549
f 1623/1641/1550 1622/1640/1550 1875/1893/1550 1874/1892/1550
f 1622/1640/1551 1621/1639/1551 1878/1896/1551 1875/1893/1551
f 1621/1639/1552 1620/1638/1552 1851/1869/1552 1878/1896/1552
f 1878/1896/1553 1851/1869/1553 1857/1875/1553 1879/1897/1553
f 1879/1897/1554 1857/1875/1554 1855/1873/1554 1882/1900/1554
f 1882/1900/1555 1855/1873/1555 1856/1874/1555 1884/1902/1555
f 1880/1898/1556 1882/1900/1556 1884/1902/1556 1885/1903/1556
f 1881/1899/1557 1880/1898/1557 1885/1903/1557 1886/1904/1557
f 1887/1905/1558 1881/1899/1558 1886/1904/1558 1888/1906/1558
f 1889/1907/1559 1877/1895/1559 1881/1899/1559 1887/1905/1559
f 1883/1901/1560 1874/1892/1560 1877/1895/1560 1889/1907/1560
f 1890/1908/1561 1891/1909/1561 1892/1910/1561 1893/1911/1561
f 1891/1909/1562 1894/1912/1562 1895/1913/1562 1892/1910/1562
f 1893/1911/1563 1892/1910/1563 1896/1914/1563 1897/1915/1563
f 1892/1910/1564 1895/1913/1564 1898/1916/1564 1896/1914/1564
f 1485/1498/1565 1686/1704/1565 1890/1908/1565 1899/1917/1565
f 1686/1704/1566 1685/1703/1566 1891/1909/1566 1890/1908/1566
f 1685/1703/1567 1684/1702/1567 1894/1912/1567 1891/1909/1567
f 1684/1702/1568 1585/1603/1568 1867/1885/1568 1894/1912/1568
f 1894/1912/1569 1867/1885/1569 1873/1891/1569 1895/1913/1569
f 1895/1913/1570 1873/1891/1570 1871/1889/1570 1898/1916/1570
f 1898/1916/1571 1871/1889/1571 1872/1890/1571 1900/1918/1571
f 1896/1914/1572 1898/1916/1572 1900/1918/1572 1901/1919/1572
f 1897/1915/1573 1896/1914/1573 1901/1919/1573 1902/1920/1573
f 1903/1921/1574 1897/1915/1574 1902/1920/1574 1904/1922/1574
f 1905/1923/1575 1893/1911/1575 1897/1915/1575 1903/1921/1575
f 1899/1917/1576 1890/1908/1576 1893/1911/1576 1905/1923/1576
f 1906/1924/1577 1907/1925/1577 1908/1926/1577 1909/1927/1577
f 1907/1925/1578 1910/1928/1578 1911/1929/1578 1908/1926/1578
f 1909/1927/1579 1908/1926/1579 1912/1930/1579 1913/1931/1579
f 1908/1926/1580 1911/1929/1580 1914/1932/1580 1912/1930/1580
f 1716/1734/1581 1714/1732/1581 1906/1924/1581 1915/1933/1581
f 1714/1732/1582 1713/1731/1582 1907/1925/1582 1906/1924/1582
f 1713/1731/1583 1712/1730/1583 1910/1928/1583 1907/1925/1583
f 1712/1730/1584 1625/1643/1584 1883/1901/1584 1910/1928/1584
f 1910/1928/1585 1883/1901/1585 1889/1907/1585 1911/1929/1585
f 1911/1929/1586 1889/1907/1586 1887/1905/1586 1914/1932/1586
f 1914/1932/1587 1887/1905/1587 1888/1906/1587 1916/1934/1587
f 1912/1930/1588 1914/1932/1588 1916/1934/1588 1917/1935/1588
f 1913/1931/1589 1912/1930/1589 1917/1935/1589 1918/1936/1589
f 1919/1937/1590 1913/1931/1590 1918/1936/1590 1920/1938/1590
f 1921/1939/1591 1909/1927/1591 1913/1931/1591 1919/1937/1591
f 1915/1933/1592 1906/1924/1592 1909/1927/1592 1921/1939/1592
f 1922/1940/1593 1923/1941/1593 1924/1942/1593 1925/1943/1593
f 1923/1941/1594 1926/1944/1594 1927/1945/1594 1924/1942/1594
f 1925/1943/1595 1924/1942/1595 1928/1946/1595 1929/1947/1595
f 1924/1942/1596 1927/1945/1596 1930/1948/1596 1928/1946/1596
f 1600/1618/1597 1729/1747/1597 1922/1940/1597 1931/1949/1597
f 1729/1747/1598 1728/1746/1598 1923/1941/1598 1922/1940/1598
f 1728/1746/1599 1727/1745/1599 1926/1944/1599 1923/1941/1599
f 1727/1745/1600 1490/1503/1600 1932/1950/1600 1926/1944/1600
f 1926/1944/1601 1932/1950/1601 1933/1951/1601 1927/1945/1601
f 1927/1945/1602 1933/1951/1602 1934/1952/1602 1930/1948/1602
f 1930/1948/1603 1934/1952/1603 1935/1953/1603 1936/1954/1603
f 1928/1946/1604 1930/1948/1604 1936/1954/1604 1937/1955/1604
f 1929/1947/1605 1928/1946/1605 1937/1955/1605 1938/1956/1605
f 1939/1957/1606 1929/1947/1606 1938/1956/1606 1940/1958/1606
f 1941/1959/1607 1925/1943/1607 1929/1947/1607 1939/1957/1607
f 1931/1949/1608 1922/1940/1608 1925/1943/1608 1941/1959/1608
f 1942/1960/1609 1943/1961/1609 1944/1962/1609 1945/1963/1609
f 1943/1961/1610 1946/1964/1610 1947/1965/1610 1944/1962/1610
f 1945/1963/1611 1944/1962/1611 1948/1966/1611 1949/1967/1611
f 1944/1962/1612 1947/1965/1612 1950/1968/1612 1948/1966/1612
f 1490/1503/1613 1488/1501/1613 1942/1960/1613 1932/1950/1613
f 1488/1501/1614 1487/1500/1614 1943/1961/1614 1942/1960/1614
f 1487/1500/1615 1486/1499/1615 1946/1964/1615 1943/1961/1615
f 1486/1499/1616 1485/1498/1616 1899/1917/1616 1946/1964/1616
f 1946/1964/1617 1899/1917/1617 1905/1923/1617 1947/1965/1617
f 1947/1965/1618 1905/1923/1618 1903/1921/1618 1950/1968/1618
f 1950/1968/1619 1903/1921/1619 1904/1922/1619 1951/1969/1619
f 1948/1966/1620 1950/1968/1620 1951/1969/1620 1952/1970/1620
f 1949/1967/1621 1948/1966/1621 1952/1970/1621 1953/1971/1621
f 1934/1952/1622 1949/1967/1622 1953/1971/1622 1935/1953/1622
f 1933/1951/1623 1945/1963/1623 1949/1967/1623 1934/1952/1623
f 1932/1950/1624 1942/1960/1624 1945/1963/1624 1933/1951/1624
f 1954/1972/1625 1955/1973/1625 1956/1974/1625 1957/1975/1625
f 1955/1973/1626 1958/1976/1626 1959/1977/1626 1956/1974/1626
f 1957/1975/1627 1956/1974/1627 1960/1978/1627 1961/1979/1627
f 1956/1974/1628 1959/1977/1628 1962/1980/1628 1960/1978/1628
f 1565/1582/1629 1563/1581/1629 1954/1981/1629 1963/1982/1629
f 1563/1578/1630 1562/1577/1630 1955/1973/1630 1954/1972/1630
f 1562/1577/1631 1561/1576/1631 1958/1976/1631 1955/1973/1631
f 1561/1576/1632 1546/1559/1632 1964/1983/1632 1958/1976/1632
f 1958/1976/1633 1964/1983/1633 1965/1984/1633 1959/1977/1633
f 1959/1977/1634 1965/1984/1634 1966/1985/1634 1962/1980/1634
f 1962/1980/1635 1966/1985/1635 1967/1986/1635 1968/1987/1635
f 1960/1978/1636 1962/1980/1636 1968/1987/1636 1969/1988/1636
f 1961/1979/1637 1960/1978/1637 1969/1988/1637 1970/1989/1637
f 1971/1990/1638 1961/1991/1638 1970/1992/1638 1972/1993/1638
f 1973/1994/1639 1957/1995/1639 1961/1991/1639 1971/1990/1639
f 1963/1982/1640 1954/1981/1640 1957/1995/1640 1973/1994/1640
f 1974/1996/1641 1975/1997/1641 1976/1998/1641 1977/1999/1641
f 1975/1997/1642 1978/2000/1642 1979/2001/1642 1976/1998/1642
f 1977/1999/1643 1976/1998/1643 1980/2002/1643 1981/2003/1643
f 1976/1998/1644 1979/2001/1644 1982/2004/1644 1980/2002/1644
f 1605/1623/1645 1603/1621/1645 1974/1996/1645 1983/2005/1645
f 1603/1621/1646 1602/1620/1646 1975/1997/1646 1974/1996/1646
f 1602/1620/1647 1601/1619/1647 1978/2000/1647 1975/1997/1647
f 1601/1619/1648 1600/1618/1648 1931/1949/1648 1978/2000/1648
f 1978/2000/1649 1931/1949/1649 1941/1959/1649 1979/2001/1649
f 1979/2001/1650 1941/1959/1650 1939/1957/1650 1982/2004/1650
f 1982/2004/1651 1939/1957/1651 1940/1958/1651 1984/2006/1651
f 1980/2002/1652 1982/2004/1652 1984/2006/1652 1985/2007/1652
f 1981/2003/1653 1980/2002/1653 1985/2007/1653 1986/2008/1653
f 1987/2009/1654 1981/2003/1654 1986/2008/1654 1988/2010/1654
f 1989/2011/1655 1977/1999/1655 1981/2003/1655 1987/2009/1655
f 1983/2005/1656 1974/1996/1656 1977/1999/1656 1989/2011/1656
f 1990/2012/1657 1991/2013/1657 1992/2014/1657 1993/2015/1657
f 1991/2013/1658 1994/2016/1658 1995/2017/1658 1992/2014/1658
f 1993/2015/1659 1992/2014/1659 1996/2018/1659 1997/2019/1659
f 1992/2014/1660 1995/2017/1660 1998/2020/1660 1996/2018/1660
f 1546/1559/1661 1544/1557/1661 1990/2012/1661 1964/1983/1661
f 1544/1557/1662 1543/1556/1662 1991/2013/1662 1990/2012/1662
f 1543/1556/1663 1542/1555/1663 1994/2016/1663 1991/2013/1663
f 1542/1555/1664 1530/1543/1664 1999/2021/1664 1994/2016/1664
f 1994/2016/1665 1999/2021/1665 2000/2022/1665 1995/2017/1665
f 1995/2017/1666 2000/2022/1666 2001/2023/1666 1998/2020/1666
f 1998/2020/1667 2001/2023/1667 2002/2024/1667 2003/2025/1667
f 1996/2018/1668 1998/2020/1668 2003/2025/1668 2004/2026/1668
f 1997/2019/1669 1996/2018/1669 2004/2026/1669 2005/2027/1669
f 1966/1985/1670 1997/2019/1670 2005/2027/1670 1967/1986/1670
f 1965/1984/1671 1993/2015/1671 1997/2019/1671 1966/1985/1671
f 1964/1983/1672 1990/2012/1672 1993/2015/1672 1965/1984/1672
f 2006/2028/1673 2007/2029/1673 2008/2030/1673 2009/2031/1673
f 2007/2029/1674 2010/2032/1674 2011/2033/1674 2008/2030/1674
f 2009/2031/1675 2008/2030/1675 2012/2034/1675 2013/2035/1675
f 2008/2030/1676 2011/2033/1676 2014/2036/1676 2012/2034/1676
f 1465/1478/1677 1674/1692/1677 2006/2028/1677 1764/1782/1677
f 1674/1692/1678 1673/1691/1678 2007/2029/1678 2006/2028/1678
f 1673/1691/1679 1672/1690/1679 2010/2032/1679 2007/2029/1679
f 1672/1690/1680 1671/1689/1680 2015/2037/1680 2010/2032/1680
f 2010/2032/1681 2015/2037/1681 2016/2038/1681 2011/2033/1681
f 2011/2033/1682 2016/2038/1682 2017/2039/1682 2014/2036/1682
f 2014/2036/1683 2017/2039/1683 2018/2040/1683 2019/2041/1683
f 2012/2034/1684 2014/2036/1684 2019/2041/1684 2020/2042/1684
f 2013/2035/1685 2012/2034/1685 2020/2042/1685 2021/2043/1685
f 1766/1784/1686 2013/2035/1686 2021/2043/1686 1767/1785/1686
f 1765/1783/1687 2009/2031/1687 2013/2035/1687 1766/1784/1687
f 1764/1782/1688 2006/2028/1688 2009/2031/1688 1765/1783/1688
f 2022/2044/1689 2023/2045/1689 2024/2046/1689 2025/2047/1689
f 2023/2045/1690 2026/2048/1690 2027/2049/1690 2024/2046/1690
f 2025/2047/1691 2024/2046/1691 2028/2050/1691 2029/2051/1691
f 2024/2046/1692 2027/2049/1692 2030/2052/1692 2028/2050/1692
f 1505/1518/1693 1698/1716/1693 2022/2044/1693 1784/1802/1693
f 1698/1716/1694 1697/1715/1694 2023/2045/1694 2022/2044/1694
f 1697/1715/1695 1696/1714/1695 2026/2048/1695 2023/2045/1695
f 1696/1714/1696 1605/1623/1696 1983/2005/1696 2026/2048/1696
f 2026/2048/1697 1983/2005/1697 1989/2011/1697 2027/2049/1697
f 2027/2049/1698 1989/2011/1698 1987/2009/1698 2030/2052/1698
f 2030/2052/1699 1987/2009/1699 1988/2010/1699 2031/2053/1699
f 2028/2050/1700 2030/2052/1700 2031/2053/1700 2032/2054/1700
f 2029/2051/1701 2028/2050/1701 2032/2054/1701 2033/2055/1701
f 1786/1804/1702 2029/2051/1702 2033/2055/1702 1787/1805/1702
f 1785/1803/1703 2025/2047/1703 2029/2051/1703 1786/1804/1703
f 1784/1802/1704 2022/2044/1704 2025/2047/1704 1785/1803/1704
f 2034/2056/1705 2035/2057/1705 2036/2058/1705 2037/2059/1705
f 2035/2057/1706 2038/2060/1706 2039/2061/1706 2036/2058/1706
f 2037/2059/1707 2036/2058/1707 2040/2062/1707 2041/2063/1707
f 2036/2058/1708 2039/2061/1708 2042/2064/1708 2040/2062/1708
f 1530/1543/1709 1528/1541/1709 2034/2056/1709 1999/2021/1709
f 1528/1541/1710 1527/1540/1710 2035/2057/1710 2034/2056/1710
f 1527/1540/1711 1526/1539/1711 2038/2060/1711 2035/2057/1711
f 1526/1539/1712 1525/1538/1712 2043/2065/1712 2038/2060/1712
f 2038/2060/1713 2043/2065/1713 2044/2066/1713 2039/2061/1713
f 2039/2061/1714 2044/2066/1714 2045/2067/1714 2042/2064/1714
f 2042/2064/1715 2045/2067/1715 2046/2068/1715 2047/2069/1715
f 2040/2062/1716 2042/2064/1716 2047/2069/1716 2048/2070/1716
f 2041/2063/1717 2040/2062/1717 2048/2070/1717 2049/2071/1717
f 2001/2023/1718 2041/2063/1718 2049/2071/1718 2002/2024/1718
f 2000/2022/1719 2037/2059/1719 2041/2063/1719 2001/2023/1719
f 1999/2021/1720 2034/2056/1720 2037/2059/1720 2000/2022/1720
f 2050/2072/1721 2051/2073/1721 2052/2074/1721 2053/2075/1721
f 2051/2073/1722 2054/2076/1722 2055/2077/1722 2052/2074/1722
f 2053/2075/1723 2052/2074/1723 2056/2078/1723 2057/2079/1723
f 2052/2074/1724 2055/2077/1724 2058/2080/1724 2056/2078/1724
f 1792/1810/1725 1790/1808/1725 2050/2072/1725 1820/1838/1725
f 1790/1808/1726 1789/1807/1726 2051/2073/1726 2050/2072/1726
f 1789/1807/1727 1788/1806/1727 2054/2076/1727 2051/2073/1727
f 1788/1806/1728 1787/1805/1728 2059/2081/1728 2054/2076/1728
f 2054/2076/1721 2059/2081/1721 2060/2082/1721 2055/2077/1721
f 2055/2077/1721 2060/2082/1721 2061/2083/1721 2058/2080/1721
f 2058/2080/1721 2061/2083/1721 2062/2084/1721 2063/2085/1721
f 2056/2078/1729 2058/2080/1729 2063/2085/1729 2064/2086/1729
f 2057/2079/1725 2056/2078/1725 2064/2086/1725 2065/2087/1725
f 1822/1840/1727 2057/2079/1727 2065/2087/1727 1824/1842/1727
f 1821/1839/1730 2053/2075/1730 2057/2079/1730 1822/1840/1730
f 1820/1838/1731 2050/2072/1731 2053/2075/1731 1821/1839/1731
f 2066/2088/1730 2067/2089/1730 2068/2090/1730 2069/2091/1730
f 2067/2089/1729 2070/2092/1729 2071/2093/1729 2068/2090/1729
f 2069/2091/1729 2068/2090/1729 2072/2094/1729 2073/2095/1729
f 2068/2090/1725 2071/2093/1725 2074/2096/1725 2072/2094/1725
f 1888/1906/1729 1886/1904/1729 2066/2088/1729 2075/2097/1729
f 1886/1904/1732 1885/1903/1732 2067/2089/1732 2066/2088/1732
f 1885/1903/1721 1884/1902/1721 2070/2092/1721 2067/2089/1721
f 1884/1902/1721 1856/1874/1721 1854/1872/1721 2070/2092/1721
f 2070/2092/1730 1854/1872/1730 1853/1871/1730 2071/2093/1730
f 2071/2093/1733 1853/1871/1733 1852/1870/1733 2074/2096/1733
f 2074/2096/1734 1852/1870/1734 1824/1842/1734 2065/2087/1734
f 2072/2094/1734 2074/2096/1734 2065/2087/1734 2064/2086/1734
f 2073/2095/1734 2072/2094/1734 2064/2086/1734 2063/2085/1734
f 2076/2098/1729 2073/2095/1729 2063/2085/1729 2062/2084/1729
f 2077/2099/1734 2069/2091/1734 2073/2095/1734 2076/2098/1734
f 2075/2097/1731 2066/2088/1731 2069/2091/1731 2077/2099/1731
f 2078/2100/1735 2079/2101/1735 2080/2102/1735 2081/2103/1735
f 2079/2101/1726 2082/2104/1726 2083/2105/1726 2080/2102/1726
f 2081/2103/1726 2080/2102/1726 2084/2106/1726 2085/2107/1726
f 2080/2102/1736 2083/2105/1736 2086/2108/1736 2084/2106/1736
f 1904/1922/1726 1902/1920/1726 2078/2100/1726 2087/2109/1726
f 1902/1920/1735 1901/1919/1735 2079/2101/1735 2078/2100/1735
f 1901/1919/1721 1900/1918/1721 2082/2104/1721 2079/2101/1721
f 1900/1918/1721 1872/1890/1721 1870/1888/1721 2082/2104/1721
f 2082/2104/1731 1870/1888/1731 1869/1887/1731 2083/2105/1731
f 2083/2105/1737 1869/1887/1737 1868/1886/1737 2086/2108/1737
f 2086/2108/1738 1868/1886/1738 1840/1858/1738 2088/2110/1738
f 2084/2106/1725 2086/2108/1725 2088/2110/1725 2089/2111/1725
f 2085/2107/1729 2084/2106/1729 2089/2111/1729 2090/2112/1729
f 2091/2113/1738 2085/2107/1738 2090/2112/1738 2062/2084/1738
f 2092/2114/1734 2081/2103/1734 2085/2107/1734 2091/2113/1734
f 2087/2109/1727 2078/2100/1727 2081/2103/1727 2092/2114/1727
f 2093/2115/1739 2094/2116/1739 2095/2117/1739 2096/2118/1739
f 2094/2116/1739 2097/2119/1739 2098/2120/1739 2095/2117/1739
f 2096/2118/1729 2095/2117/1729 2099/2121/1729 2100/2122/1729
f 2095/2117/1740 2098/2120/1740 2101/2123/1740 2099/2121/1740
f 2102/2124/1725 2103/2125/1725 2093/2115/1725 2104/2126/1725
f 2103/2125/1741 2105/2127/1741 2094/2116/1741 2093/2115/1741
f 2105/2127/1742 2106/2128/1742 2097/2119/1742 2094/2116/1742
f 2106/2128/1725 1920/1938/1725 1918/1936/1725 2097/2119/1725
f 2097/2119/1730 1918/1936/1730 1917/1935/1730 2098/2120/1730
f 2098/2120/1729 1917/1935/1729 1916/1934/1729 2101/2123/1729
f 2101/2123/1734 1916/1934/1734 1888/1906/1734 2075/2097/1734
f 2099/2121/1734 2101/2123/1734 2075/2097/1734 2077/2099/1734
f 2100/2122/1721 2099/2121/1721 2077/2099/1721 2076/2098/1721
f 2107/2129/1734 2100/2122/1734 2076/2098/1734 2062/2084/1734
f 2108/2130/1729 2096/2118/1729 2100/2122/1729 2107/2129/1729
f 2104/2126/1734 2093/2115/1734 2096/2118/1734 2108/2130/1734
f 2109/2131/1726 2110/2132/1726 2111/2133/1726 2112/2134/1726
f 2110/2132/1743 2113/2135/1743 2114/2136/1743 2111/2133/1743
f 2112/2134/1744 2111/2133/1744 2115/2137/1744 2116/2138/1744
f 2111/2133/1730 2114/2136/1730 2117/2139/1730 2115/2137/1730
f 1935/1953/1721 1953/1971/1721 2109/2131/1721 1936/1954/1721
f 1953/1971/1731 1952/1970/1731 2110/2132/1731 2109/2131/1731
f 1952/1970/1737 1951/1969/1737 2113/2135/1737 2110/2132/1737
f 1951/1969/1738 1904/1922/1738 2087/2109/1738 2113/2135/1738
f 2113/2135/1740 2087/2109/1740 2092/2114/1740 2114/2136/1740
f 2114/2136/1738 2092/2114/1738 2091/2113/1738 2117/2139/1738
f 2117/2139/1721 2091/2113/1721 2062/2084/1721 2118/2140/1721
f 2115/2137/1726 2117/2139/1726 2118/2140/1726 2119/2141/1726
f 2116/2138/1721 2115/2137/1721 2119/2141/1721 2120/2142/1721
f 1938/1956/1721 2116/2138/1721 2120/2142/1721 1940/1958/1721
f 1937/1955/1738 2112/2134/1738 2116/2138/1738 1938/1956/1738
f 1936/1954/1721 2109/2131/1721 2112/2134/1721 1937/1955/1721
f 2121/2143/1739 2122/2144/1739 2123/2145/1739 2124/2146/1739
f 2122/2144/1734 2125/2147/1734 2126/2148/1734 2123/2145/1734
f 2124/2146/1745 2123/2145/1745 2127/2149/1745 2128/2150/1745
f 2123/2145/1725 2126/2148/1725 2129/2151/1725 2127/2149/1725
f 1972/1993/1725 2130/2152/1725 2121/2143/1725 2131/2153/1725
f 2130/2152/1746 2132/2154/1746 2122/2144/1746 2121/2143/1746
f 2132/2154/1721 2133/2155/1721 2125/2147/1721 2122/2144/1721
f 2133/2155/1725 2102/2124/1725 2104/2126/1725 2125/2147/1725
f 2125/2147/1721 2104/2126/1721 2108/2130/1721 2126/2148/1721
f 2126/2148/1729 2108/2130/1729 2107/2129/1729 2129/2151/1729
f 2129/2151/1721 2107/2129/1721 2062/2084/1721 2134/2156/1721
f 2127/2149/1734 2129/2151/1734 2134/2156/1734 2135/2157/1734
f 2128/2150/1732 2127/2149/1732 2135/2157/1732 2136/2158/1732
f 2137/2159/1734 2128/2150/1734 2136/2158/1734 2018/2040/1734
f 2138/2160/1729 2124/2146/1729 2128/2150/1729 2137/2159/1729
f 2131/2153/1730 2121/2143/1730 2124/2146/1730 2138/2160/1730
f 2139/2161/1747 2140/2162/1747 2141/2163/1747 2142/2164/1747
f 2140/2162/1729 2143/2165/1729 2144/2166/1729 2141/2163/1729
f 2142/2164/1731 2141/2163/1731 2145/2167/1731 2146/2168/1731
f 2141/2163/1748 2144/2166/1748 2147/2169/1748 2145/2167/1748
f 1787/1805/1727 2033/2055/1727 2139/2161/1727 2059/2081/1727
f 2033/2055/1728 2032/2054/1728 2140/2162/1728 2139/2161/1728
f 2032/2054/1721 2031/2053/1721 2143/2165/1721 2140/2162/1721
f 2031/2053/1721 1988/2010/1721 1986/2008/1721 2143/2165/1721
f 2143/2165/1721 1986/2008/1721 1985/2007/1721 2144/2166/1721
f 2144/2166/1726 1985/2007/1726 1984/2006/1726 2147/2169/1726
f 2147/2169/1734 1984/2006/1734 1940/1958/1734 2120/2142/1734
f 2145/2167/1729 2147/2169/1729 2120/2142/1729 2119/2141/1729
f 2146/2168/1721 2145/2167/1721 2119/2141/1721 2118/2140/1721
f 2061/2083/1721 2146/2168/1721 2118/2140/1721 2062/2084/1721
f 2060/2082/1738 2142/2164/1738 2146/2168/1738 2061/2083/1738
f 2059/2081/1729 2139/2161/1729 2142/2164/1729 2060/2082/1729
f 2148/2170/1749 2149/2171/1749 2150/2172/1749 2151/2173/1749
f 2149/2171/1737 2152/2174/1737 2153/2175/1737 2150/2172/1737
f 2151/2173/1729 2150/2172/1729 2154/2176/1729 2155/2177/1729
f 2150/2172/1739 2153/2175/1739 2156/2178/1739 2154/2176/1739
f 1772/1790/1730 1770/1788/1730 2148/2170/1730 2157/2179/1730
f 1770/1788/1750 1769/1787/1750 2149/2171/1750 2148/2170/1750
f 1769/1787/1734 1768/1786/1734 2152/2174/1734 2149/2171/1734
f 1768/1786/1721 1767/1785/1721 2021/2043/1721 2152/2174/1721
f 2152/2174/1740 2021/2043/1740 2020/2042/1740 2153/2175/1740
f 2153/2175/1728 2020/2042/1728 2019/2041/1728 2156/2178/1728
f 2156/2178/1725 2019/2041/1725 2018/2040/1725 2136/2158/1725
f 2154/2176/1729 2156/2178/1729 2136/2158/1729 2135/2157/1729
f 2155/2177/1721 2154/2176/1721 2135/2157/1721 2134/2156/1721
f 2158/2180/1721 2155/2177/1721 2134/2156/1721 2062/2084/1721
f 2159/2181/1729 2151/2173/1729 2155/2177/1729 2158/2180/1729
f 2157/2179/1726 2148/2170/1726 2151/2173/1726 2159/2181/1726
f 2160/2182/1751 2161/2183/1751 2162/2184/1751 2163/2185/1751
f 2161/2183/1726 2164/2186/1726 2165/2187/1726 2162/2184/1726
f 2163/2185/1721 2162/2184/1721 2166/2188/1721 2167/2189/1721
f 2162/2184/1724 2165/2187/1724 2168/2190/1724 2166/2188/1724
f 1840/1858/1724 1838/1856/1724 2160/2182/1724 2088/2110/1724
f 1838/1856/1752 1837/1855/1752 2161/2183/1752 2160/2182/1752
f 1837/1855/1734 1836/1854/1734 2164/2186/1734 2161/2183/1734
f 1836/1854/1725 1808/1826/1725 1806/1824/1725 2164/2186/1725
f 2164/2186/1738 1806/1824/1738 1805/1823/1738 2165/2187/1738
f 2165/2187/1730 1805/1823/1730 1804/1822/1730 2168/2190/1730
f 2168/2190/1740 1804/1822/1740 1772/1790/1740 2157/2179/1740
f 2166/2188/1729 2168/2190/1729 2157/2179/1729 2159/2181/1729
f 2167/2189/1734 2166/2188/1734 2159/2181/1734 2158/2180/1734
f 2090/2112/1734 2167/2189/1734 2158/2180/1734 2062/2084/1734
f 2089/2111/1721 2163/2185/1721 2167/2189/1721 2090/2112/1721
f 2088/2110/1737 2160/2182/1737 2163/2185/1737 2089/2111/1737
f 2169/2191/1753 2170/2192/1753 2171/2193/1753 2172/2194/1753
f 2170/2192/1754 2173/2195/1754 2174/2196/1754 2171/2193/1754
f 2172/2194/1755 2171/2193/1755 2175/2197/1755 2176/2198/1755
f 2171/2193/1756 2174/2196/1756 2177/2199/1756 2175/2197/1756
f 2178/2200/1757 2179/2201/1757 2169/2191/1757 2180/2202/1757
f 2179/2201/1758 2181/2203/1758 2170/2192/1758 2169/2191/1758
f 2181/2203/1759 2182/2204/1759 2173/2195/1759 2170/2192/1759
f 2182/2204/1760 928/933/1760 1224/1234/1760 2173/2195/1760
f 2173/2195/1761 1224/1234/1761 1229/1239/1761 2174/2196/1761
f 2174/2196/1762 1229/1239/1762 1228/1238/1762 2177/2199/1762
f 2177/2199/1763 1228/1238/1763 1204/1214/1763 2183/2205/1763
f 2175/2197/1764 2177/2199/1764 2183/2205/1764 2184/2206/1764
f 2176/2198/1765 2175/2197/1765 2184/2206/1765 2185/2207/1765
f 2186/2208/1766 2176/2198/1766 2185/2207/1766 2187/2209/1766
f 2188/2210/1767 2172/2194/1767 2176/2198/1767 2186/2208/1767
f 2180/2202/1768 2169/2191/1768 2172/2194/1768 2188/2210/1768
f 2189/2211/1769 2190/2212/1769 2191/2213/1769 2192/2214/1769
f 2190/2212/1770 2193/2215/1770 2194/2216/1770 2191/2213/1770
f 2192/2214/1771 2191/2213/1771 2195/2217/1771 2196/2218/1771
f 2191/2213/1772 2194/2216/1772 2197/2219/1772 2195/2217/1772
f 2187/2209/1773 2185/2207/1773 2189/2211/1773 2198/2220/1773
f 2185/2207/1774 2184/2206/1774 2190/2212/1774 2189/2211/1774
f 2184/2206/1775 2183/2205/1775 2193/2215/1775 2190/2212/1775
f 2183/2205/1776 1204/1214/1776 1206/1216/1776 2193/2215/1776
f 2193/2215/1777 1206/1216/1777 1214/1224/1777 2194/2216/1777
f 2194/2216/1778 1214/1224/1778 1213/1223/1778 2197/2219/1778
f 2197/2219/1779 1213/1223/1779 1184/1194/1779 2199/2221/1779
f 2195/2217/1780 2197/2219/1780 2199/2221/1780 2200/2222/1780
f 2196/2218/1781 2195/2217/1781 2200/2222/1781 2201/2223/1781
f 2202/2224/1782 2196/2218/1782 2201/2223/1782 2203/2225/1782
f 2204/2226/1783 2192/2214/1783 2196/2218/1783 2202/2224/1783
f 2198/2220/1784 2189/2211/1784 2192/2214/1784 2204/2226/1784
f 2205/2227/1785 2206/2228/1785 2207/2229/1785 2208/2230/1785
f 2206/2228/1786 2209/2231/1786 2210/2232/1786 2207/2229/1786
f 2208/2230/1787 2207/2229/1787 2211/2233/1787 2212/2234/1787
f 2207/2229/1788 2210/2232/1788 2213/2235/1788 2211/2233/1788
f 2203/2225/1789 2201/2223/1789 2205/2227/1789 2214/2236/1789
f 2201/2223/1790 2200/2222/1790 2206/2228/1790 2205/2227/1790
f 2200/2222/1791 2199/2221/1791 2209/2231/1791 2206/2228/1791
f 2199/2221/1792 1184/1194/1792 1186/1196/1792 2209/2231/1792
f 2209/2231/1793 1186/1196/1793 1194/1204/1793 2210/2232/1793
f 2210/2232/1794 1194/1204/1794 1193/1203/1794 2213/2235/1794
f 2213/2235/1795 1193/1203/1795 1164/1174/1795 2215/2237/1795
f 2211/2233/1796 2213/2235/1796 2215/2237/1796 2216/2238/1796
f 2212/2234/1797 2211/2233/1797 2216/2238/1797 2217/2239/1797
f 2218/2240/1798 2212/2234/1798 2217/2239/1798 2219/2241/1798
f 2220/2242/1799 2208/2230/1799 2212/2234/1799 2218/2240/1799
f 2214/2236/1800 2205/2227/1800 2208/2230/1800 2220/2242/1800
f 2221/2243/1801 2222/2244/1801 2223/2245/1801 2224/2246/1801
f 2222/2244/1802 2225/2247/1802 2226/2248/1802 2223/2245/1802
f 2224/2246/1803 2223/2245/1803 2227/2249/1803 2228/2250/1803
f 2223/2245/1804 2226/2248/1804 2229/2251/1804 2227/2249/1804
f 2219/2241/1805 2217/2239/1805 2221/2243/1805 2230/2252/1805
f 2217/2239/1806 2216/2238/1806 2222/2244/1806 2221/2243/1806
f 2216/2238/1807 2215/2237/1807 2225/2247/1807 2222/2244/1807
f 2215/2237/1808 1164/1174/1808 1166/1176/1808 2225/2247/1808
f 2225/2247/1809 1166/1176/1809 1174/1184/1809 2226/2248/1809
f 2226/2248/1810 1174/1184/1810 1173/1183/1810 2229/2251/1810
f 2229/2251/1811 1173/1183/1811 1144/1154/1811 2231/2253/1811
f 2227/2249/1812 2229/2251/1812 2231/2253/1812 2232/2254/1812
f 2228/2250/1813 2227/2249/1813 2232/2254/1813 2233/2255/1813
f 2234/2256/1814 2228/2250/1814 2233/2255/1814 2235/2257/1814
f 2236/2258/1815 2224/2246/1815 2228/2250/1815 2234/2256/1815
f 2230/2252/1816 2221/2243/1816 2224/2246/1816 2236/2258/1816
f 2237/2259/1817 2238/2260/1817 2239/2261/1817 2240/2262/1817
f 2238/2260/1818 2241/2263/1818 2242/2264/1818 2239/2261/1818
f 2240/2262/1819 2239/2261/1819 2243/2265/1819 2244/2266/1819
f 2239/2261/1820 2242/2264/1820 2245/2267/1820 2243/2265/1820
f 2235/2257/1821 2233/2255/1821 2237/2259/1821 2246/2268/1821
f 2233/2255/1822 2232/2254/1822 2238/2260/1822 2237/2259/1822
f 2232/2254/1823 2231/2253/1823 2241/2263/1823 2238/2260/1823
f 2231/2253/1824 1144/1154/1824 1146/1156/1824 2241/2263/1824
f 2241/2263/1825 1146/1156/1825 1154/1164/1825 2242/2264/1825
f 2242/2264/1826 1154/1164/1826 1153/1163/1826 2245/2267/1826
f 2245/2267/1827 1153/1163/1827 1124/1134/1827 2247/2269/1827
f 2243/2265/1828 2245/2267/1828 2247/2269/1828 2248/2270/1828
f 2244/2266/1829 2243/2265/1829 2248/2270/1829 2249/2271/1829
f 2250/2272/1830 2244/2266/1830 2249/2271/1830 2251/2273/1830
f 2252/2274/1831 2240/2262/1831 2244/2266/1831 2250/2272/1831
f 2246/2268/1832 2237/2259/1832 2240/2262/1832 2252/2274/1832
f 2253/2275/1833 2254/2276/1833 2255/2277/1833 2256/2278/1833
f 2254/2276/1834 2257/2279/1834 2258/2280/1834 2255/2277/1834
f 2256/2278/1835 2255/2277/1835 2259/2281/1835 2260/2282/1835
f 2255/2277/1836 2258/2280/1836 2261/2283/1836 2259/2281/1836
f 2251/2273/1837 2249/2271/1837 2253/2275/1837 2262/2284/1837
f 2249/2271/1838 2248/2270/1838 2254/2276/1838 2253/2275/1838
f 2248/2270/1839 2247/2269/1839 2257/2279/1839 2254/2276/1839
f 2247/2269/1840 1124/1134/1840 1126/1136/1840 2257/2279/1840
f 2257/2279/1841 1126/1136/1841 1134/1144/1841 2258/2280/1841
f 2258/2280/1842 1134/1144/1842 1133/1143/1842 2261/2283/1842
f 2261/2283/1843 1133/1143/1843 1099/1109/1843 2263/2285/1843
f 2259/2281/1844 2261/2283/1844 2263/2285/1844 2264/2286/1844
f 2260/2282/1845 2259/2281/1845 2264/2286/1845 2265/2287/1845
f 2266/2288/1846 2260/2282/1846 2265/2287/1846 2267/2289/1846
f 2268/2290/1847 2256/2278/1847 2260/2282/1847 2266/2288/1847
f 2262/2284/1848 2253/2275/1848 2256/2278/1848 2268/2290/1848
f 2269/2291/1849 2270/2292/1849 2271/2293/1849 2272/2294/1849
f 2270/2292/1850 2273/2295/1850 2274/2296/1850 2271/2293/1850
f 2272/2294/1851 2271/2293/1851 2275/2297/1851 2276/2298/1851
f 2271/2293/1852 2274/2296/1852 2277/2299/1852 2275/2297/1852
f 2267/2289/1853 2265/2287/1853 2269/2291/1853 2278/2300/1853
f 2265/2287/1854 2264/2286/1854 2270/2292/1854 2269/2291/1854
f 2264/2286/1855 2263/2285/1855 2273/2295/1855 2270/2292/1855
f 2263/2285/1856 1099/1109/1856 1101/1111/1856 2273/2295/1856
f 2273/2295/1857 1101/1111/1857 1114/1124/1857 2274/2296/1857
f 2274/2296/1858 1114/1124/1858 1112/1122/1858 2277/2299/1858
f 2277/2299/1859 1112/1122/1859 1113/1123/1859 2279/2301/1859
f 2275/2297/1860 2277/2299/1860 2279/2301/1860 2280/2302/1860
f 2276/2298/1861 2275/2297/1861 2280/2302/1861 2281/2303/1861
f 2282/2304/1862 2276/2298/1862 2281/2303/1862 2283/2305/1862
f 2284/2306/1863 2272/2294/1863 2276/2298/1863 2282/2304/1863
f 2278/2300/1864 2269/2291/1864 2272/2294/1864 2284/2306/1864
f 2285/2307/1865 2286/2308/1865 2287/2309/1865 2288/2310/1865
f 2286/2308/1866 2289/2311/1866 2290/2312/1866 2287/2309/1866
f 2288/2310/1867 2287/2309/1867 2291/2313/1867 2292/2314/1867
f 2287/2309/1868 2290/2312/1868 2293/2315/1868 2291/2313/1868
f 2294/2316/1869 2295/2317/1869 2285/2318/1869 2296/2319/1869
f 2295/2317/1870 2297/2320/1870 2286/2321/1870 2285/2318/1870
f 2297/2320/1871 2298/2322/1871 2289/2323/1871 2286/2321/1871
f 2298/2322/1872 1079/1084/1872 1081/1087/1872 2289/2323/1872
f 2289/2311/1873 1081/1099/1873 1089/1098/1873 2290/2312/1873
f 2290/2312/1874 1089/1098/1874 1088/1097/1874 2293/2315/1874
f 2293/2315/1875 1088/1097/1875 869/874/1875 2299/2324/1875
f 2291/2313/1876 2293/2315/1876 2299/2324/1876 2300/2325/1876
f 2292/2314/1877 2291/2313/1877 2300/2325/1877 2301/2326/1877
f 2302/2327/1878 2292/2314/1878 2301/2326/1878 2303/2328/1878
f 2304/2329/1879 2288/2310/1879 2292/2314/1879 2302/2327/1879
f 2296/2330/1880 2285/2307/1880 2288/2310/1880 2304/2329/1880
f 2305/2331/1881 2306/2332/1881 2307/2333/1881 2308/2334/1881
f 2306/2332/1882 2309/2335/1882 2310/2336/1882 2307/2333/1882
f 2308/2334/1883 2307/2333/1883 2311/2337/1883 2312/2338/1883
f 2307/2333/1884 2310/2336/1884 2313/2339/1884 2311/2337/1884
f 2314/2340/1885 2315/2341/1885 2305/2331/1885 2316/2342/1885
f 2315/2341/1886 2317/2343/1886 2306/2332/1886 2305/2331/1886
f 2317/2343/1887 2318/2344/1887 2309/2335/1887 2306/2332/1887
f 2318/2344/1888 1059/1064/1888 1061/1066/1888 2309/2335/1888
f 2309/2335/1889 1061/1066/1889 1069/1074/1889 2310/2336/1889
f 2310/2336/1890 1069/1074/1890 1068/1073/1890 2313/2339/1890
f 2313/2339/1891 1068/1073/1891 1039/1044/1891 2319/2345/1891
f 2311/2337/1892 2313/2339/1892 2319/2345/1892 2320/2346/1892
f 2312/2338/1893 2311/2337/1893 2320/2346/1893 2321/2347/1893
f 2322/2348/1894 2312/2338/1894 2321/2347/1894 2323/2349/1894
f 2324/2350/1895 2308/2334/1895 2312/2338/1895 2322/2348/1895
f 2316/2342/1896 2305/2331/1896 2308/2334/1896 2324/2350/1896
f 2325/2351/1897 2326/2352/1897 2327/2353/1897 2328/2354/1897
f 2326/2352/1898 2329/2355/1898 2330/2356/1898 2327/2353/1898
f 2328/2354/1899 2327/2353/1899 2331/2357/1899 2332/2358/1899
f 2327/2353/1900 2330/2356/1900 2333/2359/1900 2331/2357/1900
f 2323/2349/1901 2321/2347/1901 2325/2351/1901 2334/2360/1901
f 2321/2347/1902 2320/2346/1902 2326/2352/1902 2325/2351/1902
f 2320/2346/1903 2319/2345/1903 2329/2355/1903 2326/2352/1903
f 2319/2345/1904 1039/1044/1904 1041/1046/1904 2329/2355/1904
f 2329/2355/1905 1041/1046/1905 1049/1054/1905 2330/2356/1905
f 2330/2356/1906 1049/1054/1906 1048/1053/1906 2333/2359/1906
f 2333/2359/1907 1048/1053/1907 1019/1024/1907 2335/2361/1907
f 2331/2357/1908 2333/2359/1908 2335/2361/1908 2336/2362/1908
f 2332/2358/1909 2331/2357/1909 2336/2362/1909 2337/2363/1909
f 2338/2364/1910 2332/2358/1910 2337/2363/1910 2339/2365/1910
f 2340/2366/1911 2328/2354/1911 2332/2358/1911 2338/2364/1911
f 2334/2360/1912 2325/2351/1912 2328/2354/1912 2340/2366/1912
f 2341/2367/1913 2342/2368/1913 2343/2369/1913 2344/2370/1913
f 2342/2368/1914 2345/2371/1914 2346/2372/1914 2343/2369/1914
f 2344/2370/1915 2343/2369/1915 2347/2373/1915 2348/2374/1915
f 2343/2369/1916 2346/2372/1916 2349/2375/1916 2347/2373/1916
f 2339/2365/1917 2337/2363/1917 2341/2367/1917 2350/2376/1917
f 2337/2363/1918 2336/2362/1918 2342/2368/1918 2341/2367/1918
f 2336/2362/1919 2335/2361/1919 2345/2371/1919 2342/2368/1919
f 2335/2361/1920 1019/1024/1920 1021/1026/1920 2345/2371/1920
f 2345/2371/1921 1021/1026/1921 1029/1034/1921 2346/2372/1921
f 2346/2372/1922 1029/1034/1922 1028/1033/1922 2349/2375/1922
f 2349/2375/1923 1028/1033/1923 999/1004/1923 2351/2377/1923
f 2347/2373/1924 2349/2375/1924 2351/2377/1924 2352/2378/1924
f 2348/2374/1925 2347/2373/1925 2352/2378/1925 2353/2379/1925
f 2354/2380/1926 2348/2374/1926 2353/2379/1926 2355/2381/1926
f 2356/2382/1927 2344/2370/1927 2348/2374/1927 2354/2380/1927
f 2350/2376/1928 2341/2367/1928 2344/2370/1928 2356/2382/1928
f 2357/2383/1929 2358/2384/1929 2359/2385/1929 2360/2386/1929
f 2358/2384/1930 2361/2387/1930 2362/2388/1930 2359/2385/1930
f 2360/2386/1931 2359/2385/1931 2363/2389/1931 2364/2390/1931
f 2359/2385/1932 2362/2388/1932 2365/2391/1932 2363/2389/1932
f 2355/2381/1933 2353/2379/1933 2357/2383/1933 2366/2392/1933
f 2353/2379/1934 2352/2378/1934 2358/2384/1934 2357/2383/1934
f 2352/2378/1935 2351/2377/1935 2361/2387/1935 2358/2384/1935
f 2351/2377/1936 999/1004/1936 1001/1006/1936 2361/2387/1936
f 2361/2387/1937 1001/1006/1937 1009/1014/1937 2362/2388/1937
f 2362/2388/1938 1009/1014/1938 1008/1013/1938 2365/2391/1938
f 2365/2391/1939 1008/1013/1939 979/984/1939 2367/2393/1939
f 2363/2389/1940 2365/2391/1940 2367/2393/1940 2368/2394/1940
f 2364/2390/1941 2363/2389/1941 2368/2394/1941 2369/2395/1941
f 2370/2396/1942 2364/2390/1942 2369/2395/1942 2371/2397/1942
f 2372/2398/1943 2360/2386/1943 2364/2390/1943 2370/2396/1943
f 2366/2392/1944 2357/2383/1944 2360/2386/1944 2372/2398/1944
f 2373/2399/1945 2374/2400/1945 2375/2401/1945 2376/2402/1945
f 2374/2400/1946 2377/2403/1946 2378/2404/1946 2375/2401/1946
f 2376/2402/1947 2375/2401/1947 2379/2405/1947 2380/2406/1947
f 2375/2401/1948 2378/2404/1948 2381/2407/1948 2379/2405/1948
f 2371/2397/1949 2369/2395/1949 2373/2399/1949 2382/2408/1949
f 2369/2395/1950 2368/2394/1950 2374/2400/1950 2373/2399/1950
f 2368/2394/1951 2367/2393/1951 2377/2403/1951 2374/2400/1951
f 2367/2393/1952 979/984/1952 981/986/1952 2377/2403/1952
f 2377/2403/1953 981/986/1953 989/994/1953 2378/2404/1953
f 2378/2404/1954 989/994/1954 988/993/1954 2381/2407/1954
f 2381/2407/1955 988/993/1955 959/964/1955 2383/2409/1955
f 2379/2405/1956 2381/2407/1956 2383/2409/1956 2384/2410/1956
f 2380/2406/1957 2379/2405/1957 2384/2410/1957 2385/2411/1957
f 2386/2412/1958 2380/2406/1958 2385/2411/1958 2387/2413/1958
f 2388/2414/1959 2376/2402/1959 2380/2406/1959 2386/2412/1959
f 2382/2408/1960 2373/2399/1960 2376/2402/1960 2388/2414/1960
f 2389/2415/1961 2390/2416/1961 2391/2417/1961 2392/2418/1961
f 2390/2416/1962 2393/2419/1962 2394/2420/1962 2391/2417/1962
f 2392/2418/1963 2391/2417/1963 2395/2421/1963 2396/2422/1963
f 2391/2417/1964 2394/2420/1964 2397/2423/1964 2395/2421/1964
f 2387/2413/1965 2385/2411/1965 2389/2415/1965 2398/2424/1965
f 2385/2411/1966 2384/2410/1966 2390/2416/1966 2389/2415/1966
f 2384/2410/1967 2383/2409/1967 2393/2419/1967 2390/2416/1967
f 2383/2409/1968 959/964/1968 961/966/1968 2393/2419/1968
f 2393/2419/1969 961/966/1969 969/974/1969 2394/2420/1969
f 2394/2420/1970 969/974/1970 968/973/1970 2397/2423/1970
f 2397/2423/1971 968/973/1971 939/944/1971 2399/2425/1971
f 2395/2421/1972 2397/2423/1972 2399/2425/1972 2400/2426/1972
f 2396/2422/1973 2395/2421/1973 2400/2426/1973 2401/2427/1973
f 2402/2428/1974 2396/2422/1974 2401/2427/1974 2403/2429/1974
f 2404/2430/1975 2392/2418/1975 2396/2422/1975 2402/2428/1975
f 2398/2424/1976 2389/2415/1976 2392/2418/1976 2404/2430/1976
f 2405/2431/1977 2406/2432/1977 2407/2433/1977 2408/2434/1977
f 2406/2432/1978 2409/2435/1978 2410/2436/1978 2407/2433/1978
f 2408/2434/1979 2407/2433/1979 2411/2437/1979 2412/2438/1979
f 2407/2433/1980 2410/2436/1980 2413/2439/1980 2411/2437/1980
f 2403/2429/1981 2401/2427/1981 2405/2431/1981 2414/2440/1981
f 2401/2427/1982 2400/2426/1982 2406/2432/1982 2405/2431/1982
f 2400/2426/1983 2399/2425/1983 2409/2435/1983 2406/2432/1983
f 2399/2425/1984 939/944/1984 941/946/1984 2409/2435/1984
f 2409/2435/1985 941/946/1985 949/954/1985 2410/2436/1985
f 2410/2436/1986 949/954/1986 948/953/1986 2413/2439/1986
f 2413/2439/1987 948/953/1987 914/919/1987 2415/2441/1987
f 2411/2437/1988 2413/2439/1988 2415/2441/1988 2416/2442/1988
f 2412/2438/1989 2411/2437/1989 2416/2442/1989 2417/2443/1989
f 2418/2444/1990 2412/2438/1990 2417/2443/1990 2419/2445/1990
f 2420/2446/1991 2408/2434/1991 2412/2438/1991 2418/2444/1991
f 2414/2440/1992 2405/2431/1992 2408/2434/1992 2420/2446/1992
f 2421/2447/1993 2422/2448/1993 2423/2449/1993 2424/2450/1993
f 2422/2448/1994 2425/2451/1994 2426/2452/1994 2423/2449/1994
f 2424/2450/1995 2423/2449/1995 2427/2453/1995 2428/2454/1995
f 2423/2449/1996 2426/2452/1996 2429/2455/1996 2427/2453/1996
f 2419/2445/1997 2417/2443/1997 2421/2447/1997 2430/2456/1997
f 2417/2443/1998 2416/2442/1998 2422/2448/1998 2421/2447/1998
f 2416/2442/1999 2415/2441/1999 2425/2451/1999 2422/2448/1999
f 2415/2441/2000 914/919/2000 916/921/2000 2425/2451/2000
f 2425/2451/2001 916/921/2001 929/934/2001 2426/2452/2001
f 2426/2452/2002 929/934/2002 927/932/2002 2429/2455/2002
f 2429/2455/2003 927/932/2003 928/933/2003 2182/2204/2003
f 2427/2453/2004 2429/2455/2004 2182/2204/2004 2181/2203/2004
f 2428/2454/2005 2427/2453/2005 2181/2203/2005 2179/2201/2005
f 2431/2457/2006 2428/2454/2006 2179/2201/2006 2178/2200/2006
f 2432/2458/2007 2424/2450/2007 2428/2454/2007 2431/2457/2007
f 2430/2456/2008 2421/2447/2008 2424/2450/2008 2432/2458/2008
f 2433/2459/2009 2434/2460/2009 2435/2461/2009 2436/2462/2009
f 2434/2460/2010 2437/2463/2010 2438/2464/2010 2435/2461/2010
f 2436/2462/2011 2435/2461/2011 2439/2465/2011 2440/2466/2011
f 2435/2461/2012 2438/2464/2012 2441/2467/2012 2439/2465/2012
f 2442/2468/2013 2443/2469/2013 2433/2459/2013 2444/2470/2013
f 2443/2469/2014 2445/2471/2014 2434/2460/2014 2433/2459/2014
f 2445/2471/2015 2446/2472/2015 2437/2463/2015 2434/2460/2015
f 2446/2472/2016 883/888/2016 894/899/2016 2437/2463/2016
f 2437/2463/2017 894/899/2017 904/909/2017 2438/2464/2017
f 2438/2464/2018 904/909/2018 902/907/2018 2441/2467/2018
f 2441/2467/2019 902/907/2019 903/908/2019 2447/2473/2019
f 2439/2465/2020 2441/2467/2020 2447/2473/2020 2448/2474/2020
f 2440/2466/2021 2439/2465/2021 2448/2474/2021 2449/2475/2021
f 2450/2476/2022 2440/2466/2022 2449/2475/2022 2451/2477/2022
f 2452/2478/2023 2436/2462/2023 2440/2466/2023 2450/2476/2023
f 2444/2470/2024 2433/2459/2024 2436/2462/2024 2452/2478/2024
f 2453/2479/2025 2454/2480/2025 2455/2481/2025 2456/2482/2025
f 2454/2480/2026 2457/2483/2026 2458/2484/2026 2455/2481/2026
f 2456/2482/2027 2455/2481/2027 2459/2485/2027 2460/2486/2027
f 2455/2481/2028 2458/2484/2028 2461/2487/2028 2459/2485/2028
f 2303/2328/2029 2301/2326/2029 2453/2479/2029 2462/2488/2029
f 2301/2326/2030 2300/2325/2030 2454/2480/2030 2453/2479/2030
f 2300/2325/2031 2299/2324/2031 2457/2483/2031 2454/2480/2031
f 2299/2324/2032 869/874/2032 871/876/2032 2457/2483/2032
f 2457/2483/2033 871/876/2033 884/889/2033 2458/2484/2033
f 2458/2484/2034 884/889/2034 882/887/2034 2461/2487/2034
f 2461/2487/2035 882/887/2035 883/888/2035 2446/2472/2035
f 2459/2485/2036 2461/2487/2036 2446/2472/2036 2445/2471/2036
f 2460/2486/2037 2459/2485/2037 2445/2471/2037 2443/2469/2037
f 2463/2489/2038 2460/2486/2038 2443/2469/2038 2442/2468/2038
f 2464/2490/2039 2456/2482/2039 2460/2486/2039 2463/2489/2039
f 2462/2488/2040 2453/2479/2040 2456/2482/2040 2464/2490/2040
f 2465/2491/2041 2466/2492/2041 2467/2493/2041 2468/2494/2041
f 2466/2492/2042 2469/2495/2042 2470/2496/2042 2467/2493/2042
f 2468/2494/2043 2467/2493/2043 2471/2497/2043 2472/2498/2043
f 2467/2493/2044 2470/2496/2044 2473/2499/2044 2471/2497/2044
f 520/525/2045 2474/2500/2045 2465/2501/2045 830/835/2045
f 2474/2502/2046 2475/2503/2046 2466/2492/2046 2465/2491/2046
f 2475/2503/2047 2476/2504/2047 2469/2495/2047 2466/2492/2047
f 2476/2504/2048 2303/2328/2048 2462/2488/2048 2469/2495/2048
f 2469/2495/2049 2462/2488/2049 2464/2490/2049 2470/2496/2049
f 2470/2496/2050 2464/2490/2050 2463/2489/2050 2473/2499/2050
f 2473/2499/2051 2463/2489/2051 2442/2468/2051 2477/2505/2051
f 2471/2497/2052 2473/2499/2052 2477/2505/2052 2478/2506/2052
f 2472/2498/2053 2471/2497/2053 2478/2506/2053 2479/2507/2053
f 832/837/2054 2472/2508/2054 2479/2509/2054 390/395/2054
f 831/836/2055 2468/2510/2055 2472/2508/2055 832/837/2055
f 830/835/2056 2465/2501/2056 2468/2510/2056 831/836/2056
f 2480/2511/2057 2481/2512/2057 2482/2513/2057 2483/2514/2057
f 2481/2512/2058 2484/2515/2058 2485/2516/2058 2482/2513/2058
f 2483/2514/2059 2482/2513/2059 2486/2517/2059 2487/2518/2059
f 2482/2513/2060 2485/2516/2060 2488/2519/2060 2486/2517/2060
f 390/395/2061 2479/2509/2061 2480/2520/2061 391/396/2061
f 2479/2507/2062 2478/2506/2062 2481/2512/2062 2480/2511/2062
f 2478/2506/2063 2477/2505/2063 2484/2515/2063 2481/2512/2063
f 2477/2505/2064 2442/2468/2064 2444/2470/2064 2484/2515/2064
f 2484/2515/2065 2444/2470/2065 2452/2478/2065 2485/2516/2065
f 2485/2516/2066 2452/2478/2066 2450/2476/2066 2488/2519/2066
f 2488/2519/2067 2450/2476/2067 2451/2477/2067 2489/2521/2067
f 2486/2517/2068 2488/2519/2068 2489/2521/2068 2490/2522/2068
f 2487/2518/2069 2486/2517/2069 2490/2522/2069 2491/2523/2069
f 394/399/2070 2487/2524/2070 2491/2525/2070 395/400/2070
f 393/398/2071 2483/2526/2071 2487/2524/2071 394/399/2071
f 391/396/2072 2480/2520/2072 2483/2526/2072 393/398/2072
f 2492/2527/2073 2493/2528/2073 2494/2529/2073 2495/2530/2073
f 2493/2528/2074 2496/2531/2074 2497/2532/2074 2494/2529/2074
f 2495/2530/2075 2494/2529/2075 2498/2533/2075 2499/2534/2075
f 2494/2529/2076 2497/2532/2076 2500/2535/2076 2498/2533/2076
f 470/475/2077 2501/2536/2077 2492/2537/2077 620/625/2077
f 2501/2538/2078 2502/2539/2078 2493/2528/2078 2492/2527/2078
f 2502/2539/2079 2503/2540/2079 2496/2531/2079 2493/2528/2079
f 2503/2540/2080 2419/2445/2080 2430/2456/2080 2496/2531/2080
f 2496/2531/2081 2430/2456/2081 2432/2458/2081 2497/2532/2081
f 2497/2532/2082 2432/2458/2082 2431/2457/2082 2500/2535/2082
f 2500/2535/2083 2431/2457/2083 2178/2200/2083 2504/2541/2083
f 2498/2533/2084 2500/2535/2084 2504/2541/2084 2505/2542/2084
f 2499/2534/2085 2498/2533/2085 2505/2542/2085 2506/2543/2085
f 622/627/2086 2499/2544/2086 2506/2545/2086 540/545/2086
f 621/626/2087 2495/2546/2087 2499/2544/2087 622/627/2087
f 620/625/2088 2492/2537/2088 2495/2546/2088 621/626/2088
f 2507/2547/2089 2508/2548/2089 2509/2549/2089 2510/2550/2089
f 2508/2548/2090 2511/2551/2090 2512/2552/2090 2509/2549/2090
f 2510/2550/2091 2509/2549/2091 2513/2553/2091 2514/2554/2091
f 2509/2549/2092 2512/2552/2092 2515/2555/2092 2513/2553/2092
f 465/470/2093 2516/2556/2093 2507/2557/2093 466/471/2093
f 2516/2558/2094 2517/2559/2094 2508/2548/2094 2507/2547/2094
f 2517/2559/2095 2518/2560/2095 2511/2551/2095 2508/2548/2095
f 2518/2560/2096 2403/2429/2096 2414/2440/2096 2511/2551/2096
f 2511/2551/2097 2414/2440/2097 2420/2446/2097 2512/2552/2097
f 2512/2552/2098 2420/2446/2098 2418/2444/2098 2515/2555/2098
f 2515/2555/2099 2418/2444/2099 2419/2445/2099 2503/2540/2099
f 2513/2553/2100 2515/2555/2100 2503/2540/2100 2502/2539/2100
f 2514/2554/2101 2513/2553/2101 2502/2539/2101 2501/2538/2101
f 469/474/2102 2514/2561/2102 2501/2536/2102 470/475/2102
f 468/473/2103 2510/2562/2103 2514/2561/2103 469/474/2103
f 466/471/2104 2507/2557/2104 2510/2562/2104 468/473/2104
f 2519/2563/2105 2520/2564/2105 2521/2565/2105 2522/2566/2105
f 2520/2564/2106 2523/2567/2106 2524/2568/2106 2521/2565/2106
f 2522/2566/2107 2521/2565/2107 2525/2569/2107 2526/2570/2107
f 2521/2565/2108 2524/2568/2108 2527/2571/2108 2525/2569/2108
f 568/573/2109 2528/2572/2109 2519/2573/2109 670/675/2109
f 2528/2574/2110 2529/2575/2110 2520/2564/2110 2519/2563/2110
f 2529/2575/2111 2530/2576/2111 2523/2567/2111 2520/2564/2111
f 2530/2576/2112 2387/2413/2112 2398/2424/2112 2523/2567/2112
f 2523/2567/2113 2398/2424/2113 2404/2430/2113 2524/2568/2113
f 2524/2568/2114 2404/2430/2114 2402/2428/2114 2527/2571/2114
f 2527/2571/2115 2402/2428/2115 2403/2429/2115 2518/2560/2115
f 2525/2569/2116 2527/2571/2116 2518/2560/2116 2517/2559/2116
f 2526/2570/2117 2525/2569/2117 2517/2559/2117 2516/2558/2117
f 672/677/2118 2526/2577/2118 2516/2556/2118 465/470/2118
f 671/676/2119 2522/2578/2119 2526/2577/2119 672/677/2119
f 670/675/2120 2519/2573/2120 2522/2578/2120 671/676/2120
f 2531/2579/2121 2532/2580/2121 2533/2581/2121 2534/2582/2121
f 2532/2580/2122 2535/2583/2122 2536/2584/2122 2533/2581/2122
f 2534/2582/2123 2533/2581/2123 2537/2585/2123 2538/2586/2123
f 2533/2581/2124 2536/2584/2124 2539/2587/2124 2537/2585/2124
f 370/375/2125 2540/2588/2125 2531/2589/2125 565/570/2125
f 2540/2590/2126 2541/2591/2126 2532/2580/2126 2531/2579/2126
f 2541/2591/2127 2542/2592/2127 2535/2583/2127 2532/2580/2127
f 2542/2592/2128 2371/2397/2128 2382/2408/2128 2535/2583/2128
f 2535/2583/2129 2382/2408/2129 2388/2414/2129 2536/2584/2129
f 2536/2584/2130 2388/2414/2130 2386/2412/2130 2539/2587/2130
f 2539/2587/2131 2386/2412/2131 2387/2413/2131 2530/2576/2131
f 2537/2585/2132 2539/2587/2132 2530/2576/2132 2529/2575/2132
f 2538/2586/2133 2537/2585/2133 2529/2575/2133 2528/2574/2133
f 567/572/2134 2538/2593/2134 2528/2572/2134 568/573/2134
f 566/571/2135 2534/2594/2135 2538/2593/2135 567/572/2135
f 565/570/2136 2531/2589/2136 2534/2594/2136 566/571/2136
f 2543/2595/2137 2544/2596/2137 2545/2597/2137 2546/2598/2137
f 2544/2596/2138 2547/2599/2138 2548/2600/2138 2545/2597/2138
f 2546/2598/2139 2545/2597/2139 2549/2601/2139 2550/2602/2139
f 2545/2597/2140 2548/2600/2140 2551/2603/2140 2549/2601/2140
f 365/370/2141 2552/2604/2141 2543/2605/2141 366/371/2141
f 2552/2606/2142 2553/2607/2142 2544/2596/2142 2543/2595/2142
f 2553/2607/2143 2554/2608/2143 2547/2599/2143 2544/2596/2143
f 2554/2608/2144 2355/2381/2144 2366/2392/2144 2547/2599/2144
f 2547/2599/2145 2366/2392/2145 2372/2398/2145 2548/2600/2145
f 2548/2600/2146 2372/2398/2146 2370/2396/2146 2551/2603/2146
f 2551/2603/2147 2370/2396/2147 2371/2397/2147 2542/2592/2147
f 2549/2601/2148 2551/2603/2148 2542/2592/2148 2541/2591/2148
f 2550/2602/2149 2549/2601/2149 2541/2591/2149 2540/2590/2149
f 369/374/2150 2550/2609/2150 2540/2588/2150 370/375/2150
f 368/373/2151 2546/2610/2151 2550/2609/2151 369/374/2151
f 366/371/2152 2543/2605/2152 2546/2610/2152 368/373/2152
f 2555/2611/2153 2556/2612/2153 2557/2613/2153 2558/2614/2153
f 2556/2612/2154 2559/2615/2154 2560/2616/2154 2557/2613/2154
f 2558/2614/2155 2557/2613/2155 2561/2617/2155 2562/2618/2155
f 2557/2613/2156 2560/2616/2156 2563/2619/2156 2561/2617/2156
f 445/450/2157 2564/2620/2157 2555/2621/2157 605/610/2157
f 2564/2622/2158 2565/2623/2158 2556/2612/2158 2555/2611/2158
f 2565/2623/2159 2566/2624/2159 2559/2615/2159 2556/2612/2159
f 2566/2624/2160 2339/2365/2160 2350/2376/2160 2559/2615/2160
f 2559/2615/2161 2350/2376/2161 2356/2382/2161 2560/2616/2161
f 2560/2616/2162 2356/2382/2162 2354/2380/2162 2563/2619/2162
f 2563/2619/2163 2354/2380/2163 2355/2381/2163 2554/2608/2163
f 2561/2617/2164 2563/2619/2164 2554/2608/2164 2553/2607/2164
f 2562/2618/2165 2561/2617/2165 2553/2607/2165 2552/2606/2165
f 607/612/2166 2562/2625/2166 2552/2604/2166 365/370/2166
f 606/611/2167 2558/2626/2167 2562/2625/2167 607/612/2167
f 605/610/2168 2555/2621/2168 2558/2626/2168 606/611/2168
f 2567/2627/2169 2568/2628/2169 2569/2629/2169 2570/2630/2169
f 2568/2628/2170 2571/2631/2170 2572/2632/2170 2569/2629/2170
f 2570/2630/2171 2569/2629/2171 2573/2633/2171 2574/2634/2171
f 2569/2629/2172 2572/2632/2172 2575/2635/2172 2573/2633/2172
f 440/445/2173 2576/2636/2173 2567/2637/2173 441/446/2173
f 2576/2638/2174 2577/2639/2174 2568/2628/2174 2567/2627/2174
f 2577/2639/2175 2578/2640/2175 2571/2631/2175 2568/2628/2175
f 2578/2640/2176 2323/2349/2176 2334/2360/2176 2571/2631/2176
f 2571/2631/2177 2334/2360/2177 2340/2366/2177 2572/2632/2177
f 2572/2632/2178 2340/2366/2178 2338/2364/2178 2575/2635/2178
f 2575/2635/2179 2338/2364/2179 2339/2365/2179 2566/2624/2179
f 2573/2633/2180 2575/2635/2180 2566/2624/2180 2565/2623/2180
f 2574/2634/2181 2573/2633/2181 2565/2623/2181 2564/2622/2181
f 444/449/2182 2574/2641/2182 2564/2620/2182 445/450/2182
f 443/448/2183 2570/2642/2183 2574/2641/2183 444/449/2183
f 441/446/2184 2567/2637/2184 2570/2642/2184 443/448/2184
f 2579/2643/2185 2580/2644/2185 2581/2645/2185 2582/2646/2185
f 2580/2644/2186 2583/2647/2186 2584/2648/2186 2581/2645/2186
f 2582/2646/2187 2581/2645/2187 2585/2649/2187 2586/2650/2187
f 2581/2645/2188 2584/2648/2188 2587/2651/2188 2585/2649/2188
f 650/655/2189 2588/2652/2189 2579/2653/2189 651/656/2189
f 2588/2654/2190 2589/2655/2190 2580/2644/2190 2579/2643/2190
f 2589/2655/2191 2590/2656/2191 2583/2647/2191 2580/2644/2191
f 2590/2656/2192 2314/2340/2192 2316/2342/2192 2583/2647/2192
f 2583/2647/2193 2316/2342/2193 2324/2350/2193 2584/2648/2193
f 2584/2648/2194 2324/2350/2194 2322/2348/2194 2587/2651/2194
f 2587/2651/2195 2322/2348/2195 2323/2349/2195 2578/2640/2195
f 2585/2649/2196 2587/2651/2196 2578/2640/2196 2577/2639/2196
f 2586/2650/2197 2585/2649/2197 2577/2639/2197 2576/2638/2197
f 654/659/2198 2586/2657/2198 2576/2636/2198 440/445/2198
f 653/658/2199 2582/2658/2199 2586/2657/2199 654/659/2199
f 651/656/2200 2579/2653/2200 2582/2658/2200 653/658/2200
f 2591/2659/2201 2592/2660/2201 2593/2661/2201 2594/2662/2201
f 2592/2660/2202 2595/2663/2202 2596/2664/2202 2593/2661/2202
f 2594/2662/2203 2593/2661/2203 2597/2665/2203 2598/2666/2203
f 2593/2661/2204 2596/2664/2204 2599/2667/2204 2597/2665/2204
f 515/520/2205 2600/2668/2205 2591/2669/2205 516/521/2205
f 2600/2670/2206 2601/2671/2206 2592/2672/2206 2591/2673/2206
f 2601/2671/2207 2602/2674/2207 2595/2675/2207 2592/2672/2207
f 2602/2674/2208 2294/2316/2208 2296/2319/2208 2595/2675/2208
f 2595/2663/2209 2296/2330/2209 2304/2329/2209 2596/2664/2209
f 2596/2664/2210 2304/2329/2210 2302/2327/2210 2599/2667/2210
f 2599/2667/2211 2302/2327/2211 2303/2328/2211 2476/2504/2211
f 2597/2665/2212 2599/2667/2212 2476/2504/2212 2475/2503/2212
f 2598/2666/2213 2597/2665/2213 2475/2503/2213 2474/2502/2213
f 519/524/2214 2598/2676/2214 2474/2500/2214 520/525/2214
f 518/523/2215 2594/2677/2215 2598/2676/2215 519/524/2215
f 516/521/2216 2591/2669/2216 2594/2677/2216 518/523/2216
f 2603/2678/2217 2604/2679/2217 2605/2680/2217 2606/2681/2217
f 2604/2679/2218 2607/2682/2218 2608/2683/2218 2605/2680/2218
f 2606/2681/2219 2605/2680/2219 2609/2684/2219 2610/2685/2219
f 2605/2680/2220 2608/2683/2220 2611/2686/2220 2609/2684/2220
f 588/593/2221 2612/2687/2221 2603/2688/2221 700/705/2221
f 2612/2689/2222 2613/2690/2222 2604/2679/2222 2603/2678/2222
f 2613/2690/2223 2614/2691/2223 2607/2682/2223 2604/2679/2223
f 2614/2691/2224 2267/2289/2224 2278/2300/2224 2607/2682/2224
f 2607/2682/2225 2278/2300/2225 2284/2306/2225 2608/2683/2225
f 2608/2683/2226 2284/2306/2226 2282/2304/2226 2611/2686/2226
f 2611/2686/2227 2282/2304/2227 2283/2305/2227 2615/2692/2227
f 2609/2684/2228 2611/2686/2228 2615/2692/2228 2616/2693/2228
f 2610/2685/2229 2609/2684/2229 2616/2693/2229 2617/2694/2229
f 702/707/2230 2610/2695/2230 2617/2696/2230 703/708/2230
f 701/706/2231 2606/2697/2231 2610/2695/2231 702/707/2231
f 700/705/2232 2603/2688/2232 2606/2697/2232 701/706/2232
f 2618/2698/2233 2619/2699/2233 2620/2700/2233 2621/2701/2233
f 2619/2699/2234 2622/2702/2234 2623/2703/2234 2620/2700/2234
f 2621/2701/2235 2620/2700/2235 2624/2704/2235 2625/2705/2235
f 2620/2700/2236 2623/2703/2236 2626/2706/2236 2624/2704/2236
f 420/425/2237 2627/2707/2237 2618/2708/2237 585/590/2237
f 2627/2709/2238 2628/2710/2238 2619/2699/2238 2618/2698/2238
f 2628/2710/2239 2629/2711/2239 2622/2702/2239 2619/2699/2239
f 2629/2711/2240 2251/2273/2240 2262/2284/2240 2622/2702/2240
f 2622/2702/2241 2262/2284/2241 2268/2290/2241 2623/2703/2241
f 2623/2703/2242 2268/2290/2242 2266/2288/2242 2626/2706/2242
f 2626/2706/2243 2266/2288/2243 2267/2289/2243 2614/2691/2243
f 2624/2704/2244 2626/2706/2244 2614/2691/2244 2613/2690/2244
f 2625/2705/2245 2624/2704/2245 2613/2690/2245 2612/2689/2245
f 587/592/2246 2625/2712/2246 2612/2687/2246 588/593/2246
f 586/591/2247 2621/2713/2247 2625/2712/2247 587/592/2247
f 585/590/2248 2618/2708/2248 2621/2713/2248 586/591/2248
f 2630/2714/2249 2631/2715/2249 2632/2716/2249 2633/2717/2249
f 2631/2715/2250 2634/2718/2250 2635/2719/2250 2632/2716/2250
f 2633/2717/2251 2632/2716/2251 2636/2720/2251 2637/2721/2251
f 2632/2716/2252 2635/2719/2252 2638/2722/2252 2636/2720/2252
f 415/420/2253 2639/2723/2253 2630/2724/2253 416/421/2253
f 2639/2725/2254 2640/2726/2254 2631/2715/2254 2630/2714/2254
f 2640/2726/2255 2641/2727/2255 2634/2718/2255 2631/2715/2255
f 2641/2727/2256 2235/2257/2256 2246/2268/2256 2634/2718/2256
f 2634/2718/2257 2246/2268/2257 2252/2274/2257 2635/2719/2257
f 2635/2719/2258 2252/2274/2258 2250/2272/2258 2638/2722/2258
f 2638/2722/2259 2250/2272/2259 2251/2273/2259 2629/2711/2259
f 2636/2720/2260 2638/2722/2260 2629/2711/2260 2628/2710/2260
f 2637/2721/2261 2636/2720/2261 2628/2710/2261 2627/2709/2261
f 419/424/2262 2637/2728/2262 2627/2707/2262 420/425/2262
f 418/423/2263 2633/2729/2263 2637/2728/2263 419/424/2263
f 416/421/2264 2630/2724/2264 2633/2729/2264 418/423/2264
f 2642/2730/2265 2643/2731/2265 2644/2732/2265 2645/2733/2265
f 2643/2731/2266 2646/2734/2266 2647/2735/2266 2644/2732/2266
f 2645/2733/2267 2644/2732/2267 2648/2736/2267 2649/2737/2267
f 2644/2732/2268 2647/2735/2268 2650/2738/2268 2648/2736/2268
f 495/500/2269 2651/2739/2269 2642/2740/2269 635/640/2269
f 2651/2741/2270 2652/2742/2270 2643/2731/2270 2642/2730/2270
f 2652/2742/2271 2653/2743/2271 2646/2734/2271 2643/2731/2271
f 2653/2743/2272 2219/2241/2272 2230/2252/2272 2646/2734/2272
f 2646/2734/2273 2230/2252/2273 2236/2258/2273 2647/2735/2273
f 2647/2735/2274 2236/2258/2274 2234/2256/2274 2650/2738/2274
f 2650/2738/2275 2234/2256/2275 2235/2257/2275 2641/2727/2275
f 2648/2736/2276 2650/2738/2276 2641/2727/2276 2640/2726/2276
f 2649/2737/2277 2648/2736/2277 2640/2726/2277 2639/2725/2277
f 637/642/2278 2649/2744/2278 2639/2723/2278 415/420/2278
f 636/641/2279 2645/2745/2279 2649/2744/2279 637/642/2279
f 635/640/2280 2642/2740/2280 2645/2745/2280 636/641/2280
f 2654/2746/2281 2655/2747/2281 2656/2748/2281 2657/2749/2281
f 2655/2747/2282 2658/2750/2282 2659/2751/2282 2656/2748/2282
f 2657/2749/2283 2656/2748/2283 2660/2752/2283 2661/2753/2283
f 2656/2748/2284 2659/2751/2284 2662/2754/2284 2660/2752/2284
f 490/495/2285 2663/2755/2285 2654/2756/2285 491/496/2285
f 2663/2757/2286 2664/2758/2286 2655/2747/2286 2654/2746/2286
f 2664/2758/2287 2665/2759/2287 2658/2750/2287 2655/2747/2287
f 2665/2759/2288 2203/2225/2288 2214/2236/2288 2658/2750/2288
f 2658/2750/2289 2214/2236/2289 2220/2242/2289 2659/2751/2289
f 2659/2751/2290 2220/2242/2290 2218/2240/2290 2662/2754/2290
f 2662/2754/2291 2218/2240/2291 2219/2241/2291 2653/2743/2291
f 2660/2752/2292 2662/2754/2292 2653/2743/2292 2652/2742/2292
f 2661/2753/2293 2660/2752/2293 2652/2742/2293 2651/2741/2293
f 494/499/2294 2661/2760/2294 2651/2739/2294 495/500/2294
f 493/498/2295 2657/2761/2295 2661/2760/2295 494/499/2295
f 491/496/2296 2654/2756/2296 2657/2761/2296 493/498/2296
f 2666/2762/2297 2667/2763/2297 2668/2764/2297 2669/2765/2297
f 2667/2763/2298 2670/2766/2298 2671/2767/2298 2668/2764/2298
f 2669/2765/2299 2668/2764/2299 2672/2768/2299 2673/2769/2299
f 2668/2764/2300 2671/2767/2300 2674/2770/2300 2672/2768/2300
f 545/550/2301 2675/2771/2301 2666/2772/2301 685/690/2301
f 2675/2773/2302 2676/2774/2302 2667/2763/2302 2666/2762/2302
f 2676/2774/2303 2677/2775/2303 2670/2766/2303 2667/2763/2303
f 2677/2775/2304 2187/2209/2304 2198/2220/2304 2670/2766/2304
f 2670/2766/2305 2198/2220/2305 2204/2226/2305 2671/2767/2305
f 2671/2767/2306 2204/2226/2306 2202/2224/2306 2674/2770/2306
f 2674/2770/2307 2202/2224/2307 2203/2225/2307 2665/2759/2307
f 2672/2768/2308 2674/2770/2308 2665/2759/2308 2664/2758/2308
f 2673/2769/2309 2672/2768/2309 2664/2758/2309 2663/2757/2309
f 687/692/2310 2673/2776/2310 2663/2755/2310 490/495/2310
f 686/691/2311 2669/2777/2311 2673/2776/2311 687/692/2311
f 685/690/2312 2666/2772/2312 2669/2777/2312 686/691/2312
f 2678/2778/2313 2679/2779/2313 2680/2780/2313 2681/2781/2313
f 2679/2779/2314 2682/2782/2314 2683/2783/2314 2680/2780/2314
f 2681/2781/2315 2680/2780/2315 2684/2784/2315 2685/2785/2315
f 2680/2780/2316 2683/2783/2316 2686/2786/2316 2684/2784/2316
f 540/545/2317 2506/2545/2317 2678/2787/2317 541/546/2317
f 2506/2543/2318 2505/2542/2318 2679/2779/2318 2678/2778/2318
f 2505/2542/2319 2504/2541/2319 2682/2782/2319 2679/2779/2319
f 2504/2541/2320 2178/2200/2320 2180/2202/2320 2682/2782/2320
f 2682/2782/2321 2180/2202/2321 2188/2210/2321 2683/2783/2321
f 2683/2783/2322 2188/2210/2322 2186/2208/2322 2686/2786/2322
f 2686/2786/2323 2186/2208/2323 2187/2209/2323 2677/2775/2323
f 2684/2784/2324 2686/2786/2324 2677/2775/2324 2676/2774/2324
f 2685/2785/2325 2684/2784/2325 2676/2774/2325 2675/2773/2325
f 544/549/2326 2685/2788/2326 2675/2771/2326 545/550/2326
f 543/548/2327 2681/2789/2327 2685/2788/2327 544/549/2327
f 541/546/2328 2678/2787/2328 2681/2789/2328 543/548/2328
f 2687/2790/2329 2688/2791/2329 2689/2792/2329 2690/2793/2329
f 2688/2791/2330 2691/2794/2330 2692/2795/2330 2689/2792/2330
f 2690/2793/2331 2689/2792/2331 2693/2796/2331 2694/2797/2331
f 2689/2792/2332 2692/2795/2332 2695/2798/2332 2693/2796/2332
f 703/708/2333 2617/2696/2333 2687/2799/2333 2696/2800/2333
f 2617/2694/2334 2616/2693/2334 2688/2791/2334 2687/2790/2334
f 2616/2693/2335 2615/2692/2335 2691/2794/2335 2688/2791/2335
f 2615/2692/2336 2283/2305/2336 2697/2801/2336 2691/2794/2336
f 2691/2794/2337 2697/2801/2337 2698/2802/2337 2692/2795/2337
f 2692/2795/2338 2698/2802/2338 2699/2803/2338 2695/2798/2338
f 2695/2798/2339 2699/2803/2339 2294/2316/2339 2602/2674/2339
f 2693/2796/2340 2695/2798/2340 2602/2674/2340 2601/2671/2340
f 2694/2797/2341 2693/2796/2341 2601/2671/2341 2600/2670/2341
f 2700/2804/2342 2694/2805/2342 2600/2668/2342 515/520/2342
f 2701/2806/2343 2690/2807/2343 2694/2805/2343 2700/2804/2343
f 2696/2800/2344 2687/2799/2344 2690/2807/2344 2701/2806/2344
f 2702/2808/2345 2703/2809/2345 2704/2810/2345 2705/2811/2345
f 2703/2809/2346 2706/2812/2346 2707/2813/2346 2704/2810/2346
f 2705/2811/2347 2704/2810/2347 2708/2814/2347 2709/2815/2347
f 2704/2810/2348 2707/2813/2348 2710/2816/2348 2708/2814/2348
f 395/400/2349 2491/2525/2349 2702/2817/2349 2711/2818/2349
f 2491/2523/2350 2490/2522/2350 2703/2809/2350 2702/2808/2350
f 2490/2522/2351 2489/2521/2351 2706/2812/2351 2703/2809/2351
f 2489/2521/2352 2451/2477/2352 2712/2819/2352 2706/2812/2352
f 2706/2812/2353 2712/2819/2353 2713/2820/2353 2707/2813/2353
f 2707/2813/2354 2713/2820/2354 2714/2821/2354 2710/2816/2354
f 2710/2822/2355 2714/2823/2355 2314/2340/2355 2590/2656/2355
f 2708/2824/2356 2710/2822/2356 2590/2656/2356 2589/2655/2356
f 2709/2825/2357 2708/2824/2357 2589/2655/2357 2588/2654/2357
f 2715/2826/2358 2709/2827/2358 2588/2652/2358 650/655/2358
f 2716/2828/2359 2705/2829/2359 2709/2827/2359 2715/2826/2359
f 2711/2818/2360 2702/2817/2360 2705/2829/2360 2716/2828/2360
f 2717/2830/2361 2718/2831/2361 2719/2832/2361 2720/2833/2361
f 2718/2831/2362 2721/2834/2362 2722/2835/2362 2719/2832/2362
f 2720/2833/2363 2719/2832/2363 2723/2836/2363 2724/2837/2363
f 2719/2832/2364 2722/2835/2364 2725/2838/2364 2723/2836/2364
f 2451/2477/2365 2449/2475/2365 2717/2830/2365 2712/2819/2365
f 2449/2475/2366 2448/2474/2366 2718/2831/2366 2717/2830/2366
f 2448/2474/2367 2447/2473/2367 2721/2834/2367 2718/2831/2367
f 2447/2473/2368 903/908/2368 2726/2839/2368 2721/2834/2368
f 2721/2834/2369 2726/2839/2369 2727/2840/2369 2722/2835/2369
f 2722/2835/2370 2727/2840/2370 2728/2841/2370 2725/2838/2370
f 2725/2842/2371 2728/2843/2371 1059/1064/2371 2318/2344/2371
f 2723/2844/2372 2725/2842/2372 2318/2344/2372 2317/2343/2372
f 2724/2845/2373 2723/2844/2373 2317/2343/2373 2315/2341/2373
f 2714/2823/2374 2724/2845/2374 2315/2341/2374 2314/2340/2374
f 2713/2820/2375 2720/2833/2375 2724/2837/2375 2714/2821/2375
f 2712/2819/2376 2717/2830/2376 2720/2833/2376 2713/2820/2376
f 2729/2846/2377 2730/2847/2377 2731/2848/2377 2732/2849/2377
f 2730/2847/2378 2733/2850/2378 2734/2851/2378 2731/2848/2378
f 2732/2849/2379 2731/2848/2379 2735/2852/2379 2736/2853/2379
f 2731/2848/2380 2734/2851/2380 2737/2854/2380 2735/2852/2380
f 2283/2305/2381 2281/2303/2381 2729/2846/2381 2697/2801/2381
f 2281/2303/2382 2280/2302/2382 2730/2847/2382 2729/2846/2382
f 2280/2302/2383 2279/2301/2383 2733/2850/2383 2730/2847/2383
f 2279/2301/2384 1113/1123/2384 2738/2855/2384 2733/2850/2384
f 2733/2850/2385 2738/2855/2385 2739/2856/2385 2734/2851/2385
f 2734/2851/2386 2739/2856/2386 2740/2857/2386 2737/2854/2386
f 2737/2854/2387 2740/2857/2387 1079/1084/2387 2298/2322/2387
f 2735/2852/2388 2737/2854/2388 2298/2322/2388 2297/2320/2388
f 2736/2853/2389 2735/2852/2389 2297/2320/2389 2295/2317/2389
f 2699/2803/2390 2736/2853/2390 2295/2317/2390 2294/2316/2390
f 2698/2802/2391 2732/2849/2391 2736/2853/2391 2699/2803/2391
f 2697/2801/2392 2729/2846/2392 2732/2849/2392 2698/2802/2392
f 2741/2858/2393 2742/2859/2393 2743/2860/2393 2744/2861/2393
f 2742/2859/2394 2745/2862/2394 2746/2863/2394 2743/2860/2394
f 2744/2861/2395 2743/2860/2395 2747/2864/2395 2748/2865/2395
f 2743/2860/1741 2746/2863/1741 2749/2866/1741 2747/2864/1741
f 1967/1986/2396 2005/2027/2396 2741/2858/2396 1968/1987/2396
f 2005/2027/2397 2004/2026/2397 2742/2859/2397 2741/2858/2397
f 2004/2026/2398 2003/2025/2398 2745/2862/2398 2742/2859/2398
f 2003/2025/2399 2002/2024/2399 2750/2867/2399 2745/2862/2399
f 2745/2862/2394 2750/2867/2394 2751/2868/2394 2746/2863/2394
f 2746/2863/2400 2751/2868/2400 2752/2869/2400 2749/2866/2400
f 2749/2870/1732 2752/2871/1732 2102/2124/1732 2133/2155/1732
f 2747/2872/1730 2749/2870/1730 2133/2155/1730 2132/2154/1730
f 2748/2873/2401 2747/2872/2401 2132/2154/2401 2130/2152/2401
f 1970/1992/2401 2748/2873/2401 2130/2152/2401 1972/1993/2401
f 1969/1988/2395 2744/2861/2395 2748/2865/2395 1970/1989/2395
f 1968/1987/2400 2741/2858/2400 2744/2861/2400 1969/1988/2400
f 2753/2874/2394 2754/2875/2394 2755/2876/2394 2756/2877/2394
f 2754/2875/2393 2757/2878/2393 2758/2879/2393 2755/2876/2393
f 2756/2877/2400 2755/2876/2400 2759/2880/2400 2760/2881/2400
f 2755/2876/2395 2758/2879/2395 2761/2882/2395 2759/2880/2395
f 2002/2024/2399 2049/2071/2399 2753/2874/2399 2750/2867/2399
f 2049/2071/2393 2048/2070/2393 2754/2875/2393 2753/2874/2393
f 2048/2070/2395 2047/2069/2395 2757/2878/2395 2754/2875/2395
f 2047/2069/1721 2046/2068/1721 2762/2883/1721 2757/2878/1721
f 2757/2878/1721 2762/2883/1721 2763/2884/1721 2758/2879/1721
f 2758/2879/2395 2763/2884/2395 2764/2885/2395 2761/2882/2395
f 2761/2886/1739 2764/2887/1739 1920/1938/1739 2106/2128/1739
f 2759/2888/2402 2761/2886/2402 2106/2128/2402 2105/2127/2402
f 2760/2889/2403 2759/2888/2403 2105/2127/2403 2103/2125/2403
f 2752/2871/2404 2760/2889/2404 2103/2125/2404 2102/2124/2404
f 2751/2868/2400 2756/2877/2400 2760/2881/2400 2752/2869/2400
f 2750/2867/2394 2753/2874/2394 2756/2877/2394 2751/2868/2394
f 2765/2890/2405 2766/2891/2405 2767/2892/2405 2768/2893/2405
f 2766/2891/2406 2769/2894/2406 2770/2895/2406 2767/2892/2406
f 2768/2893/2407 2767/2892/2407 2771/2896/2407 2772/2897/2407
f 2767/2892/2408 2770/2895/2408 2773/2898/2408 2771/2896/2408
f 1671/1689/2409 2774/2899/2409 2765/2890/2409 2015/2037/2409
f 2774/2899/2410 2775/2900/2410 2766/2891/2410 2765/2890/2410
f 2775/2900/2411 2776/2901/2411 2769/2894/2411 2766/2891/2411
f 2776/2901/2412 1565/1582/2412 1963/1982/2412 2769/2894/2412
f 2769/2894/2413 1963/1982/2413 1973/1994/2413 2770/2895/2413
f 2770/2895/2414 1973/1994/2414 1971/1990/2414 2773/2898/2414
f 2773/2898/2415 1971/1990/2415 1972/1993/2415 2131/2153/2415
f 2771/2896/2416 2773/2898/2416 2131/2153/2416 2138/2160/2416
f 2772/2897/2417 2771/2896/2417 2138/2160/2417 2137/2159/2417
f 2017/2039/2418 2772/2897/2418 2137/2159/2418 2018/2040/2418
f 2016/2038/2419 2768/2893/2419 2772/2897/2419 2017/2039/2419
f 2015/2037/2420 2765/2890/2420 2768/2893/2420 2016/2038/2420
f 2777/2902/2421 2778/2903/2421 2779/2904/2421 2780/2905/2421
f 2778/2903/2422 2781/2906/2422 2782/2907/2422 2779/2904/2422
f 2780/2905/2423 2779/2904/2423 2783/2908/2423 2784/2909/2423
f 2779/2904/2424 2782/2907/2424 2785/2910/2424 2783/2908/2424
f 1525/1538/2425 2786/2911/2425 2777/2902/2425 2043/2065/2425
f 2786/2911/2426 2787/2912/2426 2778/2903/2426 2777/2902/2426
f 2787/2912/2427 2788/2913/2427 2781/2906/2427 2778/2903/2427
f 2788/2914/2428 1716/1734/2428 1915/1933/2428 2781/2915/2428
f 2781/2915/2429 1915/1933/2429 1921/1939/2429 2782/2916/2429
f 2782/2916/2430 1921/1939/2430 1919/1937/2430 2785/2917/2430
f 2785/2917/2431 1919/1937/2431 1920/1938/2431 2764/2887/2431
f 2783/2908/2432 2785/2910/2432 2764/2885/2432 2763/2884/2432
f 2784/2909/2433 2783/2908/2433 2763/2884/2433 2762/2883/2433
f 2045/2067/2434 2784/2909/2434 2762/2883/2434 2046/2068/2434
f 2044/2066/2435 2780/2905/2435 2784/2909/2435 2045/2067/2435
f 2043/2065/2436 2777/2902/2436 2780/2905/2436 2044/2066/2436
f 2789/2918/2437 2790/2919/2437 2791/2920/2437 2792/2921/2437
f 2790/2919/2438 2793/2922/2438 2794/2923/2438 2791/2920/2438
f 2792/2921/2439 2791/2920/2439 2795/2924/2439 2796/2925/2439
f 2791/2920/2440 2794/2923/2440 2797/2926/2440 2795/2924/2440
f 164/168/2441 163/167/2441 2789/2918/2441 1522/1535/2441
f 163/167/2442 162/166/2442 2790/2919/2442 2789/2918/2442
f 162/166/2443 161/165/2443 2793/2922/2443 2790/2919/2443
f 161/164/2444 160/163/2444 1709/1727/2444 2793/2927/2444
f 2793/2927/2445 1709/1727/2445 1717/1735/2445 2794/2928/2445
f 2794/2928/2446 1717/1735/2446 1715/1733/2446 2797/2929/2446
f 2797/2929/2447 1715/1733/2447 1716/1734/2447 2788/2914/2447
f 2795/2924/2448 2797/2926/2448 2788/2913/2448 2787/2912/2448
f 2796/2925/2449 2795/2924/2449 2787/2912/2449 2786/2911/2449
f 1524/1537/2450 2796/2925/2450 2786/2911/2450 1525/1538/2450
f 1523/1536/2451 2792/2921/2451 2796/2925/2451 1524/1537/2451
f 1522/1535/2452 2789/2918/2452 2792/2921/2452 1523/1536/2452
f 2798/2930/2453 2799/2931/2453 2800/2932/2453 2801/2933/2453
f 2799/2931/2454 2802/2934/2454 2803/2935/2454 2800/2932/2454
f 2801/2933/2455 2800/2932/2455 2804/2936/2455 2805/2937/2455
f 2800/2932/2456 2803/2935/2456 2806/2938/2456 2804/2936/2456
f 189/194/2457 188/193/2457 2798/2930/2457 1668/1686/2457
f 188/193/2458 187/192/2458 2799/2931/2458 2798/2930/2458
f 187/192/2459 186/191/2459 2802/2934/2459 2799/2931/2459
f 186/191/2460 185/190/2460 1558/1572/2460 2802/2934/2460
f 2802/2934/2461 1558/1572/2461 1566/1583/2461 2803/2935/2461
f 2803/2935/2462 1566/1583/2462 1564/1579/2462 2806/2938/2462
f 2806/2938/2463 1564/1579/2463 1565/1582/2463 2776/2901/2463
f 2804/2936/2464 2806/2938/2464 2776/2901/2464 2775/2900/2464
f 2805/2937/2465 2804/2936/2465 2775/2900/2465 2774/2899/2465
f 1670/1688/2466 2805/2937/2466 2774/2899/2466 1671/1689/2466
f 1669/1687/2467 2801/2933/2467 2805/2937/2467 1670/1688/2467
f 1668/1686/2468 2798/2930/2468 2801/2933/2468 1669/1687/2468
f 2807/2939/2469 2808/2940/2469 2809/2941/2469 2810/2942/2469
f 2808/2940/2470 2811/2943/2470 2812/2944/2470 2809/2941/2470
f 2810/2942/2471 2809/2941/2471 2813/2945/2471 2814/2946/2471
f 2809/2941/2472 2812/2944/2472 2815/2947/2472 2813/2945/2472
f 1108/1118/2473 1382/1395/2473 2807/2939/2473 2816/2948/2473
f 1382/1395/2474 1381/1394/2474 2808/2940/2474 2807/2939/2474
f 1381/1394/2475 1380/1393/2475 2811/2943/2475 2808/2940/2475
f 1380/1393/2476 144/144/2476 2817/2949/2476 2811/2943/2476
f 2811/2943/2477 2817/2949/2477 2818/2950/2477 2812/2944/2477
f 2812/2944/2478 2818/2950/2478 2819/2951/2478 2815/2947/2478
f 2815/2947/2479 2819/2951/2479 155/155/2479 1367/1379/2479
f 2813/2945/2480 2815/2947/2480 1367/1379/2480 1366/1377/2480
f 2814/2946/2481 2813/2945/2481 1366/1377/2481 1365/1375/2481
f 2820/2952/2482 2814/2946/2482 1365/1375/2482 1084/1092/2482
f 2821/2953/2483 2810/2942/2483 2814/2946/2483 2820/2952/2483
f 2816/2948/2484 2807/2939/2484 2810/2942/2484 2821/2953/2484
f 2822/2954/2485 2823/2955/2485 2824/2956/2485 2825/2957/2485
f 2823/2955/2486 2826/2958/2486 2827/2959/2486 2824/2956/2486
f 2825/2957/2487 2824/2956/2487 2828/2960/2487 2829/2961/2487
f 2824/2956/2488 2827/2959/2488 2830/2962/2488 2828/2960/2488
f 898/903/2489 1256/1266/2489 2822/2954/2489 2831/2963/2489
f 1256/1266/2490 1255/1265/2490 2823/2955/2490 2822/2954/2490
f 1255/1265/2491 1254/1264/2491 2826/2958/2491 2823/2955/2491
f 1254/1264/2492 354/359/2492 2832/2964/2492 2826/2958/2492
f 2826/2958/2493 2832/2964/2493 2833/2965/2493 2827/2959/2493
f 2827/2959/2494 2833/2965/2494 2834/2966/2494 2830/2962/2494
f 2830/2967/2495 2834/2968/2495 180/185/2495 1355/1365/2495
f 2828/2969/2496 2830/2967/2496 1355/1365/2496 1354/1364/2496
f 2829/2970/2497 2828/2969/2497 1354/1364/2497 1353/1363/2497
f 2835/2971/2498 2829/2970/2498 1353/1363/2498 1064/1069/2498
f 2836/2972/2499 2825/2957/2499 2829/2961/2499 2835/2973/2499
f 2831/2963/2500 2822/2954/2500 2825/2957/2500 2836/2972/2500
f 2837/2974/2501 2838/2975/2501 2839/2976/2501 2840/2977/2501
f 2838/2975/2502 2841/2978/2502 2842/2979/2502 2839/2976/2502
f 2840/2977/2503 2839/2976/2503 2843/2980/2503 2844/2981/2503
f 2839/2976/2504 2842/2979/2504 2845/2982/2504 2843/2980/2504
f 1113/1123/2505 1111/1121/2505 2837/2974/2505 2738/2855/2505
f 1111/1121/2506 1110/1120/2506 2838/2975/2506 2837/2974/2506
f 1110/1120/2507 1109/1119/2507 2841/2978/2507 2838/2975/2507
f 1109/1119/2508 1108/1118/2508 2816/2948/2508 2841/2978/2508
f 2841/2978/2509 2816/2948/2509 2821/2953/2509 2842/2979/2509
f 2842/2979/2510 2821/2953/2510 2820/2952/2510 2845/2982/2510
f 2845/2982/2511 2820/2952/2511 1084/1092/2511 1083/1090/2511
f 2843/2980/2512 2845/2982/2512 1083/1090/2512 1082/1088/2512
f 2844/2981/2513 2843/2980/2513 1082/1088/2513 1080/1085/2513
f 2740/2857/2514 2844/2981/2514 1080/1085/2514 1079/1084/2514
f 2739/2856/2515 2840/2977/2515 2844/2981/2515 2740/2857/2515
f 2738/2855/2516 2837/2974/2516 2840/2977/2516 2739/2856/2516
f 2846/2983/2517 2847/2984/2517 2848/2985/2517 2849/2986/2517
f 2847/2984/2518 2850/2987/2518 2851/2988/2518 2848/2985/2518
f 2849/2986/2519 2848/2985/2519 2852/2989/2519 2853/2990/2519
f 2848/2985/2520 2851/2988/2520 2854/2991/2520 2852/2989/2520
f 903/908/2521 901/906/2521 2846/2983/2521 2726/2839/2521
f 901/906/2522 900/905/2522 2847/2984/2522 2846/2983/2522
f 900/905/2523 899/904/2523 2850/2987/2523 2847/2984/2523
f 899/904/2524 898/903/2524 2831/2963/2524 2850/2987/2524
f 2850/2987/2525 2831/2963/2525 2836/2972/2525 2851/2988/2525
f 2851/2988/2526 2836/2972/2526 2835/2973/2526 2854/2991/2526
f 2854/2992/2527 2835/2971/2527 1064/1069/2527 1063/1068/2527
f 2852/2993/2528 2854/2992/2528 1063/1068/2528 1062/1067/2528
f 2853/2994/2529 2852/2993/2529 1062/1067/2529 1060/1065/2529
f 2728/2843/2530 2853/2994/2530 1060/1065/2530 1059/1064/2530
f 2727/2840/2531 2849/2986/2531 2853/2990/2531 2728/2841/2531
f 2726/2839/2532 2846/2983/2532 2849/2986/2532 2727/2840/2532
f 2855/2995/541 2856/2996/541 2857/2997/541 2858/2998/541
f 2856/2996/541 2859/2999/541 2860/3000/541 2857/2997/541
f 2858/2998/541 2857/2997/541 2861/3001/541 2862/3002/541
f 2857/2997/541 2860/3000/541 2863/3003/541 2861/3001/541
f 404/409/541 402/407/541 2855/2995/541 2864/3004/541
f 402/407/541 401/406/541 2856/2996/541 2855/2995/541
f 401/406/541 400/405/541 2859/2999/541 2856/2996/541
f 400/405/541 399/404/541 2865/3005/541 2859/2999/541
f 2859/2999/541 2865/3005/541 2866/3006/541 2860/3000/541
f 2860/3000/541 2866/3006/541 2867/3007/541 2863/3003/541
f 2863/3003/541 2867/3007/541 659/664/541 772/777/541
f 2861/3001/541 2863/3003/541 772/777/541 771/776/541
f 2862/3002/541 2861/3001/541 771/776/541 770/775/541
f 2868/3008/541 2862/3002/541 770/775/541 740/745/541
f 2869/3009/541 2858/2998/541 2862/3002/541 2868/3008/541
f 2864/3004/541 2855/2995/541 2858/2998/541 2869/3009/541
f 2870/3010/541 2871/3011/541 2872/3012/541 2873/3013/541
f 2871/3011/541 2874/3014/541 2875/3015/541 2872/3012/541
f 2873/3013/541 2872/3012/541 2876/3016/541 2877/3017/541
f 2872/3012/541 2875/3015/541 2878/3018/541 2876/3016/541
f 524/529/541 835/840/541 2870/3010/541 525/530/541
f 835/840/541 834/839/541 2871/3011/541 2870/3010/541
f 834/839/541 833/838/541 2874/3014/541 2871/3011/541
f 833/838/541 404/409/541 2864/3004/541 2874/3014/541
f 2874/3014/541 2864/3004/541 2869/3009/541 2875/3015/541
f 2875/3015/541 2869/3009/541 2868/3008/541 2878/3018/541
f 2878/3018/541 2868/3008/541 740/745/541 739/744/541
f 2876/3016/541 2878/3018/541 739/744/541 738/743/541
f 2877/3017/541 2876/3016/541 738/743/541 736/741/541
f 527/532/541 2877/3017/541 736/741/541 529/534/541
f 526/531/541 2873/3013/541 2877/3017/541 527/532/541
f 525/530/541 2870/3010/541 2873/3013/541 526/531/541
f 2879/3019/2533 2880/3020/2533 2881/3021/2533 2882/3022/2533
f 2880/3020/2534 2883/3023/2534 2884/3024/2534 2881/3021/2534
f 2882/3022/2535 2881/3021/2535 2885/3025/2535 2886/3026/2535
f 2881/3021/2536 2884/3024/2536 2887/3027/2536 2885/3025/2536
f 395/400/2537 2711/2818/2537 2879/3019/2537 396/401/2537
f 2711/2818/2538 2716/2828/2538 2880/3020/2538 2879/3019/2538
f 2716/2828/2539 2715/2826/2539 2883/3023/2539 2880/3020/2539
f 2715/2826/2540 650/655/2540 652/657/2540 2883/3023/2540
f 2883/3023/2541 652/657/2541 660/665/2541 2884/3024/2541
f 2884/3024/2542 660/665/2542 658/663/2542 2887/3027/2542
f 2887/3027/491 658/663/491 659/664/491 2867/3007/491
f 2885/3025/2543 2887/3027/2543 2867/3007/2543 2866/3006/2543
f 2886/3026/2544 2885/3025/2544 2866/3006/2544 2865/3005/2544
f 398/403/2545 2886/3026/2545 2865/3005/2545 399/404/2545
f 397/402/2546 2882/3022/2546 2886/3026/2546 398/403/2546
f 396/401/2547 2879/3019/2547 2882/3022/2547 397/402/2547
f 2888/3028/2548 2889/3029/2548 2890/3030/2548 2891/3031/2548
f 2889/3029/2549 2892/3032/2549 2893/3033/2549 2890/3030/2549
f 2891/3031/2550 2890/3030/2550 2894/3034/2550 2895/3035/2550
f 2890/3030/2551 2893/3033/2551 2896/3036/2551 2894/3034/2551
f 703/708/2552 2696/2800/2552 2888/3028/2552 704/709/2552
f 2696/2800/2553 2701/2806/2553 2889/3029/2553 2888/3028/2553
f 2701/2806/2554 2700/2804/2554 2892/3032/2554 2889/3029/2554
f 2700/2804/2555 515/520/2555 517/522/2555 2892/3032/2555
f 2892/3032/2556 517/522/2556 530/535/2556 2893/3033/2556
f 2893/3033/2557 530/535/2557 528/533/2557 2896/3036/2557
f 2896/3036/2558 528/533/2558 529/534/2558 737/742/2558
f 2894/3034/2558 2896/3036/2558 737/742/2558 748/753/2558
f 2895/3035/2558 2894/3034/2558 748/753/2558 747/752/2558
f 706/711/2559 2895/3035/2559 747/752/2559 707/712/2559
f 705/710/2560 2891/3031/2560 2895/3035/2560 706/711/2560
f 704/709/2561 2888/3028/2561 2891/3031/2561 705/710/2561
f 2897/3037/2562 2898/3038/2562 2899/3039/2562 2900/3040/2562
f 2898/3038/2563 2901/3041/2563 2902/3042/2563 2899/3039/2563
f 2900/3040/2564 2899/3039/2564 2903/3043/2564 2904/3044/2564
f 2899/3039/2565 2902/3042/2565 2905/3045/2565 2903/3043/2565
f 354/359/2566 352/357/2566 2897/3037/2566 2832/2964/2566
f 352/357/2567 351/356/2567 2898/3038/2567 2897/3037/2567
f 351/356/2568 350/355/2568 2901/3041/2568 2898/3038/2568
f 350/355/2569 349/354/2569 1560/1575/2569 2901/3041/2569
f 2901/3041/2570 1560/1575/2570 1559/1574/2570 2902/3042/2570
f 2902/3042/2571 1559/1574/2571 1557/1573/2571 2905/3045/2571
f 2905/3046/2572 1557/1570/2572 185/190/2572 184/189/2572
f 2903/3047/2573 2905/3046/2573 184/189/2573 183/188/2573
f 2904/3048/2574 2903/3047/2574 183/188/2574 181/186/2574
f 2834/2968/2575 2904/3048/2575 181/186/2575 180/185/2575
f 2833/2965/2576 2900/3040/2576 2904/3044/2576 2834/2966/2576
f 2832/2964/2577 2897/3037/2577 2900/3040/2577 2833/2965/2577
f 2906/3049/2578 2907/3050/2578 2908/3051/2578 2909/3052/2578
f 2907/3050/2579 2910/3053/2579 2911/3054/2579 2908/3051/2579
f 2909/3052/2580 2908/3051/2580 2912/3055/2580 2913/3056/2580
f 2908/3051/2581 2911/3054/2581 2914/3057/2581 2912/3055/2581
f 144/144/2582 142/142/2582 2906/3049/2582 2817/2949/2582
f 142/142/2583 141/141/2583 2907/3050/2583 2906/3049/2583
f 141/141/2584 140/140/2584 2910/3053/2584 2907/3050/2584
f 140/140/2585 139/139/2585 1711/1729/2585 2910/3053/2585
f 2910/3053/2586 1711/1729/2586 1710/1728/2586 2911/3054/2586
f 2911/3054/2587 1710/1728/2587 1708/1726/2587 2914/3057/2587
f 2914/3057/2588 1708/1726/2588 160/163/2588 159/161/2588
f 2912/3055/2589 2914/3057/2589 159/161/2589 158/159/2589
f 2913/3056/2590 2912/3055/2590 158/159/2590 156/156/2590
f 2819/2951/2591 2913/3056/2591 156/156/2591 155/155/2591
f 2818/2950/2592 2909/3052/2592 2913/3056/2592 2819/2951/2592
f 2817/2949/2593 2906/3049/2593 2909/3052/2593 2818/2950/2593
