# Blender 5.1.1
# www.blender.org
mtllib r_forearm.mtl
o export_r_forearm_part
v -0.031035 0.042653 -0.001348
v -0.018636 0.037786 -0.001147
v -0.018516 0.037060 -0.008518
v -0.030900 0.041834 -0.009668
v -0.018401 0.034909 -0.015605
v -0.030771 0.039407 -0.017669
v -0.018295 0.031418 -0.022137
v -0.030651 0.035465 -0.025042
v -0.018202 0.026719 -0.027862
v -0.030546 0.030160 -0.031505
v -0.018126 0.020993 -0.032561
v -0.030460 0.023697 -0.036808
v -0.018070 0.014460 -0.036052
v -0.030396 0.016323 -0.040749
v -0.018035 0.007372 -0.038202
v -0.030357 0.008321 -0.043176
v -0.018023 -0.000000 -0.038928
v -0.030344 -0.000000 -0.043996
v -0.018035 -0.007372 -0.038202
v -0.030357 -0.008321 -0.043176
v -0.018070 -0.014460 -0.036052
v -0.030396 -0.016323 -0.040749
v -0.018126 -0.020993 -0.032561
v -0.030460 -0.023697 -0.036808
v -0.018202 -0.026719 -0.027862
v -0.030546 -0.030161 -0.031505
v -0.018295 -0.031418 -0.022137
v -0.030651 -0.035465 -0.025042
v -0.018401 -0.034910 -0.015605
v -0.030771 -0.039407 -0.017669
v -0.018516 -0.037060 -0.008518
v -0.030900 -0.041834 -0.009668
v -0.018636 -0.037786 -0.001147
v -0.031035 -0.042654 -0.001348
v -0.018755 -0.037060 0.006224
v -0.031170 -0.041834 0.006972
v -0.018870 -0.034910 0.013311
v -0.031300 -0.039407 0.014973
v -0.018976 -0.031418 0.019843
v -0.031420 -0.035465 0.022346
v -0.019069 -0.026719 0.025568
v -0.031524 -0.030161 0.028809
v -0.019145 -0.020993 0.030267
v -0.031610 -0.023697 0.034112
v -0.019202 -0.014460 0.033758
v -0.031674 -0.016323 0.038054
v -0.019237 -0.007372 0.035908
v -0.031714 -0.008321 0.040480
v -0.019248 -0.000000 0.036634
v -0.031727 -0.000000 0.041300
v -0.019237 0.007372 0.035908
v -0.031714 0.008321 0.040480
v -0.019202 0.014460 0.033758
v -0.031674 0.016323 0.038054
v -0.019145 0.020993 0.030267
v -0.031610 0.023697 0.034112
v -0.019069 0.026719 0.025568
v -0.031524 0.030160 0.028809
v -0.018976 0.031418 0.019843
v -0.031420 0.035465 0.022346
v -0.018870 0.034909 0.013311
v -0.031300 0.039407 0.014973
v -0.018852 0.013359 0.012211
v -0.018806 0.015709 0.009348
v -0.018755 0.037060 0.006224
v -0.031170 0.041834 0.006972
v -0.069328 0.048851 0.007749
v -0.043581 0.045156 0.007432
v -0.043435 0.046040 -0.001549
v -0.069170 0.049808 -0.001966
v -0.069480 0.046016 0.017092
v -0.043721 0.042536 0.016068
v -0.069619 0.041414 0.025702
v -0.043850 0.038281 0.024026
v -0.069742 0.035219 0.033248
v -0.043963 0.032555 0.031002
v -0.069842 0.027672 0.039442
v -0.044056 0.025579 0.036727
v -0.069917 0.019061 0.044044
v -0.044125 0.017619 0.040981
v -0.069963 0.009717 0.046878
v -0.044167 0.008982 0.043601
v -0.069978 -0.000000 0.047835
v -0.044182 -0.000000 0.044485
v -0.069963 -0.009717 0.046878
v -0.044167 -0.008982 0.043601
v -0.069917 -0.019061 0.044044
v -0.044125 -0.017619 0.040981
v -0.069842 -0.027672 0.039442
v -0.044056 -0.025579 0.036727
v -0.069742 -0.035220 0.033248
v -0.043963 -0.032556 0.031002
v -0.069619 -0.041414 0.025702
v -0.043850 -0.038281 0.024026
v -0.069480 -0.046017 0.017092
v -0.043721 -0.042536 0.016068
v -0.069328 -0.048851 0.007749
v -0.043581 -0.045156 0.007432
v -0.069170 -0.049808 -0.001966
v -0.043435 -0.046040 -0.001549
v -0.069013 -0.048851 -0.011682
v -0.043289 -0.045156 -0.010530
v -0.068861 -0.046017 -0.021025
v -0.043149 -0.042536 -0.019166
v -0.068722 -0.041414 -0.029635
v -0.043020 -0.038281 -0.027124
v -0.068599 -0.035220 -0.037181
v -0.042907 -0.032556 -0.034100
v -0.068499 -0.027672 -0.043375
v -0.042814 -0.025579 -0.039825
v -0.068424 -0.019061 -0.047977
v -0.042745 -0.017619 -0.044079
v -0.068378 -0.009717 -0.050811
v -0.042703 -0.008982 -0.046699
v -0.068363 -0.000000 -0.051768
v -0.042688 -0.000000 -0.047583
v -0.068378 0.009717 -0.050811
v -0.042703 0.008982 -0.046699
v -0.068424 0.019061 -0.047977
v -0.042745 0.017619 -0.044079
v -0.068499 0.027672 -0.043375
v -0.042814 0.025579 -0.039825
v -0.068599 0.035219 -0.037181
v -0.042907 0.032555 -0.034100
v -0.068722 0.041414 -0.029635
v -0.043020 0.038281 -0.027124
v -0.068861 0.046016 -0.021025
v -0.043149 0.042536 -0.019166
v -0.069013 0.048851 -0.011682
v -0.043289 0.045156 -0.010530
v -0.098706 0.051145 -0.012620
v -0.098871 0.052147 -0.002448
v -0.018353 0.007230 -0.018600
v -0.018335 0.003686 -0.019674
v -0.018576 -0.018530 -0.004832
v -0.018636 -0.018893 -0.001147
v -0.018942 -0.000000 0.017744
v -0.018936 0.003686 0.017381
v -0.018518 0.017455 -0.008376
v -0.018465 0.015709 -0.011642
v -0.018381 -0.010496 -0.016854
v -0.018419 -0.013359 -0.014505
v -0.018852 -0.013359 0.012211
v -0.018890 -0.010496 0.014560
v -0.018753 0.017455 0.006082
v -0.018329 -0.000000 -0.020037
v -0.018695 -0.018530 0.002538
v -0.018919 0.007230 0.016306
v -0.018419 0.013359 -0.014505
v -0.018465 -0.015709 -0.011642
v -0.018919 -0.007230 0.016306
v -0.018695 0.018530 0.002538
v -0.018335 -0.003686 -0.019674
v -0.018753 -0.017455 0.006082
v -0.018890 0.010496 0.014560
v -0.018381 0.010496 -0.016854
v -0.018518 -0.017455 -0.008376
v -0.018636 0.018893 -0.001147
v -0.018576 0.018530 -0.004832
v -0.018936 -0.003686 0.017381
v -0.018353 -0.007230 -0.018600
v -0.018806 -0.015709 0.009348
v -0.018636 -0.000000 -0.001147
v -0.099701 -0.010173 0.048690
v -0.099652 -0.019956 0.045723
v -0.098547 -0.048178 -0.022401
v -0.098401 -0.043359 -0.031416
v -0.098168 0.028971 -0.045801
v -0.098273 0.036873 -0.039317
v -0.099574 0.028971 0.040905
v -0.099652 0.019956 0.045723
v -0.099195 -0.048178 0.017505
v -0.099036 -0.051145 0.007724
v -0.098042 -0.010173 -0.053586
v -0.098025 -0.000000 -0.054588
v -0.099717 -0.000000 0.049692
v -0.099036 0.051145 0.007724
v -0.099195 0.048177 0.017505
v -0.098706 -0.051145 -0.012620
v -0.099574 -0.028971 0.040905
v -0.098090 0.019956 -0.050619
v -0.099469 0.036873 0.034420
v -0.099341 -0.043359 0.026519
v -0.098090 -0.019956 -0.050619
v -0.099469 -0.036874 0.034420
v -0.098273 -0.036874 -0.039317
v -0.098168 -0.028971 -0.045801
v -0.098401 0.043358 -0.031416
v -0.098548 0.048177 -0.022401
v -0.099701 0.010173 0.048690
v -0.098871 -0.052147 -0.002448
v -0.098042 0.010173 -0.053586
v -0.099341 0.043358 0.026519
v -0.128078 0.051989 -0.002922
v -0.128243 0.050990 0.007219
v -0.127377 -0.028884 -0.046144
v -0.127299 -0.019896 -0.050948
v -0.127610 0.043228 -0.031802
v -0.127755 0.048032 -0.022815
v -0.128401 0.048032 0.016971
v -0.127251 -0.010143 -0.053906
v -0.128547 0.043228 0.025958
v -0.128674 0.036762 0.033835
v -0.127235 -0.000000 -0.054905
v -0.127251 0.010143 -0.053906
v -0.127299 0.019895 -0.050948
v -0.127377 0.028884 -0.046144
v -0.128779 0.028884 0.040300
v -0.128857 0.019895 0.045104
v -0.128905 0.010143 0.048062
v -0.127482 0.036762 -0.039679
v -0.128921 -0.000000 0.049061
v -0.127482 -0.036762 -0.039679
v -0.128905 -0.010143 0.048062
v -0.128857 -0.019896 0.045104
v -0.127914 0.050990 -0.013063
v -0.128779 -0.028884 0.040300
v -0.127914 -0.050991 -0.013063
v -0.127755 -0.048032 -0.022815
v -0.128674 -0.036762 0.033835
v -0.128547 -0.043228 0.025958
v -0.128401 -0.048032 0.016971
v -0.128243 -0.050991 0.007219
v -0.128078 -0.051990 -0.002922
v -0.127610 -0.043228 -0.031802
v -0.169537 0.045426 -0.022413
v -0.169686 0.048224 -0.013191
v -0.170578 -0.018816 0.041821
v -0.170505 -0.027317 0.037278
v -0.170147 0.045426 0.015214
v -0.170285 0.040883 0.023714
v -0.170406 -0.034768 0.031164
v -0.170285 -0.040883 0.023714
v -0.169278 -0.034768 -0.038363
v -0.169179 -0.027317 -0.044477
v -0.170147 -0.045427 0.015214
v -0.169686 -0.048225 -0.013191
v -0.169537 -0.045427 -0.022413
v -0.169997 -0.048225 0.005992
v -0.169842 -0.049169 -0.003599
v -0.169842 0.049169 -0.003599
v -0.169399 -0.040883 -0.030913
v -0.169997 0.048224 0.005992
v -0.169399 0.040883 -0.030913
v -0.169105 -0.018816 -0.049020
v -0.169105 0.018816 -0.049020
v -0.169179 0.027317 -0.044477
v -0.169060 -0.009593 -0.051817
v -0.170406 0.034768 0.031164
v -0.170505 0.027317 0.037278
v -0.170578 0.018816 0.041821
v -0.169044 -0.000000 -0.052762
v -0.169060 0.009592 -0.051817
v -0.170624 0.009592 0.044619
v -0.170639 -0.000000 0.045563
v -0.170624 -0.009593 0.044619
v -0.169278 0.034768 -0.038363
v -0.210027 -0.043928 -0.012990
v -0.209890 -0.041380 -0.021391
v -0.210310 -0.043928 0.004483
v -0.210168 -0.044789 -0.004253
v -0.210446 -0.041380 0.012884
v -0.210027 0.043928 -0.012990
v -0.210168 0.044789 -0.004253
v -0.209765 -0.037241 -0.029133
v -0.210772 -0.024883 0.032982
v -0.210682 -0.031671 0.027413
v -0.209655 -0.031671 -0.035920
v -0.210310 0.043928 0.004483
v -0.209765 0.037240 -0.029133
v -0.209890 0.041379 -0.021391
v -0.209565 -0.024883 -0.041489
v -0.209497 -0.017140 -0.045627
v -0.210446 0.041379 0.012884
v -0.209497 0.017140 -0.045627
v -0.209565 0.024883 -0.041489
v -0.209456 -0.008738 -0.048176
v -0.210572 0.037240 0.020627
v -0.210682 0.031670 0.027413
v -0.210772 0.024883 0.032982
v -0.210839 0.017140 0.037121
v -0.209442 -0.000000 -0.049036
v -0.209456 0.008738 -0.048176
v -0.210881 0.008738 0.039669
v -0.210895 -0.000000 0.040529
v -0.210881 -0.008738 0.039669
v -0.209655 0.031670 -0.035920
v -0.210839 -0.017140 0.037121
v -0.210572 -0.037241 0.020627
v -0.245392 -0.022367 0.028654
v -0.245310 -0.028468 0.023648
v -0.244486 -0.033475 -0.027180
v -0.244387 -0.028468 -0.033280
v -0.244849 0.040260 -0.004816
v -0.244976 0.039486 0.003037
v -0.244486 0.033475 -0.027180
v -0.244599 0.037195 -0.020221
v -0.244306 -0.022367 -0.038286
v -0.244246 -0.015407 -0.042006
v -0.245099 0.037195 0.010589
v -0.244246 0.015407 -0.042006
v -0.244306 0.022367 -0.038286
v -0.244208 -0.007854 -0.044297
v -0.245212 0.033475 0.017548
v -0.245310 0.028468 0.023648
v -0.245392 0.022367 0.028654
v -0.245452 0.015407 0.032374
v -0.244196 -0.000000 -0.045070
v -0.244208 0.007854 -0.044297
v -0.245489 0.007854 0.034665
v -0.245502 -0.000000 0.035439
v -0.245489 -0.007854 0.034665
v -0.244387 0.028468 -0.033280
v -0.245452 -0.015407 0.032374
v -0.244721 0.039486 -0.012669
v -0.245212 -0.033475 0.017548
v -0.245099 -0.037195 0.010589
v -0.244721 -0.039486 -0.012669
v -0.244599 -0.037195 -0.020221
v -0.244976 -0.039486 0.003037
v -0.244849 -0.040260 -0.004816
v -0.269168 0.020162 0.024969
v -0.269222 0.013888 0.028322
v -0.268090 -0.000000 -0.041489
v -0.268101 0.007080 -0.040792
v -0.269095 0.025662 0.020456
v -0.268101 -0.007080 -0.040792
v -0.268135 0.013888 -0.038727
v -0.269256 0.007080 0.030387
v -0.269267 -0.000000 0.031084
v -0.269256 -0.007080 0.030387
v -0.268189 0.020162 -0.035373
v -0.268262 0.025662 -0.030861
v -0.268352 0.030175 -0.025362
v -0.269222 -0.013888 0.028322
v -0.268453 0.033529 -0.019089
v -0.268564 0.035594 -0.012281
v -0.269168 -0.020162 0.024969
v -0.268904 0.033529 0.008684
v -0.269006 0.030175 0.014957
v -0.269095 -0.025662 0.020456
v -0.269006 -0.030175 0.014957
v -0.268262 -0.025662 -0.030861
v -0.268189 -0.020162 -0.035373
v -0.268904 -0.033529 0.008684
v -0.268564 -0.035594 -0.012282
v -0.268453 -0.033529 -0.019089
v -0.268793 -0.035594 0.001877
v -0.268679 -0.036291 -0.005202
v -0.268679 0.036291 -0.005202
v -0.268352 -0.030175 -0.025362
v -0.268793 0.035594 0.001877
v -0.268135 -0.013888 -0.038727
v -0.283698 0.023516 -0.028965
v -0.283780 0.027652 -0.023926
v -0.284608 -0.006488 0.027161
v -0.284578 -0.012727 0.025269
v -0.283873 0.030725 -0.018177
v -0.283974 0.032617 -0.011939
v -0.284528 -0.018476 0.022196
v -0.284286 0.030725 0.007273
v -0.284379 0.027652 0.013022
v -0.284461 -0.023516 0.018060
v -0.284379 -0.027652 0.013022
v -0.283698 -0.023516 -0.028965
v -0.283631 -0.018476 -0.033100
v -0.284286 -0.030725 0.007273
v -0.283974 -0.032617 -0.011939
v -0.283873 -0.030725 -0.018177
v -0.284185 -0.032617 0.001035
v -0.284079 -0.033256 -0.005452
v -0.284079 0.033256 -0.005452
v -0.283780 -0.027652 -0.023926
v -0.284185 0.032617 0.001035
v -0.283581 -0.012727 -0.036173
v -0.283581 0.012727 -0.036173
v -0.283631 0.018476 -0.033100
v -0.283551 -0.006488 -0.038065
v -0.284461 0.023516 0.018060
v -0.284528 0.018476 0.022196
v -0.284578 0.012727 0.025269
v -0.283540 -0.000000 -0.038704
v -0.283551 0.006488 -0.038065
v -0.284608 0.006488 0.027161
v -0.284619 -0.000000 0.027800
v -0.284132 -0.016309 -0.002209
v -0.284080 -0.016628 -0.005452
v -0.284183 -0.015363 0.000910
v -0.284027 -0.016309 -0.008696
v -0.284027 0.016309 -0.008696
v -0.284080 0.016628 -0.005452
v -0.283976 -0.015363 -0.011815
v -0.283930 -0.013826 -0.014689
v -0.284304 -0.009238 0.008372
v -0.284270 -0.011758 0.006304
v -0.283889 -0.011758 -0.017209
v -0.284132 0.016309 -0.002209
v -0.283930 0.013826 -0.014689
v -0.283976 0.015362 -0.011815
v -0.283855 -0.009238 -0.019276
v -0.283830 -0.006363 -0.020813
v -0.284183 0.015362 0.000910
v -0.283830 0.006363 -0.020813
v -0.283855 0.009238 -0.019276
v -0.283815 -0.003244 -0.021759
v -0.284229 0.013826 0.003785
v -0.284270 0.011758 0.006304
v -0.284304 0.009238 0.008372
v -0.284329 0.006363 0.009908
v -0.283810 -0.000000 -0.022078
v -0.283815 0.003244 -0.021759
v -0.284344 0.003244 0.010854
v -0.284349 -0.000000 0.011174
v -0.284344 -0.003244 0.010854
v -0.283889 0.011758 -0.017209
v -0.284329 -0.006363 0.009908
v -0.284229 -0.013826 0.003785
v -0.284080 -0.000000 -0.005452
v 0.026952 -0.019287 -0.019080
v 0.029349 -0.013534 -0.020132
v 0.032246 -0.014123 -0.013916
v 0.029349 -0.020338 -0.013328
v 0.034009 -0.014655 -0.007026
v 0.030863 -0.021191 -0.006766
v 0.034607 -0.014881 0.000206
v 0.031396 -0.021530 0.000206
v 0.034009 -0.014655 0.007439
v 0.030863 -0.021191 0.007179
v 0.032246 -0.014123 0.014329
v 0.029349 -0.020338 0.013740
v 0.029349 -0.013534 0.020544
v 0.026952 -0.019287 0.019493
v 0.030863 -0.006973 -0.020985
v 0.034009 -0.007233 -0.014448
v 0.035903 -0.007486 -0.007280
v 0.036538 -0.007599 0.000206
v 0.035904 -0.007486 0.007692
v 0.034009 -0.007233 0.014861
v 0.030863 -0.006973 0.021398
v 0.031396 -0.000000 -0.021324
v 0.034607 -0.000000 -0.014675
v 0.036538 -0.000000 -0.007393
v 0.037183 -0.000000 0.000206
v 0.036538 -0.000000 0.007805
v 0.034607 -0.000000 0.015087
v 0.031396 -0.000000 0.021736
v 0.030863 0.006972 -0.020985
v 0.034009 0.007233 -0.014448
v 0.035903 0.007486 -0.007280
v 0.036538 0.007599 0.000206
v 0.035904 0.007486 0.007692
v 0.034009 0.007233 0.014861
v 0.030863 0.006972 0.021397
v 0.029349 0.013534 -0.020132
v 0.032246 0.014122 -0.013916
v 0.034009 0.014655 -0.007026
v 0.034607 0.014881 0.000206
v 0.034009 0.014655 0.007439
v 0.032246 0.014122 0.014329
v 0.029349 0.013534 0.020544
v 0.026952 0.019286 -0.019080
v 0.029349 0.020338 -0.013328
v 0.030863 0.021191 -0.006766
v 0.031396 0.021530 0.000206
v 0.030863 0.021191 0.007179
v 0.029349 0.020338 0.013740
v 0.026952 0.019286 0.019493
v 0.022017 -0.022335 -0.022129
v 0.023586 -0.018710 -0.023697
v 0.023586 -0.023904 -0.018504
v 0.025275 -0.025593 -0.013045
v 0.026468 -0.026786 -0.006646
v 0.026912 -0.027229 0.000206
v 0.026468 -0.026786 0.007059
v 0.025275 -0.025593 0.013457
v 0.023586 -0.023904 0.018916
v 0.023586 -0.018710 0.024110
v 0.022017 -0.022335 0.022541
v 0.025275 -0.013251 0.025799
v 0.026468 -0.006852 0.026992
v 0.026912 -0.000000 0.027435
v 0.026468 0.006852 0.026992
v 0.025275 0.013251 0.025799
v 0.023586 0.018710 0.024110
v 0.023586 0.023903 0.018916
v 0.022017 0.022335 0.022541
v 0.025275 0.025593 0.013457
v 0.026468 0.026785 0.007059
v 0.026912 0.027229 0.000206
v 0.026468 0.026785 -0.006646
v 0.025275 0.025593 -0.013045
v 0.023586 0.023903 -0.018504
v 0.023586 0.018710 -0.023697
v 0.022017 0.022335 -0.022129
v 0.025275 0.013251 -0.025386
v 0.026468 0.006852 -0.026579
v 0.026912 -0.000000 -0.027023
v 0.026468 -0.006852 -0.026579
v 0.025275 -0.013251 -0.025386
v 0.018969 0.027269 -0.019080
v 0.013217 0.029666 -0.020132
v 0.013805 0.032564 -0.013916
v 0.020021 0.029666 -0.013328
v 0.014338 0.034326 -0.007026
v 0.020874 0.031180 -0.006766
v 0.014564 0.034924 0.000206
v 0.021213 0.031713 0.000206
v 0.014337 0.034326 0.007439
v 0.020874 0.031180 0.007179
v 0.013805 0.032564 0.014329
v 0.020021 0.029666 0.013740
v 0.013217 0.029666 0.020544
v 0.018969 0.027269 0.019493
v 0.006655 0.031180 -0.020985
v 0.006915 0.034326 -0.014448
v 0.007169 0.036221 -0.007280
v 0.007282 0.036855 0.000206
v 0.007169 0.036221 0.007692
v 0.006915 0.034326 0.014861
v 0.006655 0.031180 0.021398
v -0.000317 0.031713 -0.021324
v -0.000317 0.034924 -0.014675
v -0.000317 0.036855 -0.007393
v -0.000317 0.037500 0.000206
v -0.000317 0.036855 0.007805
v -0.000317 0.034924 0.015087
v -0.000317 0.031713 0.021736
v -0.007290 0.031180 -0.020985
v -0.007550 0.034326 -0.014448
v -0.007803 0.036221 -0.007280
v -0.007916 0.036855 0.000206
v -0.007803 0.036221 0.007692
v -0.007550 0.034326 0.014861
v -0.007290 0.031180 0.021397
v -0.013851 0.029666 -0.020132
v -0.014440 0.032564 -0.013916
v -0.014972 0.034326 -0.007026
v -0.015198 0.034924 0.000206
v -0.014972 0.034326 0.007439
v -0.014440 0.032564 0.014329
v -0.013851 0.029666 0.020544
v -0.019604 0.027269 -0.019080
v -0.020655 0.029666 -0.013328
v -0.021509 0.031180 -0.006766
v -0.021848 0.031713 0.000206
v -0.021509 0.031180 0.007179
v -0.020656 0.029666 0.013740
v -0.019604 0.027269 0.019493
v 0.018392 0.023903 -0.023697
v 0.018393 0.023903 0.024110
v 0.012934 0.025593 0.025799
v 0.006535 0.026785 0.026992
v -0.000317 0.027229 0.027435
v -0.007170 0.026785 0.026992
v -0.013569 0.025593 0.025799
v -0.019027 0.023903 0.024110
v -0.024221 0.023903 0.018916
v -0.022652 0.022335 0.022541
v -0.025910 0.025593 0.013457
v -0.027103 0.026785 0.007059
v -0.027546 0.027229 0.000206
v -0.027103 0.026785 -0.006646
v -0.025910 0.025593 -0.013045
v -0.024221 0.023903 -0.018504
v -0.019027 0.023903 -0.023697
v -0.022652 0.022335 -0.022129
v -0.013569 0.025593 -0.025386
v -0.007170 0.026785 -0.026579
v -0.000317 0.027229 -0.027023
v 0.006535 0.026785 -0.026579
v 0.012934 0.025593 -0.025386
v -0.027586 0.019286 -0.019080
v -0.029984 0.013534 -0.020132
v -0.032881 0.014122 -0.013916
v -0.029984 0.020338 -0.013328
v -0.034643 0.014655 -0.007026
v -0.031498 0.021191 -0.006766
v -0.035241 0.014881 0.000206
v -0.032030 0.021530 0.000206
v -0.034643 0.014655 0.007439
v -0.031498 0.021191 0.007179
v -0.032881 0.014122 0.014329
v -0.029984 0.020338 0.013740
v -0.029984 0.013534 0.020544
v -0.027586 0.019286 0.019493
v -0.031498 0.006972 -0.020985
v -0.034643 0.007233 -0.014448
v -0.036538 0.007486 -0.007280
v -0.037172 0.007599 0.000206
v -0.036538 0.007486 0.007692
v -0.034643 0.007233 0.014861
v -0.031498 0.006972 0.021398
v -0.032030 -0.000000 -0.021324
v -0.035241 -0.000000 -0.014675
v -0.037172 -0.000000 -0.007393
v -0.037817 -0.000000 0.000206
v -0.037172 -0.000000 0.007805
v -0.035241 -0.000000 0.015087
v -0.032030 -0.000000 0.021737
v -0.031498 -0.006973 -0.020985
v -0.034643 -0.007233 -0.014448
v -0.036538 -0.007486 -0.007280
v -0.037172 -0.007599 0.000206
v -0.036538 -0.007486 0.007692
v -0.034643 -0.007233 0.014861
v -0.031498 -0.006973 0.021397
v -0.029984 -0.013534 -0.020132
v -0.032881 -0.014123 -0.013916
v -0.034643 -0.014655 -0.007026
v -0.035241 -0.014881 0.000206
v -0.034643 -0.014655 0.007439
v -0.032881 -0.014123 0.014329
v -0.029984 -0.013534 0.020544
v -0.027586 -0.019287 -0.019080
v -0.029984 -0.020338 -0.013328
v -0.031498 -0.021191 -0.006766
v -0.032030 -0.021530 0.000206
v -0.031498 -0.021191 0.007179
v -0.029984 -0.020338 0.013740
v -0.027586 -0.019287 0.019493
v -0.024221 0.018710 -0.023697
v -0.024221 0.018710 0.024110
v -0.025910 0.013251 0.025799
v -0.027103 0.006852 0.026992
v -0.027546 -0.000000 0.027435
v -0.027103 -0.006852 0.026992
v -0.025910 -0.013251 0.025799
v -0.024221 -0.018710 0.024110
v -0.024221 -0.023904 0.018916
v -0.022652 -0.022335 0.022541
v -0.025910 -0.025593 0.013457
v -0.027103 -0.026786 0.007059
v -0.027546 -0.027229 0.000206
v -0.027103 -0.026786 -0.006646
v -0.025910 -0.025593 -0.013045
v -0.024221 -0.023904 -0.018504
v -0.024221 -0.018710 -0.023697
v -0.022652 -0.022335 -0.022129
v -0.025910 -0.013251 -0.025387
v -0.027103 -0.006852 -0.026579
v -0.027546 -0.000000 -0.027023
v -0.027103 0.006852 -0.026579
v -0.025910 0.013251 -0.025387
v -0.019604 -0.027269 -0.019080
v -0.013851 -0.029667 -0.020132
v -0.014440 -0.032564 -0.013916
v -0.020655 -0.029667 -0.013328
v -0.014972 -0.034326 -0.007026
v -0.021508 -0.031181 -0.006766
v -0.015198 -0.034924 0.000206
v -0.021847 -0.031713 0.000206
v -0.014972 -0.034326 0.007439
v -0.021508 -0.031181 0.007179
v -0.014440 -0.032564 0.014329
v -0.020656 -0.029667 0.013740
v -0.013851 -0.029667 0.020544
v -0.019604 -0.027269 0.019493
v -0.007290 -0.031181 -0.020985
v -0.007550 -0.034326 -0.014448
v -0.007803 -0.036221 -0.007280
v -0.007916 -0.036855 0.000206
v -0.007803 -0.036221 0.007692
v -0.007550 -0.034326 0.014861
v -0.007290 -0.031181 0.021398
v -0.000317 -0.031713 -0.021324
v -0.000317 -0.034924 -0.014675
v -0.000317 -0.036855 -0.007393
v -0.000317 -0.037500 0.000206
v -0.000317 -0.036855 0.007805
v -0.000317 -0.034924 0.015087
v -0.000317 -0.031713 0.021736
v 0.006655 -0.031181 -0.020985
v 0.006916 -0.034326 -0.014448
v 0.007169 -0.036221 -0.007280
v 0.007282 -0.036855 0.000206
v 0.007168 -0.036221 0.007692
v 0.006915 -0.034326 0.014861
v 0.006655 -0.031181 0.021398
v 0.013217 -0.029667 -0.020132
v 0.013805 -0.032564 -0.013916
v 0.014337 -0.034326 -0.007026
v 0.014564 -0.034924 0.000206
v 0.014338 -0.034326 0.007439
v 0.013805 -0.032564 0.014329
v 0.013217 -0.029667 0.020544
v 0.018969 -0.027269 -0.019080
v 0.020021 -0.029667 -0.013328
v 0.020874 -0.031181 -0.006766
v 0.021213 -0.031713 0.000206
v 0.020874 -0.031181 0.007179
v 0.020021 -0.029667 0.013740
v 0.018969 -0.027269 0.019493
v -0.019027 -0.023904 -0.023697
v -0.019027 -0.023904 0.024110
v -0.013569 -0.025593 0.025799
v -0.007170 -0.026786 0.026992
v -0.000317 -0.027229 0.027435
v 0.006535 -0.026786 0.026992
v 0.012934 -0.025593 0.025799
v 0.018393 -0.023904 0.024110
v 0.018392 -0.023904 -0.023697
v 0.012934 -0.025593 -0.025386
v 0.006535 -0.026786 -0.026579
v -0.000317 -0.027229 -0.027023
v -0.007170 -0.026786 -0.026579
v -0.013569 -0.025593 -0.025386
v 0.018969 0.019286 -0.027063
v 0.020021 0.013534 -0.029460
v 0.013805 0.014122 -0.032357
v 0.013217 0.020338 -0.029460
v 0.006915 0.014655 -0.034120
v 0.006655 0.021191 -0.030974
v -0.000317 0.014881 -0.034718
v -0.000317 0.021530 -0.031507
v -0.007550 0.014655 -0.034120
v -0.007290 0.021191 -0.030974
v -0.014440 0.014122 -0.032357
v -0.013851 0.020338 -0.029460
v -0.020655 0.013534 -0.029460
v -0.019604 0.019286 -0.027063
v 0.020874 0.006972 -0.030974
v 0.014338 0.007233 -0.034120
v 0.007169 0.007486 -0.036015
v -0.000317 0.007599 -0.036649
v -0.007803 0.007486 -0.036015
v -0.014972 0.007233 -0.034119
v -0.021508 0.006972 -0.030974
v 0.021213 -0.000000 -0.031507
v 0.014564 -0.000000 -0.034718
v 0.007282 -0.000000 -0.036649
v -0.000317 -0.000000 -0.037294
v -0.007916 -0.000000 -0.036649
v -0.015199 -0.000000 -0.034718
v -0.021847 -0.000000 -0.031507
v 0.020874 -0.006973 -0.030974
v 0.014337 -0.007233 -0.034120
v 0.007168 -0.007486 -0.036015
v -0.000317 -0.007599 -0.036649
v -0.007803 -0.007486 -0.036015
v -0.014972 -0.007233 -0.034120
v -0.021508 -0.006973 -0.030974
v 0.020021 -0.013534 -0.029460
v 0.013805 -0.014123 -0.032357
v 0.006915 -0.014655 -0.034120
v -0.000317 -0.014881 -0.034718
v -0.007550 -0.014655 -0.034120
v -0.014440 -0.014123 -0.032357
v -0.020655 -0.013534 -0.029460
v 0.018969 -0.019287 -0.027063
v 0.013217 -0.020338 -0.029460
v 0.006655 -0.021191 -0.030974
v -0.000317 -0.021530 -0.031507
v -0.007290 -0.021191 -0.030974
v -0.013851 -0.020338 -0.029460
v -0.019604 -0.019287 -0.027063
v -0.019604 0.019286 0.027475
v -0.020656 0.013534 0.029873
v -0.014440 0.014122 0.032770
v -0.013851 0.020338 0.029873
v -0.007550 0.014655 0.034532
v -0.007290 0.021191 0.031387
v -0.000317 0.014881 0.035130
v -0.000317 0.021530 0.031919
v 0.006915 0.014655 0.034532
v 0.006655 0.021191 0.031387
v 0.013805 0.014122 0.032770
v 0.013217 0.020338 0.029873
v 0.020021 0.013534 0.029873
v 0.018969 0.019286 0.027475
v -0.021509 0.006972 0.031387
v -0.014972 0.007233 0.034532
v -0.007803 0.007486 0.036427
v -0.000317 0.007599 0.037061
v 0.007168 0.007486 0.036427
v 0.014337 0.007233 0.034532
v 0.020874 0.006972 0.031387
v -0.021848 -0.000000 0.031919
v -0.015198 -0.000000 0.035130
v -0.007916 -0.000000 0.037062
v -0.000317 -0.000000 0.037707
v 0.007282 -0.000000 0.037062
v 0.014564 -0.000000 0.035130
v 0.021213 -0.000000 0.031919
v -0.021508 -0.006973 0.031387
v -0.014972 -0.007233 0.034532
v -0.007803 -0.007486 0.036427
v -0.000317 -0.007599 0.037061
v 0.007168 -0.007486 0.036427
v 0.014337 -0.007233 0.034532
v 0.020874 -0.006973 0.031387
v -0.020655 -0.013534 0.029873
v -0.014440 -0.014123 0.032770
v -0.007550 -0.014655 0.034532
v -0.000317 -0.014881 0.035130
v 0.006915 -0.014655 0.034532
v 0.013805 -0.014123 0.032770
v 0.020021 -0.013534 0.029873
v -0.019604 -0.019287 0.027475
v -0.013851 -0.020338 0.029873
v -0.007290 -0.021191 0.031387
v -0.000317 -0.021530 0.031919
v 0.006655 -0.021191 0.031387
v 0.013217 -0.020338 0.029873
v 0.018969 -0.019287 0.027475
vn 0.3653 0.9270 -0.0854
vn 0.3682 0.8914 -0.2645
vn 0.3709 0.8215 -0.4331
vn 0.3734 0.7200 -0.5849
vn 0.3755 0.5909 -0.7140
vn 0.3771 0.4391 -0.8155
vn 0.3783 0.2704 -0.8853
vn 0.3788 0.0913 -0.9210
vn 0.3788 -0.0913 -0.9210
vn 0.3783 -0.2704 -0.8853
vn 0.3771 -0.4391 -0.8155
vn 0.3755 -0.5909 -0.7140
vn 0.3734 -0.7200 -0.5849
vn 0.3709 -0.8215 -0.4331
vn 0.3682 -0.8914 -0.2645
vn 0.3653 -0.9270 -0.0854
vn 0.3623 -0.9270 0.0972
vn 0.3594 -0.8914 0.2763
vn 0.3567 -0.8215 0.4449
vn 0.3542 -0.7200 0.5967
vn 0.3521 -0.5909 0.7258
vn 0.3505 -0.4391 0.8273
vn 0.3493 -0.2704 0.8971
vn 0.3488 -0.0913 0.9328
vn 0.3488 0.0913 0.9328
vn 0.3493 0.2704 0.8971
vn 0.3505 0.4391 0.8273
vn 0.3521 0.5909 0.7258
vn 0.3542 0.7200 0.5967
vn 0.3567 0.8215 0.4449
vn 0.9999 -0.0000 0.0162
vn 0.3594 0.8914 0.2763
vn 0.3623 0.9270 0.0972
vn 0.1426 0.9848 0.0993
vn 0.1395 0.9469 0.2896
vn 0.1366 0.8727 0.4687
vn 0.1339 0.7649 0.6300
vn 0.1317 0.6278 0.7672
vn 0.1300 0.4665 0.8749
vn 0.1288 0.2872 0.9492
vn 0.1282 0.0970 0.9870
vn 0.1282 -0.0970 0.9870
vn 0.1288 -0.2872 0.9492
vn 0.1300 -0.4665 0.8749
vn 0.1317 -0.6278 0.7672
vn 0.1339 -0.7649 0.6300
vn 0.1366 -0.8727 0.4687
vn 0.1395 -0.9469 0.2896
vn 0.1426 -0.9848 0.0993
vn 0.1457 -0.9848 -0.0946
vn 0.1488 -0.9469 -0.2849
vn 0.1517 -0.8727 -0.4641
vn 0.1543 -0.7649 -0.6254
vn 0.1565 -0.6278 -0.7625
vn 0.1583 -0.4665 -0.8703
vn 0.1595 -0.2873 -0.9445
vn 0.1601 -0.0970 -0.9823
vn 0.1601 0.0970 -0.9823
vn 0.1595 0.2873 -0.9445
vn 0.1583 0.4665 -0.8703
vn 0.1565 0.6278 -0.7625
vn 0.1543 0.7649 -0.6253
vn 0.1517 0.8727 -0.4641
vn 0.1488 0.9469 -0.2849
vn 0.1457 0.9848 -0.0946
vn 0.2607 0.9603 0.0988
vn 0.2577 0.9234 0.2843
vn 0.2549 0.8510 0.4591
vn 0.2523 0.7459 0.6164
vn 0.2502 0.6122 0.7501
vn 0.2484 0.4549 0.8552
vn 0.2473 0.2801 0.9276
vn 0.2467 0.0946 0.9645
vn 0.2467 -0.0946 0.9645
vn 0.2473 -0.2801 0.9276
vn 0.2484 -0.4549 0.8552
vn 0.2501 -0.6122 0.7501
vn 0.2523 -0.7459 0.6164
vn 0.2549 -0.8510 0.4591
vn 0.2577 -0.9234 0.2843
vn 0.2607 -0.9603 0.0988
vn 0.2638 -0.9603 -0.0903
vn 0.2668 -0.9234 -0.2758
vn 0.2696 -0.8510 -0.4506
vn 0.2722 -0.7459 -0.6079
vn 0.2743 -0.6122 -0.7416
vn 0.2761 -0.4549 -0.8467
vn 0.2772 -0.2801 -0.9191
vn 0.2778 -0.0946 -0.9560
vn 0.2778 0.0946 -0.9560
vn 0.2772 0.2801 -0.9191
vn 0.2761 0.4549 -0.8467
vn 0.2743 0.6122 -0.7416
vn 0.2722 0.7460 -0.6078
vn 0.2696 0.8510 -0.4506
vn 0.2668 0.9234 -0.2758
vn 0.2638 0.9603 -0.0903
vn 0.0797 0.9921 -0.0964
vn 0.0626 -0.2894 0.9552
vn 0.0857 -0.8792 -0.4686
vn 0.0906 0.6325 -0.7693
vn 0.0639 0.4700 0.8804
vn 0.0734 -0.9540 0.2906
vn 0.0942 -0.0977 -0.9907
vn 0.0620 -0.0977 0.9933
vn 0.0734 0.9540 0.2906
vn 0.0828 -0.9540 -0.2881
vn 0.0639 -0.4700 0.8804
vn 0.0924 0.4700 -0.8778
vn 0.0656 0.6324 0.7718
vn 0.0705 -0.8792 0.4712
vn 0.0936 -0.2894 -0.9526
vn 0.0765 0.9921 0.0990
vn 0.0656 -0.6324 0.7718
vn 0.0906 -0.6325 -0.7693
vn 0.0884 -0.7706 -0.6311
vn 0.0924 -0.4700 -0.8778
vn 0.0884 0.7706 -0.6311
vn 0.0857 0.8792 -0.4686
vn 0.0828 0.9540 -0.2881
vn 0.0626 0.2894 0.9552
vn 0.0620 0.0977 0.9933
vn 0.0765 -0.9921 0.0990
vn 0.0797 -0.9921 -0.0964
vn 0.0942 0.0977 -0.9907
vn 0.0936 0.2894 -0.9526
vn 0.0705 0.8792 0.4712
vn 0.0679 0.7706 0.6336
vn 0.0679 -0.7707 0.6336
vn -0.0069 0.9952 0.0979
vn 0.0089 -0.4714 -0.8819
vn 0.0023 0.8819 -0.4714
vn -0.0101 0.9569 0.2902
vn 0.0102 -0.2903 -0.9569
vn -0.0156 0.7730 0.6342
vn 0.0108 0.0980 -0.9951
vn 0.0089 0.4714 -0.8819
vn -0.0179 0.6344 0.7728
vn 0.0102 0.2903 -0.9569
vn -0.0197 0.4714 0.8817
vn -0.0209 0.2903 0.9567
vn -0.0130 0.8819 0.4712
vn 0.0072 0.6344 -0.7730
vn 0.0108 -0.0980 -0.9951
vn -0.0215 0.0980 0.9950
vn 0.0072 -0.6344 -0.7730
vn 0.0049 0.7730 -0.6344
vn -0.0215 -0.0980 0.9950
vn -0.0209 -0.2903 0.9567
vn -0.0007 0.9569 -0.2903
vn -0.0197 -0.4714 0.8817
vn -0.0007 -0.9569 -0.2903
vn -0.0156 -0.7730 0.6342
vn -0.0130 -0.8819 0.4712
vn -0.0101 -0.9569 0.2902
vn -0.0069 -0.9952 0.0979
vn -0.0038 -0.9952 -0.0981
vn -0.0038 0.9952 -0.0981
vn 0.0023 -0.8819 -0.4714
vn -0.0179 -0.6344 0.7728
vn 0.0049 -0.7730 -0.6344
vn -0.0623 0.9548 -0.2907
vn -0.0813 -0.4703 0.8787
vn -0.0747 0.8799 0.4692
vn -0.0773 -0.7713 0.6318
vn -0.0545 -0.6330 -0.7723
vn -0.0747 -0.8799 0.4692
vn -0.0623 -0.9548 -0.2907
vn -0.0686 -0.9929 0.0967
vn -0.0717 -0.9548 0.2885
vn -0.0654 -0.9929 -0.0989
vn -0.0655 0.9929 -0.0989
vn -0.0594 -0.8799 -0.4714
vn -0.0795 -0.6330 0.7701
vn -0.0568 -0.7713 -0.6340
vn -0.0686 0.9929 0.0967
vn -0.0594 0.8799 -0.4714
vn -0.0528 -0.4703 -0.8809
vn -0.0717 0.9548 0.2885
vn -0.0528 0.4703 -0.8809
vn -0.0516 -0.2896 -0.9558
vn -0.0773 0.7713 0.6318
vn -0.0813 0.4703 0.8787
vn -0.0509 0.0978 -0.9939
vn -0.0795 0.6330 0.7701
vn -0.0509 -0.0978 -0.9939
vn -0.0516 0.2896 -0.9558
vn -0.0825 0.2896 0.9536
vn -0.0831 -0.0978 0.9917
vn -0.0545 0.6330 -0.7723
vn -0.0831 0.0978 0.9917
vn -0.0568 0.7713 -0.6340
vn -0.0825 -0.2896 0.9536
vn -0.1028 -0.9514 -0.2903
vn -0.1090 -0.9894 0.0957
vn -0.1121 -0.9514 0.2868
vn -0.1059 -0.9894 -0.0992
vn -0.1059 0.9894 -0.0992
vn -0.0998 -0.8768 -0.4703
vn -0.1199 -0.6307 0.7667
vn -0.0972 -0.7685 -0.6324
vn -0.1090 0.9894 0.0957
vn -0.0998 0.8768 -0.4703
vn -0.0932 -0.4687 -0.8784
vn -0.1121 0.9514 0.2868
vn -0.0932 0.4687 -0.8784
vn -0.0920 -0.2886 -0.9530
vn -0.1177 0.7685 0.6289
vn -0.1217 0.4687 0.8750
vn -0.0914 0.0975 -0.9910
vn -0.1199 0.6307 0.7667
vn -0.0914 -0.0975 -0.9910
vn -0.0920 0.2886 -0.9530
vn -0.1229 0.2886 0.9495
vn -0.1235 -0.0974 0.9875
vn -0.0950 0.6307 -0.7702
vn -0.1235 0.0974 0.9875
vn -0.0972 0.7685 -0.6324
vn -0.1229 -0.2886 0.9495
vn -0.1028 0.9514 -0.2903
vn -0.1217 -0.4687 0.8750
vn -0.1150 0.8768 0.4669
vn -0.1177 -0.7685 0.6289
vn -0.0950 -0.6307 -0.7702
vn -0.1150 -0.8768 0.4669
vn -0.1413 -0.6291 0.7644
vn -0.1186 -0.7666 -0.6311
vn -0.1304 0.9869 0.0951
vn -0.1213 0.8746 -0.4695
vn -0.1147 -0.4675 -0.8765
vn -0.1335 0.9490 0.2857
vn -0.1147 0.4675 -0.8765
vn -0.1135 -0.2879 -0.9509
vn -0.1390 0.7666 0.6269
vn -0.1430 0.4675 0.8724
vn -0.1128 0.0972 -0.9888
vn -0.1413 0.6291 0.7644
vn -0.1128 -0.0972 -0.9888
vn -0.1135 0.2879 -0.9509
vn -0.1442 0.2879 0.9467
vn -0.1449 -0.0972 0.9847
vn -0.1164 0.6291 -0.7686
vn -0.1449 0.0972 0.9847
vn -0.1186 0.7666 -0.6311
vn -0.1442 -0.2879 0.9467
vn -0.1242 0.9490 -0.2899
vn -0.1430 -0.4675 0.8724
vn -0.1364 0.8746 0.4653
vn -0.1390 -0.7666 0.6269
vn -0.1164 -0.6291 -0.7686
vn -0.1364 -0.8746 0.4653
vn -0.1242 -0.9490 -0.2899
vn -0.1304 -0.9869 0.0951
vn -0.1335 -0.9490 0.2857
vn -0.1273 -0.9869 -0.0993
vn -0.1273 0.9869 -0.0993
vn -0.1213 -0.8746 -0.4695
vn -0.1776 0.4651 0.8673
vn -0.1475 0.0967 -0.9843
vn -0.1758 0.6259 0.7599
vn -0.1475 -0.0967 -0.9843
vn -0.1482 0.2864 -0.9466
vn -0.1788 0.2864 0.9413
vn -0.1794 -0.0967 0.9790
vn -0.1511 0.6259 -0.7652
vn -0.1794 0.0967 0.9790
vn -0.1533 0.7626 -0.6284
vn -0.1788 -0.2864 0.9413
vn -0.1588 0.9441 -0.2890
vn -0.1776 -0.4651 0.8673
vn -0.1710 0.8701 0.4623
vn -0.1736 -0.7626 0.6231
vn -0.1511 -0.6259 -0.7652
vn -0.1710 -0.8701 0.4623
vn -0.1588 -0.9441 -0.2890
vn -0.1650 -0.9818 0.0940
vn -0.1681 -0.9441 0.2837
vn -0.1619 -0.9818 -0.0993
vn -0.1619 0.9818 -0.0993
vn -0.1559 -0.8701 -0.4676
vn -0.1758 -0.6259 0.7599
vn -0.1533 -0.7626 -0.6284
vn -0.1650 0.9818 0.0940
vn -0.1559 0.8701 -0.4676
vn -0.1494 -0.4651 -0.8726
vn -0.1681 0.9441 0.2837
vn -0.1494 0.4651 -0.8726
vn -0.1482 -0.2864 -0.9466
vn -0.1736 0.7626 0.6231
vn -0.1823 0.7586 -0.6256
vn -0.2076 -0.2849 0.9358
vn -0.1878 0.9391 -0.2879
vn -0.2064 -0.4626 0.8622
vn -0.1999 0.8654 0.4594
vn -0.2025 -0.7586 0.6193
vn -0.1801 -0.6225 -0.7616
vn -0.1999 -0.8654 0.4594
vn -0.1878 -0.9391 -0.2879
vn -0.1940 -0.9766 0.0931
vn -0.1970 -0.9391 0.2817
vn -0.1908 -0.9766 -0.0993
vn -0.1908 0.9766 -0.0993
vn -0.1849 -0.8654 -0.4656
vn -0.2047 -0.6225 0.7553
vn -0.1823 -0.7586 -0.6256
vn -0.1940 0.9766 0.0931
vn -0.1849 0.8654 -0.4656
vn -0.1784 -0.4626 -0.8684
vn -0.1970 0.9391 0.2817
vn -0.1784 0.4626 -0.8684
vn -0.1772 -0.2848 -0.9421
vn -0.2025 0.7586 0.6193
vn -0.2064 0.4626 0.8622
vn -0.1766 0.0962 -0.9796
vn -0.2047 0.6225 0.7553
vn -0.1766 -0.0962 -0.9796
vn -0.1772 0.2848 -0.9421
vn -0.2076 0.2849 0.9358
vn -0.2082 -0.0962 0.9733
vn -0.1801 0.6225 -0.7616
vn -0.2082 0.0962 0.9733
vn -0.9999 -0.0000 -0.0162
vn 0.8096 -0.4151 -0.4151
vn 0.8671 -0.4278 -0.2552
vn 0.8966 -0.4340 -0.0886
vn 0.8966 -0.4340 0.0886
vn 0.8671 -0.4278 0.2552
vn 0.8096 -0.4151 0.4151
vn 0.8671 -0.2552 -0.4278
vn 0.9318 -0.2567 -0.2567
vn 0.9627 -0.2564 -0.0865
vn 0.9627 -0.2564 0.0865
vn 0.9318 -0.2567 0.2567
vn 0.8671 -0.2553 0.4279
vn 0.8966 -0.0886 -0.4340
vn 0.9627 -0.0865 -0.2564
vn 0.9928 -0.0849 -0.0849
vn 0.9928 -0.0849 0.0848
vn 0.9627 -0.0865 0.2564
vn 0.8966 -0.0886 0.4340
vn 0.8966 0.0886 -0.4340
vn 0.9627 0.0865 -0.2564
vn 0.9928 0.0849 -0.0849
vn 0.9928 0.0849 0.0848
vn 0.9627 0.0865 0.2564
vn 0.8966 0.0886 0.4340
vn 0.8671 0.2552 -0.4278
vn 0.9318 0.2567 -0.2567
vn 0.9627 0.2564 -0.0865
vn 0.9627 0.2564 0.0865
vn 0.9318 0.2567 0.2567
vn 0.8671 0.2552 0.4278
vn 0.8096 0.4151 -0.4151
vn 0.8671 0.4279 -0.2552
vn 0.8966 0.4340 -0.0886
vn 0.8966 0.4340 0.0886
vn 0.8671 0.4278 0.2553
vn 0.8096 0.4151 0.4150
vn 0.6579 -0.5325 -0.5325
vn 0.7146 -0.5734 -0.4007
vn 0.7580 -0.6011 -0.2532
vn 0.7825 -0.6161 -0.0901
vn 0.7825 -0.6161 0.0901
vn 0.7580 -0.6011 0.2532
vn 0.7146 -0.5734 0.4007
vn 0.6580 -0.5325 0.5325
vn 0.7146 -0.4007 0.5734
vn 0.7580 -0.2532 0.6011
vn 0.7825 -0.0901 0.6162
vn 0.7825 0.0901 0.6161
vn 0.7580 0.2532 0.6011
vn 0.7146 0.4007 0.5734
vn 0.6580 0.5325 0.5325
vn 0.7146 0.5734 0.4007
vn 0.7580 0.6011 0.2532
vn 0.7824 0.6162 0.0901
vn 0.7825 0.6162 -0.0901
vn 0.7580 0.6011 -0.2532
vn 0.7146 0.5734 -0.4007
vn 0.6579 0.5325 -0.5325
vn 0.7146 0.4007 -0.5734
vn 0.7580 0.2532 -0.6011
vn 0.7825 0.0901 -0.6161
vn 0.7825 -0.0901 -0.6161
vn 0.7580 -0.2532 -0.6011
vn 0.7146 -0.4007 -0.5734
vn 0.4151 0.8096 -0.4150
vn 0.4278 0.8671 -0.2552
vn 0.4340 0.8966 -0.0886
vn 0.4340 0.8966 0.0886
vn 0.4278 0.8671 0.2552
vn 0.4151 0.8096 0.4151
vn 0.2552 0.8671 -0.4278
vn 0.2567 0.9318 -0.2567
vn 0.2564 0.9627 -0.0865
vn 0.2564 0.9627 0.0865
vn 0.2567 0.9318 0.2567
vn 0.2553 0.8671 0.4279
vn 0.0886 0.8966 -0.4340
vn 0.0865 0.9627 -0.2564
vn 0.0848 0.9928 -0.0848
vn 0.0848 0.9928 0.0848
vn 0.0865 0.9627 0.2564
vn 0.0886 0.8966 0.4340
vn -0.0886 0.8966 -0.4340
vn -0.0865 0.9627 -0.2564
vn -0.0848 0.9928 -0.0848
vn -0.0848 0.9928 0.0848
vn -0.0865 0.9627 0.2564
vn -0.0886 0.8966 0.4340
vn -0.2552 0.8671 -0.4278
vn -0.2567 0.9318 -0.2567
vn -0.2564 0.9627 -0.0865
vn -0.2564 0.9627 0.0865
vn -0.2567 0.9318 0.2567
vn -0.2552 0.8671 0.4279
vn -0.4151 0.8096 -0.4150
vn -0.4279 0.8671 -0.2552
vn -0.4340 0.8966 -0.0886
vn -0.4340 0.8966 0.0886
vn -0.4278 0.8671 0.2552
vn -0.4151 0.8096 0.4151
vn 0.5325 0.6579 -0.5325
vn 0.5734 0.7146 -0.4007
vn 0.6011 0.7580 -0.2532
vn 0.6162 0.7825 -0.0901
vn 0.6162 0.7824 0.0901
vn 0.6011 0.7580 0.2532
vn 0.5734 0.7146 0.4007
vn 0.5325 0.6579 0.5325
vn 0.4007 0.7146 0.5734
vn 0.2532 0.7580 0.6011
vn 0.0901 0.7825 0.6161
vn -0.0901 0.7825 0.6161
vn -0.2532 0.7580 0.6011
vn -0.4007 0.7146 0.5734
vn -0.5325 0.6579 0.5325
vn -0.5734 0.7146 0.4007
vn -0.6011 0.7580 0.2532
vn -0.6161 0.7825 0.0901
vn -0.6162 0.7825 -0.0901
vn -0.6011 0.7580 -0.2532
vn -0.5734 0.7146 -0.4007
vn -0.5325 0.6579 -0.5325
vn -0.4007 0.7146 -0.5734
vn -0.2532 0.7580 -0.6011
vn -0.0901 0.7825 -0.6161
vn 0.0901 0.7825 -0.6161
vn 0.2532 0.7580 -0.6011
vn 0.4007 0.7146 -0.5734
vn -0.8096 0.4151 -0.4150
vn -0.8671 0.4278 -0.2553
vn -0.8966 0.4340 -0.0886
vn -0.8966 0.4340 0.0886
vn -0.8671 0.4278 0.2552
vn -0.8096 0.4150 0.4151
vn -0.8671 0.2552 -0.4278
vn -0.9318 0.2567 -0.2567
vn -0.9627 0.2564 -0.0865
vn -0.9627 0.2564 0.0865
vn -0.9318 0.2567 0.2567
vn -0.8671 0.2552 0.4278
vn -0.8966 0.0886 -0.4340
vn -0.9627 0.0865 -0.2564
vn -0.9928 0.0848 -0.0848
vn -0.9928 0.0848 0.0848
vn -0.9627 0.0865 0.2564
vn -0.8966 0.0886 0.4340
vn -0.8966 -0.0886 -0.4340
vn -0.9627 -0.0865 -0.2564
vn -0.9928 -0.0848 -0.0848
vn -0.9928 -0.0848 0.0848
vn -0.9627 -0.0865 0.2564
vn -0.8966 -0.0886 0.4340
vn -0.8671 -0.2552 -0.4279
vn -0.9318 -0.2567 -0.2567
vn -0.9627 -0.2564 -0.0865
vn -0.9627 -0.2564 0.0865
vn -0.9318 -0.2567 0.2567
vn -0.8671 -0.2552 0.4278
vn -0.8096 -0.4151 -0.4151
vn -0.8671 -0.4279 -0.2552
vn -0.8966 -0.4340 -0.0886
vn -0.8966 -0.4340 0.0886
vn -0.8671 -0.4278 0.2552
vn -0.8096 -0.4150 0.4150
vn -0.6580 0.5325 -0.5325
vn -0.7146 0.5734 -0.4007
vn -0.7580 0.6011 -0.2532
vn -0.7825 0.6161 -0.0901
vn -0.7825 0.6161 0.0901
vn -0.7580 0.6011 0.2532
vn -0.7146 0.5734 0.4007
vn -0.6579 0.5325 0.5325
vn -0.7146 0.4007 0.5734
vn -0.7580 0.2532 0.6011
vn -0.7825 0.0901 0.6161
vn -0.7825 -0.0901 0.6161
vn -0.7580 -0.2532 0.6011
vn -0.7146 -0.4007 0.5734
vn -0.6579 -0.5325 0.5325
vn -0.7146 -0.5734 0.4007
vn -0.7580 -0.6011 0.2532
vn -0.7825 -0.6161 0.0901
vn -0.7825 -0.6161 -0.0901
vn -0.7580 -0.6011 -0.2532
vn -0.7146 -0.5734 -0.4007
vn -0.6579 -0.5325 -0.5325
vn -0.7146 -0.4007 -0.5734
vn -0.7580 -0.2532 -0.6011
vn -0.7825 -0.0901 -0.6161
vn -0.7825 0.0901 -0.6161
vn -0.7580 0.2532 -0.6011
vn -0.7146 0.4007 -0.5734
vn -0.4151 -0.8096 -0.4150
vn -0.4279 -0.8671 -0.2552
vn -0.4340 -0.8966 -0.0886
vn -0.4340 -0.8966 0.0886
vn -0.4278 -0.8671 0.2552
vn -0.4151 -0.8096 0.4151
vn -0.2552 -0.8671 -0.4278
vn -0.2567 -0.9318 -0.2567
vn -0.2564 -0.9627 -0.0865
vn -0.2564 -0.9627 0.0865
vn -0.2567 -0.9318 0.2567
vn -0.2552 -0.8671 0.4279
vn -0.0886 -0.8966 -0.4340
vn -0.0865 -0.9627 -0.2564
vn -0.0848 -0.9928 -0.0848
vn -0.0848 -0.9928 0.0848
vn -0.0865 -0.9627 0.2564
vn -0.0886 -0.8966 0.4340
vn 0.0886 -0.8966 -0.4340
vn 0.0865 -0.9627 -0.2564
vn 0.0848 -0.9928 -0.0848
vn 0.0848 -0.9928 0.0848
vn 0.0865 -0.9627 0.2564
vn 0.0886 -0.8966 0.4340
vn 0.2552 -0.8671 -0.4278
vn 0.2567 -0.9318 -0.2567
vn 0.2564 -0.9627 -0.0865
vn 0.2564 -0.9627 0.0865
vn 0.2567 -0.9318 0.2567
vn 0.2552 -0.8671 0.4278
vn 0.4151 -0.8096 -0.4151
vn 0.4278 -0.8671 -0.2552
vn 0.4340 -0.8966 -0.0886
vn 0.4340 -0.8966 0.0886
vn 0.4278 -0.8671 0.2553
vn 0.4151 -0.8096 0.4151
vn -0.5325 -0.6579 -0.5325
vn -0.5734 -0.7146 -0.4007
vn -0.6011 -0.7580 -0.2532
vn -0.6161 -0.7825 -0.0901
vn -0.6161 -0.7825 0.0901
vn -0.6011 -0.7580 0.2532
vn -0.5734 -0.7146 0.4007
vn -0.5325 -0.6579 0.5325
vn -0.4007 -0.7146 0.5734
vn -0.2532 -0.7580 0.6011
vn -0.0901 -0.7825 0.6161
vn 0.0901 -0.7825 0.6161
vn 0.2532 -0.7580 0.6011
vn 0.4007 -0.7146 0.5734
vn 0.5325 -0.6580 0.5325
vn 0.5734 -0.7146 0.4007
vn 0.6011 -0.7580 0.2532
vn 0.6162 -0.7825 0.0901
vn 0.6161 -0.7825 -0.0901
vn 0.6011 -0.7580 -0.2532
vn 0.5734 -0.7146 -0.4007
vn 0.5325 -0.6579 -0.5325
vn 0.4007 -0.7146 -0.5734
vn 0.2532 -0.7580 -0.6011
vn 0.0901 -0.7825 -0.6161
vn -0.0901 -0.7825 -0.6162
vn -0.2532 -0.7580 -0.6011
vn -0.4007 -0.7146 -0.5734
vn 0.4150 0.4151 -0.8096
vn 0.2553 0.4278 -0.8671
vn 0.0886 0.4340 -0.8966
vn -0.0886 0.4340 -0.8966
vn -0.2552 0.4279 -0.8671
vn -0.4151 0.4151 -0.8096
vn 0.4278 0.2552 -0.8671
vn 0.2567 0.2567 -0.9318
vn 0.0865 0.2564 -0.9627
vn -0.0865 0.2564 -0.9627
vn -0.2567 0.2567 -0.9318
vn -0.4278 0.2552 -0.8671
vn 0.4340 0.0886 -0.8966
vn 0.2564 0.0865 -0.9627
vn 0.0849 0.0848 -0.9928
vn -0.0849 0.0848 -0.9928
vn -0.2564 0.0865 -0.9627
vn -0.4339 0.0887 -0.8966
vn 0.4340 -0.0886 -0.8966
vn 0.2564 -0.0865 -0.9627
vn 0.0848 -0.0848 -0.9928
vn -0.0849 -0.0848 -0.9928
vn -0.2564 -0.0865 -0.9627
vn -0.4340 -0.0887 -0.8966
vn 0.4278 -0.2552 -0.8671
vn 0.2567 -0.2567 -0.9318
vn 0.0865 -0.2564 -0.9627
vn -0.0865 -0.2564 -0.9627
vn -0.2567 -0.2567 -0.9318
vn -0.4278 -0.2552 -0.8671
vn 0.4150 -0.4151 -0.8096
vn 0.2553 -0.4279 -0.8671
vn 0.0886 -0.4340 -0.8966
vn -0.0886 -0.4340 -0.8966
vn -0.2552 -0.4278 -0.8671
vn -0.4150 -0.4150 -0.8096
vn 0.5325 0.5325 -0.6579
vn 0.4007 0.5734 -0.7146
vn 0.2532 0.6011 -0.7580
vn 0.0901 0.6161 -0.7825
vn -0.0901 0.6161 -0.7825
vn -0.2532 0.6011 -0.7580
vn -0.4007 0.5734 -0.7146
vn -0.5325 0.5325 -0.6580
vn -0.5734 0.4007 -0.7146
vn -0.6011 0.2532 -0.7580
vn -0.6161 0.0901 -0.7825
vn -0.6161 -0.0901 -0.7825
vn -0.6011 -0.2532 -0.7580
vn -0.5734 -0.4007 -0.7146
vn -0.5325 -0.5325 -0.6579
vn -0.4007 -0.5734 -0.7146
vn -0.2532 -0.6011 -0.7580
vn -0.0901 -0.6161 -0.7825
vn 0.0901 -0.6161 -0.7825
vn 0.2532 -0.6011 -0.7580
vn 0.4007 -0.5734 -0.7146
vn 0.5325 -0.5325 -0.6580
vn 0.5734 -0.4007 -0.7146
vn 0.6011 -0.2532 -0.7580
vn 0.6161 -0.0901 -0.7825
vn 0.6161 0.0901 -0.7825
vn 0.6011 0.2532 -0.7580
vn 0.5734 0.4007 -0.7146
vn -0.4150 0.4150 0.8096
vn -0.2552 0.4278 0.8671
vn -0.0886 0.4339 0.8966
vn 0.0886 0.4340 0.8966
vn 0.2552 0.4278 0.8671
vn 0.4151 0.4151 0.8096
vn -0.4278 0.2552 0.8671
vn -0.2567 0.2567 0.9318
vn -0.0865 0.2564 0.9627
vn 0.0865 0.2564 0.9627
vn 0.2567 0.2567 0.9318
vn 0.4278 0.2553 0.8671
vn -0.4340 0.0886 0.8966
vn -0.2564 0.0865 0.9627
vn -0.0848 0.0849 0.9928
vn 0.0848 0.0849 0.9928
vn 0.2564 0.0865 0.9627
vn 0.4340 0.0886 0.8966
vn -0.4340 -0.0886 0.8966
vn -0.2564 -0.0865 0.9627
vn -0.0848 -0.0848 0.9928
vn 0.0848 -0.0849 0.9928
vn 0.2564 -0.0865 0.9627
vn 0.4340 -0.0886 0.8966
vn -0.4278 -0.2553 0.8671
vn -0.2567 -0.2567 0.9318
vn -0.0865 -0.2564 0.9627
vn 0.0865 -0.2564 0.9627
vn 0.2567 -0.2567 0.9318
vn 0.4279 -0.2552 0.8671
vn -0.4150 -0.4151 0.8096
vn -0.2552 -0.4278 0.8671
vn -0.0886 -0.4340 0.8966
vn 0.0886 -0.4340 0.8966
vn 0.2553 -0.4279 0.8671
vn 0.4150 -0.4151 0.8096
vn -0.5325 0.5325 0.6579
vn -0.4007 0.5734 0.7146
vn -0.2532 0.6011 0.7580
vn -0.0901 0.6162 0.7825
vn 0.0901 0.6162 0.7825
vn 0.2532 0.6011 0.7580
vn 0.4007 0.5734 0.7146
vn 0.5325 0.5325 0.6580
vn 0.5734 0.4007 0.7146
vn 0.6011 0.2532 0.7580
vn 0.6162 0.0901 0.7825
vn 0.6161 -0.0902 0.7825
vn 0.6011 -0.2532 0.7580
vn 0.5734 -0.4007 0.7146
vn 0.5325 -0.5325 0.6580
vn 0.4007 -0.5734 0.7146
vn 0.2532 -0.6011 0.7580
vn 0.0901 -0.6161 0.7825
vn -0.0901 -0.6161 0.7825
vn -0.2532 -0.6011 0.7580
vn -0.4007 -0.5734 0.7146
vn -0.5325 -0.5325 0.6579
vn -0.5734 -0.4007 0.7146
vn -0.6011 -0.2532 0.7580
vn -0.6162 -0.0901 0.7825
vn -0.6161 0.0901 0.7825
vn -0.6011 0.2532 0.7580
vn -0.5734 0.4007 0.7146
vt 0.813663 0.607524
vt 0.822187 0.610457
vt 0.820702 0.615240
vt 0.812158 0.612859
vt 0.819468 0.620074
vt 0.810928 0.618116
vt 0.818439 0.624936
vt 0.809915 0.623324
vt 0.817581 0.629813
vt 0.809080 0.628493
vt 0.816875 0.634694
vt 0.808398 0.633637
vt 0.816379 0.639617
vt 0.807834 0.638767
vt 0.815988 0.644604
vt 0.807374 0.643893
vt 0.815569 0.649595
vt 0.807009 0.649017
vt 0.815327 0.654611
vt 0.806698 0.654131
vt 0.815019 0.659629
vt 0.806462 0.659235
vt 0.814764 0.664601
vt 0.806289 0.664320
vt 0.814675 0.669566
vt 0.806145 0.669400
vt 0.814639 0.674559
vt 0.806057 0.674483
vt 0.814655 0.679581
vt 0.806040 0.679580
vt 0.814710 0.684635
vt 0.806059 0.684695
vt 0.814794 0.689717
vt 0.806076 0.689824
vt 0.814909 0.694830
vt 0.806142 0.694973
vt 0.815051 0.699986
vt 0.806210 0.700134
vt 0.815071 0.705143
vt 0.806331 0.705301
vt 0.815118 0.710240
vt 0.806444 0.710462
vt 0.815328 0.715329
vt 0.806585 0.715622
vt 0.815456 0.720419
vt 0.806778 0.720783
vt 0.815753 0.725501
vt 0.807004 0.725949
vt 0.815983 0.730587
vt 0.807289 0.731118
vt 0.816283 0.735627
vt 0.807661 0.736286
vt 0.816665 0.740621
vt 0.808097 0.741451
vt 0.817242 0.745591
vt 0.808611 0.746624
vt 0.817851 0.750556
vt 0.809300 0.751813
vt 0.818675 0.755472
vt 0.810090 0.757014
vt 0.819604 0.760362
vt 0.811090 0.762233
vt 0.956737 0.729146
vt 0.955902 0.724950
vt 0.966761 0.723881
vt 0.967178 0.725979
vt 0.820756 0.765171
vt 0.812313 0.767479
vt 0.822187 0.769877
vt 0.813821 0.772752
vt 0.787917 0.772322
vt 0.804256 0.769428
vt 0.805611 0.775158
vt 0.788804 0.778638
vt 0.787191 0.766277
vt 0.803133 0.763810
vt 0.786571 0.760333
vt 0.802210 0.758306
vt 0.786053 0.754532
vt 0.801450 0.752873
vt 0.785645 0.748879
vt 0.800849 0.747495
vt 0.785306 0.743296
vt 0.800329 0.742157
vt 0.785017 0.737788
vt 0.799907 0.736860
vt 0.784793 0.732341
vt 0.799583 0.731585
vt 0.784600 0.726944
vt 0.799296 0.726331
vt 0.784458 0.721589
vt 0.799088 0.721092
vt 0.784331 0.716267
vt 0.798895 0.715870
vt 0.784247 0.710972
vt 0.798761 0.710656
vt 0.784160 0.705694
vt 0.798626 0.705454
vt 0.784106 0.700435
vt 0.798553 0.700255
vt 0.784057 0.695187
vt 0.798501 0.695063
vt 0.784033 0.689949
vt 0.798476 0.689887
vt 0.784039 0.684717
vt 0.798420 0.684716
vt 0.784038 0.679482
vt 0.798453 0.679555
vt 0.784092 0.674240
vt 0.798503 0.674401
vt 0.784137 0.668990
vt 0.798575 0.669248
vt 0.784210 0.663724
vt 0.798693 0.664092
vt 0.784337 0.658431
vt 0.798843 0.658924
vt 0.784478 0.653108
vt 0.799056 0.653735
vt 0.784670 0.647738
vt 0.799364 0.648523
vt 0.784903 0.642326
vt 0.799697 0.643291
vt 0.785211 0.636844
vt 0.800136 0.638031
vt 0.785567 0.631302
vt 0.800678 0.632730
vt 0.785998 0.625676
vt 0.801304 0.627386
vt 0.786532 0.619928
vt 0.802062 0.621988
vt 0.787152 0.614080
vt 0.802983 0.616499
vt 0.787903 0.608056
vt 0.804077 0.610928
vt 0.788774 0.601915
vt 0.805381 0.605210
vt 0.769380 0.606393
vt 0.769649 0.599910
vt 0.991463 0.739680
vt 0.987906 0.742057
vt 0.982763 0.732434
vt 0.984541 0.731246
vt 0.991463 0.705943
vt 0.994488 0.708968
vt 0.986054 0.715890
vt 0.984542 0.714377
vt 0.958374 0.712524
vt 0.960751 0.708967
vt 0.969185 0.715889
vt 0.967997 0.717668
vt 0.975481 0.744529
vt 0.971285 0.743694
vt 0.974452 0.733253
vt 0.976550 0.733670
vt 0.999337 0.720673
vt 0.999337 0.724950
vt 0.988478 0.723881
vt 0.988478 0.721742
vt 0.971285 0.701929
vt 0.975481 0.701094
vt 0.976550 0.711953
vt 0.974452 0.712370
vt 0.958374 0.733098
vt 0.967997 0.727955
vt 0.994488 0.736655
vt 0.986054 0.729733
vt 0.987907 0.703566
vt 0.982763 0.713189
vt 0.956737 0.716477
vt 0.967178 0.719644
vt 0.979758 0.744529
vt 0.978689 0.733670
vt 0.998502 0.716477
vt 0.988061 0.719644
vt 0.967333 0.703566
vt 0.972476 0.713189
vt 0.960751 0.736655
vt 0.969185 0.729733
vt 0.996865 0.733099
vt 0.987242 0.727955
vt 0.983954 0.701929
vt 0.980787 0.712370
vt 0.955902 0.720672
vt 0.966761 0.721742
vt 0.983954 0.743694
vt 0.980787 0.733253
vt 0.996865 0.712524
vt 0.987242 0.717668
vt 0.967333 0.742057
vt 0.963776 0.739680
vt 0.970698 0.731246
vt 0.972476 0.732434
vt 0.963776 0.705943
vt 0.970698 0.714377
vt 0.998502 0.729146
vt 0.988061 0.725979
vt 0.979759 0.701094
vt 0.978689 0.711953
vt 0.977620 0.722812
vt 0.768488 0.727257
vt 0.768471 0.721850
vt 0.768396 0.679452
vt 0.768381 0.674171
vt 0.768703 0.630520
vt 0.768820 0.624703
vt 0.768675 0.749606
vt 0.768615 0.743902
vt 0.768416 0.700530
vt 0.768415 0.695255
vt 0.768449 0.652784
vt 0.768473 0.647330
vt 0.768525 0.732739
vt 0.769152 0.773873
vt 0.768991 0.767520
vt 0.768394 0.684722
vt 0.768446 0.716468
vt 0.768604 0.636203
vt 0.768767 0.755450
vt 0.768434 0.705824
vt 0.768419 0.658186
vt 0.769329 0.780422
vt 0.768437 0.711135
vt 0.768388 0.668872
vt 0.768400 0.663546
vt 0.768973 0.618776
vt 0.769159 0.612697
vt 0.768556 0.738272
vt 0.768394 0.689988
vt 0.768532 0.641813
vt 0.768868 0.761405
vt 0.750398 0.779802
vt 0.750909 0.773400
vt 0.753162 0.663655
vt 0.753066 0.658304
vt 0.751830 0.618922
vt 0.751540 0.612844
vt 0.751331 0.767171
vt 0.752953 0.652905
vt 0.751682 0.761132
vt 0.751982 0.755206
vt 0.752811 0.647451
vt 0.752663 0.641926
vt 0.752493 0.636337
vt 0.752301 0.630638
vt 0.752241 0.749404
vt 0.752466 0.743711
vt 0.752661 0.738110
vt 0.752081 0.624854
vt 0.752830 0.732588
vt 0.753241 0.668970
vt 0.752976 0.727132
vt 0.753089 0.721732
vt 0.751192 0.606635
vt 0.753193 0.716379
vt 0.753382 0.684768
vt 0.753354 0.679516
vt 0.753265 0.711062
vt 0.753329 0.705775
vt 0.753372 0.700509
vt 0.753398 0.695257
vt 0.753392 0.690012
vt 0.750777 0.600204
vt 0.753304 0.674255
vt 0.726395 0.615472
vt 0.725472 0.609603
vt 0.730750 0.720895
vt 0.731004 0.715702
vt 0.726352 0.764351
vt 0.727197 0.758645
vt 0.731213 0.710532
vt 0.731367 0.705391
vt 0.731162 0.669537
vt 0.730951 0.664362
vt 0.731464 0.700268
vt 0.731518 0.684933
vt 0.731445 0.679816
vt 0.731526 0.695154
vt 0.731547 0.690043
vt 0.724437 0.603642
vt 0.731327 0.674686
vt 0.724313 0.776016
vt 0.725396 0.770133
vt 0.727205 0.621211
vt 0.730691 0.659156
vt 0.729107 0.637881
vt 0.728551 0.632406
vt 0.730379 0.653911
vt 0.727940 0.753048
vt 0.728584 0.747546
vt 0.729154 0.742100
vt 0.730019 0.648629
vt 0.729594 0.643286
vt 0.729650 0.736721
vt 0.730079 0.731398
vt 0.730437 0.726134
vt 0.727920 0.626852
vt 0.709511 0.685229
vt 0.709401 0.680362
vt 0.709536 0.694950
vt 0.709556 0.690090
vt 0.709452 0.699812
vt 0.700854 0.614877
vt 0.699458 0.609539
vt 0.709225 0.675488
vt 0.708790 0.714445
vt 0.709080 0.709555
vt 0.708973 0.670597
vt 0.699761 0.770046
vt 0.701142 0.764810
vt 0.703243 0.625392
vt 0.702107 0.620148
vt 0.708662 0.665693
vt 0.708280 0.660769
vt 0.702392 0.759599
vt 0.705956 0.640784
vt 0.705156 0.635699
vt 0.707823 0.655821
vt 0.703508 0.754445
vt 0.704510 0.749323
vt 0.705401 0.744243
vt 0.706190 0.739201
vt 0.707288 0.650846
vt 0.706670 0.645837
vt 0.706875 0.734200
vt 0.707478 0.729223
vt 0.707997 0.724273
vt 0.704254 0.630569
vt 0.708435 0.719347
vt 0.709291 0.704681
vt 0.688919 0.712956
vt 0.689240 0.708395
vt 0.689351 0.676470
vt 0.689067 0.671898
vt 0.678966 0.763610
vt 0.680472 0.758941
vt 0.682520 0.630277
vt 0.681260 0.625586
vt 0.688708 0.667320
vt 0.688256 0.662731
vt 0.681825 0.754305
vt 0.685589 0.644268
vt 0.684680 0.639620
vt 0.687731 0.658134
vt 0.683054 0.749668
vt 0.684154 0.745050
vt 0.685141 0.740437
vt 0.686014 0.735839
vt 0.687106 0.653523
vt 0.686399 0.648902
vt 0.686778 0.731251
vt 0.687448 0.726669
vt 0.688031 0.722092
vt 0.683659 0.634957
vt 0.688519 0.717521
vt 0.679860 0.620871
vt 0.689492 0.703835
vt 0.689659 0.699277
vt 0.689707 0.685601
vt 0.689566 0.681038
vt 0.689753 0.694719
vt 0.689760 0.690161
vt 0.678310 0.616124
vt 0.670902 0.737417
vt 0.671758 0.733167
vt 0.672730 0.655718
vt 0.672011 0.651407
vt 0.669926 0.741654
vt 0.673362 0.660032
vt 0.671194 0.647100
vt 0.672526 0.728908
vt 0.673188 0.724638
vt 0.673757 0.720359
vt 0.670268 0.642800
vt 0.669244 0.638508
vt 0.668095 0.634224
vt 0.674238 0.716071
vt 0.666831 0.629952
vt 0.665430 0.625692
vt 0.674648 0.711776
vt 0.667623 0.750088
vt 0.668841 0.745879
vt 0.674953 0.707474
vt 0.675195 0.703170
vt 0.674741 0.672978
vt 0.674352 0.668662
vt 0.675345 0.698862
vt 0.675380 0.685924
vt 0.675240 0.681608
vt 0.675433 0.694552
vt 0.675443 0.690239
vt 0.663887 0.621451
vt 0.675023 0.677294
vt 0.664784 0.758455
vt 0.666277 0.754281
vt 0.673905 0.664348
vt 0.659667 0.640982
vt 0.658579 0.636967
vt 0.664112 0.719173
vt 0.664559 0.715079
vt 0.657363 0.632990
vt 0.656026 0.629047
vt 0.664925 0.710966
vt 0.658303 0.747190
vt 0.659448 0.743268
vt 0.665243 0.706848
vt 0.665451 0.702720
vt 0.664989 0.673748
vt 0.664637 0.669619
vt 0.665617 0.698588
vt 0.665612 0.686160
vt 0.665490 0.682013
vt 0.665676 0.694448
vt 0.665697 0.690306
vt 0.654559 0.625148
vt 0.665294 0.677878
vt 0.655623 0.754900
vt 0.657027 0.751068
vt 0.664175 0.665500
vt 0.661541 0.649079
vt 0.660665 0.645017
vt 0.663630 0.661379
vt 0.660490 0.739317
vt 0.661407 0.735332
vt 0.662242 0.731328
vt 0.663032 0.657264
vt 0.662319 0.653166
vt 0.662958 0.727299
vt 0.663580 0.723247
vt 0.809157 0.946342
vt 0.812287 0.944250
vt 0.816814 0.952719
vt 0.815249 0.953765
vt 0.815766 0.942809
vt 0.818554 0.951999
vt 0.806494 0.949004
vt 0.813918 0.955096
vt 0.833526 0.976035
vt 0.830395 0.978127
vt 0.825868 0.969658
vt 0.827433 0.968612
vt 0.802962 0.955613
vt 0.804403 0.952135
vt 0.812872 0.956662
vt 0.812152 0.958401
vt 0.823224 0.942075
vt 0.826916 0.942809
vt 0.824129 0.951999
vt 0.822282 0.951632
vt 0.802227 0.959306
vt 0.811784 0.960247
vt 0.836188 0.973373
vt 0.828765 0.967281
vt 0.826917 0.979568
vt 0.823224 0.980302
vt 0.822282 0.970746
vt 0.824129 0.970378
vt 0.802962 0.966764
vt 0.802227 0.963071
vt 0.811784 0.962130
vt 0.812152 0.963976
vt 0.838280 0.970242
vt 0.829811 0.965715
vt 0.815766 0.979568
vt 0.812288 0.978127
vt 0.816814 0.969658
vt 0.818554 0.970378
vt 0.804403 0.970242
vt 0.812872 0.965715
vt 0.840455 0.963071
vt 0.839721 0.966764
vt 0.830531 0.963976
vt 0.830898 0.962130
vt 0.839721 0.955613
vt 0.840455 0.959306
vt 0.830898 0.960247
vt 0.830531 0.958401
vt 0.809157 0.976035
vt 0.806495 0.973373
vt 0.813918 0.967281
vt 0.815249 0.968612
vt 0.838280 0.952135
vt 0.829810 0.956662
vt 0.833525 0.946342
vt 0.836188 0.949004
vt 0.828765 0.955096
vt 0.827433 0.953765
vt 0.819459 0.980302
vt 0.820400 0.970746
vt 0.830395 0.944250
vt 0.825868 0.952719
vt 0.819459 0.942075
vt 0.820400 0.951632
vt 0.821341 0.961188
vt 0.919791 0.080025
vt 0.917927 0.076969
vt 0.921669 0.075301
vt 0.922977 0.078938
vt 0.925779 0.074311
vt 0.926486 0.078300
vt 0.930060 0.073970
vt 0.930123 0.078076
vt 0.934349 0.074179
vt 0.933766 0.078188
vt 0.938488 0.075042
vt 0.937292 0.078719
vt 0.942279 0.076595
vt 0.940510 0.079707
vt 0.915476 0.073394
vt 0.919873 0.071091
vt 0.924785 0.069629
vt 0.929985 0.069094
vt 0.935199 0.069469
vt 0.940153 0.070779
vt 0.944620 0.072946
vt 0.912444 0.069192
vt 0.917564 0.066114
vt 0.923442 0.063985
vt 0.929892 0.063045
vt 0.936368 0.063786
vt 0.942308 0.065733
vt 0.947521 0.068653
vt 0.595767 0.928595
vt 0.599583 0.932099
vt 0.596779 0.936196
vt 0.592108 0.933318
vt 0.594751 0.940902
vt 0.589303 0.938906
vt 0.593608 0.946003
vt 0.587612 0.945200
vt 0.593369 0.951225
vt 0.587588 0.951718
vt 0.594088 0.956299
vt 0.588824 0.957847
vt 0.595715 0.960989
vt 0.591111 0.963366
vt 0.602845 0.934954
vt 0.600749 0.938474
vt 0.599284 0.942440
vt 0.598442 0.946651
vt 0.598146 0.950934
vt 0.598517 0.955146
vt 0.599613 0.959093
vt 0.605662 0.937164
vt 0.604208 0.940201
vt 0.603162 0.943609
vt 0.602512 0.947195
vt 0.602196 0.950826
vt 0.602308 0.954390
vt 0.602912 0.957702
vt 0.918813 0.083306
vt 0.917206 0.081748
vt 0.920894 0.082776
vt 0.923770 0.082215
vt 0.926926 0.081828
vt 0.930178 0.081683
vt 0.933433 0.081728
vt 0.936600 0.082018
vt 0.939492 0.082490
vt 0.943147 0.081349
vt 0.941588 0.082956
vt 0.945507 0.078915
vt 0.948438 0.075893
vt 0.951907 0.072316
vt 0.598193 0.965127
vt 0.594233 0.968152
vt 0.601538 0.962572
vt 0.604233 0.960513
vt 0.605795 0.957018
vt 0.606012 0.959155
vt 0.605666 0.954091
vt 0.605750 0.950912
vt 0.606088 0.947674
vt 0.606614 0.944462
vt 0.607369 0.941373
vt 0.608263 0.938582
vt 0.607676 0.934799
vt 0.609035 0.936578
vt 0.605618 0.932104
vt 0.603063 0.928760
vt 0.600038 0.924799
vt 0.911750 0.076457
vt 0.908173 0.072988
vt 0.914771 0.079387
vt 0.610995 0.939144
vt 0.613922 0.939359
vt 0.613488 0.942409
vt 0.610432 0.942025
vt 0.612983 0.945463
vt 0.609837 0.945033
vt 0.612514 0.948535
vt 0.609340 0.948110
vt 0.612158 0.951622
vt 0.609010 0.951209
vt 0.611842 0.954701
vt 0.608793 0.954267
vt 0.611459 0.957758
vt 0.608578 0.957195
vt 0.616981 0.939576
vt 0.616568 0.942725
vt 0.616110 0.945842
vt 0.615661 0.948956
vt 0.615275 0.952079
vt 0.614897 0.955206
vt 0.614466 0.958353
vt 0.620080 0.939906
vt 0.619655 0.943080
vt 0.619233 0.946228
vt 0.618812 0.949378
vt 0.618390 0.952528
vt 0.617968 0.955676
vt 0.617543 0.958850
vt 0.623157 0.940403
vt 0.622726 0.943550
vt 0.622348 0.946677
vt 0.621962 0.949800
vt 0.621513 0.952914
vt 0.621055 0.956031
vt 0.620642 0.959180
vt 0.626164 0.940998
vt 0.625781 0.944054
vt 0.625464 0.947134
vt 0.625109 0.950221
vt 0.624640 0.953293
vt 0.624135 0.956348
vt 0.623701 0.959397
vt 0.629045 0.941561
vt 0.628830 0.944489
vt 0.628613 0.947547
vt 0.628283 0.950646
vt 0.627786 0.953723
vt 0.627191 0.956731
vt 0.626628 0.959611
vt 0.611171 0.936361
vt 0.608016 0.959926
vt 0.610807 0.960821
vt 0.613895 0.961576
vt 0.617108 0.962102
vt 0.620346 0.962439
vt 0.623524 0.962523
vt 0.626452 0.962395
vt 0.629360 0.960174
vt 0.628588 0.962178
vt 0.630254 0.957383
vt 0.631009 0.954294
vt 0.631536 0.951082
vt 0.631873 0.947844
vt 0.631957 0.944665
vt 0.631828 0.941738
vt 0.629607 0.938830
vt 0.631611 0.939601
vt 0.626817 0.937935
vt 0.623728 0.937180
vt 0.620515 0.936654
vt 0.617278 0.936316
vt 0.614099 0.936233
vt 0.634711 0.941054
vt 0.638010 0.939663
vt 0.639106 0.943610
vt 0.635315 0.944366
vt 0.639477 0.947822
vt 0.635427 0.947930
vt 0.639181 0.952105
vt 0.635111 0.951561
vt 0.638339 0.956316
vt 0.634461 0.955146
vt 0.636874 0.960282
vt 0.633415 0.958555
vt 0.634778 0.963802
vt 0.631961 0.961592
vt 0.641908 0.937767
vt 0.643536 0.942457
vt 0.644254 0.947530
vt 0.644015 0.952753
vt 0.642872 0.957854
vt 0.640844 0.962560
vt 0.638040 0.966657
vt 0.646512 0.935390
vt 0.648800 0.940909
vt 0.650035 0.947038
vt 0.650011 0.953556
vt 0.648320 0.959850
vt 0.645515 0.965438
vt 0.641856 0.970161
vt 0.913231 0.120385
vt 0.916132 0.116092
vt 0.920599 0.118259
vt 0.918443 0.123305
vt 0.925552 0.119569
vt 0.924384 0.125252
vt 0.930767 0.119944
vt 0.930860 0.125993
vt 0.935967 0.119408
vt 0.937310 0.125053
vt 0.940878 0.117947
vt 0.943188 0.122924
vt 0.945276 0.115644
vt 0.948308 0.119845
vt 0.918473 0.112443
vt 0.922264 0.113995
vt 0.926403 0.114858
vt 0.930692 0.115068
vt 0.934972 0.114727
vt 0.939083 0.113737
vt 0.942824 0.112069
vt 0.920242 0.109331
vt 0.923460 0.110319
vt 0.926986 0.110850
vt 0.930629 0.110961
vt 0.934266 0.110738
vt 0.937774 0.110099
vt 0.940960 0.109012
vt 0.633390 0.938242
vt 0.629947 0.963956
vt 0.632005 0.966651
vt 0.634560 0.969996
vt 0.637585 0.973957
vt 0.949001 0.112580
vt 0.952579 0.116050
vt 0.945980 0.109650
vt 0.943545 0.107290
vt 0.939858 0.106262
vt 0.941939 0.105731
vt 0.936981 0.106822
vt 0.933825 0.107210
vt 0.930573 0.107355
vt 0.927318 0.107310
vt 0.924152 0.107020
vt 0.921259 0.106548
vt 0.917605 0.107688
vt 0.919163 0.106082
vt 0.915244 0.110123
vt 0.912314 0.113145
vt 0.908845 0.116722
vt 0.639430 0.933629
vt 0.643390 0.930604
vt 0.636085 0.936184
vt 0.921411 0.103763
vt 0.921190 0.100836
vt 0.924270 0.100815
vt 0.924344 0.103894
vt 0.927366 0.100862
vt 0.927406 0.104038
vt 0.930474 0.100872
vt 0.930523 0.104074
vt 0.933579 0.100767
vt 0.933636 0.103942
vt 0.936672 0.100624
vt 0.936693 0.103704
vt 0.939751 0.100551
vt 0.939620 0.103484
vt 0.920953 0.097780
vt 0.924128 0.097722
vt 0.927278 0.097713
vt 0.930425 0.097697
vt 0.933570 0.097617
vt 0.936719 0.097528
vt 0.939895 0.097488
vt 0.920820 0.094666
vt 0.924022 0.094616
vt 0.927198 0.094568
vt 0.930376 0.094519
vt 0.933554 0.094470
vt 0.936729 0.094421
vt 0.939931 0.094372
vt 0.920857 0.091549
vt 0.924032 0.091509
vt 0.927181 0.091421
vt 0.930327 0.091341
vt 0.933474 0.091324
vt 0.936624 0.091316
vt 0.939799 0.091258
vt 0.921000 0.088487
vt 0.924080 0.088413
vt 0.927173 0.088271
vt 0.930278 0.088166
vt 0.933385 0.088175
vt 0.936481 0.088223
vt 0.939561 0.088201
vt 0.921131 0.085554
vt 0.924058 0.085334
vt 0.927115 0.085096
vt 0.930229 0.084964
vt 0.933345 0.085000
vt 0.936408 0.085143
vt 0.939341 0.085274
vt 0.918633 0.104001
vt 0.942405 0.103635
vt 0.942877 0.100743
vt 0.943167 0.097577
vt 0.943212 0.094322
vt 0.943067 0.091070
vt 0.942679 0.087913
vt 0.942119 0.085037
vt 0.918347 0.085403
vt 0.917875 0.088295
vt 0.917585 0.091461
vt 0.917540 0.094716
vt 0.917685 0.097968
vt 0.918072 0.101124
vt 0.610488 0.933478
vt 0.609097 0.930180
vt 0.613043 0.929083
vt 0.613800 0.932875
vt 0.617256 0.928713
vt 0.617363 0.932762
vt 0.621539 0.929008
vt 0.620994 0.933079
vt 0.625750 0.929850
vt 0.624580 0.933728
vt 0.629716 0.931316
vt 0.627989 0.934774
vt 0.633235 0.933412
vt 0.631025 0.936228
vt 0.607200 0.926281
vt 0.611891 0.924654
vt 0.616964 0.923935
vt 0.622186 0.924175
vt 0.627288 0.925317
vt 0.631993 0.927346
vt 0.636090 0.930150
vt 0.604824 0.921677
vt 0.610343 0.919390
vt 0.616471 0.918154
vt 0.622989 0.918179
vt 0.629284 0.919870
vt 0.634871 0.922674
vt 0.639594 0.926333
vt 0.904510 0.077374
vt 0.908803 0.080275
vt 0.906636 0.084742
vt 0.901590 0.082586
vt 0.905326 0.089696
vt 0.899643 0.088527
vt 0.904951 0.094910
vt 0.898902 0.095003
vt 0.905486 0.100110
vt 0.899842 0.101453
vt 0.906948 0.105021
vt 0.901971 0.107331
vt 0.909251 0.109419
vt 0.905049 0.112451
vt 0.912452 0.082616
vt 0.910899 0.086407
vt 0.910036 0.090546
vt 0.909827 0.094835
vt 0.910168 0.099115
vt 0.911158 0.103226
vt 0.912826 0.106967
vt 0.915564 0.084385
vt 0.914576 0.087603
vt 0.914045 0.091129
vt 0.913933 0.094772
vt 0.914157 0.098409
vt 0.914795 0.101917
vt 0.915882 0.105103
vt 0.627135 0.965278
vt 0.628527 0.968576
vt 0.624580 0.969673
vt 0.623824 0.965881
vt 0.620368 0.970043
vt 0.620260 0.965994
vt 0.616084 0.969747
vt 0.616629 0.965677
vt 0.611874 0.968906
vt 0.613043 0.965028
vt 0.607907 0.967440
vt 0.609634 0.963982
vt 0.604388 0.965344
vt 0.606598 0.962528
vt 0.630423 0.972475
vt 0.625732 0.974102
vt 0.620659 0.974821
vt 0.615437 0.974581
vt 0.610335 0.973438
vt 0.605630 0.971410
vt 0.601533 0.968606
vt 0.632800 0.977079
vt 0.627280 0.979366
vt 0.621152 0.980602
vt 0.614634 0.980577
vt 0.608339 0.978886
vt 0.602752 0.976082
vt 0.598029 0.972423
vt 0.956242 0.111664
vt 0.951949 0.108763
vt 0.954116 0.104296
vt 0.959161 0.106451
vt 0.955425 0.099342
vt 0.961109 0.100510
vt 0.955801 0.094128
vt 0.961849 0.094035
vt 0.955265 0.088928
vt 0.960910 0.087585
vt 0.953804 0.084016
vt 0.958781 0.081707
vt 0.951500 0.079619
vt 0.955702 0.076587
vt 0.948300 0.106422
vt 0.949852 0.102631
vt 0.950715 0.098492
vt 0.950925 0.094203
vt 0.950583 0.089923
vt 0.949594 0.085812
vt 0.947926 0.082071
vt 0.945188 0.104653
vt 0.946176 0.101435
vt 0.946706 0.097909
vt 0.946819 0.094266
vt 0.946595 0.090629
vt 0.945956 0.087121
vt 0.944869 0.083935
s 0
usemtl lay_figure_material
f 1/1/1 2/2/1 3/3/1 4/4/1
f 4/4/2 3/3/2 5/5/2 6/6/2
f 6/6/3 5/5/3 7/7/3 8/8/3
f 8/8/4 7/7/4 9/9/4 10/10/4
f 10/10/5 9/9/5 11/11/5 12/12/5
f 12/12/6 11/11/6 13/13/6 14/14/6
f 14/14/7 13/13/7 15/15/7 16/16/7
f 16/16/8 15/15/8 17/17/8 18/18/8
f 18/18/9 17/17/9 19/19/9 20/20/9
f 20/20/10 19/19/10 21/21/10 22/22/10
f 22/22/11 21/21/11 23/23/11 24/24/11
f 24/24/12 23/23/12 25/25/12 26/26/12
f 26/26/13 25/25/13 27/27/13 28/28/13
f 28/28/14 27/27/14 29/29/14 30/30/14
f 30/30/15 29/29/15 31/31/15 32/32/15
f 32/32/16 31/31/16 33/33/16 34/34/16
f 34/34/17 33/33/17 35/35/17 36/36/17
f 36/36/18 35/35/18 37/37/18 38/38/18
f 38/38/19 37/37/19 39/39/19 40/40/19
f 40/40/20 39/39/20 41/41/20 42/42/20
f 42/42/21 41/41/21 43/43/21 44/44/21
f 44/44/22 43/43/22 45/45/22 46/46/22
f 46/46/23 45/45/23 47/47/23 48/48/23
f 48/48/24 47/47/24 49/49/24 50/50/24
f 50/50/25 49/49/25 51/51/25 52/52/25
f 52/52/26 51/51/26 53/53/26 54/54/26
f 54/54/27 53/53/27 55/55/27 56/56/27
f 56/56/28 55/55/28 57/57/28 58/58/28
f 58/58/29 57/57/29 59/59/29 60/60/29
f 60/60/30 59/59/30 61/61/30 62/62/30
f 59/63/31 57/64/31 63/65/31 64/66/31
f 62/62/32 61/61/32 65/67/32 66/68/32
f 66/68/33 65/67/33 2/69/33 1/70/33
f 67/71/34 68/72/34 69/73/34 70/74/34
f 71/75/35 72/76/35 68/72/35 67/71/35
f 73/77/36 74/78/36 72/76/36 71/75/36
f 75/79/37 76/80/37 74/78/37 73/77/37
f 77/81/38 78/82/38 76/80/38 75/79/38
f 79/83/39 80/84/39 78/82/39 77/81/39
f 81/85/40 82/86/40 80/84/40 79/83/40
f 83/87/41 84/88/41 82/86/41 81/85/41
f 85/89/42 86/90/42 84/88/42 83/87/42
f 87/91/43 88/92/43 86/90/43 85/89/43
f 89/93/44 90/94/44 88/92/44 87/91/44
f 91/95/45 92/96/45 90/94/45 89/93/45
f 93/97/46 94/98/46 92/96/46 91/95/46
f 95/99/47 96/100/47 94/98/47 93/97/47
f 97/101/48 98/102/48 96/100/48 95/99/48
f 99/103/49 100/104/49 98/102/49 97/101/49
f 101/105/50 102/106/50 100/104/50 99/103/50
f 103/107/51 104/108/51 102/106/51 101/105/51
f 105/109/52 106/110/52 104/108/52 103/107/52
f 107/111/53 108/112/53 106/110/53 105/109/53
f 109/113/54 110/114/54 108/112/54 107/111/54
f 111/115/55 112/116/55 110/114/55 109/113/55
f 113/117/56 114/118/56 112/116/56 111/115/56
f 115/119/57 116/120/57 114/118/57 113/117/57
f 117/121/58 118/122/58 116/120/58 115/119/58
f 119/123/59 120/124/59 118/122/59 117/121/59
f 121/125/60 122/126/60 120/124/60 119/123/60
f 123/127/61 124/128/61 122/126/61 121/125/61
f 125/129/62 126/130/62 124/128/62 123/127/62
f 127/131/63 128/132/63 126/130/63 125/129/63
f 129/133/64 130/134/64 128/132/64 127/131/64
f 70/135/65 69/136/65 130/134/65 129/133/65
f 68/72/66 66/68/66 1/70/66 69/73/66
f 72/76/67 62/62/67 66/68/67 68/72/67
f 74/78/68 60/60/68 62/62/68 72/76/68
f 76/80/69 58/58/69 60/60/69 74/78/69
f 78/82/70 56/56/70 58/58/70 76/80/70
f 80/84/71 54/54/71 56/56/71 78/82/71
f 82/86/72 52/52/72 54/54/72 80/84/72
f 84/88/73 50/50/73 52/52/73 82/86/73
f 86/90/74 48/48/74 50/50/74 84/88/74
f 88/92/75 46/46/75 48/48/75 86/90/75
f 90/94/76 44/44/76 46/46/76 88/92/76
f 92/96/77 42/42/77 44/44/77 90/94/77
f 94/98/78 40/40/78 42/42/78 92/96/78
f 96/100/79 38/38/79 40/40/79 94/98/79
f 98/102/80 36/36/80 38/38/80 96/100/80
f 100/104/81 34/34/81 36/36/81 98/102/81
f 102/106/82 32/32/82 34/34/82 100/104/82
f 104/108/83 30/30/83 32/32/83 102/106/83
f 106/110/84 28/28/84 30/30/84 104/108/84
f 108/112/85 26/26/85 28/28/85 106/110/85
f 110/114/86 24/24/86 26/26/86 108/112/86
f 112/116/87 22/22/87 24/24/87 110/114/87
f 114/118/88 20/20/88 22/22/88 112/116/88
f 116/120/89 18/18/89 20/20/89 114/118/89
f 118/122/90 16/16/90 18/18/90 116/120/90
f 120/124/91 14/14/91 16/16/91 118/122/91
f 122/126/92 12/12/92 14/14/92 120/124/92
f 124/128/93 10/10/93 12/12/93 122/126/93
f 126/130/94 8/8/94 10/10/94 124/128/94
f 128/132/95 6/6/95 8/8/95 126/130/95
f 130/134/96 4/4/96 6/6/96 128/132/96
f 69/136/97 1/1/97 4/4/97 130/134/97
f 70/135/98 129/133/98 131/137/98 132/138/98
f 15/139/31 13/140/31 133/141/31 134/142/31
f 33/143/31 31/144/31 135/145/31 136/146/31
f 51/147/31 49/148/31 137/149/31 138/150/31
f 7/151/31 5/152/31 139/153/31 140/154/31
f 25/155/31 23/156/31 141/157/31 142/158/31
f 43/159/31 41/160/31 143/161/31 144/162/31
f 61/163/31 59/63/31 64/66/31 145/164/31
f 17/165/31 15/139/31 134/142/31 146/166/31
f 35/167/31 33/143/31 136/146/31 147/168/31
f 53/169/31 51/147/31 138/150/31 148/170/31
f 9/171/31 7/151/31 140/154/31 149/172/31
f 27/173/31 25/155/31 142/158/31 150/174/31
f 45/175/31 43/159/31 144/162/31 151/176/31
f 65/177/31 61/163/31 145/164/31 152/178/31
f 19/179/31 17/165/31 146/166/31 153/180/31
f 37/181/31 35/167/31 147/168/31 154/182/31
f 55/183/31 53/169/31 148/170/31 155/184/31
f 11/185/31 9/171/31 149/172/31 156/186/31
f 29/187/31 27/173/31 150/174/31 157/188/31
f 3/189/31 2/190/31 158/191/31 159/192/31
f 47/193/31 45/175/31 151/176/31 160/194/31
f 2/190/31 65/177/31 152/178/31 158/191/31
f 21/195/31 19/179/31 153/180/31 161/196/31
f 39/197/31 37/181/31 154/182/31 162/198/31
f 57/64/31 55/183/31 155/184/31 63/65/31
f 13/140/31 11/185/31 156/186/31 133/141/31
f 31/144/31 29/187/31 157/188/31 135/145/31
f 49/148/31 47/193/31 160/194/31 137/149/31
f 5/152/31 3/189/31 159/192/31 139/153/31
f 23/156/31 21/195/31 161/196/31 141/157/31
f 41/160/31 39/197/31 162/198/31 143/161/31
f 161/196/31 153/180/31 163/199/31 141/157/31
f 150/174/31 142/158/31 141/157/31 163/199/31
f 155/184/31 148/170/31 138/150/31 163/199/31
f 135/145/31 157/188/31 150/174/31 163/199/31
f 158/191/31 152/178/31 163/199/31 159/192/31
f 64/66/31 63/65/31 155/184/31 163/199/31
f 140/154/31 139/153/31 159/192/31 163/199/31
f 147/168/31 136/146/31 135/145/31 163/199/31
f 152/178/31 145/164/31 64/66/31 163/199/31
f 156/186/31 149/172/31 140/154/31 163/199/31
f 162/198/31 154/182/31 147/168/31 163/199/31
f 134/142/31 133/141/31 156/186/31 163/199/31
f 144/162/31 143/161/31 162/198/31 163/199/31
f 153/180/31 146/166/31 134/142/31 163/199/31
f 160/194/31 151/176/31 144/162/31 163/199/31
f 138/150/31 137/149/31 160/194/31 163/199/31
f 87/91/99 85/89/99 164/200/99 165/201/99
f 105/109/100 103/107/100 166/202/100 167/203/100
f 123/127/101 121/125/101 168/204/101 169/205/101
f 79/83/102 77/81/102 170/206/102 171/207/102
f 97/101/103 95/99/103 172/208/103 173/209/103
f 115/119/104 113/117/104 174/210/104 175/211/104
f 85/89/105 83/87/105 176/212/105 164/200/105
f 71/75/106 67/71/106 177/213/106 178/214/106
f 103/107/107 101/105/107 179/215/107 166/202/107
f 89/93/108 87/91/108 165/201/108 180/216/108
f 121/125/109 119/123/109 181/217/109 168/204/109
f 77/81/110 75/79/110 182/218/110 170/206/110
f 95/99/111 93/97/111 183/219/111 172/208/111
f 113/117/112 111/115/112 184/220/112 174/210/112
f 67/71/113 70/74/113 132/221/113 177/213/113
f 91/95/114 89/93/114 180/216/114 185/222/114
f 109/113/115 107/111/115 186/223/115 187/224/115
f 107/111/116 105/109/116 167/203/116 186/223/116
f 111/115/117 109/113/117 187/224/117 184/220/117
f 125/129/118 123/127/118 169/205/118 188/225/118
f 127/131/119 125/129/119 188/225/119 189/226/119
f 129/133/120 127/131/120 189/226/120 131/137/120
f 81/85/121 79/83/121 171/207/121 190/227/121
f 83/87/122 81/85/122 190/227/122 176/212/122
f 99/103/123 97/101/123 173/209/123 191/228/123
f 101/105/124 99/103/124 191/228/124 179/215/124
f 117/121/125 115/119/125 175/211/125 192/229/125
f 119/123/126 117/121/126 192/229/126 181/217/126
f 73/77/127 71/75/127 178/214/127 193/230/127
f 75/79/128 73/77/128 193/230/128 182/218/128
f 93/97/129 91/95/129 185/222/129 183/219/129
f 177/213/130 132/221/130 194/231/130 195/232/130
f 184/220/131 187/224/131 196/233/131 197/234/131
f 189/226/132 188/225/132 198/235/132 199/236/132
f 178/214/133 177/213/133 195/232/133 200/237/133
f 174/210/134 184/220/134 197/234/134 201/238/134
f 182/218/135 193/230/135 202/239/135 203/240/135
f 192/229/136 175/211/136 204/241/136 205/242/136
f 168/204/137 181/217/137 206/243/137 207/244/137
f 170/206/138 182/218/138 203/240/138 208/245/138
f 181/217/139 192/229/139 205/242/139 206/243/139
f 171/207/140 170/206/140 208/245/140 209/246/140
f 190/227/141 171/207/141 209/246/141 210/247/141
f 193/230/142 178/214/142 200/237/142 202/239/142
f 169/205/143 168/204/143 207/244/143 211/248/143
f 175/211/144 174/210/144 201/238/144 204/241/144
f 176/212/145 190/227/145 210/247/145 212/249/145
f 187/224/146 186/223/146 213/250/146 196/233/146
f 188/225/147 169/205/147 211/248/147 198/235/147
f 164/200/148 176/212/148 212/249/148 214/251/148
f 165/201/149 164/200/149 214/251/149 215/252/149
f 131/137/150 189/226/150 199/236/150 216/253/150
f 180/216/151 165/201/151 215/252/151 217/254/151
f 166/202/152 179/215/152 218/255/152 219/256/152
f 183/219/153 185/222/153 220/257/153 221/258/153
f 172/208/154 183/219/154 221/258/154 222/259/154
f 173/209/155 172/208/155 222/259/155 223/260/155
f 191/228/156 173/209/156 223/260/156 224/261/156
f 179/215/157 191/228/157 224/261/157 218/255/157
f 132/138/158 131/137/158 216/253/158 194/262/158
f 167/203/159 166/202/159 219/256/159 225/263/159
f 185/222/160 180/216/160 217/254/160 220/257/160
f 186/223/161 167/203/161 225/263/161 213/250/161
f 216/253/162 199/236/162 226/264/162 227/265/162
f 217/254/163 215/252/163 228/266/163 229/267/163
f 202/239/164 200/237/164 230/268/164 231/269/164
f 221/258/165 220/257/165 232/270/165 233/271/165
f 196/233/166 213/250/166 234/272/166 235/273/166
f 222/259/167 221/258/167 233/271/167 236/274/167
f 219/256/168 218/255/168 237/275/168 238/276/168
f 224/261/169 223/260/169 239/277/169 240/278/169
f 223/260/170 222/259/170 236/274/170 239/277/170
f 218/255/171 224/261/171 240/278/171 237/275/171
f 194/262/172 216/253/172 227/265/172 241/279/172
f 225/263/173 219/256/173 238/276/173 242/280/173
f 220/257/174 217/254/174 229/267/174 232/270/174
f 213/250/175 225/263/175 242/280/175 234/272/175
f 195/232/176 194/231/176 241/281/176 243/282/176
f 199/236/177 198/235/177 244/283/177 226/264/177
f 197/234/178 196/233/178 235/273/178 245/284/178
f 200/237/179 195/232/179 243/282/179 230/268/179
f 207/244/180 206/243/180 246/285/180 247/286/180
f 201/238/181 197/234/181 245/284/181 248/287/181
f 203/240/182 202/239/182 231/269/182 249/288/182
f 209/246/183 208/245/183 250/289/183 251/290/183
f 205/242/184 204/241/184 252/291/184 253/292/184
f 208/245/185 203/240/185 249/288/185 250/289/185
f 204/241/186 201/238/186 248/287/186 252/291/186
f 206/243/187 205/242/187 253/292/187 246/285/187
f 210/247/188 209/246/188 251/290/188 254/293/188
f 214/251/189 212/249/189 255/294/189 256/295/189
f 211/248/190 207/244/190 247/286/190 257/296/190
f 212/249/191 210/247/191 254/293/191 255/294/191
f 198/235/192 211/248/192 257/296/192 244/283/192
f 215/252/193 214/251/193 256/295/193 228/266/193
f 238/276/194 237/275/194 258/297/194 259/298/194
f 240/278/195 239/277/195 260/299/195 261/300/195
f 239/277/196 236/274/196 262/301/196 260/299/196
f 237/275/197 240/278/197 261/300/197 258/297/197
f 241/279/198 227/265/198 263/302/198 264/303/198
f 242/280/199 238/276/199 259/298/199 265/304/199
f 232/270/200 229/267/200 266/305/200 267/306/200
f 234/272/201 242/280/201 265/304/201 268/307/201
f 243/282/202 241/281/202 264/308/202 269/309/202
f 226/264/203 244/283/203 270/310/203 271/311/203
f 245/284/204 235/273/204 272/312/204 273/313/204
f 230/268/205 243/282/205 269/309/205 274/314/205
f 247/286/206 246/285/206 275/315/206 276/316/206
f 248/287/207 245/284/207 273/313/207 277/317/207
f 249/288/208 231/269/208 278/318/208 279/319/208
f 251/290/209 250/289/209 280/320/209 281/321/209
f 253/292/210 252/291/210 282/322/210 283/323/210
f 250/289/211 249/288/211 279/319/211 280/320/211
f 252/291/212 248/287/212 277/317/212 282/322/212
f 246/285/213 253/292/213 283/323/213 275/315/213
f 254/293/214 251/290/214 281/321/214 284/324/214
f 256/295/215 255/294/215 285/325/215 286/326/215
f 257/296/216 247/286/216 276/316/216 287/327/216
f 255/294/217 254/293/217 284/324/217 285/325/217
f 244/283/218 257/296/218 287/327/218 270/310/218
f 228/266/219 256/295/219 286/326/219 288/328/219
f 227/265/220 226/264/220 271/311/220 263/302/220
f 229/267/221 228/266/221 288/328/221 266/305/221
f 231/269/222 230/268/222 274/314/222 278/318/222
f 233/271/223 232/270/223 267/306/223 289/329/223
f 235/273/224 234/272/224 268/307/224 272/312/224
f 236/274/225 233/271/225 289/329/225 262/301/225
f 267/306/226 266/305/226 290/330/226 291/331/226
f 268/307/227 265/304/227 292/332/227 293/333/227
f 269/309/228 264/308/228 294/334/228 295/335/228
f 271/311/229 270/310/229 296/336/229 297/337/229
f 273/313/230 272/312/230 298/338/230 299/339/230
f 274/314/231 269/309/231 295/335/231 300/340/231
f 276/316/232 275/315/232 301/341/232 302/342/232
f 277/317/233 273/313/233 299/339/233 303/343/233
f 279/319/234 278/318/234 304/344/234 305/345/234
f 281/321/235 280/320/235 306/346/235 307/347/235
f 283/323/236 282/322/236 308/348/236 309/349/236
f 280/320/237 279/319/237 305/345/237 306/346/237
f 282/322/238 277/317/238 303/343/238 308/348/238
f 275/315/239 283/323/239 309/349/239 301/341/239
f 284/324/240 281/321/240 307/347/240 310/350/240
f 286/326/241 285/325/241 311/351/241 312/352/241
f 287/327/242 276/316/242 302/342/242 313/353/242
f 285/325/243 284/324/243 310/350/243 311/351/243
f 270/310/244 287/327/244 313/353/244 296/336/244
f 288/328/245 286/326/245 312/352/245 314/354/245
f 263/302/246 271/311/246 297/337/246 315/355/246
f 266/305/247 288/328/247 314/354/247 290/330/247
f 278/318/248 274/314/248 300/340/248 304/344/248
f 289/329/249 267/306/249 291/331/249 316/356/249
f 272/312/250 268/307/250 293/333/250 298/338/250
f 262/301/251 289/329/251 316/356/251 317/357/251
f 259/298/252 258/297/252 318/358/252 319/359/252
f 261/300/253 260/299/253 320/360/253 321/361/253
f 260/299/254 262/301/254 317/357/254 320/360/254
f 258/297/255 261/300/255 321/361/255 318/358/255
f 264/303/256 263/302/256 315/355/256 294/362/256
f 265/304/257 259/298/257 319/359/257 292/332/257
f 307/347/258 306/346/258 322/363/258 323/364/258
f 309/349/259 308/348/259 324/365/259 325/366/259
f 306/346/260 305/345/260 326/367/260 322/363/260
f 308/348/261 303/343/261 327/368/261 324/365/261
f 301/341/262 309/349/262 325/366/262 328/369/262
f 310/350/263 307/347/263 323/364/263 329/370/263
f 312/352/264 311/351/264 330/371/264 331/372/264
f 313/353/265 302/342/265 332/373/265 333/374/265
f 311/351/266 310/350/266 329/370/266 330/371/266
f 296/336/267 313/353/267 333/374/267 334/375/267
f 314/354/268 312/352/268 331/372/268 335/376/268
f 315/355/269 297/337/269 336/377/269 337/378/269
f 290/330/270 314/354/270 335/376/270 338/379/270
f 304/344/271 300/340/271 339/380/271 340/381/271
f 316/356/272 291/331/272 341/382/272 342/383/272
f 298/338/273 293/333/273 343/384/273 344/385/273
f 317/357/274 316/356/274 342/383/274 345/386/274
f 319/359/275 318/358/275 346/387/275 347/388/275
f 321/361/276 320/360/276 348/389/276 349/390/276
f 320/360/277 317/357/277 345/386/277 348/389/277
f 318/358/278 321/361/278 349/390/278 346/387/278
f 294/362/279 315/355/279 337/378/279 350/391/279
f 292/332/280 319/359/280 347/388/280 351/392/280
f 291/331/281 290/330/281 338/379/281 341/382/281
f 293/333/282 292/332/282 351/392/282 343/384/282
f 295/335/283 294/334/283 350/393/283 352/394/283
f 297/337/284 296/336/284 334/375/284 336/377/284
f 299/339/285 298/338/285 344/385/285 353/395/285
f 300/340/286 295/335/286 352/394/286 339/380/286
f 302/342/287 301/341/287 328/369/287 332/373/287
f 303/343/288 299/339/288 353/395/288 327/368/288
f 305/345/289 304/344/289 340/381/289 326/367/289
f 334/375/290 333/374/290 354/396/290 355/397/290
f 335/376/291 331/372/291 356/398/291 357/399/291
f 337/378/292 336/377/292 358/400/292 359/401/292
f 338/379/293 335/376/293 357/399/293 360/402/293
f 340/381/294 339/380/294 361/403/294 362/404/294
f 342/383/295 341/382/295 363/405/295 364/406/295
f 344/385/296 343/384/296 365/407/296 366/408/296
f 345/386/297 342/383/297 364/406/297 367/409/297
f 347/388/298 346/387/298 368/410/298 369/411/298
f 349/390/299 348/389/299 370/412/299 371/413/299
f 348/389/300 345/386/300 367/409/300 370/412/300
f 346/387/301 349/390/301 371/413/301 368/410/301
f 350/391/302 337/378/302 359/401/302 372/414/302
f 351/392/303 347/388/303 369/411/303 373/415/303
f 341/382/304 338/379/304 360/402/304 363/405/304
f 343/384/305 351/392/305 373/415/305 365/407/305
f 352/394/306 350/393/306 372/416/306 374/417/306
f 336/377/307 334/375/307 355/397/307 358/400/307
f 353/395/308 344/385/308 366/408/308 375/418/308
f 339/380/309 352/394/309 374/417/309 361/403/309
f 332/373/310 328/369/310 376/419/310 377/420/310
f 327/368/311 353/395/311 375/418/311 378/421/311
f 326/367/312 340/381/312 362/404/312 379/422/312
f 323/364/313 322/363/313 380/423/313 381/424/313
f 325/366/314 324/365/314 382/425/314 383/426/314
f 322/363/315 326/367/315 379/422/315 380/423/315
f 324/365/316 327/368/316 378/421/316 382/425/316
f 328/369/317 325/366/317 383/426/317 376/419/317
f 329/370/318 323/364/318 381/424/318 384/427/318
f 331/372/319 330/371/319 385/428/319 356/398/319
f 333/374/320 332/373/320 377/420/320 354/396/320
f 330/371/321 329/370/321 384/427/321 385/428/321
f 371/429/322 370/430/322 386/431/322 387/432/322
f 370/430/322 367/433/322 388/434/322 386/431/322
f 368/435/322 371/429/322 387/432/322 389/436/322
f 372/437/322 359/438/322 390/439/322 391/440/322
f 373/441/322 369/442/322 392/443/322 393/444/322
f 363/445/322 360/446/322 394/447/322 395/448/322
f 365/449/322 373/441/322 393/444/322 396/450/322
f 374/451/322 372/437/322 391/440/322 397/452/322
f 358/453/322 355/454/322 398/455/322 399/456/322
f 375/457/322 366/458/322 400/459/322 401/460/322
f 361/461/322 374/451/322 397/452/322 402/462/322
f 377/463/322 376/464/322 403/465/322 404/466/322
f 378/467/322 375/457/322 401/460/322 405/468/322
f 379/469/322 362/470/322 406/471/322 407/472/322
f 381/473/322 380/474/322 408/475/322 409/476/322
f 383/477/322 382/478/322 410/479/322 411/480/322
f 380/474/322 379/469/322 407/472/322 408/475/322
f 382/478/322 378/467/322 405/468/322 410/479/322
f 376/464/322 383/477/322 411/480/322 403/465/322
f 384/481/322 381/473/322 409/476/322 412/482/322
f 356/483/322 385/484/322 413/485/322 414/486/322
f 354/487/322 377/463/322 404/466/322 415/488/322
f 385/484/322 384/481/322 412/482/322 413/485/322
f 355/454/322 354/487/322 415/488/322 398/455/322
f 357/489/322 356/483/322 414/486/322 416/490/322
f 359/438/322 358/453/322 399/456/322 390/439/322
f 360/446/322 357/489/322 416/490/322 394/447/322
f 362/470/322 361/461/322 402/462/322 406/471/322
f 364/491/322 363/445/322 395/448/322 417/492/322
f 366/458/322 365/449/322 396/450/322 400/459/322
f 367/433/322 364/491/322 417/492/322 388/434/322
f 369/442/322 368/435/322 389/436/322 392/443/322
f 391/440/322 390/439/322 418/493/322 397/452/322
f 390/439/322 399/456/322 398/455/322 418/493/322
f 405/468/322 401/460/322 400/459/322 418/493/322
f 406/471/322 402/462/322 397/452/322 418/493/322
f 403/465/322 411/480/322 418/493/322 404/466/322
f 408/475/322 407/472/322 406/471/322 418/493/322
f 412/482/322 409/476/322 408/475/322 418/493/322
f 410/479/322 405/468/322 418/493/322 411/480/322
f 413/485/322 412/482/322 418/493/322 414/486/322
f 398/455/322 415/488/322 404/466/322 418/493/322
f 394/447/322 416/490/322 414/486/322 418/493/322
f 395/448/322 394/447/322 418/493/322 417/492/322
f 386/431/322 388/434/322 417/492/322 418/493/322
f 393/444/322 392/443/322 389/436/322 418/493/322
f 389/436/322 387/432/322 386/431/322 418/493/322
f 400/459/322 396/450/322 393/444/322 418/493/322
f 419/494/323 420/495/323 421/496/323 422/497/323
f 422/497/324 421/496/324 423/498/324 424/499/324
f 424/499/325 423/498/325 425/500/325 426/501/325
f 426/501/326 425/500/326 427/502/326 428/503/326
f 428/503/327 427/502/327 429/504/327 430/505/327
f 430/505/328 429/504/328 431/506/328 432/507/328
f 420/495/329 433/508/329 434/509/329 421/496/329
f 421/496/330 434/509/330 435/510/330 423/498/330
f 423/498/331 435/510/331 436/511/331 425/500/331
f 425/500/332 436/511/332 437/512/332 427/502/332
f 427/502/333 437/512/333 438/513/333 429/504/333
f 429/504/334 438/513/334 439/514/334 431/506/334
f 433/508/335 440/515/335 441/516/335 434/509/335
f 434/509/336 441/516/336 442/517/336 435/510/336
f 435/510/337 442/517/337 443/518/337 436/511/337
f 436/511/338 443/518/338 444/519/338 437/512/338
f 437/512/339 444/519/339 445/520/339 438/513/339
f 438/513/340 445/520/340 446/521/340 439/514/340
f 440/522/341 447/523/341 448/524/341 441/525/341
f 441/525/342 448/524/342 449/526/342 442/527/342
f 442/527/343 449/526/343 450/528/343 443/529/343
f 443/529/344 450/528/344 451/530/344 444/531/344
f 444/531/345 451/530/345 452/532/345 445/533/345
f 445/533/346 452/532/346 453/534/346 446/535/346
f 447/523/347 454/536/347 455/537/347 448/524/347
f 448/524/348 455/537/348 456/538/348 449/526/348
f 449/526/349 456/538/349 457/539/349 450/528/349
f 450/528/350 457/539/350 458/540/350 451/530/350
f 451/530/351 458/540/351 459/541/351 452/532/351
f 452/532/352 459/541/352 460/542/352 453/534/352
f 454/536/353 461/543/353 462/544/353 455/537/353
f 455/537/354 462/544/354 463/545/354 456/538/354
f 456/538/355 463/545/355 464/546/355 457/539/355
f 457/539/356 464/546/356 465/547/356 458/540/356
f 458/540/357 465/547/357 466/548/357 459/541/357
f 459/541/358 466/548/358 467/549/358 460/542/358
f 468/550/359 469/551/359 419/494/359 470/552/359
f 470/552/360 419/494/360 422/497/360 471/553/360
f 471/553/361 422/497/361 424/499/361 472/554/361
f 472/554/362 424/499/362 426/501/362 473/555/362
f 473/555/363 426/501/363 428/503/363 474/556/363
f 474/556/364 428/503/364 430/505/364 475/557/364
f 475/557/365 430/505/365 432/507/365 476/558/365
f 476/558/366 432/507/366 477/559/366 478/560/366
f 432/507/367 431/506/367 479/561/367 477/559/367
f 431/506/368 439/514/368 480/562/368 479/561/368
f 439/514/369 446/521/369 481/563/369 480/562/369
f 446/535/370 453/534/370 482/564/370 481/565/370
f 453/534/371 460/542/371 483/566/371 482/564/371
f 460/542/372 467/549/372 484/567/372 483/566/372
f 467/549/373 485/568/373 486/569/373 484/567/373
f 466/548/374 487/570/374 485/568/374 467/549/374
f 465/547/375 488/571/375 487/570/375 466/548/375
f 464/546/376 489/572/376 488/571/376 465/547/376
f 463/545/377 490/573/377 489/572/377 464/546/377
f 462/544/378 491/574/378 490/573/378 463/545/378
f 461/543/379 492/575/379 491/574/379 462/544/379
f 493/576/380 494/577/380 492/575/380 461/543/380
f 495/578/381 493/576/381 461/543/381 454/536/381
f 496/579/382 495/578/382 454/536/382 447/523/382
f 497/580/383 496/579/383 447/523/383 440/522/383
f 498/581/384 497/582/384 440/515/384 433/508/384
f 499/583/385 498/581/385 433/508/385 420/495/385
f 469/551/386 499/583/386 420/495/386 419/494/386
f 500/584/387 501/585/387 502/586/387 503/587/387
f 503/587/388 502/586/388 504/588/388 505/589/388
f 505/589/389 504/588/389 506/590/389 507/591/389
f 507/591/390 506/590/390 508/592/390 509/593/390
f 509/593/391 508/592/391 510/594/391 511/595/391
f 511/595/392 510/594/392 512/596/392 513/597/392
f 501/585/393 514/598/393 515/599/393 502/586/393
f 502/586/394 515/599/394 516/600/394 504/588/394
f 504/588/395 516/600/395 517/601/395 506/590/395
f 506/590/396 517/601/396 518/602/396 508/592/396
f 508/592/397 518/602/397 519/603/397 510/594/397
f 510/594/398 519/603/398 520/604/398 512/596/398
f 514/598/399 521/605/399 522/606/399 515/599/399
f 515/599/400 522/606/400 523/607/400 516/600/400
f 516/600/401 523/607/401 524/608/401 517/601/401
f 517/601/402 524/608/402 525/609/402 518/602/402
f 518/602/403 525/609/403 526/610/403 519/603/403
f 519/603/404 526/610/404 527/611/404 520/604/404
f 521/605/405 528/612/405 529/613/405 522/606/405
f 522/606/406 529/613/406 530/614/406 523/607/406
f 523/607/407 530/614/407 531/615/407 524/608/407
f 524/608/408 531/615/408 532/616/408 525/609/408
f 525/609/409 532/616/409 533/617/409 526/610/409
f 526/610/410 533/617/410 534/618/410 527/611/410
f 528/612/411 535/619/411 536/620/411 529/613/411
f 529/613/412 536/620/412 537/621/412 530/614/412
f 530/614/413 537/621/413 538/622/413 531/615/413
f 531/615/414 538/622/414 539/623/414 532/616/414
f 532/616/415 539/623/415 540/624/415 533/617/415
f 533/617/416 540/624/416 541/625/416 534/618/416
f 535/619/417 542/626/417 543/627/417 536/620/417
f 536/620/418 543/627/418 544/628/418 537/621/418
f 537/621/419 544/628/419 545/629/419 538/622/419
f 538/622/420 545/629/420 546/630/420 539/623/420
f 539/623/421 546/630/421 547/631/421 540/624/421
f 540/624/422 547/631/422 548/632/422 541/625/422
f 494/577/423 549/633/423 500/584/423 492/575/423
f 492/575/424 500/584/424 503/587/424 491/574/424
f 491/574/425 503/587/425 505/589/425 490/573/425
f 490/573/426 505/589/426 507/591/426 489/572/426
f 489/572/427 507/591/427 509/593/427 488/571/427
f 488/571/428 509/593/428 511/595/428 487/570/428
f 487/570/429 511/595/429 513/597/429 485/568/429
f 485/568/430 513/597/430 550/634/430 486/569/430
f 513/597/431 512/596/431 551/635/431 550/634/431
f 512/596/432 520/604/432 552/636/432 551/635/432
f 520/604/433 527/611/433 553/637/433 552/636/433
f 527/611/434 534/618/434 554/638/434 553/637/434
f 534/618/435 541/625/435 555/639/435 554/638/435
f 541/625/436 548/632/436 556/640/436 555/639/436
f 548/632/437 557/641/437 558/642/437 556/640/437
f 547/631/438 559/643/438 557/641/438 548/632/438
f 546/630/439 560/644/439 559/643/439 547/631/439
f 545/629/440 561/645/440 560/644/440 546/630/440
f 544/628/441 562/646/441 561/645/441 545/629/441
f 543/627/442 563/647/442 562/646/442 544/628/442
f 542/626/443 564/648/443 563/647/443 543/627/443
f 565/649/444 566/650/444 564/648/444 542/626/444
f 567/651/445 565/649/445 542/626/445 535/619/445
f 568/652/446 567/651/446 535/619/446 528/612/446
f 569/653/447 568/652/447 528/612/447 521/605/447
f 570/654/448 569/653/448 521/605/448 514/598/448
f 571/655/449 570/654/449 514/598/449 501/585/449
f 549/633/450 571/655/450 501/585/450 500/584/450
f 572/656/451 573/657/451 574/658/451 575/659/451
f 575/659/452 574/658/452 576/660/452 577/661/452
f 577/661/453 576/660/453 578/662/453 579/663/453
f 579/663/454 578/662/454 580/664/454 581/665/454
f 581/665/455 580/664/455 582/666/455 583/667/455
f 583/667/456 582/666/456 584/668/456 585/669/456
f 573/657/457 586/670/457 587/671/457 574/658/457
f 574/658/458 587/671/458 588/672/458 576/660/458
f 576/660/459 588/672/459 589/673/459 578/662/459
f 578/662/460 589/673/460 590/674/460 580/664/460
f 580/664/461 590/674/461 591/675/461 582/666/461
f 582/666/462 591/675/462 592/676/462 584/668/462
f 586/670/463 593/677/463 594/678/463 587/671/463
f 587/671/464 594/678/464 595/679/464 588/672/464
f 588/672/465 595/679/465 596/680/465 589/673/465
f 589/673/466 596/680/466 597/681/466 590/674/466
f 590/674/467 597/681/467 598/682/467 591/675/467
f 591/675/468 598/682/468 599/683/468 592/676/468
f 593/684/469 600/685/469 601/686/469 594/687/469
f 594/687/470 601/686/470 602/688/470 595/689/470
f 595/689/471 602/688/471 603/690/471 596/691/471
f 596/691/472 603/690/472 604/692/472 597/693/472
f 597/693/473 604/692/473 605/694/473 598/695/473
f 598/695/474 605/694/474 606/696/474 599/697/474
f 600/685/475 607/698/475 608/699/475 601/686/475
f 601/686/476 608/699/476 609/700/476 602/688/476
f 602/688/477 609/700/477 610/701/477 603/690/477
f 603/690/478 610/701/478 611/702/478 604/692/478
f 604/692/479 611/702/479 612/703/479 605/694/479
f 605/694/480 612/703/480 613/704/480 606/696/480
f 607/698/481 614/705/481 615/706/481 608/699/481
f 608/699/482 615/706/482 616/707/482 609/700/482
f 609/700/483 616/707/483 617/708/483 610/701/483
f 610/701/484 617/708/484 618/709/484 611/702/484
f 611/702/485 618/709/485 619/710/485 612/703/485
f 612/703/486 619/710/486 620/711/486 613/704/486
f 566/650/487 621/712/487 572/656/487 564/648/487
f 564/648/488 572/656/488 575/659/488 563/647/488
f 563/647/489 575/659/489 577/661/489 562/646/489
f 562/646/490 577/661/490 579/663/490 561/645/490
f 561/645/491 579/663/491 581/665/491 560/644/491
f 560/644/492 581/665/492 583/667/492 559/643/492
f 559/643/493 583/667/493 585/669/493 557/641/493
f 557/641/494 585/669/494 622/713/494 558/642/494
f 585/669/495 584/668/495 623/714/495 622/713/495
f 584/668/496 592/676/496 624/715/496 623/714/496
f 592/676/497 599/683/497 625/716/497 624/715/497
f 599/697/498 606/696/498 626/717/498 625/718/498
f 606/696/499 613/704/499 627/719/499 626/717/499
f 613/704/500 620/711/500 628/720/500 627/719/500
f 620/711/501 629/721/501 630/722/501 628/720/501
f 619/710/502 631/723/502 629/721/502 620/711/502
f 618/709/503 632/724/503 631/723/503 619/710/503
f 617/708/504 633/725/504 632/724/504 618/709/504
f 616/707/505 634/726/505 633/725/505 617/708/505
f 615/706/506 635/727/506 634/726/506 616/707/506
f 614/705/507 636/728/507 635/727/507 615/706/507
f 637/729/508 638/730/508 636/728/508 614/705/508
f 639/731/509 637/729/509 614/705/509 607/698/509
f 640/732/510 639/731/510 607/698/510 600/685/510
f 641/733/511 640/732/511 600/685/511 593/684/511
f 642/734/512 641/735/512 593/677/512 586/670/512
f 643/736/513 642/734/513 586/670/513 573/657/513
f 621/712/514 643/736/514 573/657/514 572/656/514
f 644/737/515 645/738/515 646/739/515 647/740/515
f 647/740/516 646/739/516 648/741/516 649/742/516
f 649/742/517 648/741/517 650/743/517 651/744/517
f 651/744/518 650/743/518 652/745/518 653/746/518
f 653/746/519 652/745/519 654/747/519 655/748/519
f 655/748/520 654/747/520 656/749/520 657/750/520
f 645/738/521 658/751/521 659/752/521 646/739/521
f 646/739/522 659/752/522 660/753/522 648/741/522
f 648/741/523 660/753/523 661/754/523 650/743/523
f 650/743/524 661/754/524 662/755/524 652/745/524
f 652/745/525 662/755/525 663/756/525 654/747/525
f 654/747/526 663/756/526 664/757/526 656/749/526
f 658/751/527 665/758/527 666/759/527 659/752/527
f 659/752/528 666/759/528 667/760/528 660/753/528
f 660/753/529 667/760/529 668/761/529 661/754/529
f 661/754/530 668/761/530 669/762/530 662/755/530
f 662/755/531 669/762/531 670/763/531 663/756/531
f 663/756/532 670/763/532 671/764/532 664/757/532
f 665/758/533 672/765/533 673/766/533 666/759/533
f 666/759/534 673/766/534 674/767/534 667/760/534
f 667/760/535 674/767/535 675/768/535 668/761/535
f 668/761/536 675/768/536 676/769/536 669/762/536
f 669/762/537 676/769/537 677/770/537 670/763/537
f 670/763/538 677/770/538 678/771/538 671/764/538
f 672/765/539 679/772/539 680/773/539 673/766/539
f 673/766/540 680/773/540 681/774/540 674/767/540
f 674/767/541 681/774/541 682/775/541 675/768/541
f 675/768/542 682/775/542 683/776/542 676/769/542
f 676/769/543 683/776/543 684/777/543 677/770/543
f 677/770/544 684/777/544 685/778/544 678/771/544
f 679/772/545 686/779/545 687/780/545 680/773/545
f 680/773/546 687/780/546 688/781/546 681/774/546
f 681/774/547 688/781/547 689/782/547 682/775/547
f 682/775/548 689/782/548 690/783/548 683/776/548
f 683/776/549 690/783/549 691/784/549 684/777/549
f 684/777/550 691/784/550 692/785/550 685/778/550
f 638/730/551 693/786/551 644/737/551 636/728/551
f 636/728/552 644/737/552 647/740/552 635/727/552
f 635/727/553 647/740/553 649/742/553 634/726/553
f 634/726/554 649/742/554 651/744/554 633/725/554
f 633/725/555 651/744/555 653/746/555 632/724/555
f 632/724/556 653/746/556 655/748/556 631/723/556
f 631/723/557 655/748/557 657/750/557 629/721/557
f 629/721/558 657/750/558 694/787/558 630/722/558
f 657/750/559 656/749/559 695/788/559 694/787/559
f 656/749/560 664/757/560 696/789/560 695/788/560
f 664/757/561 671/764/561 697/790/561 696/789/561
f 671/764/562 678/771/562 698/791/562 697/790/562
f 678/771/563 685/778/563 699/792/563 698/791/563
f 685/778/564 692/785/564 700/793/564 699/792/564
f 692/785/565 476/558/565 478/560/565 700/793/565
f 691/784/566 475/557/566 476/558/566 692/785/566
f 690/783/567 474/556/567 475/557/567 691/784/567
f 689/782/568 473/555/568 474/556/568 690/783/568
f 688/781/569 472/554/569 473/555/569 689/782/569
f 687/780/570 471/553/570 472/554/570 688/781/570
f 686/779/571 470/552/571 471/553/571 687/780/571
f 701/794/572 468/550/572 470/552/572 686/779/572
f 702/795/573 701/794/573 686/779/573 679/772/573
f 703/796/574 702/795/574 679/772/574 672/765/574
f 704/797/575 703/796/575 672/765/575 665/758/575
f 705/798/576 704/797/576 665/758/576 658/751/576
f 706/799/577 705/798/577 658/751/577 645/738/577
f 693/786/578 706/799/578 645/738/578 644/737/578
f 707/800/579 708/801/579 709/802/579 710/803/579
f 710/803/580 709/802/580 711/804/580 712/805/580
f 712/805/581 711/804/581 713/806/581 714/807/581
f 714/807/582 713/806/582 715/808/582 716/809/582
f 716/809/583 715/808/583 717/810/583 718/811/583
f 718/811/584 717/810/584 719/812/584 720/813/584
f 708/801/585 721/814/585 722/815/585 709/802/585
f 709/802/586 722/815/586 723/816/586 711/804/586
f 711/804/587 723/816/587 724/817/587 713/806/587
f 713/806/588 724/817/588 725/818/588 715/808/588
f 715/808/589 725/818/589 726/819/589 717/810/589
f 717/810/590 726/819/590 727/820/590 719/812/590
f 721/814/591 728/821/591 729/822/591 722/815/591
f 722/815/592 729/822/592 730/823/592 723/816/592
f 723/816/593 730/823/593 731/824/593 724/817/593
f 724/817/594 731/824/594 732/825/594 725/818/594
f 725/818/595 732/825/595 733/826/595 726/819/595
f 726/819/596 733/826/596 734/827/596 727/820/596
f 728/828/597 735/829/597 736/830/597 729/831/597
f 729/831/598 736/830/598 737/832/598 730/833/598
f 730/833/599 737/832/599 738/834/599 731/835/599
f 731/835/600 738/834/600 739/836/600 732/837/600
f 732/837/601 739/836/601 740/838/601 733/839/601
f 733/839/602 740/838/602 741/840/602 734/841/602
f 735/829/603 742/842/603 743/843/603 736/830/603
f 736/830/604 743/843/604 744/844/604 737/832/604
f 737/832/605 744/844/605 745/845/605 738/834/605
f 738/834/606 745/845/606 746/846/606 739/836/606
f 739/836/607 746/846/607 747/847/607 740/838/607
f 740/838/608 747/847/608 748/848/608 741/840/608
f 742/842/609 749/849/609 750/850/609 743/843/609
f 743/843/610 750/850/610 751/851/610 744/844/610
f 744/844/611 751/851/611 752/852/611 745/845/611
f 745/845/612 752/852/612 753/853/612 746/846/612
f 746/846/613 753/853/613 754/854/613 747/847/613
f 747/847/614 754/854/614 755/855/614 748/848/614
f 494/577/615 493/576/615 707/800/615 549/633/615
f 549/633/616 707/800/616 710/803/616 571/655/616
f 571/655/617 710/803/617 712/805/617 570/654/617
f 570/654/618 712/805/618 714/807/618 569/653/618
f 569/653/619 714/807/619 716/809/619 568/652/619
f 568/652/620 716/809/620 718/811/620 567/651/620
f 567/651/621 718/811/621 720/813/621 565/649/621
f 565/649/622 720/813/622 621/712/622 566/650/622
f 720/813/623 719/812/623 643/736/623 621/712/623
f 719/812/624 727/820/624 642/734/624 643/736/624
f 727/820/625 734/827/625 641/735/625 642/734/625
f 734/841/626 741/840/626 640/732/626 641/733/626
f 741/840/627 748/848/627 639/731/627 640/732/627
f 748/848/628 755/855/628 637/729/628 639/731/628
f 755/855/629 693/786/629 638/730/629 637/729/629
f 754/854/630 706/799/630 693/786/630 755/855/630
f 753/853/631 705/798/631 706/799/631 754/854/631
f 752/852/632 704/797/632 705/798/632 753/853/632
f 751/851/633 703/796/633 704/797/633 752/852/633
f 750/850/634 702/795/634 703/796/634 751/851/634
f 749/849/635 701/794/635 702/795/635 750/850/635
f 469/551/636 468/550/636 701/794/636 749/849/636
f 499/583/637 469/551/637 749/849/637 742/842/637
f 498/581/638 499/583/638 742/842/638 735/829/638
f 497/582/639 498/581/639 735/829/639 728/828/639
f 496/579/640 497/580/640 728/821/640 721/814/640
f 495/578/641 496/579/641 721/814/641 708/801/641
f 493/576/642 495/578/642 708/801/642 707/800/642
f 756/856/643 757/857/643 758/858/643 759/859/643
f 759/859/644 758/858/644 760/860/644 761/861/644
f 761/861/645 760/860/645 762/862/645 763/863/645
f 763/863/646 762/862/646 764/864/646 765/865/646
f 765/865/647 764/864/647 766/866/647 767/867/647
f 767/867/648 766/866/648 768/868/648 769/869/648
f 757/857/649 770/870/649 771/871/649 758/858/649
f 758/858/650 771/871/650 772/872/650 760/860/650
f 760/860/651 772/872/651 773/873/651 762/862/651
f 762/862/652 773/873/652 774/874/652 764/864/652
f 764/864/653 774/874/653 775/875/653 766/866/653
f 766/866/654 775/875/654 776/876/654 768/868/654
f 770/870/655 777/877/655 778/878/655 771/871/655
f 771/871/656 778/878/656 779/879/656 772/872/656
f 772/872/657 779/879/657 780/880/657 773/873/657
f 773/873/658 780/880/658 781/881/658 774/874/658
f 774/874/659 781/881/659 782/882/659 775/875/659
f 775/875/660 782/882/660 783/883/660 776/876/660
f 777/884/661 784/885/661 785/886/661 778/887/661
f 778/887/662 785/886/662 786/888/662 779/889/662
f 779/889/663 786/888/663 787/890/663 780/891/663
f 780/891/664 787/890/664 788/892/664 781/893/664
f 781/893/665 788/892/665 789/894/665 782/895/665
f 782/895/666 789/894/666 790/896/666 783/897/666
f 784/885/667 791/898/667 792/899/667 785/886/667
f 785/886/668 792/899/668 793/900/668 786/888/668
f 786/888/669 793/900/669 794/901/669 787/890/669
f 787/890/670 794/901/670 795/902/670 788/892/670
f 788/892/671 795/902/671 796/903/671 789/894/671
f 789/894/672 796/903/672 797/904/672 790/896/672
f 791/898/673 798/905/673 799/906/673 792/899/673
f 792/899/674 799/906/674 800/907/674 793/900/674
f 793/900/675 800/907/675 801/908/675 794/901/675
f 794/901/676 801/908/676 802/909/676 795/902/676
f 795/902/677 802/909/677 803/910/677 796/903/677
f 796/903/678 803/910/678 804/911/678 797/904/678
f 558/642/679 622/713/679 756/856/679 556/640/679
f 556/640/680 756/856/680 759/859/680 555/639/680
f 555/639/681 759/859/681 761/861/681 554/638/681
f 554/638/682 761/861/682 763/863/682 553/637/682
f 553/637/683 763/863/683 765/865/683 552/636/683
f 552/636/684 765/865/684 767/867/684 551/635/684
f 551/635/685 767/867/685 769/869/685 550/634/685
f 550/634/686 769/869/686 484/567/686 486/569/686
f 769/869/687 768/868/687 483/566/687 484/567/687
f 768/868/688 776/876/688 482/564/688 483/566/688
f 776/876/689 783/883/689 481/565/689 482/564/689
f 783/897/690 790/896/690 480/562/690 481/563/690
f 790/896/691 797/904/691 479/561/691 480/562/691
f 797/904/692 804/911/692 477/559/692 479/561/692
f 804/911/693 700/793/693 478/560/693 477/559/693
f 803/910/694 699/792/694 700/793/694 804/911/694
f 802/909/695 698/791/695 699/792/695 803/910/695
f 801/908/696 697/790/696 698/791/696 802/909/696
f 800/907/697 696/789/697 697/790/697 801/908/697
f 799/906/698 695/788/698 696/789/698 800/907/698
f 798/905/699 694/787/699 695/788/699 799/906/699
f 628/720/700 630/722/700 694/787/700 798/905/700
f 627/719/701 628/720/701 798/905/701 791/898/701
f 626/717/702 627/719/702 791/898/702 784/885/702
f 625/718/703 626/717/703 784/885/703 777/884/703
f 624/715/704 625/716/704 777/877/704 770/870/704
f 623/714/705 624/715/705 770/870/705 757/857/705
f 622/713/706 623/714/706 757/857/706 756/856/706
