# Blender 5.1.1
# www.blender.org
mtllib r_shoulder.mtl
o export_r_shoulder_part
v -0.055136 0.044320 -0.000920
v -0.042251 0.039262 -0.000992
v -0.042293 0.038508 -0.008652
v -0.055185 0.043469 -0.009567
v -0.042335 0.036274 -0.016017
v -0.055231 0.040946 -0.017881
v -0.042372 0.032645 -0.022805
v -0.055274 0.036851 -0.025543
v -0.042406 0.027763 -0.028755
v -0.055311 0.031339 -0.032259
v -0.042433 0.021813 -0.033637
v -0.055342 0.024623 -0.037771
v -0.042453 0.015025 -0.037266
v -0.055365 0.016961 -0.041866
v -0.042466 0.007660 -0.039500
v -0.055379 0.008646 -0.044388
v -0.042470 -0.000000 -0.040254
v -0.055384 -0.000000 -0.045240
v -0.042466 -0.007660 -0.039500
v -0.055379 -0.008647 -0.044388
v -0.042453 -0.015025 -0.037266
v -0.055365 -0.016961 -0.041866
v -0.042433 -0.021813 -0.033637
v -0.055342 -0.024623 -0.037771
v -0.042406 -0.027763 -0.028755
v -0.055311 -0.031339 -0.032259
v -0.042372 -0.032646 -0.022805
v -0.055274 -0.036851 -0.025543
v -0.042335 -0.036274 -0.016017
v -0.055231 -0.040947 -0.017881
v -0.042293 -0.038508 -0.008652
v -0.055185 -0.043469 -0.009567
v -0.042251 -0.039263 -0.000992
v -0.055136 -0.044320 -0.000920
v -0.042208 -0.038508 0.006667
v -0.055088 -0.043469 0.007726
v -0.042167 -0.036274 0.014032
v -0.055042 -0.040947 0.016040
v -0.042129 -0.032646 0.020820
v -0.054999 -0.036851 0.023702
v -0.042096 -0.027763 0.026770
v -0.054961 -0.031339 0.030418
v -0.042068 -0.021813 0.031653
v -0.054930 -0.024623 0.035930
v -0.042048 -0.015025 0.035281
v -0.054908 -0.016961 0.040026
v -0.042035 -0.007660 0.037515
v -0.054893 -0.008647 0.042548
v -0.042031 -0.000000 0.038269
v -0.054889 -0.000000 0.043399
v -0.042035 0.007660 0.037515
v -0.054893 0.008646 0.042548
v -0.042048 0.015025 0.035281
v -0.054908 0.016960 0.040026
v -0.042068 0.021813 0.031653
v -0.054930 0.024623 0.035930
v -0.042096 0.027763 0.026770
v -0.054961 0.031339 0.030418
v -0.042129 0.032645 0.020820
v -0.054999 0.036851 0.023702
v -0.042167 0.036274 0.014032
v -0.055042 0.040946 0.016040
v -0.042173 0.013881 0.012889
v -0.042190 0.016323 0.009914
v -0.042208 0.038508 0.006667
v -0.055088 0.043469 0.007726
v -0.094824 0.051561 -0.010955
v -0.094879 0.048570 -0.020817
v -0.109292 0.049486 -0.021116
v -0.109236 0.052534 -0.011068
v -0.094709 0.051561 0.009557
v -0.067970 0.046920 0.008484
v -0.068022 0.047839 -0.000848
v -0.094766 0.052571 -0.000699
v -0.094654 0.048570 0.019419
v -0.067920 0.044198 0.017459
v -0.094603 0.043711 0.028508
v -0.067874 0.039777 0.025729
v -0.094559 0.037174 0.036474
v -0.067833 0.033827 0.032979
v -0.094522 0.029207 0.043012
v -0.067800 0.026578 0.038928
v -0.094495 0.020118 0.047870
v -0.067775 0.018307 0.043349
v -0.094478 0.010256 0.050862
v -0.067760 0.009333 0.046071
v -0.094473 -0.000000 0.051872
v -0.067755 -0.000000 0.046990
v -0.094478 -0.010256 0.050862
v -0.067760 -0.009333 0.046071
v -0.094495 -0.020118 0.047870
v -0.067775 -0.018308 0.043349
v -0.094522 -0.029207 0.043012
v -0.067800 -0.026578 0.038928
v -0.094559 -0.037174 0.036474
v -0.067833 -0.033828 0.032979
v -0.094603 -0.043712 0.028508
v -0.067874 -0.039777 0.025729
v -0.094654 -0.048570 0.019419
v -0.067920 -0.044198 0.017459
v -0.094709 -0.051561 0.009557
v -0.067970 -0.046920 0.008484
v -0.094766 -0.052572 -0.000699
v -0.068022 -0.047840 -0.000848
v -0.094824 -0.051561 -0.010955
v -0.068074 -0.046920 -0.010181
v -0.094879 -0.048570 -0.020817
v -0.068124 -0.044198 -0.019155
v -0.094929 -0.043712 -0.029906
v -0.068170 -0.039777 -0.027426
v -0.094974 -0.037174 -0.037872
v -0.068211 -0.033828 -0.034675
v -0.095010 -0.029207 -0.044410
v -0.068244 -0.026578 -0.040625
v -0.095038 -0.020118 -0.049268
v -0.068269 -0.018308 -0.045046
v -0.095054 -0.010256 -0.052259
v -0.068284 -0.009333 -0.047768
v -0.095060 -0.000000 -0.053270
v -0.068289 -0.000000 -0.048687
v -0.095054 0.010256 -0.052259
v -0.068284 0.009333 -0.047768
v -0.095038 0.020118 -0.049268
v -0.068269 0.018307 -0.045046
v -0.095011 0.029207 -0.044410
v -0.068244 0.026578 -0.040625
v -0.094974 0.037174 -0.037872
v -0.068211 0.033828 -0.034675
v -0.094929 0.043711 -0.029906
v -0.068170 0.039777 -0.027426
v -0.068124 0.044198 -0.019155
v -0.068074 0.046920 -0.010181
v -0.108929 -0.029759 0.043917
v -0.108901 -0.020498 0.048867
v -0.127376 -0.020498 0.048970
v -0.127404 -0.029759 0.044021
v -0.109427 -0.029759 -0.045154
v -0.109454 -0.020498 -0.050104
v -0.108966 -0.037875 0.037256
v -0.109012 -0.044537 0.029140
v -0.109012 0.044536 0.029140
v -0.108966 0.037875 0.037256
v -0.109471 0.010450 -0.053152
v -0.109454 0.020498 -0.050104
v -0.109178 -0.053564 -0.000618
v -0.109236 -0.052535 -0.011068
v -0.108884 0.010450 0.051915
v -0.108879 -0.000000 0.052944
v -0.109344 0.044536 -0.030376
v -0.109389 -0.037875 -0.038493
v -0.109063 0.049486 0.019879
v -0.109477 -0.000000 -0.054181
v -0.109119 -0.052535 0.009831
v -0.108901 0.020498 0.048867
v -0.109389 0.037875 -0.038493
v -0.109344 -0.044537 -0.030376
v -0.109119 0.052534 0.009831
v -0.109471 -0.010450 -0.053152
v -0.109063 -0.049487 0.019879
v -0.108929 0.029758 0.043917
v -0.109427 0.029758 -0.045154
v -0.109292 -0.049487 -0.021116
v -0.109178 0.053564 -0.000618
v -0.108884 -0.010450 0.051915
v -0.127353 -0.000000 0.053048
v -0.127359 0.010450 0.052018
v -0.146188 0.010231 0.051025
v -0.146183 -0.000000 0.052032
v -0.127946 -0.010450 -0.053049
v -0.127952 -0.000000 -0.054078
v -0.127359 -0.010450 0.052018
v -0.127929 -0.020498 -0.050001
v -0.127901 -0.029759 -0.045051
v -0.127864 -0.037875 -0.038390
v -0.127376 0.020498 0.048970
v -0.127819 -0.044537 -0.030273
v -0.127403 0.029758 0.044021
v -0.127767 -0.049487 -0.021013
v -0.127711 0.052534 -0.010965
v -0.127652 0.053564 -0.000515
v -0.127441 0.037875 0.037359
v -0.127711 -0.052535 -0.010965
v -0.127767 0.049486 -0.021013
v -0.127486 0.044536 0.029243
v -0.127652 -0.053564 -0.000515
v -0.127819 0.044536 -0.030273
v -0.127538 0.049486 0.019982
v -0.127594 -0.052535 0.009934
v -0.127864 0.037875 -0.038390
v -0.127594 0.052534 0.009934
v -0.127538 -0.049487 0.019982
v -0.127901 0.029758 -0.045051
v -0.127486 -0.044537 0.029243
v -0.127929 0.020498 -0.050001
v -0.127441 -0.037875 0.037359
v -0.127946 0.010450 -0.053049
v -0.146476 0.052443 -0.000410
v -0.146533 0.051435 -0.010641
v -0.173467 0.049602 -0.010126
v -0.173412 0.050574 -0.000260
v -0.146683 -0.037083 -0.037493
v -0.146719 -0.029136 -0.044014
v -0.146205 0.020069 0.048040
v -0.146639 -0.043605 -0.029545
v -0.146232 0.029136 0.043194
v -0.146588 -0.048451 -0.020479
v -0.146269 0.037083 0.036672
v -0.146533 -0.051436 -0.010641
v -0.146588 0.048451 -0.020479
v -0.146313 0.043605 0.028725
v -0.146476 -0.052443 -0.000410
v -0.146639 0.043605 -0.029545
v -0.146364 0.048451 0.019659
v -0.146419 -0.051436 0.009821
v -0.146683 0.037083 -0.037493
v -0.146419 0.051435 0.009821
v -0.146364 -0.048451 0.019659
v -0.146719 0.029136 -0.044014
v -0.146313 -0.043605 0.028725
v -0.146746 0.020069 -0.048860
v -0.146269 -0.037083 0.036672
v -0.146763 0.010231 -0.051845
v -0.146232 -0.029136 0.043194
v -0.146769 -0.000000 -0.052852
v -0.146205 -0.020069 0.048040
v -0.146763 -0.010231 -0.051845
v -0.146188 -0.010231 0.051025
v -0.146746 -0.020069 -0.048860
v -0.173569 0.042051 -0.028357
v -0.173612 0.035761 -0.036020
v -0.207163 0.032931 -0.033003
v -0.207123 0.038723 -0.025946
v -0.173212 0.035761 0.035501
v -0.173177 0.028097 0.041791
v -0.173467 -0.049602 -0.010126
v -0.173520 -0.046724 -0.019613
v -0.173520 0.046724 -0.019613
v -0.173255 0.042051 0.027837
v -0.173412 -0.050574 -0.000260
v -0.173304 0.046724 0.019094
v -0.173357 -0.049602 0.009607
v -0.173357 0.049602 0.009607
v -0.173304 -0.046724 0.019094
v -0.173647 0.028097 -0.042310
v -0.173255 -0.042051 0.027837
v -0.173673 0.019354 -0.046983
v -0.173212 -0.035761 0.035501
v -0.173689 0.009866 -0.049861
v -0.173177 -0.028098 0.041790
v -0.173695 -0.000000 -0.050833
v -0.173151 -0.019354 0.046464
v -0.173689 -0.009867 -0.049861
v -0.173135 -0.009867 0.049342
v -0.173673 -0.019354 -0.046983
v -0.173129 -0.000000 0.050314
v -0.173647 -0.028098 -0.042310
v -0.173135 0.009866 0.049342
v -0.173612 -0.035761 -0.036020
v -0.173151 0.019354 0.046464
v -0.173569 -0.042051 -0.028357
v -0.207219 0.017822 -0.043098
v -0.207234 0.009086 -0.045748
v -0.245941 0.008179 -0.040975
v -0.245928 0.016044 -0.038589
v -0.206928 0.045677 0.009014
v -0.206879 0.043026 0.017750
v -0.206879 -0.043027 0.017750
v -0.206928 -0.045677 0.009014
v -0.207195 0.025874 -0.038794
v -0.206979 0.046572 -0.000072
v -0.206834 -0.038723 0.025801
v -0.206795 -0.032931 0.032859
v -0.206762 -0.025874 0.038650
v -0.207239 -0.000000 -0.046643
v -0.206738 -0.017822 0.042954
v -0.207234 -0.009086 -0.045748
v -0.206724 -0.009086 0.045604
v -0.207219 -0.017822 -0.043098
v -0.206719 -0.000000 0.046499
v -0.207195 -0.025874 -0.038794
v -0.206724 0.009086 0.045604
v -0.207163 -0.032931 -0.033003
v -0.206738 0.017822 0.042954
v -0.207123 -0.038723 -0.025946
v -0.206762 0.025874 0.038650
v -0.207078 -0.043027 -0.017894
v -0.207029 0.045677 -0.009158
v -0.206795 0.032931 0.032859
v -0.207029 -0.045677 -0.009158
v -0.207078 0.043026 -0.017894
v -0.206834 0.038723 0.025801
v -0.206979 -0.046572 -0.000072
v -0.245941 -0.008179 -0.040975
v -0.245928 -0.016044 -0.038589
v -0.284215 -0.014374 -0.034343
v -0.284227 -0.007328 -0.036481
v -0.245516 -0.023293 0.035004
v -0.245546 -0.029646 0.029790
v -0.245945 -0.000000 -0.041781
v -0.245495 -0.016044 0.038878
v -0.245481 -0.008179 0.041264
v -0.245477 -0.000000 0.042069
v -0.245906 -0.023293 -0.034715
v -0.245481 0.008179 0.041264
v -0.245877 -0.029646 -0.029501
v -0.245495 0.016044 0.038878
v -0.245841 -0.034860 -0.023148
v -0.245516 0.023293 0.035004
v -0.245801 -0.038735 -0.015900
v -0.245757 0.041120 -0.008035
v -0.245711 0.041926 0.000144
v -0.245546 0.029646 0.029790
v -0.245757 -0.041120 -0.008035
v -0.245801 0.038734 -0.015900
v -0.245581 0.034860 0.023437
v -0.245711 -0.041926 0.000144
v -0.245841 0.034860 -0.023148
v -0.245622 0.038734 0.016188
v -0.245666 -0.041120 0.008324
v -0.245877 0.029646 -0.029501
v -0.245666 0.041120 0.008324
v -0.245622 -0.038735 0.016188
v -0.245906 0.023293 -0.034715
v -0.245581 -0.034860 0.023437
v -0.284170 -0.026560 -0.026201
v -0.284138 -0.031231 -0.020509
v -0.324369 -0.027813 -0.018001
v -0.319011 -0.024110 -0.023556
v -0.283812 -0.000000 0.037919
v -0.283816 -0.007328 0.037197
v -0.284196 -0.020868 -0.030872
v -0.283816 0.007328 0.037197
v -0.283828 0.014374 0.035060
v -0.283847 0.020868 0.031589
v -0.284102 -0.034702 -0.014016
v -0.284063 0.036840 -0.006969
v -0.284022 0.037561 0.000358
v -0.283873 0.026560 0.026918
v -0.284063 -0.036840 -0.006969
v -0.284102 0.034702 -0.014016
v -0.283905 0.031231 0.021226
v -0.284022 -0.037562 0.000358
v -0.284138 0.031231 -0.020509
v -0.283941 0.034702 0.014732
v -0.283981 -0.036840 0.007686
v -0.284170 0.026560 -0.026201
v -0.283981 0.036840 0.007686
v -0.283941 -0.034702 0.014732
v -0.284196 0.020868 -0.030872
v -0.283905 -0.031231 0.021226
v -0.284215 0.014374 -0.034343
v -0.283873 -0.026560 0.026918
v -0.284227 0.007328 -0.036481
v -0.283847 -0.020868 0.031589
v -0.284231 -0.000000 -0.037203
v -0.283828 -0.014374 0.035060
v -0.327682 -0.032411 -0.005845
v -0.327646 -0.033045 0.000602
v -0.338433 -0.031753 0.000662
v -0.338467 -0.031143 -0.005532
v -0.327493 0.018359 0.028078
v -0.327475 0.012646 0.031132
v -0.327717 -0.030530 -0.012044
v -0.327682 0.032410 -0.005845
v -0.327646 0.033045 0.000602
v -0.327516 0.023366 0.023968
v -0.327717 0.030530 -0.012044
v -0.327543 0.027476 0.018961
v -0.324369 0.027813 -0.018001
v -0.327575 0.030530 0.013248
v -0.327610 -0.032411 0.007049
v -0.319011 0.024109 -0.023556
v -0.327610 0.032410 0.007049
v -0.327575 -0.030530 0.013248
v -0.314633 0.019235 -0.027708
v -0.327543 -0.027476 0.018961
v -0.309181 0.013473 -0.031720
v -0.327516 -0.023367 0.023968
v -0.305079 0.006946 -0.034221
v -0.327493 -0.018359 0.028078
v -0.304039 -0.000000 -0.034859
v -0.327475 -0.012646 0.031132
v -0.305402 -0.006944 -0.034431
v -0.327465 -0.006447 0.033012
v -0.309497 -0.013475 -0.032030
v -0.327461 -0.000000 0.033647
v -0.314152 -0.019248 -0.027616
v -0.327465 0.006447 0.033012
v -0.338269 -0.012152 0.029998
v -0.338259 -0.006195 0.031805
v -0.338340 -0.003098 0.017171
v -0.338346 -0.006076 0.016267
v -0.338531 0.026402 -0.016979
v -0.338501 0.029336 -0.011489
v -0.338365 0.029336 0.012814
v -0.338334 0.026402 0.018303
v -0.338398 -0.031143 0.006857
v -0.338558 0.022453 -0.021790
v -0.338398 0.031143 0.006857
v -0.338365 -0.029336 0.012814
v -0.338559 0.017641 -0.021914
v -0.338433 0.031753 0.000662
v -0.338334 -0.026402 0.018303
v -0.338550 0.012151 -0.020313
v -0.338307 -0.022453 0.023115
v -0.338542 0.006195 -0.018932
v -0.338285 -0.017641 0.027064
v -0.338540 -0.000000 -0.018580
v -0.338542 -0.006195 -0.018932
v -0.338550 -0.012152 -0.020313
v -0.338255 -0.000000 0.032415
v -0.338559 -0.017641 -0.021914
v -0.338259 0.006195 0.031805
v -0.338558 -0.022453 -0.021790
v -0.338269 0.012151 0.029998
v -0.338531 -0.026402 -0.016979
v -0.338285 0.017641 0.027064
v -0.338501 -0.029336 -0.011489
v -0.338467 0.031143 -0.005532
v -0.338307 0.022453 0.023115
v -0.042352 0.007512 -0.019129
v -0.042358 0.003830 -0.020246
v -0.042272 -0.019254 -0.004822
v -0.042251 -0.019631 -0.000992
v -0.042141 -0.000000 0.018638
v -0.042143 0.003830 0.018261
v -0.042293 0.018137 -0.008505
v -0.042312 0.016323 -0.011899
v -0.042342 -0.010907 -0.017315
v -0.042328 -0.013882 -0.014874
v -0.042173 -0.013882 0.012889
v -0.042159 -0.010907 0.015330
v -0.042209 0.018137 0.006520
v -0.042360 -0.000000 -0.020623
v -0.042229 -0.019254 0.002837
v -0.042149 0.007512 0.017144
v -0.042328 0.013881 -0.014874
v -0.042312 -0.016323 -0.011899
v -0.042149 -0.007513 0.017144
v -0.042229 0.019254 0.002837
v -0.042358 -0.003830 -0.020246
v -0.042209 -0.018137 0.006520
v -0.042159 0.010906 0.015330
v -0.042342 0.010906 -0.017315
v -0.042293 -0.018137 -0.008505
v -0.042251 0.019631 -0.000992
v -0.042272 0.019254 -0.004822
v -0.042143 -0.003830 0.018261
v -0.042352 -0.007513 -0.019129
v -0.042190 -0.016323 0.009914
v -0.042251 -0.000000 -0.000993
v -0.338486 -0.006076 -0.008888
v -0.338482 -0.003098 -0.008198
v -0.338339 -0.000000 0.017476
v -0.338491 -0.008821 -0.009689
v -0.338340 0.003097 0.017171
v -0.338490 -0.011227 -0.009627
v -0.338346 0.006076 0.016267
v -0.338477 -0.013201 -0.007221
v -0.338354 0.008820 0.014800
v -0.338461 -0.014668 -0.004476
v -0.338445 0.015571 -0.001498
v -0.338427 0.015877 0.001599
v -0.338365 0.011226 0.012826
v -0.338445 -0.015572 -0.001498
v -0.338461 0.014668 -0.004476
v -0.338378 0.013201 0.010420
v -0.338427 -0.015877 0.001599
v -0.338477 0.013201 -0.007221
v -0.338394 0.014668 0.007675
v -0.338410 -0.015572 0.004697
v -0.338490 0.011226 -0.009627
v -0.338410 0.015571 0.004697
v -0.338394 -0.014668 0.007675
v -0.338491 0.008820 -0.009689
v -0.338378 -0.013201 0.010420
v -0.338486 0.006076 -0.008888
v -0.338365 -0.011227 0.012826
v -0.338482 0.003097 -0.008198
v -0.338354 -0.008821 0.014800
v -0.338481 -0.000000 -0.008022
v -0.338422 -0.000000 0.002548
v 0.040363 -0.028051 -0.028430
v 0.043850 -0.019684 -0.029959
v 0.048064 -0.020540 -0.020919
v 0.043850 -0.029580 -0.020063
v 0.050627 -0.021314 -0.010898
v 0.046052 -0.030821 -0.010520
v 0.051497 -0.021644 -0.000379
v 0.046827 -0.031314 -0.000379
v 0.050627 -0.021314 0.010141
v 0.046052 -0.030821 0.009762
v 0.048064 -0.020540 0.020161
v 0.043850 -0.029580 0.019305
v 0.043851 -0.019684 0.029202
v 0.040363 -0.028051 0.027672
v 0.046052 -0.010141 -0.031200
v 0.050627 -0.010519 -0.021693
v 0.053383 -0.010888 -0.011266
v 0.054306 -0.011052 -0.000379
v 0.053383 -0.010888 0.010509
v 0.050627 -0.010519 0.020935
v 0.046052 -0.010141 0.030442
v 0.046827 -0.000000 -0.031693
v 0.051497 -0.000000 -0.022022
v 0.054306 -0.000000 -0.011431
v 0.055244 -0.000000 -0.000379
v 0.054306 -0.000000 0.010673
v 0.051497 -0.000000 0.021265
v 0.046827 -0.000000 0.030935
v 0.046052 0.010141 -0.031200
v 0.050627 0.010519 -0.021693
v 0.053383 0.010887 -0.011266
v 0.054306 0.011052 -0.000379
v 0.053383 0.010887 0.010509
v 0.050627 0.010519 0.020935
v 0.046052 0.010141 0.030442
v 0.043850 0.019684 -0.029959
v 0.048064 0.020540 -0.020919
v 0.050627 0.021314 -0.010898
v 0.051497 0.021643 -0.000379
v 0.050627 0.021314 0.010140
v 0.048064 0.020540 0.020161
v 0.043850 0.019684 0.029201
v 0.040363 0.028050 -0.028429
v 0.043850 0.029580 -0.020063
v 0.046052 0.030821 -0.010520
v 0.046827 0.031314 -0.000379
v 0.046052 0.030821 0.009762
v 0.043850 0.029580 0.019305
v 0.040363 0.028050 0.027672
v 0.033187 -0.032484 -0.032863
v 0.035468 -0.027212 -0.035145
v 0.035469 -0.034766 -0.027591
v 0.037925 -0.037223 -0.019652
v 0.039660 -0.038957 -0.010345
v 0.040305 -0.039603 -0.000379
v 0.039660 -0.038957 0.009587
v 0.037925 -0.037223 0.018894
v 0.035468 -0.034766 0.026833
v 0.035468 -0.027212 0.034387
v 0.033187 -0.032484 0.032105
v 0.037925 -0.019273 0.036844
v 0.039660 -0.009966 0.038579
v 0.040305 -0.000000 0.039224
v 0.039660 0.009966 0.038578
v 0.037925 0.019273 0.036844
v 0.035468 0.027212 0.034387
v 0.035468 0.034766 0.026833
v 0.033187 0.032484 0.032105
v 0.037925 0.037222 0.018894
v 0.039660 0.038957 0.009587
v 0.040305 0.039602 -0.000379
v 0.039660 0.038957 -0.010345
v 0.037925 0.037222 -0.019652
v 0.035469 0.034766 -0.027591
v 0.035468 0.027212 -0.035145
v 0.033187 0.032484 -0.032863
v 0.037925 0.019273 -0.037601
v 0.039660 0.009966 -0.039336
v 0.040305 -0.000000 -0.039981
v 0.039660 -0.009966 -0.039336
v 0.037925 -0.019273 -0.037601
v 0.028753 0.039660 -0.028430
v 0.020387 0.043147 -0.029959
v 0.021243 0.047361 -0.020919
v 0.030283 0.043147 -0.020063
v 0.022017 0.049924 -0.010898
v 0.031524 0.045349 -0.010520
v 0.022346 0.050794 -0.000379
v 0.032017 0.046124 -0.000379
v 0.022017 0.049924 0.010140
v 0.031524 0.045349 0.009762
v 0.021243 0.047361 0.020161
v 0.030283 0.043147 0.019305
v 0.020387 0.043147 0.029201
v 0.028753 0.039660 0.027672
v 0.010844 0.045349 -0.031200
v 0.011222 0.049924 -0.021693
v 0.011590 0.052680 -0.011266
v 0.011755 0.053603 -0.000379
v 0.011590 0.052680 0.010509
v 0.011222 0.049924 0.020935
v 0.010844 0.045349 0.030442
v 0.000703 0.046124 -0.031693
v 0.000703 0.050794 -0.022022
v 0.000703 0.053603 -0.011431
v 0.000703 0.054541 -0.000379
v 0.000703 0.053603 0.010673
v 0.000703 0.050794 0.021265
v 0.000703 0.046124 0.030935
v -0.009438 0.045349 -0.031200
v -0.009817 0.049924 -0.021693
v -0.010185 0.052680 -0.011266
v -0.010349 0.053603 -0.000379
v -0.010185 0.052680 0.010509
v -0.009817 0.049924 0.020935
v -0.009438 0.045349 0.030442
v -0.018981 0.043147 -0.029959
v -0.019837 0.047361 -0.020919
v -0.020611 0.049924 -0.010898
v -0.020941 0.050794 -0.000379
v -0.020611 0.049924 0.010140
v -0.019837 0.047361 0.020161
v -0.018981 0.043147 0.029201
v -0.027348 0.039660 -0.028429
v -0.028877 0.043147 -0.020063
v -0.030118 0.045349 -0.010520
v -0.030611 0.046124 -0.000379
v -0.030118 0.045349 0.009762
v -0.028877 0.043147 0.019306
v -0.027348 0.039660 0.027672
v 0.027915 0.034766 -0.035144
v 0.027915 0.034766 0.034387
v 0.019976 0.037222 0.036844
v 0.010669 0.038957 0.038579
v 0.000703 0.039602 0.039224
v -0.009263 0.038957 0.038579
v -0.018570 0.037222 0.036844
v -0.026509 0.034766 0.034387
v -0.034063 0.034766 0.026833
v -0.031781 0.032484 0.032105
v -0.036520 0.037222 0.018894
v -0.038254 0.038957 0.009587
v -0.038900 0.039602 -0.000379
v -0.038254 0.038957 -0.010345
v -0.036520 0.037222 -0.019652
v -0.034063 0.034766 -0.027591
v -0.026509 0.034766 -0.035145
v -0.031781 0.032484 -0.032863
v -0.018570 0.037222 -0.037601
v -0.009263 0.038957 -0.039336
v 0.000703 0.039602 -0.039981
v 0.010669 0.038957 -0.039336
v 0.019976 0.037222 -0.037601
v -0.038958 0.028050 -0.028430
v -0.042445 0.019684 -0.029959
v -0.046659 0.020540 -0.020919
v -0.042445 0.029580 -0.020063
v -0.049222 0.021314 -0.010898
v -0.044647 0.030821 -0.010520
v -0.050091 0.021643 -0.000379
v -0.045421 0.031314 -0.000379
v -0.049222 0.021314 0.010140
v -0.044647 0.030821 0.009762
v -0.046658 0.020540 0.020161
v -0.042445 0.029580 0.019305
v -0.042445 0.019684 0.029201
v -0.038958 0.028050 0.027672
v -0.044647 0.010141 -0.031200
v -0.049222 0.010519 -0.021693
v -0.051978 0.010887 -0.011266
v -0.052900 0.011052 -0.000379
v -0.051978 0.010887 0.010509
v -0.049222 0.010519 0.020935
v -0.044647 0.010141 0.030442
v -0.045421 -0.000000 -0.031693
v -0.050091 -0.000000 -0.022022
v -0.052900 -0.000000 -0.011431
v -0.053838 -0.000000 -0.000379
v -0.052900 -0.000000 0.010673
v -0.050091 -0.000000 0.021265
v -0.045421 -0.000000 0.030935
v -0.044647 -0.010141 -0.031200
v -0.049222 -0.010519 -0.021693
v -0.051978 -0.010888 -0.011266
v -0.052900 -0.011052 -0.000379
v -0.051978 -0.010888 0.010509
v -0.049222 -0.010519 0.020935
v -0.044647 -0.010141 0.030442
v -0.042445 -0.019684 -0.029959
v -0.046658 -0.020540 -0.020919
v -0.049222 -0.021314 -0.010898
v -0.050091 -0.021644 -0.000379
v -0.049222 -0.021314 0.010141
v -0.046658 -0.020540 0.020161
v -0.042445 -0.019684 0.029201
v -0.038958 -0.028051 -0.028429
v -0.042445 -0.029580 -0.020063
v -0.044647 -0.030821 -0.010520
v -0.045421 -0.031314 -0.000379
v -0.044647 -0.030821 0.009762
v -0.042445 -0.029580 0.019305
v -0.038958 -0.028051 0.027672
v -0.034063 0.027212 -0.035144
v -0.034063 0.027212 0.034387
v -0.036520 0.019273 0.036844
v -0.038255 0.009966 0.038579
v -0.038900 -0.000000 0.039224
v -0.038255 -0.009966 0.038578
v -0.036520 -0.019273 0.036844
v -0.034063 -0.027212 0.034387
v -0.034063 -0.034766 0.026833
v -0.031781 -0.032484 0.032105
v -0.036520 -0.037223 0.018894
v -0.038254 -0.038957 0.009587
v -0.038900 -0.039603 -0.000379
v -0.038254 -0.038957 -0.010345
v -0.036520 -0.037223 -0.019652
v -0.034063 -0.034766 -0.027591
v -0.034063 -0.027212 -0.035145
v -0.031781 -0.032484 -0.032863
v -0.036520 -0.019273 -0.037601
v -0.038254 -0.009966 -0.039336
v -0.038900 -0.000000 -0.039981
v -0.038254 0.009966 -0.039336
v -0.036520 0.019273 -0.037601
v -0.027348 -0.039661 -0.028430
v -0.018981 -0.043148 -0.029959
v -0.019837 -0.047361 -0.020919
v -0.028877 -0.043148 -0.020063
v -0.020611 -0.049925 -0.010898
v -0.030118 -0.045350 -0.010520
v -0.020941 -0.050794 -0.000379
v -0.030611 -0.046124 -0.000379
v -0.020611 -0.049925 0.010140
v -0.030118 -0.045350 0.009762
v -0.019837 -0.047361 0.020161
v -0.028877 -0.043148 0.019305
v -0.018981 -0.043148 0.029201
v -0.027348 -0.039661 0.027672
v -0.009438 -0.045350 -0.031200
v -0.009816 -0.049925 -0.021693
v -0.010185 -0.052680 -0.011266
v -0.010349 -0.053603 -0.000379
v -0.010185 -0.052680 0.010509
v -0.009817 -0.049924 0.020935
v -0.009438 -0.045350 0.030442
v 0.000703 -0.046124 -0.031693
v 0.000703 -0.050794 -0.022022
v 0.000703 -0.053603 -0.011431
v 0.000703 -0.054541 -0.000379
v 0.000703 -0.053603 0.010673
v 0.000703 -0.050794 0.021265
v 0.000703 -0.046124 0.030935
v 0.010844 -0.045350 -0.031200
v 0.011222 -0.049925 -0.021693
v 0.011590 -0.052680 -0.011266
v 0.011755 -0.053603 -0.000379
v 0.011590 -0.052680 0.010509
v 0.011222 -0.049925 0.020935
v 0.010844 -0.045350 0.030442
v 0.020387 -0.043148 -0.029959
v 0.021243 -0.047361 -0.020919
v 0.022017 -0.049924 -0.010898
v 0.022346 -0.050794 -0.000379
v 0.022017 -0.049925 0.010140
v 0.021243 -0.047361 0.020161
v 0.020387 -0.043148 0.029201
v 0.028753 -0.039661 -0.028430
v 0.030283 -0.043148 -0.020063
v 0.031524 -0.045350 -0.010520
v 0.032017 -0.046124 -0.000379
v 0.031524 -0.045350 0.009762
v 0.030283 -0.043148 0.019305
v 0.028753 -0.039661 0.027672
v -0.026509 -0.034766 -0.035144
v -0.026509 -0.034766 0.034387
v -0.018570 -0.037223 0.036844
v -0.009263 -0.038957 0.038579
v 0.000703 -0.039603 0.039224
v 0.010669 -0.038957 0.038578
v 0.019976 -0.037223 0.036844
v 0.027915 -0.034766 0.034387
v 0.027915 -0.034766 -0.035145
v 0.019976 -0.037223 -0.037601
v 0.010669 -0.038957 -0.039336
v 0.000703 -0.039603 -0.039981
v -0.009263 -0.038957 -0.039336
v -0.018570 -0.037223 -0.037601
v 0.028753 0.028050 -0.040040
v 0.030283 0.019684 -0.043526
v 0.021243 0.020540 -0.047740
v 0.020387 0.029580 -0.043526
v 0.011222 0.021314 -0.050303
v 0.010844 0.030821 -0.045728
v 0.000703 0.021643 -0.051173
v 0.000703 0.031314 -0.046503
v -0.009817 0.021314 -0.050303
v -0.009438 0.030821 -0.045728
v -0.019837 0.020540 -0.047740
v -0.018981 0.029580 -0.043526
v -0.028877 0.019684 -0.043526
v -0.027348 0.028050 -0.040039
v 0.031524 0.010141 -0.045728
v 0.022017 0.010519 -0.050303
v 0.011590 0.010887 -0.053059
v 0.000703 0.011052 -0.053982
v -0.010185 0.010887 -0.053059
v -0.020611 0.010519 -0.050303
v -0.030118 0.010141 -0.045728
v 0.032017 -0.000000 -0.046503
v 0.022346 -0.000000 -0.051173
v 0.011755 -0.000000 -0.053982
v 0.000703 -0.000000 -0.054920
v -0.010349 -0.000000 -0.053982
v -0.020941 -0.000000 -0.051173
v -0.030611 -0.000000 -0.046503
v 0.031524 -0.010141 -0.045728
v 0.022017 -0.010519 -0.050303
v 0.011590 -0.010888 -0.053059
v 0.000703 -0.011052 -0.053982
v -0.010185 -0.010888 -0.053059
v -0.020611 -0.010519 -0.050303
v -0.030118 -0.010141 -0.045728
v 0.030283 -0.019684 -0.043526
v 0.021243 -0.020540 -0.047740
v 0.011222 -0.021314 -0.050303
v 0.000703 -0.021644 -0.051173
v -0.009816 -0.021314 -0.050303
v -0.019837 -0.020540 -0.047740
v -0.028877 -0.019684 -0.043526
v 0.028753 -0.028051 -0.040039
v 0.020387 -0.029580 -0.043526
v 0.010844 -0.030821 -0.045728
v 0.000703 -0.031314 -0.046503
v -0.009438 -0.030821 -0.045728
v -0.018981 -0.029580 -0.043526
v -0.027348 -0.028051 -0.040040
v -0.027348 0.028050 0.039282
v -0.028877 0.019684 0.042769
v -0.019837 0.020540 0.046982
v -0.018981 0.029580 0.042769
v -0.009817 0.021314 0.049546
v -0.009438 0.030821 0.044971
v 0.000703 0.021643 0.050415
v 0.000703 0.031314 0.045745
v 0.011222 0.021314 0.049546
v 0.010844 0.030821 0.044971
v 0.021243 0.020540 0.046982
v 0.020387 0.029580 0.042769
v 0.030283 0.019684 0.042769
v 0.028753 0.028050 0.039282
v -0.030118 0.010141 0.044971
v -0.020611 0.010519 0.049546
v -0.010185 0.010887 0.052301
v 0.000703 0.011052 0.053224
v 0.011590 0.010887 0.052302
v 0.022017 0.010519 0.049546
v 0.031524 0.010141 0.044971
v -0.030611 -0.000000 0.045745
v -0.020941 -0.000000 0.050415
v -0.010349 -0.000000 0.053224
v 0.000703 -0.000000 0.054162
v 0.011755 -0.000000 0.053224
v 0.022346 -0.000000 0.050415
v 0.032017 -0.000000 0.045745
v -0.030118 -0.010141 0.044971
v -0.020611 -0.010519 0.049545
v -0.010185 -0.010888 0.052301
v 0.000703 -0.011052 0.053224
v 0.011590 -0.010888 0.052301
v 0.022017 -0.010519 0.049546
v 0.031524 -0.010141 0.044971
v -0.028877 -0.019684 0.042769
v -0.019837 -0.020540 0.046982
v -0.009817 -0.021314 0.049545
v 0.000703 -0.021644 0.050415
v 0.011222 -0.021314 0.049545
v 0.021243 -0.020540 0.046982
v 0.030283 -0.019684 0.042769
v -0.027348 -0.028051 0.039282
v -0.018981 -0.029580 0.042769
v -0.009438 -0.030821 0.044971
v 0.000703 -0.031314 0.045745
v 0.010844 -0.030821 0.044971
v 0.020387 -0.029580 0.042769
v 0.028753 -0.028051 0.039282
vn 0.3633 0.9270 -0.0933
vn 0.3623 0.8914 -0.2724
vn 0.3614 0.8215 -0.4411
vn 0.3605 0.7200 -0.5929
vn 0.3598 0.5909 -0.7220
vn 0.3592 0.4391 -0.8235
vn 0.3588 0.2704 -0.8934
vn 0.3587 0.0913 -0.9290
vn 0.3587 -0.0913 -0.9290
vn 0.3589 -0.2704 -0.8934
vn 0.3592 -0.4391 -0.8235
vn 0.3598 -0.5909 -0.7221
vn 0.3605 -0.7200 -0.5929
vn 0.3614 -0.8215 -0.4411
vn 0.3623 -0.8914 -0.2724
vn 0.3633 -0.9270 -0.0933
vn 0.3643 -0.9270 0.0893
vn 0.3653 -0.8914 0.2684
vn 0.3663 -0.8215 0.4370
vn 0.3671 -0.7200 0.5889
vn 0.3679 -0.5909 0.7180
vn 0.3684 -0.4391 0.8194
vn 0.3688 -0.2704 0.8893
vn 0.3690 -0.0913 0.9249
vn 0.3690 0.0913 0.9249
vn 0.3688 0.2704 0.8893
vn 0.3684 0.4391 0.8194
vn 0.3679 0.5909 0.7180
vn 0.3671 0.7200 0.5889
vn 0.3663 0.8215 0.4370
vn 1.0000 -0.0000 -0.0056
vn 0.3653 0.8914 0.2684
vn 0.3643 0.9270 0.0893
vn 0.0667 0.9547 -0.2900
vn 0.1739 0.9801 0.0956
vn 0.1750 0.9424 0.2849
vn 0.1760 0.8686 0.4633
vn 0.1769 0.7613 0.6238
vn 0.1777 0.6248 0.7603
vn 0.1783 0.4642 0.8676
vn 0.1787 0.2859 0.9415
vn 0.1789 0.0965 0.9791
vn 0.1789 -0.0965 0.9791
vn 0.1787 -0.2859 0.9415
vn 0.1783 -0.4642 0.8676
vn 0.1777 -0.6248 0.7603
vn 0.1769 -0.7613 0.6238
vn 0.1760 -0.8686 0.4633
vn 0.1750 -0.9424 0.2849
vn 0.1739 -0.9801 0.0956
vn 0.1729 -0.9801 -0.0975
vn 0.1718 -0.9424 -0.2869
vn 0.1708 -0.8686 -0.4652
vn 0.1699 -0.7613 -0.6257
vn 0.1692 -0.6248 -0.7623
vn 0.1686 -0.4643 -0.8695
vn 0.1681 -0.2859 -0.9434
vn 0.1679 -0.0965 -0.9811
vn 0.1679 0.0965 -0.9811
vn 0.1681 0.2859 -0.9434
vn 0.1686 0.4643 -0.8695
vn 0.1692 0.6248 -0.7623
vn 0.1699 0.7613 -0.6257
vn 0.1708 0.8686 -0.4652
vn 0.1718 0.9424 -0.2869
vn 0.1729 0.9801 -0.0975
vn 0.2628 0.9603 0.0931
vn 0.2638 0.9234 0.2787
vn 0.2648 0.8510 0.4534
vn 0.2657 0.7459 0.6107
vn 0.2664 0.6122 0.7445
vn 0.2670 0.4549 0.8496
vn 0.2674 0.2801 0.9220
vn 0.2676 0.0946 0.9589
vn 0.2676 -0.0946 0.9589
vn 0.2674 -0.2801 0.9220
vn 0.2670 -0.4549 0.8496
vn 0.2664 -0.6122 0.7445
vn 0.2657 -0.7459 0.6107
vn 0.2648 -0.8510 0.4534
vn 0.2638 -0.9234 0.2787
vn 0.2628 -0.9603 0.0931
vn 0.2617 -0.9603 -0.0960
vn 0.2607 -0.9234 -0.2816
vn 0.2597 -0.8510 -0.4564
vn 0.2589 -0.7459 -0.6136
vn 0.2581 -0.6122 -0.7474
vn 0.2575 -0.4549 -0.8525
vn 0.2571 -0.2801 -0.9249
vn 0.2569 -0.0946 -0.9618
vn 0.2569 0.0946 -0.9618
vn 0.2571 0.2801 -0.9249
vn 0.2575 0.4549 -0.8525
vn 0.2581 0.6122 -0.7474
vn 0.2589 0.7459 -0.6136
vn 0.2597 0.8510 -0.4564
vn 0.2607 0.9234 -0.2816
vn 0.2617 0.9603 -0.0960
vn 0.0049 -0.4714 0.8819
vn 0.0634 -0.4703 -0.8802
vn 0.0719 -0.7712 0.6325
vn 0.0719 0.7712 0.6325
vn 0.0630 0.2896 -0.9551
vn 0.0678 -0.9929 -0.0982
vn 0.0739 0.0978 0.9925
vn 0.0657 0.8799 -0.4707
vn 0.0640 -0.6329 -0.7716
vn 0.0727 -0.6329 0.7708
vn 0.0710 0.8799 0.4699
vn 0.0628 0.0978 -0.9932
vn 0.0689 -0.9929 0.0974
vn 0.0737 0.2896 0.9543
vn 0.0648 0.7712 -0.6333
vn 0.0648 -0.7712 -0.6333
vn 0.0733 -0.4703 0.8795
vn 0.0700 0.9547 0.2892
vn 0.0628 -0.0978 -0.9932
vn 0.0700 -0.9547 0.2892
vn 0.0733 0.4703 0.8795
vn 0.0640 0.6329 -0.7716
vn 0.0657 -0.8799 -0.4707
vn 0.0678 0.9929 -0.0982
vn 0.0737 -0.2896 0.9543
vn 0.0689 0.9929 0.0974
vn 0.0630 -0.2896 -0.9551
vn 0.0710 -0.8799 0.4699
vn 0.0727 0.6329 0.7708
vn 0.0634 0.4703 -0.8802
vn 0.0667 -0.9547 -0.2900
vn 0.0739 -0.0978 0.9925
vn -0.0536 0.0978 0.9938
vn -0.0056 -0.0980 -0.9952
vn 0.0053 -0.2903 0.9569
vn -0.0053 -0.2903 -0.9569
vn 0.0056 -0.0980 0.9952
vn -0.0049 -0.4714 -0.8819
vn 0.0056 0.0980 0.9952
vn -0.0043 -0.6344 -0.7730
vn 0.0053 0.2903 0.9569
vn -0.0035 -0.7730 -0.6344
vn 0.0049 0.4714 0.8819
vn -0.0026 -0.8819 -0.4714
vn -0.0005 0.9952 -0.0980
vn 0.0043 0.6344 0.7730
vn -0.0016 -0.9569 -0.2903
vn -0.0016 0.9569 -0.2903
vn 0.0035 0.7730 0.6344
vn -0.0005 -0.9952 -0.0980
vn -0.0026 0.8819 -0.4714
vn 0.0026 0.8819 0.4714
vn 0.0005 -0.9952 0.0980
vn -0.0035 0.7730 -0.6344
vn 0.0016 0.9569 0.2903
vn 0.0016 -0.9569 0.2903
vn -0.0043 0.6344 -0.7730
vn 0.0005 0.9952 0.0980
vn 0.0026 -0.8819 0.4714
vn -0.0049 0.4714 -0.8819
vn 0.0035 -0.7730 0.6344
vn -0.0053 0.2903 -0.9569
vn 0.0043 -0.6344 0.7730
vn -0.0056 0.0980 -0.9952
vn -0.0694 0.9928 -0.0974
vn -0.0634 -0.6333 -0.7713
vn -0.0538 0.2898 0.9556
vn -0.0627 -0.7717 -0.6329
vn -0.0542 0.4706 0.8807
vn -0.0618 -0.8804 -0.4702
vn -0.0597 0.9934 -0.0975
vn -0.0548 0.6333 0.7720
vn -0.0608 -0.9553 -0.2894
vn -0.0608 0.9553 -0.2894
vn -0.0556 0.7717 0.6336
vn -0.0597 -0.9934 -0.0975
vn -0.0618 0.8804 -0.4702
vn -0.0565 0.8804 0.4709
vn -0.0586 -0.9934 0.0982
vn -0.0627 0.7717 -0.6329
vn -0.0575 0.9553 0.2901
vn -0.0575 -0.9553 0.2901
vn -0.0634 0.6333 -0.7713
vn -0.0586 0.9934 0.0982
vn -0.0565 -0.8804 0.4709
vn -0.0641 0.4706 -0.8800
vn -0.0556 -0.7717 0.6336
vn -0.0645 0.2898 -0.9549
vn -0.0548 -0.6333 0.7720
vn -0.0647 0.0978 -0.9931
vn -0.0542 -0.4706 0.8807
vn -0.0647 -0.0978 -0.9931
vn -0.0538 -0.2898 0.9556
vn -0.0645 -0.2898 -0.9549
vn -0.0536 -0.0978 0.9938
vn -0.0641 -0.4706 -0.8800
vn -0.1214 0.7676 -0.6293
vn -0.0646 0.6329 0.7715
vn -0.0705 -0.9547 -0.2892
vn -0.0705 0.9547 -0.2892
vn -0.0654 0.7712 0.6333
vn -0.0694 -0.9928 -0.0974
vn -0.0715 0.8798 -0.4699
vn -0.0663 0.8798 0.4707
vn -0.0683 -0.9928 0.0982
vn -0.0724 0.7712 -0.6325
vn -0.0673 0.9547 0.2900
vn -0.0673 -0.9547 0.2900
vn -0.0732 0.6329 -0.7708
vn -0.0683 0.9928 0.0982
vn -0.0663 -0.8798 0.4707
vn -0.0738 0.4703 -0.8794
vn -0.0654 -0.7712 0.6333
vn -0.0742 0.2896 -0.9543
vn -0.0646 -0.6329 0.7715
vn -0.0744 0.0978 -0.9924
vn -0.0640 -0.4703 0.8802
vn -0.0744 -0.0978 -0.9924
vn -0.0636 -0.2896 0.9550
vn -0.0742 -0.2896 -0.9543
vn -0.0633 -0.0978 0.9932
vn -0.0738 -0.4703 -0.8794
vn -0.0633 0.0978 0.9932
vn -0.0732 -0.6329 -0.7708
vn -0.0636 0.2896 0.9550
vn -0.0724 -0.7712 -0.6325
vn -0.0640 0.4703 0.8802
vn -0.0715 -0.8798 -0.4699
vn -0.1238 0.2882 -0.9495
vn -0.1162 0.9503 0.2889
vn -0.1162 -0.9503 0.2889
vn -0.1221 0.6300 -0.7670
vn -0.1173 0.9883 0.0980
vn -0.1152 -0.8758 0.4688
vn -0.1227 0.4681 -0.8751
vn -0.1143 -0.7676 0.6306
vn -0.1231 0.2883 -0.9496
vn -0.1135 -0.6300 0.7683
vn -0.1234 0.0973 -0.9876
vn -0.1129 -0.4681 0.8764
vn -0.1234 -0.0973 -0.9876
vn -0.1125 -0.2883 0.9509
vn -0.1231 -0.2883 -0.9496
vn -0.1123 -0.0973 0.9889
vn -0.1227 -0.4681 -0.8751
vn -0.1123 0.0973 0.9889
vn -0.1221 -0.6300 -0.7670
vn -0.1125 0.2883 0.9509
vn -0.1214 -0.7676 -0.6293
vn -0.1129 0.4681 0.8764
vn -0.1204 -0.8758 -0.4674
vn -0.1184 0.9883 -0.0967
vn -0.1135 0.6300 0.7683
vn -0.1194 -0.9503 -0.2876
vn -0.1194 0.9503 -0.2876
vn -0.1143 0.7676 0.6306
vn -0.1184 -0.9883 -0.0967
vn -0.1204 0.8758 -0.4674
vn -0.1152 0.8758 0.4688
vn -0.1173 -0.9883 0.0980
vn -0.1180 -0.2884 -0.9502
vn -0.1142 -0.6299 0.7682
vn -0.1240 0.0973 -0.9875
vn -0.1136 -0.4681 0.8764
vn -0.1240 -0.0973 -0.9875
vn -0.1132 -0.2882 0.9508
vn -0.1238 -0.2882 -0.9495
vn -0.1130 -0.0973 0.9888
vn -0.1234 -0.4681 -0.8750
vn -0.1130 0.0973 0.9888
vn -0.1228 -0.6299 -0.7669
vn -0.1132 0.2882 0.9508
vn -0.1220 -0.7676 -0.6293
vn -0.1136 0.4681 0.8764
vn -0.1211 -0.8757 -0.4674
vn -0.1191 0.9882 -0.0967
vn -0.1142 0.6299 0.7682
vn -0.1201 -0.9502 -0.2876
vn -0.1201 0.9502 -0.2876
vn -0.1150 0.7676 0.6306
vn -0.1191 -0.9882 -0.0967
vn -0.1211 0.8757 -0.4674
vn -0.1159 0.8757 0.4687
vn -0.1180 -0.9882 0.0980
vn -0.1220 0.7676 -0.6293
vn -0.1169 0.9502 0.2889
vn -0.1169 -0.9502 0.2889
vn -0.1228 0.6299 -0.7669
vn -0.1180 0.9882 0.0980
vn -0.1159 -0.8757 0.4687
vn -0.1234 0.4681 -0.8750
vn -0.1150 -0.7676 0.6306
vn -0.1034 -0.7737 -0.6251
vn -0.1071 -0.0974 0.9895
vn -0.1175 -0.4684 -0.8757
vn -0.1071 0.0974 0.9895
vn -0.1169 -0.6304 -0.7675
vn -0.1073 0.2884 0.9515
vn -0.1162 -0.7681 -0.6297
vn -0.1078 0.4684 0.8769
vn -0.1153 -0.8763 -0.4678
vn -0.1132 0.9889 -0.0968
vn -0.1084 0.6304 0.7687
vn -0.1143 -0.9508 -0.2878
vn -0.1143 0.9508 -0.2878
vn -0.1091 0.7681 0.6310
vn -0.1132 -0.9889 -0.0968
vn -0.1153 0.8763 -0.4678
vn -0.1100 0.8763 0.4690
vn -0.1121 -0.9889 0.0980
vn -0.1162 0.7681 -0.6297
vn -0.1110 0.9508 0.2891
vn -0.1110 -0.9508 0.2891
vn -0.1169 0.6304 -0.7675
vn -0.1121 0.9889 0.0980
vn -0.1100 -0.8763 0.4690
vn -0.1175 0.4684 -0.8757
vn -0.1091 -0.7681 0.6310
vn -0.1180 0.2884 -0.9502
vn -0.1084 -0.6304 0.7687
vn -0.1182 0.0974 -0.9882
vn -0.1077 -0.4684 0.8769
vn -0.1182 -0.0974 -0.9882
vn -0.1073 -0.2884 0.9515
vn -0.1189 -0.9882 -0.0967
vn -0.0976 0.4689 0.8778
vn -0.1044 -0.8793 -0.4648
vn -0.1030 0.9899 -0.0969
vn -0.0982 0.6311 0.7695
vn -0.1041 -0.9519 -0.2882
vn -0.1041 0.9519 -0.2882
vn -0.0990 0.7689 0.6316
vn -0.1030 -0.9899 -0.0969
vn -0.1044 0.8793 -0.4648
vn -0.0999 0.8773 0.4695
vn -0.1019 -0.9899 0.0981
vn -0.1034 0.7737 -0.6251
vn -0.1009 0.9519 0.2893
vn -0.1009 -0.9519 0.2893
vn -0.1080 0.6106 -0.7845
vn -0.1019 0.9899 0.0981
vn -0.0999 -0.8773 0.4695
vn -0.1128 0.4808 -0.8695
vn -0.0990 -0.7689 0.6316
vn -0.1095 0.2917 -0.9502
vn -0.0982 -0.6311 0.7695
vn -0.1129 0.0861 -0.9899
vn -0.0976 -0.4689 0.8778
vn -0.1070 -0.0697 -0.9918
vn -0.0972 -0.2888 0.9525
vn -0.0974 -0.2890 -0.9523
vn -0.0969 -0.0975 0.9905
vn -0.1093 -0.5079 -0.8544
vn -0.0969 0.0975 0.9905
vn -0.1099 -0.6032 -0.7900
vn -0.0972 0.2888 0.9525
vn -1.0000 -0.0000 0.0056
vn -0.1210 0.8757 -0.4674
vn -0.1158 0.8757 0.4687
vn -0.1178 -0.9882 0.0980
vn -0.1219 0.7676 -0.6293
vn -0.1168 0.9502 0.2889
vn -0.1168 -0.9502 0.2889
vn -0.1856 0.3254 -0.9272
vn -0.1178 0.9882 0.0980
vn -0.1158 -0.8757 0.4687
vn -0.3094 0.0533 -0.9495
vn -0.1148 -0.7676 0.6306
vn -0.3894 -0.0456 -0.9200
vn -0.1141 -0.6299 0.7682
vn -0.4211 -0.0137 -0.9069
vn -0.1135 -0.4681 0.8764
vn -0.4245 0.0389 -0.9046
vn -0.1131 -0.2882 0.9509
vn -0.3987 0.0562 -0.9154
vn -0.1128 -0.0973 0.9888
vn -0.3133 -0.1060 -0.9437
vn -0.1128 0.0973 0.9888
vn -0.1816 -0.3121 -0.9325
vn -0.1131 0.2882 0.9509
vn -0.1219 -0.7676 -0.6293
vn -0.1135 0.4681 0.8764
vn -0.1210 -0.8757 -0.4674
vn -0.1189 0.9882 -0.0967
vn -0.1141 0.6299 0.7682
vn -0.1200 -0.9502 -0.2876
vn -0.1200 0.9502 -0.2876
vn -0.1148 0.7676 0.6306
vn 0.8096 -0.4151 -0.4151
vn 0.8671 -0.4278 -0.2552
vn 0.8966 -0.4340 -0.0886
vn 0.8966 -0.4340 0.0886
vn 0.8671 -0.4279 0.2552
vn 0.8096 -0.4151 0.4150
vn 0.8671 -0.2552 -0.4279
vn 0.9318 -0.2567 -0.2567
vn 0.9627 -0.2564 -0.0865
vn 0.9627 -0.2564 0.0865
vn 0.9318 -0.2567 0.2567
vn 0.8671 -0.2552 0.4278
vn 0.8966 -0.0886 -0.4340
vn 0.9627 -0.0865 -0.2564
vn 0.9928 -0.0848 -0.0848
vn 0.9928 -0.0848 0.0848
vn 0.9627 -0.0865 0.2564
vn 0.8966 -0.0886 0.4340
vn 0.8966 0.0886 -0.4340
vn 0.9627 0.0865 -0.2564
vn 0.9928 0.0848 -0.0848
vn 0.9928 0.0848 0.0848
vn 0.9627 0.0865 0.2564
vn 0.8966 0.0886 0.4340
vn 0.8671 0.2552 -0.4278
vn 0.9318 0.2567 -0.2567
vn 0.9627 0.2564 -0.0865
vn 0.9627 0.2564 0.0865
vn 0.9318 0.2567 0.2567
vn 0.8671 0.2552 0.4278
vn 0.8096 0.4150 -0.4151
vn 0.8671 0.4278 -0.2552
vn 0.8966 0.4340 -0.0886
vn 0.8966 0.4340 0.0886
vn 0.8671 0.4279 0.2552
vn 0.8096 0.4151 0.4151
vn 0.6579 -0.5325 -0.5325
vn 0.7146 -0.5734 -0.4007
vn 0.7580 -0.6011 -0.2532
vn 0.7825 -0.6161 -0.0901
vn 0.7825 -0.6161 0.0901
vn 0.7580 -0.6011 0.2532
vn 0.7146 -0.5734 0.4007
vn 0.6579 -0.5325 0.5325
vn 0.7146 -0.4007 0.5734
vn 0.7580 -0.2532 0.6011
vn 0.7825 -0.0901 0.6161
vn 0.7825 0.0901 0.6162
vn 0.7580 0.2532 0.6011
vn 0.7146 0.4007 0.5734
vn 0.6580 0.5325 0.5325
vn 0.7146 0.5734 0.4007
vn 0.7580 0.6011 0.2532
vn 0.7825 0.6162 0.0901
vn 0.7825 0.6161 -0.0901
vn 0.7580 0.6011 -0.2532
vn 0.7146 0.5734 -0.4007
vn 0.6579 0.5325 -0.5325
vn 0.7146 0.4007 -0.5734
vn 0.7580 0.2532 -0.6011
vn 0.7825 0.0901 -0.6161
vn 0.7825 -0.0901 -0.6161
vn 0.7580 -0.2532 -0.6011
vn 0.7146 -0.4007 -0.5734
vn 0.4151 0.8096 -0.4151
vn 0.4278 0.8671 -0.2552
vn 0.4340 0.8966 -0.0886
vn 0.4340 0.8966 0.0886
vn 0.4279 0.8671 0.2552
vn 0.4151 0.8096 0.4151
vn 0.2552 0.8671 -0.4278
vn 0.2567 0.9318 -0.2567
vn 0.2564 0.9627 -0.0865
vn 0.2564 0.9627 0.0865
vn 0.2567 0.9318 0.2567
vn 0.2552 0.8671 0.4278
vn 0.0886 0.8966 -0.4340
vn 0.0865 0.9627 -0.2564
vn 0.0848 0.9928 -0.0848
vn 0.0848 0.9928 0.0848
vn 0.0865 0.9627 0.2564
vn 0.0886 0.8966 0.4340
vn -0.0886 0.8966 -0.4340
vn -0.0865 0.9627 -0.2564
vn -0.0848 0.9928 -0.0848
vn -0.0848 0.9928 0.0848
vn -0.0865 0.9627 0.2564
vn -0.0886 0.8966 0.4340
vn -0.2552 0.8671 -0.4278
vn -0.2567 0.9318 -0.2567
vn -0.2564 0.9627 -0.0865
vn -0.2564 0.9627 0.0865
vn -0.2567 0.9318 0.2567
vn -0.2552 0.8671 0.4278
vn -0.4151 0.8096 -0.4151
vn -0.4278 0.8671 -0.2552
vn -0.4340 0.8966 -0.0886
vn -0.4340 0.8966 0.0886
vn -0.4278 0.8671 0.2552
vn -0.4151 0.8096 0.4151
vn 0.5325 0.6579 -0.5325
vn 0.5734 0.7146 -0.4007
vn 0.6011 0.7580 -0.2532
vn 0.6161 0.7825 -0.0901
vn 0.6162 0.7825 0.0901
vn 0.6011 0.7580 0.2532
vn 0.5734 0.7146 0.4007
vn 0.5325 0.6580 0.5325
vn 0.4007 0.7146 0.5734
vn 0.2532 0.7580 0.6011
vn 0.0901 0.7825 0.6161
vn -0.0901 0.7825 0.6161
vn -0.2532 0.7580 0.6011
vn -0.4007 0.7146 0.5734
vn -0.5325 0.6579 0.5325
vn -0.5734 0.7146 0.4007
vn -0.6011 0.7580 0.2532
vn -0.6162 0.7825 0.0901
vn -0.6161 0.7825 -0.0901
vn -0.6011 0.7580 -0.2532
vn -0.5734 0.7146 -0.4007
vn -0.5325 0.6579 -0.5325
vn -0.4007 0.7146 -0.5734
vn -0.2532 0.7580 -0.6011
vn -0.0901 0.7825 -0.6162
vn 0.0901 0.7825 -0.6162
vn 0.2532 0.7580 -0.6011
vn 0.4007 0.7146 -0.5734
vn -0.8096 0.4151 -0.4151
vn -0.8671 0.4279 -0.2552
vn -0.8966 0.4340 -0.0886
vn -0.8966 0.4340 0.0886
vn -0.8671 0.4278 0.2552
vn -0.8096 0.4151 0.4151
vn -0.8671 0.2552 -0.4279
vn -0.9318 0.2567 -0.2567
vn -0.9627 0.2564 -0.0865
vn -0.9627 0.2564 0.0865
vn -0.9318 0.2567 0.2567
vn -0.8671 0.2552 0.4278
vn -0.8966 0.0886 -0.4340
vn -0.9627 0.0865 -0.2564
vn -0.9928 0.0848 -0.0848
vn -0.9928 0.0848 0.0848
vn -0.9627 0.0865 0.2564
vn -0.8966 0.0886 0.4340
vn -0.8966 -0.0886 -0.4340
vn -0.9627 -0.0865 -0.2564
vn -0.9928 -0.0848 -0.0848
vn -0.9928 -0.0848 0.0848
vn -0.9627 -0.0865 0.2564
vn -0.8966 -0.0886 0.4340
vn -0.8671 -0.2552 -0.4278
vn -0.9318 -0.2567 -0.2567
vn -0.9627 -0.2564 -0.0865
vn -0.9627 -0.2564 0.0865
vn -0.9318 -0.2567 0.2567
vn -0.8671 -0.2552 0.4279
vn -0.8096 -0.4151 -0.4150
vn -0.8671 -0.4278 -0.2553
vn -0.8966 -0.4340 -0.0886
vn -0.8966 -0.4340 0.0886
vn -0.8671 -0.4278 0.2552
vn -0.8096 -0.4151 0.4151
vn -0.6579 0.5325 -0.5325
vn -0.7146 0.5734 -0.4007
vn -0.7580 0.6011 -0.2532
vn -0.7825 0.6162 -0.0901
vn -0.7825 0.6162 0.0901
vn -0.7580 0.6011 0.2532
vn -0.7146 0.5734 0.4007
vn -0.6579 0.5325 0.5325
vn -0.7146 0.4007 0.5734
vn -0.7580 0.2532 0.6011
vn -0.7825 0.0901 0.6161
vn -0.7825 -0.0901 0.6161
vn -0.7580 -0.2532 0.6011
vn -0.7146 -0.4007 0.5734
vn -0.6579 -0.5325 0.5325
vn -0.7146 -0.5734 0.4007
vn -0.7580 -0.6011 0.2532
vn -0.7825 -0.6162 0.0901
vn -0.7824 -0.6162 -0.0901
vn -0.7580 -0.6011 -0.2532
vn -0.7146 -0.5734 -0.4007
vn -0.6579 -0.5325 -0.5325
vn -0.7146 -0.4007 -0.5734
vn -0.7580 -0.2532 -0.6011
vn -0.7824 -0.0901 -0.6162
vn -0.7824 0.0901 -0.6162
vn -0.7580 0.2532 -0.6011
vn -0.7146 0.4007 -0.5734
vn -0.4150 -0.8096 -0.4151
vn -0.4278 -0.8671 -0.2552
vn -0.4340 -0.8966 -0.0886
vn -0.4340 -0.8966 0.0886
vn -0.4278 -0.8671 0.2552
vn -0.4151 -0.8096 0.4151
vn -0.2552 -0.8671 -0.4278
vn -0.2567 -0.9318 -0.2567
vn -0.2564 -0.9627 -0.0865
vn -0.2564 -0.9627 0.0865
vn -0.2567 -0.9318 0.2567
vn -0.2552 -0.8671 0.4278
vn -0.0886 -0.8966 -0.4340
vn -0.0865 -0.9627 -0.2564
vn -0.0848 -0.9928 -0.0848
vn -0.0848 -0.9928 0.0848
vn -0.0865 -0.9627 0.2564
vn -0.0886 -0.8966 0.4340
vn 0.0886 -0.8966 -0.4340
vn 0.0865 -0.9627 -0.2564
vn 0.0848 -0.9928 -0.0848
vn 0.0848 -0.9928 0.0848
vn 0.0865 -0.9627 0.2564
vn 0.0886 -0.8966 0.4340
vn 0.2552 -0.8671 -0.4278
vn 0.2567 -0.9318 -0.2567
vn 0.2564 -0.9627 -0.0865
vn 0.2564 -0.9627 0.0865
vn 0.2567 -0.9318 0.2567
vn 0.2552 -0.8671 0.4279
vn 0.4151 -0.8096 -0.4151
vn 0.4278 -0.8671 -0.2552
vn 0.4340 -0.8966 -0.0886
vn 0.4340 -0.8966 0.0886
vn 0.4278 -0.8671 0.2552
vn 0.4151 -0.8096 0.4151
vn -0.5325 -0.6579 -0.5325
vn -0.5734 -0.7146 -0.4007
vn -0.6011 -0.7580 -0.2532
vn -0.6162 -0.7825 -0.0901
vn -0.6162 -0.7825 0.0901
vn -0.6011 -0.7580 0.2532
vn -0.5734 -0.7146 0.4007
vn -0.5325 -0.6579 0.5325
vn -0.4007 -0.7146 0.5734
vn -0.2532 -0.7580 0.6011
vn -0.0901 -0.7825 0.6162
vn 0.0901 -0.7825 0.6162
vn 0.2532 -0.7580 0.6011
vn 0.4007 -0.7146 0.5734
vn 0.5325 -0.6580 0.5325
vn 0.5734 -0.7146 0.4007
vn 0.6011 -0.7580 0.2532
vn 0.6161 -0.7825 0.0901
vn 0.6161 -0.7825 -0.0901
vn 0.6011 -0.7580 -0.2532
vn 0.5734 -0.7146 -0.4007
vn 0.5325 -0.6579 -0.5325
vn 0.4007 -0.7146 -0.5734
vn 0.2532 -0.7580 -0.6011
vn 0.0901 -0.7825 -0.6161
vn -0.0901 -0.7825 -0.6161
vn -0.2532 -0.7580 -0.6011
vn -0.4007 -0.7146 -0.5734
vn 0.4150 0.4150 -0.8096
vn 0.2553 0.4278 -0.8671
vn 0.0886 0.4340 -0.8966
vn -0.0886 0.4339 -0.8966
vn -0.2552 0.4278 -0.8671
vn -0.4151 0.4151 -0.8096
vn 0.4278 0.2552 -0.8671
vn 0.2567 0.2567 -0.9318
vn 0.0865 0.2564 -0.9627
vn -0.0865 0.2564 -0.9627
vn -0.2567 0.2567 -0.9318
vn -0.4278 0.2552 -0.8671
vn 0.4340 0.0886 -0.8966
vn 0.2564 0.0865 -0.9627
vn 0.0848 0.0849 -0.9928
vn -0.0848 0.0849 -0.9928
vn -0.2564 0.0865 -0.9627
vn -0.4340 0.0886 -0.8966
vn 0.4340 -0.0886 -0.8966
vn 0.2564 -0.0865 -0.9627
vn 0.0848 -0.0848 -0.9928
vn -0.0849 -0.0849 -0.9928
vn -0.2564 -0.0865 -0.9627
vn -0.4340 -0.0886 -0.8966
vn 0.4279 -0.2552 -0.8671
vn 0.2567 -0.2567 -0.9318
vn 0.0865 -0.2564 -0.9627
vn -0.0865 -0.2564 -0.9627
vn -0.2567 -0.2567 -0.9318
vn -0.4278 -0.2552 -0.8671
vn 0.4151 -0.4151 -0.8096
vn 0.2552 -0.4278 -0.8671
vn 0.0886 -0.4340 -0.8966
vn -0.0886 -0.4339 -0.8966
vn -0.2552 -0.4278 -0.8671
vn -0.4150 -0.4150 -0.8096
vn 0.5325 0.5325 -0.6579
vn 0.4007 0.5734 -0.7146
vn 0.2532 0.6011 -0.7580
vn 0.0901 0.6162 -0.7825
vn -0.0901 0.6162 -0.7825
vn -0.2532 0.6011 -0.7580
vn -0.4007 0.5734 -0.7146
vn -0.5325 0.5325 -0.6579
vn -0.5734 0.4007 -0.7146
vn -0.6011 0.2532 -0.7580
vn -0.6162 0.0901 -0.7824
vn -0.6161 -0.0901 -0.7825
vn -0.6011 -0.2532 -0.7580
vn -0.5734 -0.4007 -0.7146
vn -0.5325 -0.5325 -0.6579
vn -0.4007 -0.5734 -0.7146
vn -0.2532 -0.6011 -0.7580
vn -0.0901 -0.6161 -0.7825
vn 0.0901 -0.6161 -0.7825
vn 0.2532 -0.6011 -0.7580
vn 0.4007 -0.5734 -0.7146
vn 0.5325 -0.5325 -0.6579
vn 0.5734 -0.4007 -0.7146
vn 0.6011 -0.2532 -0.7580
vn 0.6161 -0.0901 -0.7825
vn 0.6161 0.0901 -0.7825
vn 0.6011 0.2532 -0.7580
vn 0.5734 0.4007 -0.7146
vn -0.4151 0.4150 0.8096
vn -0.2552 0.4278 0.8671
vn -0.0886 0.4340 0.8966
vn 0.0886 0.4340 0.8966
vn 0.2552 0.4279 0.8671
vn 0.4150 0.4151 0.8096
vn -0.4279 0.2552 0.8671
vn -0.2567 0.2567 0.9318
vn -0.0865 0.2564 0.9627
vn 0.0865 0.2564 0.9627
vn 0.2567 0.2567 0.9318
vn 0.4278 0.2552 0.8671
vn -0.4340 0.0886 0.8966
vn -0.2564 0.0865 0.9627
vn -0.0848 0.0848 0.9928
vn 0.0848 0.0848 0.9928
vn 0.2564 0.0865 0.9627
vn 0.4340 0.0886 0.8966
vn -0.4339 -0.0886 0.8966
vn -0.2564 -0.0865 0.9627
vn -0.0848 -0.0848 0.9928
vn 0.0848 -0.0848 0.9928
vn 0.2564 -0.0865 0.9627
vn 0.4340 -0.0886 0.8966
vn -0.4278 -0.2552 0.8671
vn -0.2567 -0.2567 0.9318
vn -0.0865 -0.2564 0.9627
vn 0.0865 -0.2564 0.9627
vn 0.2567 -0.2567 0.9318
vn 0.4278 -0.2552 0.8671
vn -0.4151 -0.4150 0.8096
vn -0.2552 -0.4278 0.8671
vn -0.0886 -0.4340 0.8966
vn 0.0886 -0.4339 0.8966
vn 0.2552 -0.4278 0.8671
vn 0.4151 -0.4151 0.8096
vn -0.5325 0.5325 0.6579
vn -0.4007 0.5734 0.7146
vn -0.2532 0.6011 0.7580
vn -0.0901 0.6161 0.7825
vn 0.0901 0.6161 0.7825
vn 0.2532 0.6011 0.7580
vn 0.4007 0.5734 0.7146
vn 0.5325 0.5325 0.6579
vn 0.5734 0.4007 0.7146
vn 0.6011 0.2532 0.7580
vn 0.6162 0.0901 0.7824
vn 0.6162 -0.0901 0.7825
vn 0.6011 -0.2532 0.7580
vn 0.5734 -0.4007 0.7146
vn 0.5325 -0.5325 0.6580
vn 0.4007 -0.5734 0.7146
vn 0.2532 -0.6011 0.7580
vn 0.0901 -0.6162 0.7824
vn -0.0901 -0.6161 0.7825
vn -0.2532 -0.6011 0.7580
vn -0.4007 -0.5734 0.7146
vn -0.5325 -0.5325 0.6579
vn -0.5734 -0.4007 0.7146
vn -0.6011 -0.2532 0.7580
vn -0.6161 -0.0901 0.7825
vn -0.6161 0.0901 0.7825
vn -0.6011 0.2532 0.7580
vn -0.5734 0.4007 0.7146
vt 0.176554 0.811716
vt 0.173553 0.820484
vt 0.168631 0.818967
vt 0.171054 0.810173
vt 0.163658 0.817711
vt 0.165627 0.808928
vt 0.158623 0.816726
vt 0.160248 0.807883
vt 0.153567 0.815854
vt 0.154912 0.807043
vt 0.148510 0.815130
vt 0.149613 0.806368
vt 0.143458 0.814527
vt 0.144340 0.805811
vt 0.138370 0.814121
vt 0.139090 0.805333
vt 0.133284 0.813693
vt 0.133862 0.804982
vt 0.128187 0.813445
vt 0.128646 0.804670
vt 0.123099 0.813146
vt 0.123447 0.804463
vt 0.118019 0.813020
vt 0.118254 0.804279
vt 0.112901 0.812953
vt 0.113058 0.804137
vt 0.107732 0.812937
vt 0.107858 0.804044
vt 0.102556 0.812822
vt 0.102658 0.804005
vt 0.097415 0.812738
vt 0.097471 0.803981
vt 0.092302 0.812683
vt 0.092295 0.803989
vt 0.087225 0.812662
vt 0.087130 0.804015
vt 0.082144 0.812801
vt 0.081961 0.804088
vt 0.077019 0.812976
vt 0.076776 0.804171
vt 0.071848 0.813185
vt 0.071570 0.804313
vt 0.066679 0.813293
vt 0.066354 0.804489
vt 0.061513 0.813568
vt 0.061127 0.804684
vt 0.056338 0.813758
vt 0.055893 0.804923
vt 0.051208 0.814007
vt 0.050658 0.805206
vt 0.046109 0.814337
vt 0.045424 0.805578
vt 0.041035 0.814755
vt 0.040184 0.806031
vt 0.035990 0.815276
vt 0.034937 0.806571
vt 0.030978 0.815928
vt 0.029676 0.807261
vt 0.026009 0.816733
vt 0.024405 0.808100
vt 0.021095 0.817729
vt 0.019118 0.809140
vt 0.703586 0.957632
vt 0.706055 0.953936
vt 0.714819 0.961129
vt 0.713584 0.962977
vt 0.016247 0.818960
vt 0.013811 0.810430
vt 0.011489 0.820484
vt 0.008444 0.812029
vt 0.175964 0.785034
vt 0.169690 0.784337
vt 0.170352 0.775650
vt 0.176790 0.776023
vt 0.008597 0.785562
vt 0.011732 0.802251
vt 0.005931 0.803692
vt 0.001979 0.786534
vt 0.014886 0.784781
vt 0.017442 0.801058
vt 0.020967 0.784158
vt 0.023049 0.800087
vt 0.026896 0.783654
vt 0.028577 0.799297
vt 0.032668 0.783267
vt 0.034047 0.798669
vt 0.038352 0.782937
vt 0.039464 0.798142
vt 0.043942 0.782666
vt 0.044839 0.797744
vt 0.049450 0.782470
vt 0.050186 0.797409
vt 0.054914 0.782290
vt 0.055507 0.797125
vt 0.060327 0.782141
vt 0.060808 0.796893
vt 0.065694 0.782045
vt 0.066091 0.796717
vt 0.071038 0.781949
vt 0.071357 0.796555
vt 0.076361 0.781871
vt 0.076606 0.796466
vt 0.081661 0.781807
vt 0.081836 0.796366
vt 0.086946 0.781786
vt 0.087057 0.796310
vt 0.092230 0.781753
vt 0.092273 0.796260
vt 0.097509 0.781735
vt 0.097493 0.796274
vt 0.102801 0.781758
vt 0.102724 0.796284
vt 0.108107 0.781773
vt 0.107965 0.796347
vt 0.113432 0.781807
vt 0.113212 0.796447
vt 0.118777 0.781860
vt 0.118464 0.796551
vt 0.124150 0.781939
vt 0.123730 0.796701
vt 0.129559 0.782047
vt 0.129019 0.796901
vt 0.135026 0.782187
vt 0.134334 0.797163
vt 0.140542 0.782369
vt 0.139684 0.797493
vt 0.146139 0.782624
vt 0.145069 0.797890
vt 0.151832 0.782912
vt 0.150514 0.798396
vt 0.157633 0.783296
vt 0.156017 0.799032
vt 0.163573 0.783764
vt 0.161591 0.799782
vt 0.167252 0.800701
vt 0.173035 0.801825
vt 0.182454 0.785920
vt 0.178947 0.803176
vt 0.065575 0.774594
vt 0.060180 0.774656
vt 0.060120 0.765125
vt 0.065529 0.765126
vt 0.118835 0.774408
vt 0.124237 0.774440
vt 0.070947 0.774535
vt 0.076282 0.774498
vt 0.020396 0.775760
vt 0.026391 0.775484
vt 0.140763 0.774632
vt 0.146423 0.774757
vt 0.092204 0.774424
vt 0.097506 0.774405
vt 0.043669 0.774938
vt 0.049234 0.774823
vt 0.164101 0.775351
vt 0.113469 0.774387
vt 0.014158 0.776094
vt 0.135191 0.774538
vt 0.086903 0.774438
vt 0.038020 0.775084
vt 0.158070 0.775101
vt 0.108132 0.774388
vt 0.007669 0.776497
vt 0.129686 0.774488
vt 0.081597 0.774463
vt 0.032267 0.775263
vt 0.152185 0.774899
vt 0.102813 0.774392
vt 0.183519 0.776472
vt 0.054734 0.774730
vt 0.000898 0.776951
vt 0.049143 0.765087
vt 0.043551 0.765066
vt 0.043732 0.754892
vt 0.049291 0.755051
vt 0.129694 0.764851
vt 0.135216 0.764792
vt 0.054662 0.765107
vt 0.124224 0.764903
vt 0.118814 0.764941
vt 0.113437 0.764986
vt 0.037885 0.765054
vt 0.108093 0.765028
vt 0.032102 0.765030
vt 0.102775 0.765055
vt 0.177046 0.764406
vt 0.183810 0.764293
vt 0.026193 0.765003
vt 0.097469 0.765091
vt 0.170559 0.764482
vt 0.020127 0.764983
vt 0.092169 0.765107
vt 0.164298 0.764552
vt 0.013868 0.764941
vt 0.086871 0.765127
vt 0.158219 0.764599
vt 0.007416 0.764874
vt 0.081565 0.765136
vt 0.152296 0.764644
vt 0.000663 0.764752
vt 0.076242 0.765139
vt 0.146504 0.764702
vt 0.070901 0.765135
vt 0.140814 0.764747
vt 0.183002 0.751918
vt 0.176430 0.752525
vt 0.174333 0.735727
vt 0.180518 0.734645
vt 0.113319 0.755293
vt 0.118669 0.755191
vt 0.038076 0.754697
vt 0.107998 0.755374
vt 0.032337 0.754477
vt 0.102696 0.755445
vt 0.026484 0.754215
vt 0.097412 0.755488
vt 0.170062 0.753020
vt 0.020463 0.753896
vt 0.092132 0.755518
vt 0.163911 0.753425
vt 0.014348 0.753515
vt 0.086853 0.755527
vt 0.157884 0.753770
vt 0.007989 0.753038
vt 0.081569 0.755524
vt 0.151998 0.754068
vt 0.001470 0.752442
vt 0.076270 0.755494
vt 0.146255 0.754317
vt 0.070953 0.755451
vt 0.140576 0.754548
vt 0.065604 0.755382
vt 0.135002 0.754745
vt 0.060216 0.755294
vt 0.129500 0.754918
vt 0.054782 0.755184
vt 0.124065 0.755061
vt 0.162374 0.737447
vt 0.156574 0.738133
vt 0.153725 0.718407
vt 0.159121 0.717438
vt 0.027694 0.738659
vt 0.033355 0.739205
vt 0.097278 0.741490
vt 0.102489 0.741402
vt 0.168288 0.736652
vt 0.021920 0.738009
vt 0.092077 0.741526
vt 0.016038 0.737257
vt 0.086873 0.741519
vt 0.010042 0.736366
vt 0.081665 0.741488
vt 0.150858 0.738738
vt 0.003923 0.735320
vt 0.076443 0.741412
vt 0.145254 0.739253
vt 0.071202 0.741304
vt 0.139728 0.739707
vt 0.065936 0.741149
vt 0.134270 0.740092
vt 0.060634 0.740958
vt 0.128874 0.740430
vt 0.055292 0.740714
vt 0.123528 0.740711
vt 0.049910 0.740434
vt 0.118223 0.740947
vt 0.044462 0.740087
vt 0.112954 0.741140
vt 0.038946 0.739680
vt 0.107712 0.741291
vt 0.143090 0.720016
vt 0.137854 0.720666
vt 0.134726 0.698091
vt 0.139539 0.697303
vt 0.014079 0.715955
vt 0.019536 0.717107
vt 0.081929 0.723259
vt 0.086968 0.723333
vt 0.148383 0.719260
vt 0.008587 0.714651
vt 0.076882 0.723145
vt 0.071819 0.722956
vt 0.066742 0.722723
vt 0.132651 0.721242
vt 0.061637 0.722412
vt 0.127494 0.721726
vt 0.056511 0.722050
vt 0.122363 0.722147
vt 0.051348 0.721602
vt 0.117256 0.722507
vt 0.046155 0.721092
vt 0.112177 0.722794
vt 0.040924 0.720498
vt 0.107118 0.723020
vt 0.035651 0.719814
vt 0.102071 0.723188
vt 0.170074 0.715113
vt 0.175627 0.713727
vt 0.030324 0.719021
vt 0.097035 0.723282
vt 0.164570 0.716345
vt 0.024960 0.718127
vt 0.092001 0.723336
vt 0.125148 0.699381
vt 0.120380 0.699892
vt 0.117961 0.677375
vt 0.122294 0.676861
vt 0.068156 0.700503
vt 0.072921 0.700806
vt 0.129930 0.698782
vt 0.063381 0.700125
vt 0.058597 0.699675
vt 0.053798 0.699139
vt 0.115620 0.700312
vt 0.048989 0.698523
vt 0.110870 0.700657
vt 0.044164 0.697816
vt 0.106128 0.700926
vt 0.039331 0.697019
vt 0.101387 0.701125
vt 0.163830 0.691761
vt 0.168720 0.690295
vt 0.034482 0.696121
vt 0.096648 0.701247
vt 0.158945 0.693101
vt 0.029623 0.695120
vt 0.091910 0.701298
vt 0.154070 0.694321
vt 0.024758 0.694010
vt 0.087170 0.701279
vt 0.149208 0.695425
vt 0.019891 0.692786
vt 0.082427 0.701195
vt 0.144369 0.696414
vt 0.015032 0.691441
vt 0.077678 0.701036
vt 0.109301 0.678117
vt 0.104962 0.678370
vt 0.103795 0.654111
vt 0.108000 0.657206
vt 0.056774 0.676369
vt 0.061162 0.676927
vt 0.113617 0.677790
vt 0.052387 0.675728
vt 0.048002 0.675006
vt 0.043620 0.674194
vt 0.100598 0.678545
vt 0.156875 0.669012
vt 0.161190 0.667581
vt 0.039245 0.673299
vt 0.096227 0.678659
vt 0.152549 0.670343
vt 0.034877 0.672313
vt 0.091851 0.678698
vt 0.148215 0.671577
vt 0.030523 0.671235
vt 0.087473 0.678666
vt 0.143895 0.672712
vt 0.026182 0.670062
vt 0.083092 0.678558
vt 0.139584 0.673750
vt 0.021858 0.668794
vt 0.078709 0.678382
vt 0.135257 0.674692
vt 0.074325 0.678134
vt 0.130929 0.675527
vt 0.069938 0.677810
vt 0.126611 0.676248
vt 0.065551 0.677411
vt 0.095811 0.652285
vt 0.091875 0.652316
vt 0.091867 0.645678
vt 0.095696 0.645632
vt 0.048883 0.648097
vt 0.052753 0.648844
vt 0.099749 0.652190
vt 0.148326 0.643418
vt 0.152100 0.642098
vt 0.045028 0.647275
vt 0.144532 0.644660
vt 0.041188 0.646375
vt 0.141307 0.647843
vt 0.037364 0.645397
vt 0.087943 0.652281
vt 0.138308 0.652180
vt 0.033558 0.644338
vt 0.084014 0.652180
vt 0.135281 0.655838
vt 0.029771 0.643198
vt 0.080087 0.652012
vt 0.132139 0.660145
vt 0.076164 0.651773
vt 0.128686 0.663411
vt 0.072245 0.651465
vt 0.124783 0.664725
vt 0.068331 0.651086
vt 0.120658 0.664558
vt 0.064423 0.650633
vt 0.116390 0.662599
vt 0.060524 0.650109
vt 0.111994 0.659959
vt 0.056634 0.649513
vt 0.619448 0.686682
vt 0.618409 0.683249
vt 0.626847 0.681466
vt 0.627367 0.683183
vt 0.138803 0.639388
vt 0.142497 0.638261
vt 0.039079 0.638991
vt 0.042768 0.639936
vt 0.088050 0.645658
vt 0.135084 0.640442
vt 0.035413 0.637968
vt 0.084240 0.645563
vt 0.132161 0.640989
vt 0.031770 0.636863
vt 0.080432 0.645399
vt 0.128640 0.641276
vt 0.076628 0.645166
vt 0.124846 0.641535
vt 0.072828 0.644864
vt 0.121040 0.642058
vt 0.069032 0.644494
vt 0.117266 0.642810
vt 0.065244 0.644060
vt 0.113586 0.643825
vt 0.061468 0.643555
vt 0.110169 0.644680
vt 0.057703 0.642974
vt 0.107231 0.645121
vt 0.053947 0.642320
vt 0.103378 0.645356
vt 0.050204 0.641599
vt 0.099529 0.645530
vt 0.146160 0.637058
vt 0.149795 0.635777
vt 0.046477 0.640805
vt 0.721360 0.990887
vt 0.717001 0.990020
vt 0.720292 0.979171
vt 0.722472 0.979604
vt 0.746149 0.966099
vt 0.746149 0.970544
vt 0.734866 0.969433
vt 0.734866 0.967210
vt 0.717001 0.946623
vt 0.721361 0.945756
vt 0.722472 0.957038
vt 0.720292 0.957472
vt 0.706055 0.982706
vt 0.703586 0.979010
vt 0.713584 0.973666
vt 0.714819 0.975514
vt 0.741111 0.982706
vt 0.737968 0.985850
vt 0.730776 0.977086
vt 0.732347 0.975514
vt 0.734272 0.948324
vt 0.737968 0.950793
vt 0.730776 0.959557
vt 0.728928 0.958323
vt 0.701885 0.961739
vt 0.712734 0.965030
vt 0.725806 0.990887
vt 0.724694 0.979604
vt 0.745282 0.961739
vt 0.734433 0.965030
vt 0.712895 0.948323
vt 0.718239 0.958323
vt 0.709198 0.985849
vt 0.716391 0.977085
vt 0.743581 0.979011
vt 0.733582 0.973666
vt 0.730166 0.946623
vt 0.726875 0.957472
vt 0.701018 0.966099
vt 0.712300 0.967210
vt 0.730165 0.990020
vt 0.726874 0.979171
vt 0.743581 0.957632
vt 0.733582 0.962977
vt 0.709199 0.950793
vt 0.716391 0.959557
vt 0.712894 0.988319
vt 0.718239 0.978320
vt 0.745282 0.974904
vt 0.734433 0.971613
vt 0.701885 0.974903
vt 0.701018 0.970544
vt 0.712300 0.969432
vt 0.712734 0.971612
vt 0.725806 0.945755
vt 0.724695 0.957038
vt 0.734272 0.988319
vt 0.728928 0.978320
vt 0.741111 0.953937
vt 0.732347 0.961129
vt 0.723583 0.968322
vt 0.647756 0.683230
vt 0.648542 0.686782
vt 0.641990 0.683182
vt 0.641481 0.681465
vt 0.618058 0.679680
vt 0.626671 0.679680
vt 0.649431 0.689946
vt 0.642366 0.684765
vt 0.618409 0.676110
vt 0.626847 0.677894
vt 0.649336 0.692725
vt 0.642325 0.686167
vt 0.619448 0.672677
vt 0.627367 0.676176
vt 0.646538 0.694982
vt 0.640931 0.687308
vt 0.621136 0.669513
vt 0.628213 0.674593
vt 0.643359 0.696655
vt 0.639341 0.688154
vt 0.636341 0.661342
vt 0.639916 0.661679
vt 0.637617 0.670686
vt 0.635827 0.670513
vt 0.623408 0.666737
vt 0.629350 0.673204
vt 0.639916 0.697680
vt 0.637617 0.688673
vt 0.643359 0.662704
vt 0.639341 0.671205
vt 0.626177 0.664456
vt 0.630737 0.672064
vt 0.636341 0.698017
vt 0.635827 0.688847
vt 0.646538 0.664378
vt 0.640931 0.672051
vt 0.629338 0.662757
vt 0.632320 0.671215
vt 0.632770 0.697653
vt 0.634039 0.688668
vt 0.649336 0.666635
vt 0.642325 0.673193
vt 0.632770 0.661706
vt 0.634039 0.670692
vt 0.629338 0.696602
vt 0.632320 0.688144
vt 0.649431 0.669413
vt 0.642366 0.674595
vt 0.626177 0.694904
vt 0.630737 0.687296
vt 0.648542 0.672578
vt 0.641990 0.676177
vt 0.623408 0.692623
vt 0.629350 0.686155
vt 0.647756 0.676130
vt 0.641481 0.677894
vt 0.621136 0.689847
vt 0.628213 0.684767
vt 0.647550 0.679680
vt 0.641579 0.679680
vt 0.635287 0.679680
vt 0.892650 0.267522
vt 0.889957 0.263066
vt 0.895409 0.260662
vt 0.897290 0.265961
vt 0.901394 0.259248
vt 0.902396 0.265054
vt 0.907621 0.258778
vt 0.907688 0.264750
vt 0.913857 0.259108
vt 0.912985 0.264935
vt 0.919873 0.260389
vt 0.918110 0.265728
vt 0.925376 0.262669
vt 0.922784 0.267185
vt 0.886413 0.257851
vt 0.892823 0.254528
vt 0.899975 0.252432
vt 0.907542 0.251685
vt 0.915123 0.252263
vt 0.922320 0.254198
vt 0.928803 0.257377
vt 0.882029 0.251722
vt 0.889495 0.247275
vt 0.898057 0.244215
vt 0.907443 0.242887
vt 0.916857 0.244004
vt 0.925486 0.246873
vt 0.933049 0.251151
vt 0.423869 0.918889
vt 0.417643 0.914643
vt 0.420822 0.908160
vt 0.428148 0.911326
vt 0.422758 0.900963
vt 0.431016 0.902697
vt 0.423335 0.893382
vt 0.432133 0.893283
vt 0.422588 0.885815
vt 0.430806 0.883897
vt 0.420492 0.878663
vt 0.427745 0.875335
vt 0.417169 0.872253
vt 0.423299 0.867869
vt 0.412351 0.911216
vt 0.414632 0.905712
vt 0.415912 0.899697
vt 0.416243 0.893461
vt 0.415773 0.887234
vt 0.414358 0.881249
vt 0.411955 0.875797
vt 0.407835 0.908624
vt 0.409293 0.903950
vt 0.410085 0.898825
vt 0.410270 0.893528
vt 0.409967 0.888236
vt 0.409060 0.883130
vt 0.407498 0.878490
vt 0.891207 0.272288
vt 0.888879 0.270012
vt 0.894237 0.271529
vt 0.898423 0.270731
vt 0.903016 0.270187
vt 0.907747 0.269996
vt 0.912480 0.270082
vt 0.917084 0.270523
vt 0.921287 0.271226
vt 0.926609 0.269590
vt 0.924333 0.271917
vt 0.930058 0.266063
vt 0.934338 0.261687
vt 0.939405 0.256505
vt 0.412737 0.866816
vt 0.417804 0.861634
vt 0.408457 0.871193
vt 0.405009 0.874719
vt 0.403492 0.880077
vt 0.402733 0.877047
vt 0.404289 0.884263
vt 0.404833 0.888856
vt 0.405024 0.893587
vt 0.404939 0.898320
vt 0.404498 0.902924
vt 0.403794 0.907127
vt 0.405430 0.912449
vt 0.403103 0.910173
vt 0.408957 0.915898
vt 0.413333 0.920178
vt 0.418516 0.925245
vt 0.880976 0.262284
vt 0.875794 0.257216
vt 0.885352 0.266563
vt 0.399745 0.906890
vt 0.395487 0.907193
vt 0.395474 0.902713
vt 0.399953 0.902625
vt 0.395562 0.898211
vt 0.400180 0.898172
vt 0.395595 0.893692
vt 0.400252 0.893640
vt 0.395461 0.889175
vt 0.400079 0.889110
vt 0.395272 0.884676
vt 0.399752 0.884663
vt 0.395185 0.880197
vt 0.399449 0.880405
vt 0.391039 0.907520
vt 0.390975 0.902902
vt 0.390982 0.898320
vt 0.390976 0.893744
vt 0.390879 0.889168
vt 0.390770 0.884588
vt 0.390731 0.879969
vt 0.386510 0.907693
vt 0.386458 0.903036
vt 0.386406 0.898417
vt 0.386354 0.893795
vt 0.386303 0.889173
vt 0.386251 0.884554
vt 0.386199 0.879897
vt 0.381977 0.907621
vt 0.381939 0.903003
vt 0.381829 0.898423
vt 0.381732 0.893847
vt 0.381727 0.889270
vt 0.381734 0.884689
vt 0.381669 0.880071
vt 0.377524 0.907394
vt 0.377437 0.902915
vt 0.377248 0.898416
vt 0.377113 0.893899
vt 0.377147 0.889380
vt 0.377235 0.884877
vt 0.377222 0.880397
vt 0.373260 0.907186
vt 0.372957 0.902927
vt 0.372630 0.898480
vt 0.372456 0.893951
vt 0.372528 0.889418
vt 0.372756 0.884965
vt 0.372964 0.880701
vt 0.400073 0.910932
vt 0.399686 0.876356
vt 0.395483 0.875652
vt 0.390879 0.875211
vt 0.386146 0.875125
vt 0.381415 0.875317
vt 0.376823 0.875860
vt 0.372636 0.876658
vt 0.368915 0.880463
vt 0.369606 0.877417
vt 0.368211 0.884667
vt 0.367770 0.889270
vt 0.367684 0.894004
vt 0.367876 0.898735
vt 0.368420 0.903327
vt 0.369217 0.907514
vt 0.373022 0.911235
vt 0.369976 0.910544
vt 0.377226 0.911939
vt 0.381829 0.912380
vt 0.386563 0.912465
vt 0.391294 0.912274
vt 0.395886 0.911730
vt 0.365211 0.909101
vt 0.360754 0.911793
vt 0.358351 0.906342
vt 0.363649 0.904460
vt 0.356936 0.900357
vt 0.362742 0.899354
vt 0.356466 0.894130
vt 0.362438 0.894063
vt 0.356797 0.887893
vt 0.362624 0.888766
vt 0.358077 0.881878
vt 0.363416 0.883641
vt 0.360358 0.876374
vt 0.364874 0.878966
vt 0.355540 0.915338
vt 0.352217 0.908927
vt 0.350121 0.901775
vt 0.349374 0.894209
vt 0.349951 0.886628
vt 0.351886 0.879431
vt 0.355065 0.872948
vt 0.349410 0.919721
vt 0.344964 0.912256
vt 0.341903 0.903694
vt 0.340576 0.894307
vt 0.341693 0.884893
vt 0.344561 0.876265
vt 0.348839 0.868702
vt 0.882862 0.326181
vt 0.887108 0.319955
vt 0.893591 0.323134
vt 0.890425 0.330459
vt 0.900788 0.325069
vt 0.899053 0.333328
vt 0.908369 0.325647
vt 0.908467 0.334445
vt 0.915935 0.324900
vt 0.917854 0.333117
vt 0.923087 0.322804
vt 0.926416 0.330057
vt 0.929498 0.319481
vt 0.933882 0.325610
vt 0.890535 0.314663
vt 0.896038 0.316943
vt 0.902053 0.318224
vt 0.908290 0.318554
vt 0.914517 0.318084
vt 0.920502 0.316670
vt 0.925953 0.314266
vt 0.893127 0.310147
vt 0.897801 0.311604
vt 0.902926 0.312397
vt 0.908223 0.312582
vt 0.913515 0.312278
vt 0.918621 0.311371
vt 0.923261 0.309810
vt 0.367700 0.912871
vt 0.367278 0.875141
vt 0.363752 0.871693
vt 0.359375 0.867413
vt 0.354193 0.862345
vt 0.934934 0.315049
vt 0.940117 0.320116
vt 0.930558 0.310769
vt 0.927031 0.307320
vt 0.921674 0.305803
vt 0.924704 0.305044
vt 0.917487 0.306601
vt 0.912895 0.307144
vt 0.908164 0.307336
vt 0.903430 0.307250
vt 0.898827 0.306809
vt 0.894623 0.306106
vt 0.889301 0.307742
vt 0.891577 0.305415
vt 0.885853 0.311269
vt 0.881573 0.315645
vt 0.876505 0.320827
vt 0.359972 0.920774
vt 0.354905 0.925956
vt 0.364252 0.916398
vt 0.894861 0.302057
vt 0.894558 0.297798
vt 0.899037 0.297786
vt 0.899125 0.302265
vt 0.903540 0.297874
vt 0.903579 0.302492
vt 0.908059 0.297907
vt 0.908111 0.302564
vt 0.912576 0.297773
vt 0.912640 0.302391
vt 0.917075 0.297584
vt 0.917088 0.302064
vt 0.921554 0.297496
vt 0.921346 0.301761
vt 0.894231 0.293351
vt 0.898849 0.293287
vt 0.903430 0.293293
vt 0.908007 0.293288
vt 0.912583 0.293191
vt 0.917163 0.293082
vt 0.921781 0.293043
vt 0.894057 0.288821
vt 0.898714 0.288769
vt 0.903333 0.288718
vt 0.907955 0.288666
vt 0.912578 0.288614
vt 0.917196 0.288563
vt 0.921853 0.288511
vt 0.894129 0.284289
vt 0.898748 0.284250
vt 0.903328 0.284141
vt 0.907904 0.284044
vt 0.912481 0.284038
vt 0.917062 0.284046
vt 0.921680 0.283981
vt 0.894357 0.279836
vt 0.898836 0.279748
vt 0.903335 0.279559
vt 0.907852 0.279425
vt 0.912371 0.279458
vt 0.916873 0.279546
vt 0.921353 0.279534
vt 0.894565 0.275571
vt 0.898823 0.275268
vt 0.903270 0.274941
vt 0.907800 0.274768
vt 0.912332 0.274840
vt 0.916786 0.275067
vt 0.921050 0.275275
vt 0.890818 0.302385
vt 0.925395 0.301998
vt 0.926099 0.297795
vt 0.926540 0.293191
vt 0.926625 0.288457
vt 0.926434 0.283726
vt 0.925890 0.279134
vt 0.925092 0.274947
vt 0.890516 0.275334
vt 0.889812 0.279537
vt 0.889371 0.284141
vt 0.889285 0.288875
vt 0.889477 0.293606
vt 0.890021 0.298198
vt 0.401660 0.914939
vt 0.404352 0.919396
vt 0.398901 0.921799
vt 0.397020 0.916500
vt 0.392916 0.923213
vt 0.391913 0.917408
vt 0.386689 0.923684
vt 0.386622 0.917711
vt 0.380452 0.923353
vt 0.381325 0.917526
vt 0.374437 0.922073
vt 0.376200 0.916733
vt 0.368933 0.919792
vt 0.371525 0.915276
vt 0.407897 0.924610
vt 0.401486 0.927933
vt 0.394334 0.930029
vt 0.386768 0.930776
vt 0.379187 0.930198
vt 0.371990 0.928263
vt 0.365507 0.925084
vt 0.412281 0.930740
vt 0.404815 0.935186
vt 0.396253 0.938247
vt 0.386866 0.939574
vt 0.377452 0.938457
vt 0.368824 0.935589
vt 0.361261 0.931310
vt 0.870440 0.263572
vt 0.876666 0.267818
vt 0.873487 0.274301
vt 0.866162 0.271136
vt 0.871552 0.281498
vt 0.863294 0.279764
vt 0.870975 0.289080
vt 0.862177 0.289178
vt 0.871722 0.296646
vt 0.863504 0.298564
vt 0.873817 0.303798
vt 0.866565 0.307126
vt 0.877141 0.310208
vt 0.871011 0.314592
vt 0.881959 0.271245
vt 0.879678 0.276749
vt 0.878398 0.282764
vt 0.878067 0.289000
vt 0.878537 0.295228
vt 0.879952 0.301212
vt 0.882355 0.306664
vt 0.886475 0.273837
vt 0.885017 0.278511
vt 0.884225 0.283636
vt 0.884039 0.288933
vt 0.884343 0.294225
vt 0.885250 0.299331
vt 0.886812 0.303972
vt 0.371049 0.872652
vt 0.368357 0.868195
vt 0.373808 0.865791
vt 0.375689 0.871090
vt 0.379793 0.864377
vt 0.380795 0.870183
vt 0.386020 0.863907
vt 0.386087 0.869879
vt 0.392257 0.864238
vt 0.391384 0.870065
vt 0.398272 0.865518
vt 0.396509 0.870857
vt 0.403775 0.867799
vt 0.401183 0.872315
vt 0.364812 0.862980
vt 0.371222 0.859657
vt 0.378374 0.857562
vt 0.385941 0.856815
vt 0.393522 0.857392
vt 0.400719 0.859327
vt 0.407202 0.862507
vt 0.360428 0.856851
vt 0.367894 0.852404
vt 0.376456 0.849344
vt 0.385842 0.848017
vt 0.395256 0.849134
vt 0.403885 0.852002
vt 0.411448 0.856280
vt 0.945470 0.313760
vt 0.939244 0.309514
vt 0.942423 0.303031
vt 0.949749 0.306196
vt 0.944358 0.295834
vt 0.952617 0.297568
vt 0.944936 0.288252
vt 0.953734 0.288154
vt 0.944189 0.280686
vt 0.952407 0.278767
vt 0.942093 0.273534
vt 0.949346 0.270205
vt 0.938770 0.267124
vt 0.944900 0.262740
vt 0.933952 0.306087
vt 0.936233 0.300583
vt 0.937513 0.294568
vt 0.937844 0.288332
vt 0.937374 0.282104
vt 0.935959 0.276119
vt 0.933556 0.270668
vt 0.929436 0.303495
vt 0.930893 0.298821
vt 0.931686 0.293696
vt 0.931871 0.288399
vt 0.931568 0.283107
vt 0.930661 0.278001
vt 0.929099 0.273360
s 0
usemtl lay_figure_material
f 1/1/1 2/2/1 3/3/1 4/4/1
f 4/4/2 3/3/2 5/5/2 6/6/2
f 6/6/3 5/5/3 7/7/3 8/8/3
f 8/8/4 7/7/4 9/9/4 10/10/4
f 10/10/5 9/9/5 11/11/5 12/12/5
f 12/12/6 11/11/6 13/13/6 14/14/6
f 14/14/7 13/13/7 15/15/7 16/16/7
f 16/16/8 15/15/8 17/17/8 18/18/8
f 18/18/9 17/17/9 19/19/9 20/20/9
f 20/20/10 19/19/10 21/21/10 22/22/10
f 22/22/11 21/21/11 23/23/11 24/24/11
f 24/24/12 23/23/12 25/25/12 26/26/12
f 26/26/13 25/25/13 27/27/13 28/28/13
f 28/28/14 27/27/14 29/29/14 30/30/14
f 30/30/15 29/29/15 31/31/15 32/32/15
f 32/32/16 31/31/16 33/33/16 34/34/16
f 34/34/17 33/33/17 35/35/17 36/36/17
f 36/36/18 35/35/18 37/37/18 38/38/18
f 38/38/19 37/37/19 39/39/19 40/40/19
f 40/40/20 39/39/20 41/41/20 42/42/20
f 42/42/21 41/41/21 43/43/21 44/44/21
f 44/44/22 43/43/22 45/45/22 46/46/22
f 46/46/23 45/45/23 47/47/23 48/48/23
f 48/48/24 47/47/24 49/49/24 50/50/24
f 50/50/25 49/49/25 51/51/25 52/52/25
f 52/52/26 51/51/26 53/53/26 54/54/26
f 54/54/27 53/53/27 55/55/27 56/56/27
f 56/56/28 55/55/28 57/57/28 58/58/28
f 58/58/29 57/57/29 59/59/29 60/60/29
f 60/60/30 59/59/30 61/61/30 62/62/30
f 59/63/31 57/64/31 63/65/31 64/66/31
f 62/62/32 61/61/32 65/67/32 66/68/32
f 66/68/33 65/67/33 2/69/33 1/70/33
f 67/71/34 68/72/34 69/73/34 70/74/34
f 71/75/35 72/76/35 73/77/35 74/78/35
f 75/79/36 76/80/36 72/76/36 71/75/36
f 77/81/37 78/82/37 76/80/37 75/79/37
f 79/83/38 80/84/38 78/82/38 77/81/38
f 81/85/39 82/86/39 80/84/39 79/83/39
f 83/87/40 84/88/40 82/86/40 81/85/40
f 85/89/41 86/90/41 84/88/41 83/87/41
f 87/91/42 88/92/42 86/90/42 85/89/42
f 89/93/43 90/94/43 88/92/43 87/91/43
f 91/95/44 92/96/44 90/94/44 89/93/44
f 93/97/45 94/98/45 92/96/45 91/95/45
f 95/99/46 96/100/46 94/98/46 93/97/46
f 97/101/47 98/102/47 96/100/47 95/99/47
f 99/103/48 100/104/48 98/102/48 97/101/48
f 101/105/49 102/106/49 100/104/49 99/103/49
f 103/107/50 104/108/50 102/106/50 101/105/50
f 105/109/51 106/110/51 104/108/51 103/107/51
f 107/111/52 108/112/52 106/110/52 105/109/52
f 109/113/53 110/114/53 108/112/53 107/111/53
f 111/115/54 112/116/54 110/114/54 109/113/54
f 113/117/55 114/118/55 112/116/55 111/115/55
f 115/119/56 116/120/56 114/118/56 113/117/56
f 117/121/57 118/122/57 116/120/57 115/119/57
f 119/123/58 120/124/58 118/122/58 117/121/58
f 121/125/59 122/126/59 120/124/59 119/123/59
f 123/127/60 124/128/60 122/126/60 121/125/60
f 125/129/61 126/130/61 124/128/61 123/127/61
f 127/131/62 128/132/62 126/130/62 125/129/62
f 129/133/63 130/134/63 128/132/63 127/131/63
f 68/72/64 131/135/64 130/134/64 129/133/64
f 67/71/65 132/136/65 131/135/65 68/72/65
f 74/137/66 73/138/66 132/136/66 67/71/66
f 72/76/67 66/68/67 1/70/67 73/77/67
f 76/80/68 62/62/68 66/68/68 72/76/68
f 78/82/69 60/60/69 62/62/69 76/80/69
f 80/84/70 58/58/70 60/60/70 78/82/70
f 82/86/71 56/56/71 58/58/71 80/84/71
f 84/88/72 54/54/72 56/56/72 82/86/72
f 86/90/73 52/52/73 54/54/73 84/88/73
f 88/92/74 50/50/74 52/52/74 86/90/74
f 90/94/75 48/48/75 50/50/75 88/92/75
f 92/96/76 46/46/76 48/48/76 90/94/76
f 94/98/77 44/44/77 46/46/77 92/96/77
f 96/100/78 42/42/78 44/44/78 94/98/78
f 98/102/79 40/40/79 42/42/79 96/100/79
f 100/104/80 38/38/80 40/40/80 98/102/80
f 102/106/81 36/36/81 38/38/81 100/104/81
f 104/108/82 34/34/82 36/36/82 102/106/82
f 106/110/83 32/32/83 34/34/83 104/108/83
f 108/112/84 30/30/84 32/32/84 106/110/84
f 110/114/85 28/28/85 30/30/85 108/112/85
f 112/116/86 26/26/86 28/28/86 110/114/86
f 114/118/87 24/24/87 26/26/87 112/116/87
f 116/120/88 22/22/88 24/24/88 114/118/88
f 118/122/89 20/20/89 22/22/89 116/120/89
f 120/124/90 18/18/90 20/20/90 118/122/90
f 122/126/91 16/16/91 18/18/91 120/124/91
f 124/128/92 14/14/92 16/16/92 122/126/92
f 126/130/93 12/12/93 14/14/93 124/128/93
f 128/132/94 10/10/94 12/12/94 126/130/94
f 130/134/95 8/8/95 10/10/95 128/132/95
f 131/135/96 6/6/96 8/8/96 130/134/96
f 132/136/97 4/4/97 6/6/97 131/135/97
f 73/138/98 1/1/98 4/4/98 132/136/98
f 133/139/99 134/140/99 135/141/99 136/142/99
f 115/119/100 113/117/100 137/143/100 138/144/100
f 97/101/101 95/99/101 139/145/101 140/146/101
f 79/83/102 77/81/102 141/147/102 142/148/102
f 123/127/103 121/125/103 143/149/103 144/150/103
f 105/109/104 103/107/104 145/151/104 146/152/104
f 87/91/105 85/89/105 147/153/105 148/154/105
f 68/72/106 129/133/106 149/155/106 69/73/106
f 113/117/107 111/115/107 150/156/107 137/143/107
f 95/99/108 93/97/108 133/139/108 139/145/108
f 77/81/109 75/79/109 151/157/109 141/147/109
f 121/125/110 119/123/110 152/158/110 143/149/110
f 103/107/111 101/105/111 153/159/111 145/151/111
f 85/89/112 83/87/112 154/160/112 147/153/112
f 129/133/113 127/131/113 155/161/113 149/155/113
f 111/115/114 109/113/114 156/162/114 150/156/114
f 93/97/115 91/95/115 134/140/115 133/139/115
f 75/79/116 71/75/116 157/163/116 151/157/116
f 119/123/117 117/121/117 158/164/117 152/158/117
f 101/105/118 99/103/118 159/165/118 153/159/118
f 83/87/119 81/85/119 160/166/119 154/160/119
f 127/131/120 125/129/120 161/167/120 155/161/120
f 109/113/121 107/111/121 162/168/121 156/162/121
f 74/137/122 67/71/122 70/74/122 163/169/122
f 91/95/123 89/93/123 164/170/123 134/140/123
f 71/75/124 74/78/124 163/171/124 157/163/124
f 117/121/125 115/119/125 138/144/125 158/164/125
f 99/103/126 97/101/126 140/146/126 159/165/126
f 81/85/127 79/83/127 142/148/127 160/166/127
f 125/129/128 123/127/128 144/150/128 161/167/128
f 107/111/129 105/109/129 146/152/129 162/168/129
f 89/93/130 87/91/130 148/154/130 164/170/130
f 165/172/131 166/173/131 167/174/131 168/175/131
f 152/158/132 158/164/132 169/176/132 170/177/132
f 134/140/133 164/170/133 171/178/133 135/141/133
f 158/164/134 138/144/134 172/179/134 169/176/134
f 164/170/135 148/154/135 165/172/135 171/178/135
f 138/144/136 137/143/136 173/180/136 172/179/136
f 148/154/137 147/153/137 166/173/137 165/172/137
f 137/143/138 150/156/138 174/181/138 173/180/138
f 147/153/139 154/160/139 175/182/139 166/173/139
f 150/156/140 156/162/140 176/183/140 174/181/140
f 154/160/141 160/166/141 177/184/141 175/182/141
f 156/162/142 162/168/142 178/185/142 176/183/142
f 163/169/143 70/74/143 179/186/143 180/187/143
f 160/166/144 142/148/144 181/188/144 177/184/144
f 162/168/145 146/152/145 182/189/145 178/185/145
f 70/74/146 69/73/146 183/190/146 179/186/146
f 142/148/147 141/147/147 184/191/147 181/188/147
f 146/152/148 145/151/148 185/192/148 182/189/148
f 69/73/149 149/155/149 186/193/149 183/190/149
f 141/147/150 151/157/150 187/194/150 184/191/150
f 145/151/151 153/159/151 188/195/151 185/192/151
f 149/155/152 155/161/152 189/196/152 186/193/152
f 151/157/153 157/163/153 190/197/153 187/194/153
f 153/159/154 159/165/154 191/198/154 188/195/154
f 155/161/155 161/167/155 192/199/155 189/196/155
f 157/163/156 163/171/156 180/200/156 190/197/156
f 159/165/157 140/146/157 193/201/157 191/198/157
f 161/167/158 144/150/158 194/202/158 192/199/158
f 140/146/159 139/145/159 195/203/159 193/201/159
f 144/150/160 143/149/160 196/204/160 194/202/160
f 139/145/161 133/139/161 136/142/161 195/203/161
f 143/149/162 152/158/162 170/177/162 196/204/162
f 197/205/163 198/206/163 199/207/163 200/208/163
f 173/180/164 174/181/164 201/209/164 202/210/164
f 166/173/165 175/182/165 203/211/165 167/174/165
f 174/181/166 176/183/166 204/212/166 201/209/166
f 175/182/167 177/184/167 205/213/167 203/211/167
f 176/183/168 178/185/168 206/214/168 204/212/168
f 180/187/169 179/186/169 198/206/169 197/205/169
f 177/184/170 181/188/170 207/215/170 205/213/170
f 178/185/171 182/189/171 208/216/171 206/214/171
f 179/186/172 183/190/172 209/217/172 198/206/172
f 181/188/173 184/191/173 210/218/173 207/215/173
f 182/189/174 185/192/174 211/219/174 208/216/174
f 183/190/175 186/193/175 212/220/175 209/217/175
f 184/191/176 187/194/176 213/221/176 210/218/176
f 185/192/177 188/195/177 214/222/177 211/219/177
f 186/193/178 189/196/178 215/223/178 212/220/178
f 187/194/179 190/197/179 216/224/179 213/221/179
f 188/195/180 191/198/180 217/225/180 214/222/180
f 189/196/181 192/199/181 218/226/181 215/223/181
f 190/197/182 180/200/182 197/227/182 216/224/182
f 191/198/183 193/201/183 219/228/183 217/225/183
f 192/199/184 194/202/184 220/229/184 218/226/184
f 193/201/185 195/203/185 221/230/185 219/228/185
f 194/202/186 196/204/186 222/231/186 220/229/186
f 195/203/187 136/142/187 223/232/187 221/230/187
f 196/204/188 170/177/188 224/233/188 222/231/188
f 136/142/189 135/141/189 225/234/189 223/232/189
f 170/177/190 169/176/190 226/235/190 224/233/190
f 135/141/191 171/178/191 227/236/191 225/234/191
f 169/176/192 172/179/192 228/237/192 226/235/192
f 171/178/193 165/172/193 168/175/193 227/236/193
f 172/179/194 173/180/194 202/210/194 228/237/194
f 229/238/195 230/239/195 231/240/195 232/241/195
f 205/213/196 207/215/196 233/242/196 234/243/196
f 206/214/197 208/216/197 235/244/197 236/245/197
f 198/206/198 209/217/198 237/246/198 199/207/198
f 207/215/199 210/218/199 238/247/199 233/242/199
f 208/216/200 211/219/200 239/248/200 235/244/200
f 209/217/201 212/220/201 229/238/201 237/246/201
f 210/218/202 213/221/202 240/249/202 238/247/202
f 211/219/203 214/222/203 241/250/203 239/248/203
f 212/220/204 215/223/204 230/239/204 229/238/204
f 213/221/205 216/224/205 242/251/205 240/249/205
f 214/222/206 217/225/206 243/252/206 241/250/206
f 215/223/207 218/226/207 244/253/207 230/239/207
f 216/224/208 197/227/208 200/254/208 242/251/208
f 217/225/209 219/228/209 245/255/209 243/252/209
f 218/226/210 220/229/210 246/256/210 244/253/210
f 219/228/211 221/230/211 247/257/211 245/255/211
f 220/229/212 222/231/212 248/258/212 246/256/212
f 221/230/213 223/232/213 249/259/213 247/257/213
f 222/231/214 224/233/214 250/260/214 248/258/214
f 223/232/215 225/234/215 251/261/215 249/259/215
f 224/233/216 226/235/216 252/262/216 250/260/216
f 225/234/217 227/236/217 253/263/217 251/261/217
f 226/235/218 228/237/218 254/264/218 252/262/218
f 227/236/219 168/175/219 255/265/219 253/263/219
f 228/237/220 202/210/220 256/266/220 254/264/220
f 168/175/221 167/174/221 257/267/221 255/265/221
f 202/210/222 201/209/222 258/268/222 256/266/222
f 167/174/223 203/211/223 259/269/223 257/267/223
f 201/209/224 204/212/224 260/270/224 258/268/224
f 203/211/225 205/213/225 234/243/225 259/269/225
f 204/212/226 206/214/226 236/245/226 260/270/226
f 261/271/227 262/272/227 263/273/227 264/274/227
f 240/249/228 242/251/228 265/275/228 266/276/228
f 241/250/229 243/252/229 267/277/229 268/278/229
f 230/239/230 244/253/230 269/279/230 231/240/230
f 242/251/231 200/254/231 270/280/231 265/275/231
f 243/252/232 245/255/232 271/281/232 267/277/232
f 244/253/233 246/256/233 261/271/233 269/279/233
f 245/255/234 247/257/234 272/282/234 271/281/234
f 246/256/235 248/258/235 262/272/235 261/271/235
f 247/257/236 249/259/236 273/283/236 272/282/236
f 248/258/237 250/260/237 274/284/237 262/272/237
f 249/259/238 251/261/238 275/285/238 273/283/238
f 250/260/239 252/262/239 276/286/239 274/284/239
f 251/261/240 253/263/240 277/287/240 275/285/240
f 252/262/241 254/264/241 278/288/241 276/286/241
f 253/263/242 255/265/242 279/289/242 277/287/242
f 254/264/243 256/266/243 280/290/243 278/288/243
f 255/265/244 257/267/244 281/291/244 279/289/244
f 256/266/245 258/268/245 282/292/245 280/290/245
f 257/267/246 259/269/246 283/293/246 281/291/246
f 258/268/247 260/270/247 284/294/247 282/292/247
f 259/269/248 234/243/248 285/295/248 283/293/248
f 260/270/249 236/245/249 286/296/249 284/294/249
f 200/208/250 199/207/250 287/297/250 270/298/250
f 234/243/251 233/242/251 288/299/251 285/295/251
f 236/245/252 235/244/252 289/300/252 286/296/252
f 199/207/253 237/246/253 290/301/253 287/297/253
f 233/242/254 238/247/254 291/302/254 288/299/254
f 235/244/255 239/248/255 292/303/255 289/300/255
f 237/246/256 229/238/256 232/241/256 290/301/256
f 238/247/257 240/249/257 266/276/257 291/302/257
f 239/248/258 241/250/258 268/278/258 292/303/258
f 293/304/259 294/305/259 295/306/259 296/307/259
f 272/282/260 273/283/260 297/308/260 298/309/260
f 262/272/261 274/284/261 299/310/261 263/273/261
f 273/283/262 275/285/262 300/311/262 297/308/262
f 274/284/263 276/286/263 293/304/263 299/310/263
f 275/285/264 277/287/264 301/312/264 300/311/264
f 276/286/265 278/288/265 294/305/265 293/304/265
f 277/287/266 279/289/266 302/313/266 301/312/266
f 278/288/267 280/290/267 303/314/267 294/305/267
f 279/289/268 281/291/268 304/315/268 302/313/268
f 280/290/269 282/292/269 305/316/269 303/314/269
f 281/291/270 283/293/270 306/317/270 304/315/270
f 282/292/271 284/294/271 307/318/271 305/316/271
f 283/293/272 285/295/272 308/319/272 306/317/272
f 284/294/273 286/296/273 309/320/273 307/318/273
f 270/298/274 287/297/274 310/321/274 311/322/274
f 285/295/275 288/299/275 312/323/275 308/319/275
f 286/296/276 289/300/276 313/324/276 309/320/276
f 287/297/277 290/301/277 314/325/277 310/321/277
f 288/299/278 291/302/278 315/326/278 312/323/278
f 289/300/279 292/303/279 316/327/279 313/324/279
f 290/301/280 232/241/280 317/328/280 314/325/280
f 291/302/281 266/276/281 318/329/281 315/326/281
f 292/303/282 268/278/282 319/330/282 316/327/282
f 232/241/283 231/240/283 320/331/283 317/328/283
f 266/276/284 265/275/284 321/332/284 318/329/284
f 268/278/285 267/277/285 322/333/285 319/330/285
f 231/240/286 269/279/286 323/334/286 320/331/286
f 265/275/287 270/280/287 311/335/287 321/332/287
f 267/277/288 271/281/288 324/336/288 322/333/288
f 269/279/289 261/271/289 264/274/289 323/334/289
f 271/281/290 272/282/290 298/309/290 324/336/290
f 325/337/291 326/338/291 327/339/291 328/340/291
f 301/312/292 302/313/292 329/341/292 330/342/292
f 294/305/293 303/314/293 331/343/293 295/306/293
f 302/313/294 304/315/294 332/344/294 329/341/294
f 303/314/295 305/316/295 325/337/295 331/343/295
f 304/315/296 306/317/296 333/345/296 332/344/296
f 305/316/297 307/318/297 326/338/297 325/337/297
f 306/317/298 308/319/298 334/346/298 333/345/298
f 307/318/299 309/320/299 335/347/299 326/338/299
f 311/322/300 310/321/300 336/348/300 337/349/300
f 308/319/301 312/323/301 338/350/301 334/346/301
f 309/320/302 313/324/302 339/351/302 335/347/302
f 310/321/303 314/325/303 340/352/303 336/348/303
f 312/323/304 315/326/304 341/353/304 338/350/304
f 313/324/305 316/327/305 342/354/305 339/351/305
f 314/325/306 317/328/306 343/355/306 340/352/306
f 315/326/307 318/329/307 344/356/307 341/353/307
f 316/327/308 319/330/308 345/357/308 342/354/308
f 317/328/309 320/331/309 346/358/309 343/355/309
f 318/329/310 321/332/310 347/359/310 344/356/310
f 319/330/311 322/333/311 348/360/311 345/357/311
f 320/331/312 323/334/312 349/361/312 346/358/312
f 321/332/313 311/335/313 337/362/313 347/359/313
f 322/333/314 324/336/314 350/363/314 348/360/314
f 323/334/315 264/274/315 351/364/315 349/361/315
f 324/336/316 298/309/316 352/365/316 350/363/316
f 264/274/317 263/273/317 353/366/317 351/364/317
f 298/309/318 297/308/318 354/367/318 352/365/318
f 263/273/319 299/310/319 355/368/319 353/366/319
f 297/308/320 300/311/320 356/369/320 354/367/320
f 299/310/321 293/304/321 296/307/321 355/368/321
f 300/311/322 301/312/322 330/342/322 356/369/322
f 357/370/323 358/371/323 359/372/323 360/373/323
f 333/345/324 334/346/324 361/374/324 362/375/324
f 326/338/325 335/347/325 363/376/325 327/339/325
f 337/349/326 336/348/326 364/377/326 365/378/326
f 334/346/327 338/350/327 366/379/327 361/374/327
f 335/347/328 339/351/328 357/370/328 363/376/328
f 336/348/329 340/352/329 367/380/329 364/377/329
f 338/350/330 341/353/330 368/381/330 366/379/330
f 339/351/331 342/354/331 358/371/331 357/370/331
f 340/352/332 343/355/332 369/382/332 367/380/332
f 341/353/333 344/356/333 370/383/333 368/381/333
f 342/354/334 345/357/334 371/384/334 358/371/334
f 343/355/335 346/358/335 372/385/335 369/382/335
f 344/356/336 347/359/336 373/386/336 370/383/336
f 345/357/337 348/360/337 374/387/337 371/384/337
f 346/358/338 349/361/338 375/388/338 372/385/338
f 347/359/339 337/362/339 365/389/339 373/386/339
f 348/360/340 350/363/340 376/390/340 374/387/340
f 349/361/341 351/364/341 377/391/341 375/388/341
f 350/363/342 352/365/342 378/392/342 376/390/342
f 351/364/343 353/366/343 379/393/343 377/391/343
f 352/365/344 354/367/344 380/394/344 378/392/344
f 353/366/345 355/368/345 381/395/345 379/393/345
f 354/367/346 356/369/346 382/396/346 380/394/346
f 355/368/347 296/307/347 383/397/347 381/395/347
f 356/369/348 330/342/348 384/398/348 382/396/348
f 296/307/349 295/306/349 385/399/349 383/397/349
f 330/342/350 329/341/350 386/400/350 384/398/350
f 295/306/351 331/343/351 387/401/351 385/399/351
f 329/341/352 332/344/352 388/402/352 386/400/352
f 331/343/353 325/337/353 328/340/353 387/401/353
f 332/344/354 333/345/354 362/375/354 388/402/354
f 389/403/355 390/404/355 391/405/355 392/406/355
f 367/380/356 369/382/356 393/407/356 394/408/356
f 368/381/357 370/383/357 395/409/357 396/410/357
f 358/371/358 371/384/358 397/411/358 359/372/358
f 369/382/359 372/385/359 398/412/359 393/407/359
f 370/383/360 373/386/360 399/413/360 395/409/360
f 371/384/361 374/387/361 400/414/361 397/411/361
f 372/385/362 375/388/362 401/415/362 398/412/362
f 373/386/363 365/389/363 402/416/363 399/413/363
f 374/387/364 376/390/364 403/417/364 400/414/364
f 375/388/365 377/391/365 404/418/365 401/415/365
f 376/390/366 378/392/366 405/419/366 403/417/366
f 377/391/367 379/393/367 406/420/367 404/418/367
f 378/392/368 380/394/368 407/421/368 405/419/368
f 379/393/369 381/395/369 408/422/369 406/420/369
f 380/394/370 382/396/370 389/423/370 407/421/370
f 381/395/371 383/397/371 409/424/371 408/422/371
f 382/396/372 384/398/372 390/425/372 389/423/372
f 383/397/373 385/399/373 410/426/373 409/424/373
f 384/398/374 386/400/374 411/427/374 390/425/374
f 385/399/375 387/401/375 412/428/375 410/426/375
f 386/400/376 388/402/376 413/429/376 411/427/376
f 387/401/377 328/340/377 414/430/377 412/428/377
f 388/402/378 362/375/378 415/431/378 413/429/378
f 328/340/379 327/339/379 416/432/379 414/430/379
f 362/375/380 361/374/380 417/433/380 415/431/380
f 327/339/381 363/376/381 418/434/381 416/432/381
f 365/378/382 364/377/382 419/435/382 402/436/382
f 361/374/383 366/379/383 420/437/383 417/433/383
f 363/376/384 357/370/384 360/373/384 418/434/384
f 364/377/385 367/380/385 394/408/385 419/435/385
f 366/379/386 368/381/386 396/410/386 420/437/386
f 15/438/31 13/439/31 421/440/31 422/441/31
f 33/442/31 31/443/31 423/444/31 424/445/31
f 51/446/31 49/447/31 425/448/31 426/449/31
f 7/450/31 5/451/31 427/452/31 428/453/31
f 25/454/31 23/455/31 429/456/31 430/457/31
f 43/458/31 41/459/31 431/460/31 432/461/31
f 61/462/31 59/63/31 64/66/31 433/463/31
f 17/464/31 15/438/31 422/441/31 434/465/31
f 35/466/31 33/442/31 424/445/31 435/467/31
f 53/468/31 51/446/31 426/449/31 436/469/31
f 9/470/31 7/450/31 428/453/31 437/471/31
f 27/472/31 25/454/31 430/457/31 438/473/31
f 45/474/31 43/458/31 432/461/31 439/475/31
f 65/476/31 61/462/31 433/463/31 440/477/31
f 19/478/31 17/464/31 434/465/31 441/479/31
f 37/480/31 35/466/31 435/467/31 442/481/31
f 55/482/31 53/468/31 436/469/31 443/483/31
f 11/484/31 9/470/31 437/471/31 444/485/31
f 29/486/31 27/472/31 438/473/31 445/487/31
f 3/488/31 2/489/31 446/490/31 447/491/31
f 47/492/31 45/474/31 439/475/31 448/493/31
f 2/489/31 65/476/31 440/477/31 446/490/31
f 21/494/31 19/478/31 441/479/31 449/495/31
f 39/496/31 37/480/31 442/481/31 450/497/31
f 57/64/31 55/482/31 443/483/31 63/65/31
f 13/439/31 11/484/31 444/485/31 421/440/31
f 31/443/31 29/486/31 445/487/31 423/444/31
f 49/447/31 47/492/31 448/493/31 425/448/31
f 5/451/31 3/488/31 447/491/31 427/452/31
f 23/455/31 21/494/31 449/495/31 429/456/31
f 41/459/31 39/496/31 450/497/31 431/460/31
f 449/495/31 441/479/31 451/498/31 429/456/31
f 438/473/31 430/457/31 429/456/31 451/498/31
f 443/483/31 436/469/31 426/449/31 451/498/31
f 423/444/31 445/487/31 438/473/31 451/498/31
f 446/490/31 440/477/31 451/498/31 447/491/31
f 64/66/31 63/65/31 443/483/31 451/498/31
f 428/453/31 427/452/31 447/491/31 451/498/31
f 435/467/31 424/445/31 423/444/31 451/498/31
f 440/477/31 433/463/31 64/66/31 451/498/31
f 444/485/31 437/471/31 428/453/31 451/498/31
f 450/497/31 442/481/31 435/467/31 451/498/31
f 422/441/31 421/440/31 444/485/31 451/498/31
f 432/461/31 431/460/31 450/497/31 451/498/31
f 441/479/31 434/465/31 422/441/31 451/498/31
f 448/493/31 439/475/31 432/461/31 451/498/31
f 426/449/31 425/448/31 448/493/31 451/498/31
f 409/499/355 410/500/355 452/501/355 453/502/355
f 390/404/355 411/503/355 454/504/355 391/405/355
f 410/500/355 412/505/355 455/506/355 452/501/355
f 411/503/355 413/507/355 456/508/355 454/504/355
f 412/505/355 414/509/355 457/510/355 455/506/355
f 413/507/355 415/511/355 458/512/355 456/508/355
f 414/509/355 416/513/355 459/514/355 457/510/355
f 415/511/355 417/515/355 460/516/355 458/512/355
f 416/513/355 418/517/355 461/518/355 459/514/355
f 402/519/355 419/520/355 462/521/355 463/522/355
f 417/515/355 420/523/355 464/524/355 460/516/355
f 418/517/355 360/525/355 465/526/355 461/518/355
f 419/520/355 394/527/355 466/528/355 462/521/355
f 420/523/355 396/529/355 467/530/355 464/524/355
f 360/525/355 359/531/355 468/532/355 465/526/355
f 394/527/355 393/533/355 469/534/355 466/528/355
f 396/529/355 395/535/355 470/536/355 467/530/355
f 359/531/355 397/537/355 471/538/355 468/532/355
f 393/533/355 398/539/355 472/540/355 469/534/355
f 395/535/355 399/541/355 473/542/355 470/536/355
f 397/537/355 400/543/355 474/544/355 471/538/355
f 398/539/355 401/545/355 475/546/355 472/540/355
f 399/541/355 402/519/355 463/522/355 473/542/355
f 400/543/355 403/547/355 476/548/355 474/544/355
f 401/545/355 404/549/355 477/550/355 475/546/355
f 403/547/355 405/551/355 478/552/355 476/548/355
f 404/549/355 406/553/355 479/554/355 477/550/355
f 405/551/355 407/555/355 480/556/355 478/552/355
f 406/553/355 408/557/355 481/558/355 479/554/355
f 407/555/355 389/403/355 392/406/355 480/556/355
f 408/557/355 409/499/355 453/502/355 481/558/355
f 455/506/355 457/510/355 459/514/355 482/559/355
f 461/518/355 465/526/355 482/559/355 459/514/355
f 473/542/355 463/522/355 462/521/355 482/559/355
f 464/524/355 467/530/355 482/559/355 460/516/355
f 466/528/355 469/534/355 482/559/355 462/521/355
f 468/532/355 471/538/355 482/559/355 465/526/355
f 470/536/355 473/542/355 482/559/355 467/530/355
f 472/540/355 475/546/355 482/559/355 469/534/355
f 474/544/355 476/548/355 482/559/355 471/538/355
f 477/550/355 479/554/355 482/559/355 475/546/355
f 478/552/355 480/556/355 482/559/355 476/548/355
f 481/558/355 453/502/355 482/559/355 479/554/355
f 392/406/355 391/405/355 482/559/355 480/556/355
f 452/501/355 455/506/355 482/559/355 453/502/355
f 454/504/355 456/508/355 482/559/355 391/405/355
f 458/512/355 460/516/355 482/559/355 456/508/355
f 483/560/387 484/561/387 485/562/387 486/563/387
f 486/563/388 485/562/388 487/564/388 488/565/388
f 488/565/389 487/564/389 489/566/389 490/567/389
f 490/567/390 489/566/390 491/568/390 492/569/390
f 492/569/391 491/568/391 493/570/391 494/571/391
f 494/571/392 493/570/392 495/572/392 496/573/392
f 484/561/393 497/574/393 498/575/393 485/562/393
f 485/562/394 498/575/394 499/576/394 487/564/394
f 487/564/395 499/576/395 500/577/395 489/566/395
f 489/566/396 500/577/396 501/578/396 491/568/396
f 491/568/397 501/578/397 502/579/397 493/570/397
f 493/570/398 502/579/398 503/580/398 495/572/398
f 497/574/399 504/581/399 505/582/399 498/575/399
f 498/575/400 505/582/400 506/583/400 499/576/400
f 499/576/401 506/583/401 507/584/401 500/577/401
f 500/577/402 507/584/402 508/585/402 501/578/402
f 501/578/403 508/585/403 509/586/403 502/579/403
f 502/579/404 509/586/404 510/587/404 503/580/404
f 504/588/405 511/589/405 512/590/405 505/591/405
f 505/591/406 512/590/406 513/592/406 506/593/406
f 506/593/407 513/592/407 514/594/407 507/595/407
f 507/595/408 514/594/408 515/596/408 508/597/408
f 508/597/409 515/596/409 516/598/409 509/599/409
f 509/599/410 516/598/410 517/600/410 510/601/410
f 511/589/411 518/602/411 519/603/411 512/590/411
f 512/590/412 519/603/412 520/604/412 513/592/412
f 513/592/413 520/604/413 521/605/413 514/594/413
f 514/594/414 521/605/414 522/606/414 515/596/414
f 515/596/415 522/606/415 523/607/415 516/598/415
f 516/598/416 523/607/416 524/608/416 517/600/416
f 518/602/417 525/609/417 526/610/417 519/603/417
f 519/603/418 526/610/418 527/611/418 520/604/418
f 520/604/419 527/611/419 528/612/419 521/605/419
f 521/605/420 528/612/420 529/613/420 522/606/420
f 522/606/421 529/613/421 530/614/421 523/607/421
f 523/607/422 530/614/422 531/615/422 524/608/422
f 532/616/423 533/617/423 483/560/423 534/618/423
f 534/618/424 483/560/424 486/563/424 535/619/424
f 535/619/425 486/563/425 488/565/425 536/620/425
f 536/620/426 488/565/426 490/567/426 537/621/426
f 537/621/427 490/567/427 492/569/427 538/622/427
f 538/622/428 492/569/428 494/571/428 539/623/428
f 539/623/429 494/571/429 496/573/429 540/624/429
f 540/624/430 496/573/430 541/625/430 542/626/430
f 496/573/431 495/572/431 543/627/431 541/625/431
f 495/572/432 503/580/432 544/628/432 543/627/432
f 503/580/433 510/587/433 545/629/433 544/628/433
f 510/601/434 517/600/434 546/630/434 545/631/434
f 517/600/435 524/608/435 547/632/435 546/630/435
f 524/608/436 531/615/436 548/633/436 547/632/436
f 531/615/437 549/634/437 550/635/437 548/633/437
f 530/614/438 551/636/438 549/634/438 531/615/438
f 529/613/439 552/637/439 551/636/439 530/614/439
f 528/612/440 553/638/440 552/637/440 529/613/440
f 527/611/441 554/639/441 553/638/441 528/612/441
f 526/610/442 555/640/442 554/639/442 527/611/442
f 525/609/443 556/641/443 555/640/443 526/610/443
f 557/642/444 558/643/444 556/641/444 525/609/444
f 559/644/445 557/642/445 525/609/445 518/602/445
f 560/645/446 559/644/446 518/602/446 511/589/446
f 561/646/447 560/645/447 511/589/447 504/588/447
f 562/647/448 561/648/448 504/581/448 497/574/448
f 563/649/449 562/647/449 497/574/449 484/561/449
f 533/617/450 563/649/450 484/561/450 483/560/450
f 564/650/451 565/651/451 566/652/451 567/653/451
f 567/653/452 566/652/452 568/654/452 569/655/452
f 569/655/453 568/654/453 570/656/453 571/657/453
f 571/657/454 570/656/454 572/658/454 573/659/454
f 573/659/455 572/658/455 574/660/455 575/661/455
f 575/661/456 574/660/456 576/662/456 577/663/456
f 565/651/457 578/664/457 579/665/457 566/652/457
f 566/652/458 579/665/458 580/666/458 568/654/458
f 568/654/459 580/666/459 581/667/459 570/656/459
f 570/656/460 581/667/460 582/668/460 572/658/460
f 572/658/461 582/668/461 583/669/461 574/660/461
f 574/660/462 583/669/462 584/670/462 576/662/462
f 578/664/463 585/671/463 586/672/463 579/665/463
f 579/665/464 586/672/464 587/673/464 580/666/464
f 580/666/465 587/673/465 588/674/465 581/667/465
f 581/667/466 588/674/466 589/675/466 582/668/466
f 582/668/467 589/675/467 590/676/467 583/669/467
f 583/669/468 590/676/468 591/677/468 584/670/468
f 585/671/469 592/678/469 593/679/469 586/672/469
f 586/672/470 593/679/470 594/680/470 587/673/470
f 587/673/471 594/680/471 595/681/471 588/674/471
f 588/674/472 595/681/472 596/682/472 589/675/472
f 589/675/473 596/682/473 597/683/473 590/676/473
f 590/676/474 597/683/474 598/684/474 591/677/474
f 592/678/475 599/685/475 600/686/475 593/679/475
f 593/679/476 600/686/476 601/687/476 594/680/476
f 594/680/477 601/687/477 602/688/477 595/681/477
f 595/681/478 602/688/478 603/689/478 596/682/478
f 596/682/479 603/689/479 604/690/479 597/683/479
f 597/683/480 604/690/480 605/691/480 598/684/480
f 599/685/481 606/692/481 607/693/481 600/686/481
f 600/686/482 607/693/482 608/694/482 601/687/482
f 601/687/483 608/694/483 609/695/483 602/688/483
f 602/688/484 609/695/484 610/696/484 603/689/484
f 603/689/485 610/696/485 611/697/485 604/690/485
f 604/690/486 611/697/486 612/698/486 605/691/486
f 558/643/487 613/699/487 564/650/487 556/641/487
f 556/641/488 564/650/488 567/653/488 555/640/488
f 555/640/489 567/653/489 569/655/489 554/639/489
f 554/639/490 569/655/490 571/657/490 553/638/490
f 553/638/491 571/657/491 573/659/491 552/637/491
f 552/637/492 573/659/492 575/661/492 551/636/492
f 551/636/493 575/661/493 577/663/493 549/634/493
f 549/634/494 577/663/494 614/700/494 550/635/494
f 577/663/495 576/662/495 615/701/495 614/700/495
f 576/662/496 584/670/496 616/702/496 615/701/496
f 584/670/497 591/677/497 617/703/497 616/702/497
f 591/677/498 598/684/498 618/704/498 617/703/498
f 598/684/499 605/691/499 619/705/499 618/704/499
f 605/691/500 612/698/500 620/706/500 619/705/500
f 612/698/501 621/707/501 622/708/501 620/706/501
f 611/697/502 623/709/502 621/707/502 612/698/502
f 610/696/503 624/710/503 623/709/503 611/697/503
f 609/695/504 625/711/504 624/710/504 610/696/504
f 608/694/505 626/712/505 625/711/505 609/695/505
f 607/693/506 627/713/506 626/712/506 608/694/506
f 606/692/507 628/714/507 627/713/507 607/693/507
f 629/715/508 630/716/508 628/714/508 606/692/508
f 631/717/509 629/715/509 606/692/509 599/685/509
f 632/718/510 631/717/510 599/685/510 592/678/510
f 633/719/511 632/718/511 592/678/511 585/671/511
f 634/720/512 633/719/512 585/671/512 578/664/512
f 635/721/513 634/720/513 578/664/513 565/651/513
f 613/699/514 635/721/514 565/651/514 564/650/514
f 636/722/515 637/723/515 638/724/515 639/725/515
f 639/725/516 638/724/516 640/726/516 641/727/516
f 641/727/517 640/726/517 642/728/517 643/729/517
f 643/729/518 642/728/518 644/730/518 645/731/518
f 645/731/519 644/730/519 646/732/519 647/733/519
f 647/733/520 646/732/520 648/734/520 649/735/520
f 637/723/521 650/736/521 651/737/521 638/724/521
f 638/724/522 651/737/522 652/738/522 640/726/522
f 640/726/523 652/738/523 653/739/523 642/728/523
f 642/728/524 653/739/524 654/740/524 644/730/524
f 644/730/525 654/740/525 655/741/525 646/732/525
f 646/732/526 655/741/526 656/742/526 648/734/526
f 650/736/527 657/743/527 658/744/527 651/737/527
f 651/737/528 658/744/528 659/745/528 652/738/528
f 652/738/529 659/745/529 660/746/529 653/739/529
f 653/739/530 660/746/530 661/747/530 654/740/530
f 654/740/531 661/747/531 662/748/531 655/741/531
f 655/741/532 662/748/532 663/749/532 656/742/532
f 657/750/533 664/751/533 665/752/533 658/753/533
f 658/753/534 665/752/534 666/754/534 659/755/534
f 659/755/535 666/754/535 667/756/535 660/757/535
f 660/757/536 667/756/536 668/758/536 661/759/536
f 661/759/537 668/758/537 669/760/537 662/761/537
f 662/761/538 669/760/538 670/762/538 663/763/538
f 664/751/539 671/764/539 672/765/539 665/752/539
f 665/752/540 672/765/540 673/766/540 666/754/540
f 666/754/541 673/766/541 674/767/541 667/756/541
f 667/756/542 674/767/542 675/768/542 668/758/542
f 668/758/543 675/768/543 676/769/543 669/760/543
f 669/760/544 676/769/544 677/770/544 670/762/544
f 671/764/545 678/771/545 679/772/545 672/765/545
f 672/765/546 679/772/546 680/773/546 673/766/546
f 673/766/547 680/773/547 681/774/547 674/767/547
f 674/767/548 681/774/548 682/775/548 675/768/548
f 675/768/549 682/775/549 683/776/549 676/769/549
f 676/769/550 683/776/550 684/777/550 677/770/550
f 630/716/551 685/778/551 636/722/551 628/714/551
f 628/714/552 636/722/552 639/725/552 627/713/552
f 627/713/553 639/725/553 641/727/553 626/712/553
f 626/712/554 641/727/554 643/729/554 625/711/554
f 625/711/555 643/729/555 645/731/555 624/710/555
f 624/710/556 645/731/556 647/733/556 623/709/556
f 623/709/557 647/733/557 649/735/557 621/707/557
f 621/707/558 649/735/558 686/779/558 622/708/558
f 649/735/559 648/734/559 687/780/559 686/779/559
f 648/734/560 656/742/560 688/781/560 687/780/560
f 656/742/561 663/749/561 689/782/561 688/781/561
f 663/763/562 670/762/562 690/783/562 689/784/562
f 670/762/563 677/770/563 691/785/563 690/783/563
f 677/770/564 684/777/564 692/786/564 691/785/564
f 684/777/565 693/787/565 694/788/565 692/786/565
f 683/776/566 695/789/566 693/787/566 684/777/566
f 682/775/567 696/790/567 695/789/567 683/776/567
f 681/774/568 697/791/568 696/790/568 682/775/568
f 680/773/569 698/792/569 697/791/569 681/774/569
f 679/772/570 699/793/570 698/792/570 680/773/570
f 678/771/571 700/794/571 699/793/571 679/772/571
f 701/795/572 702/796/572 700/794/572 678/771/572
f 703/797/573 701/795/573 678/771/573 671/764/573
f 704/798/574 703/797/574 671/764/574 664/751/574
f 705/799/575 704/798/575 664/751/575 657/750/575
f 706/800/576 705/801/576 657/743/576 650/736/576
f 707/802/577 706/800/577 650/736/577 637/723/577
f 685/778/578 707/802/578 637/723/578 636/722/578
f 708/803/579 709/804/579 710/805/579 711/806/579
f 711/806/580 710/805/580 712/807/580 713/808/580
f 713/808/581 712/807/581 714/809/581 715/810/581
f 715/810/582 714/809/582 716/811/582 717/812/582
f 717/812/583 716/811/583 718/813/583 719/814/583
f 719/814/584 718/813/584 720/815/584 721/816/584
f 709/804/585 722/817/585 723/818/585 710/805/585
f 710/805/586 723/818/586 724/819/586 712/807/586
f 712/807/587 724/819/587 725/820/587 714/809/587
f 714/809/588 725/820/588 726/821/588 716/811/588
f 716/811/589 726/821/589 727/822/589 718/813/589
f 718/813/590 727/822/590 728/823/590 720/815/590
f 722/817/591 729/824/591 730/825/591 723/818/591
f 723/818/592 730/825/592 731/826/592 724/819/592
f 724/819/593 731/826/593 732/827/593 725/820/593
f 725/820/594 732/827/594 733/828/594 726/821/594
f 726/821/595 733/828/595 734/829/595 727/822/595
f 727/822/596 734/829/596 735/830/596 728/823/596
f 729/824/597 736/831/597 737/832/597 730/825/597
f 730/825/598 737/832/598 738/833/598 731/826/598
f 731/826/599 738/833/599 739/834/599 732/827/599
f 732/827/600 739/834/600 740/835/600 733/828/600
f 733/828/601 740/835/601 741/836/601 734/829/601
f 734/829/602 741/836/602 742/837/602 735/830/602
f 736/831/603 743/838/603 744/839/603 737/832/603
f 737/832/604 744/839/604 745/840/604 738/833/604
f 738/833/605 745/840/605 746/841/605 739/834/605
f 739/834/606 746/841/606 747/842/606 740/835/606
f 740/835/607 747/842/607 748/843/607 741/836/607
f 741/836/608 748/843/608 749/844/608 742/837/608
f 743/838/609 750/845/609 751/846/609 744/839/609
f 744/839/610 751/846/610 752/847/610 745/840/610
f 745/840/611 752/847/611 753/848/611 746/841/611
f 746/841/612 753/848/612 754/849/612 747/842/612
f 747/842/613 754/849/613 755/850/613 748/843/613
f 748/843/614 755/850/614 756/851/614 749/844/614
f 702/796/615 757/852/615 708/803/615 700/794/615
f 700/794/616 708/803/616 711/806/616 699/793/616
f 699/793/617 711/806/617 713/808/617 698/792/617
f 698/792/618 713/808/618 715/810/618 697/791/618
f 697/791/619 715/810/619 717/812/619 696/790/619
f 696/790/620 717/812/620 719/814/620 695/789/620
f 695/789/621 719/814/621 721/816/621 693/787/621
f 693/787/622 721/816/622 758/853/622 694/788/622
f 721/816/623 720/815/623 759/854/623 758/853/623
f 720/815/624 728/823/624 760/855/624 759/854/624
f 728/823/625 735/830/625 761/856/625 760/855/625
f 735/830/626 742/837/626 762/857/626 761/856/626
f 742/837/627 749/844/627 763/858/627 762/857/627
f 749/844/628 756/851/628 764/859/628 763/858/628
f 756/851/629 540/624/629 542/626/629 764/859/629
f 755/850/630 539/623/630 540/624/630 756/851/630
f 754/849/631 538/622/631 539/623/631 755/850/631
f 753/848/632 537/621/632 538/622/632 754/849/632
f 752/847/633 536/620/633 537/621/633 753/848/633
f 751/846/634 535/619/634 536/620/634 752/847/634
f 750/845/635 534/618/635 535/619/635 751/846/635
f 765/860/636 532/616/636 534/618/636 750/845/636
f 766/861/637 765/860/637 750/845/637 743/838/637
f 767/862/638 766/861/638 743/838/638 736/831/638
f 768/863/639 767/862/639 736/831/639 729/824/639
f 769/864/640 768/863/640 729/824/640 722/817/640
f 770/865/641 769/864/641 722/817/641 709/804/641
f 757/852/642 770/865/642 709/804/642 708/803/642
f 771/866/643 772/867/643 773/868/643 774/869/643
f 774/869/644 773/868/644 775/870/644 776/871/644
f 776/871/645 775/870/645 777/872/645 778/873/645
f 778/873/646 777/872/646 779/874/646 780/875/646
f 780/875/647 779/874/647 781/876/647 782/877/647
f 782/877/648 781/876/648 783/878/648 784/879/648
f 772/867/649 785/880/649 786/881/649 773/868/649
f 773/868/650 786/881/650 787/882/650 775/870/650
f 775/870/651 787/882/651 788/883/651 777/872/651
f 777/872/652 788/883/652 789/884/652 779/874/652
f 779/874/653 789/884/653 790/885/653 781/876/653
f 781/876/654 790/885/654 791/886/654 783/878/654
f 785/880/655 792/887/655 793/888/655 786/881/655
f 786/881/656 793/888/656 794/889/656 787/882/656
f 787/882/657 794/889/657 795/890/657 788/883/657
f 788/883/658 795/890/658 796/891/658 789/884/658
f 789/884/659 796/891/659 797/892/659 790/885/659
f 790/885/660 797/892/660 798/893/660 791/886/660
f 792/894/661 799/895/661 800/896/661 793/897/661
f 793/897/662 800/896/662 801/898/662 794/899/662
f 794/899/663 801/898/663 802/900/663 795/901/663
f 795/901/664 802/900/664 803/902/664 796/903/664
f 796/903/665 803/902/665 804/904/665 797/905/665
f 797/905/666 804/904/666 805/906/666 798/907/666
f 799/895/667 806/908/667 807/909/667 800/896/667
f 800/896/668 807/909/668 808/910/668 801/898/668
f 801/898/669 808/910/669 809/911/669 802/900/669
f 802/900/670 809/911/670 810/912/670 803/902/670
f 803/902/671 810/912/671 811/913/671 804/904/671
f 804/904/672 811/913/672 812/914/672 805/906/672
f 806/908/673 813/915/673 814/916/673 807/909/673
f 807/909/674 814/916/674 815/917/674 808/910/674
f 808/910/675 815/917/675 816/918/675 809/911/675
f 809/911/676 816/918/676 817/919/676 810/912/676
f 810/912/677 817/919/677 818/920/677 811/913/677
f 811/913/678 818/920/678 819/921/678 812/914/678
f 558/643/679 557/642/679 771/866/679 613/699/679
f 613/699/680 771/866/680 774/869/680 635/721/680
f 635/721/681 774/869/681 776/871/681 634/720/681
f 634/720/682 776/871/682 778/873/682 633/719/682
f 633/719/683 778/873/683 780/875/683 632/718/683
f 632/718/684 780/875/684 782/877/684 631/717/684
f 631/717/685 782/877/685 784/879/685 629/715/685
f 629/715/686 784/879/686 685/778/686 630/716/686
f 784/879/687 783/878/687 707/802/687 685/778/687
f 783/878/688 791/886/688 706/800/688 707/802/688
f 791/886/689 798/893/689 705/801/689 706/800/689
f 798/907/690 805/906/690 704/798/690 705/799/690
f 805/906/691 812/914/691 703/797/691 704/798/691
f 812/914/692 819/921/692 701/795/692 703/797/692
f 819/921/693 757/852/693 702/796/693 701/795/693
f 818/920/694 770/865/694 757/852/694 819/921/694
f 817/919/695 769/864/695 770/865/695 818/920/695
f 816/918/696 768/863/696 769/864/696 817/919/696
f 815/917/697 767/862/697 768/863/697 816/918/697
f 814/916/698 766/861/698 767/862/698 815/917/698
f 813/915/699 765/860/699 766/861/699 814/916/699
f 533/617/700 532/616/700 765/860/700 813/915/700
f 563/649/701 533/617/701 813/915/701 806/908/701
f 562/647/702 563/649/702 806/908/702 799/895/702
f 561/648/703 562/647/703 799/895/703 792/894/703
f 560/645/704 561/646/704 792/887/704 785/880/704
f 559/644/705 560/645/705 785/880/705 772/867/705
f 557/642/706 559/644/706 772/867/706 771/866/706
f 820/922/707 821/923/707 822/924/707 823/925/707
f 823/925/708 822/924/708 824/926/708 825/927/708
f 825/927/709 824/926/709 826/928/709 827/929/709
f 827/929/710 826/928/710 828/930/710 829/931/710
f 829/931/711 828/930/711 830/932/711 831/933/711
f 831/933/712 830/932/712 832/934/712 833/935/712
f 821/923/713 834/936/713 835/937/713 822/924/713
f 822/924/714 835/937/714 836/938/714 824/926/714
f 824/926/715 836/938/715 837/939/715 826/928/715
f 826/928/716 837/939/716 838/940/716 828/930/716
f 828/930/717 838/940/717 839/941/717 830/932/717
f 830/932/718 839/941/718 840/942/718 832/934/718
f 834/936/719 841/943/719 842/944/719 835/937/719
f 835/937/720 842/944/720 843/945/720 836/938/720
f 836/938/721 843/945/721 844/946/721 837/939/721
f 837/939/722 844/946/722 845/947/722 838/940/722
f 838/940/723 845/947/723 846/948/723 839/941/723
f 839/941/724 846/948/724 847/949/724 840/942/724
f 841/950/725 848/951/725 849/952/725 842/953/725
f 842/953/726 849/952/726 850/954/726 843/955/726
f 843/955/727 850/954/727 851/956/727 844/957/727
f 844/957/728 851/956/728 852/958/728 845/959/728
f 845/959/729 852/958/729 853/960/729 846/961/729
f 846/961/730 853/960/730 854/962/730 847/963/730
f 848/951/731 855/964/731 856/965/731 849/952/731
f 849/952/732 856/965/732 857/966/732 850/954/732
f 850/954/733 857/966/733 858/967/733 851/956/733
f 851/956/734 858/967/734 859/968/734 852/958/734
f 852/958/735 859/968/735 860/969/735 853/960/735
f 853/960/736 860/969/736 861/970/736 854/962/736
f 855/964/737 862/971/737 863/972/737 856/965/737
f 856/965/738 863/972/738 864/973/738 857/966/738
f 857/966/739 864/973/739 865/974/739 858/967/739
f 858/967/740 865/974/740 866/975/740 859/968/740
f 859/968/741 866/975/741 867/976/741 860/969/741
f 860/969/742 867/976/742 868/977/742 861/970/742
f 622/708/743 686/779/743 820/922/743 620/706/743
f 620/706/744 820/922/744 823/925/744 619/705/744
f 619/705/745 823/925/745 825/927/745 618/704/745
f 618/704/746 825/927/746 827/929/746 617/703/746
f 617/703/747 827/929/747 829/931/747 616/702/747
f 616/702/748 829/931/748 831/933/748 615/701/748
f 615/701/749 831/933/749 833/935/749 614/700/749
f 614/700/750 833/935/750 548/633/750 550/635/750
f 833/935/751 832/934/751 547/632/751 548/633/751
f 832/934/752 840/942/752 546/630/752 547/632/752
f 840/942/753 847/949/753 545/631/753 546/630/753
f 847/963/754 854/962/754 544/628/754 545/629/754
f 854/962/755 861/970/755 543/627/755 544/628/755
f 861/970/756 868/977/756 541/625/756 543/627/756
f 868/977/757 764/859/757 542/626/757 541/625/757
f 867/976/758 763/858/758 764/859/758 868/977/758
f 866/975/759 762/857/759 763/858/759 867/976/759
f 865/974/760 761/856/760 762/857/760 866/975/760
f 864/973/761 760/855/761 761/856/761 865/974/761
f 863/972/762 759/854/762 760/855/762 864/973/762
f 862/971/763 758/853/763 759/854/763 863/972/763
f 692/786/764 694/788/764 758/853/764 862/971/764
f 691/785/765 692/786/765 862/971/765 855/964/765
f 690/783/766 691/785/766 855/964/766 848/951/766
f 689/784/767 690/783/767 848/951/767 841/950/767
f 688/781/768 689/782/768 841/943/768 834/936/768
f 687/780/769 688/781/769 834/936/769 821/923/769
f 686/779/770 687/780/770 821/923/770 820/922/770
