# Blender 5.1.1
# www.blender.org
mtllib waist.mtl
o export_waist_part
v 0.000084 0.097298 0.192891
v 0.000084 0.094015 0.197468
v 0.009299 0.093562 0.197468
v 0.009621 0.096829 0.192891
v 0.000084 0.086364 0.199064
v 0.008549 0.085948 0.199064
v 0.016933 0.084704 0.199064
v 0.018426 0.092209 0.197468
v 0.019066 0.095428 0.192891
v 0.027375 0.089967 0.197468
v 0.028328 0.093108 0.192891
v 0.025154 0.082645 0.199064
v 0.033134 0.079790 0.199064
v 0.036062 0.086859 0.197468
v 0.037319 0.089892 0.192891
v 0.044403 0.082914 0.197468
v 0.045950 0.085809 0.192891
v 0.040796 0.076166 0.199064
v 0.048066 0.071809 0.199064
v 0.052316 0.078171 0.197468
v 0.054140 0.080900 0.192891
v 0.059727 0.072674 0.197468
v 0.061809 0.075212 0.192891
v 0.054873 0.066760 0.199064
v 0.061153 0.061068 0.199064
v 0.066563 0.066479 0.197468
v 0.068884 0.068800 0.192891
v 0.072759 0.059642 0.197468
v 0.075296 0.061725 0.192891
v 0.066844 0.054788 0.199064
v 0.071893 0.047981 0.199064
v 0.078255 0.052232 0.197468
v 0.080985 0.054056 0.192891
v 0.082998 0.044318 0.197468
v 0.085893 0.045866 0.192891
v 0.076250 0.040711 0.199064
v 0.079874 0.033050 0.199064
v 0.086943 0.035978 0.197468
v 0.089976 0.037234 0.192891
v 0.090051 0.027291 0.197468
v 0.093192 0.028244 0.192891
v 0.082729 0.025070 0.199064
v 0.084789 0.016849 0.199064
v 0.092293 0.018341 0.197468
v 0.095513 0.018982 0.192891
v 0.093647 0.009215 0.197468
v 0.096914 0.009537 0.192891
v 0.086032 0.008465 0.199064
v 0.086448 -0.000000 0.199064
v 0.094100 -0.000000 0.197468
v 0.097382 -0.000000 0.192891
v 0.093647 -0.009215 0.197468
v 0.096914 -0.009537 0.192891
v 0.086032 -0.008465 0.199064
v 0.084789 -0.016849 0.199064
v 0.092293 -0.018342 0.197468
v 0.095513 -0.018982 0.192891
v 0.090051 -0.027291 0.197468
v 0.093192 -0.028244 0.192891
v 0.082729 -0.025070 0.199064
v 0.079874 -0.033050 0.199064
v 0.086943 -0.035978 0.197468
v 0.089976 -0.037235 0.192891
v 0.082998 -0.044318 0.197468
v 0.085893 -0.045866 0.192891
v 0.076250 -0.040712 0.199064
v 0.071893 -0.047981 0.199064
v 0.078255 -0.052232 0.197468
v 0.080985 -0.054056 0.192891
v 0.072759 -0.059643 0.197468
v 0.075296 -0.061725 0.192891
v 0.066844 -0.054789 0.199064
v 0.061153 -0.061069 0.199064
v 0.066563 -0.066479 0.197468
v 0.068884 -0.068800 0.192891
v 0.059727 -0.072675 0.197468
v 0.061809 -0.075212 0.192891
v 0.054873 -0.066760 0.199064
v 0.048066 -0.071809 0.199064
v 0.052316 -0.078171 0.197468
v 0.054140 -0.080901 0.192891
v 0.044403 -0.082914 0.197468
v 0.045950 -0.085809 0.192891
v 0.040796 -0.076166 0.199064
v 0.033134 -0.079790 0.199064
v 0.036062 -0.086859 0.197468
v 0.037319 -0.089891 0.192891
v 0.027375 -0.089963 0.197468
v 0.028328 -0.093095 0.192891
v 0.025154 -0.082644 0.199064
v 0.016933 -0.084698 0.199064
v 0.018426 -0.092181 0.197468
v 0.019066 -0.095341 0.192891
v 0.009299 -0.093485 0.197468
v 0.009621 -0.096586 0.192891
v 0.008549 -0.085928 0.199064
v 0.000084 -0.086337 0.199064
v 0.000084 -0.093908 0.197468
v 0.000084 -0.096961 0.192891
v -0.009131 -0.093485 0.197468
v -0.009453 -0.096586 0.192891
v -0.008381 -0.085928 0.199064
v -0.016764 -0.084698 0.199064
v -0.018257 -0.092181 0.197468
v -0.018898 -0.095341 0.192891
v -0.027207 -0.089963 0.197468
v -0.028160 -0.093095 0.192891
v -0.024986 -0.082644 0.199064
v -0.032966 -0.079790 0.199064
v -0.035894 -0.086859 0.197468
v -0.037150 -0.089891 0.192891
v -0.044234 -0.082914 0.197468
v -0.045782 -0.085809 0.192891
v -0.040627 -0.076166 0.199064
v -0.047897 -0.071809 0.199064
v -0.052148 -0.078171 0.197468
v -0.053972 -0.080901 0.192891
v -0.059558 -0.072675 0.197468
v -0.061641 -0.075212 0.192891
v -0.054704 -0.066760 0.199064
v -0.060984 -0.061069 0.199064
v -0.066395 -0.066479 0.197468
v -0.068716 -0.068800 0.192891
v -0.072590 -0.059643 0.197468
v -0.075128 -0.061725 0.192891
v -0.066676 -0.054789 0.199064
v -0.071725 -0.047981 0.199064
v -0.078087 -0.052232 0.197468
v -0.080816 -0.054056 0.192891
v -0.082829 -0.044318 0.197468
v -0.085725 -0.045866 0.192891
v -0.076082 -0.040712 0.199064
v -0.079706 -0.033050 0.199064
v -0.086775 -0.035978 0.197468
v -0.089807 -0.037235 0.192891
v -0.089882 -0.027291 0.197468
v -0.093024 -0.028244 0.192891
v -0.082561 -0.025070 0.199064
v -0.084620 -0.016849 0.199064
v -0.092125 -0.018342 0.197468
v -0.095344 -0.018982 0.192891
v -0.093478 -0.009215 0.197468
v -0.096745 -0.009537 0.192891
v -0.085864 -0.008465 0.199064
v -0.086280 -0.000000 0.199064
v -0.093931 -0.000000 0.197468
v -0.097214 -0.000000 0.192891
v -0.093478 0.009215 0.197468
v -0.096745 0.009537 0.192891
v -0.085864 0.008465 0.199064
v -0.084620 0.016849 0.199064
v -0.092125 0.018341 0.197468
v -0.095344 0.018982 0.192891
v -0.089882 0.027291 0.197468
v -0.093024 0.028244 0.192891
v -0.082561 0.025070 0.199064
v -0.079706 0.033050 0.199064
v -0.086775 0.035978 0.197468
v -0.089807 0.037234 0.192891
v -0.082829 0.044318 0.197468
v -0.085725 0.045866 0.192891
v -0.076082 0.040711 0.199064
v -0.071725 0.047981 0.199064
v -0.078087 0.052232 0.197468
v -0.080816 0.054056 0.192891
v -0.072590 0.059642 0.197468
v -0.075128 0.061725 0.192891
v -0.066676 0.054788 0.199064
v -0.060984 0.061068 0.199064
v -0.066395 0.066479 0.197468
v -0.068716 0.068800 0.192891
v -0.059558 0.072674 0.197468
v -0.061641 0.075212 0.192891
v -0.054704 0.066760 0.199064
v -0.047897 0.071809 0.199064
v -0.052148 0.078171 0.197468
v -0.053972 0.080900 0.192891
v -0.044234 0.082914 0.197468
v -0.045782 0.085809 0.192891
v -0.040627 0.076166 0.199064
v -0.032966 0.079790 0.199064
v -0.035894 0.086859 0.197468
v -0.037150 0.089892 0.192891
v -0.027207 0.089967 0.197468
v -0.028160 0.093108 0.192891
v -0.024986 0.082645 0.199064
v -0.016764 0.084704 0.199064
v -0.018257 0.092209 0.197468
v -0.018898 0.095428 0.192891
v -0.009131 0.093562 0.197468
v -0.009453 0.096829 0.192891
v -0.008381 0.085948 0.199064
v -0.023589 0.119012 0.040582
v -0.023671 0.119426 0.063787
v -0.011851 0.121179 0.063787
v -0.011809 0.120759 0.040582
v -0.023605 0.119093 0.086494
v -0.011817 0.120841 0.086494
v 0.000084 0.121426 0.086494
v 0.000084 0.121765 0.063787
v 0.000084 0.121343 0.040582
v -0.046352 0.112107 0.040582
v -0.046513 0.112497 0.063787
v -0.035262 0.116522 0.063787
v -0.035140 0.116118 0.040582
v -0.046383 0.112183 0.086494
v -0.035164 0.116197 0.086494
v -0.067330 0.100893 0.040582
v -0.067565 0.101244 0.063787
v -0.057315 0.107387 0.063787
v -0.057116 0.107015 0.040582
v -0.067376 0.100962 0.086494
v -0.057155 0.107088 0.086494
v -0.085718 0.085803 0.040582
v -0.086017 0.086101 0.063787
v -0.077163 0.094126 0.063787
v -0.076895 0.093799 0.040582
v -0.085777 0.085861 0.086494
v -0.076947 0.093863 0.086494
v -0.100809 0.067415 0.040582
v -0.101160 0.067649 0.063787
v -0.094041 0.077247 0.063787
v -0.093715 0.076979 0.040582
v -0.100878 0.067461 0.086494
v -0.093779 0.077032 0.086494
v -0.112022 0.046438 0.040582
v -0.112412 0.046598 0.063787
v -0.107303 0.057400 0.063787
v -0.106931 0.057201 0.040582
v -0.112099 0.046468 0.086494
v -0.107004 0.057240 0.086494
v -0.118928 0.023740 0.040582
v -0.119342 0.023783 0.063787
v -0.116438 0.035350 0.063787
v -0.116034 0.035236 0.040582
v -0.119009 0.023697 0.086494
v -0.116113 0.035249 0.086494
v -0.121259 0.000495 0.040582
v -0.121681 0.000240 0.063787
v -0.121094 0.012029 0.063787
v -0.120674 0.012102 0.040582
v -0.121342 0.000075 0.086494
v -0.120757 0.011930 0.086494
v -0.118928 -0.022004 0.040582
v -0.119342 -0.022875 0.063787
v -0.121094 -0.011436 0.063787
v -0.120674 -0.010914 0.040582
v -0.119009 -0.023399 0.086494
v -0.120757 -0.011743 0.086494
v -0.112022 -0.042826 0.040582
v -0.112412 -0.044594 0.063787
v -0.116438 -0.033963 0.063787
v -0.116034 -0.032668 0.040582
v -0.112099 -0.045745 0.086494
v -0.116113 -0.034773 0.086494
v -0.100809 -0.061409 0.040582
v -0.101160 -0.064173 0.063787
v -0.107303 -0.054680 0.063787
v -0.106931 -0.052415 0.040582
v -0.100878 -0.066076 0.086494
v -0.107004 -0.056204 0.086494
v -0.085443 -0.076652 0.040582
v -0.085725 -0.080264 0.063787
v -0.094005 -0.072913 0.063787
v -0.093681 -0.069680 0.040582
v -0.085495 -0.082883 0.086494
v -0.093744 -0.075184 0.086494
v -0.065591 -0.085238 0.040582
v -0.065791 -0.089463 0.063787
v -0.076248 -0.085679 0.063787
v -0.076022 -0.081802 0.040582
v -0.065713 -0.092895 0.086494
v -0.076069 -0.088649 0.086494
v -0.043239 -0.088235 0.040582
v -0.043582 -0.093565 0.063787
v -0.054706 -0.092055 0.063787
v -0.054458 -0.087254 0.040582
v -0.043848 -0.098150 0.086494
v -0.054794 -0.096112 0.086494
v -0.021783 -0.088598 0.040582
v -0.022209 -0.094106 0.063787
v -0.032868 -0.094105 0.063787
v -0.032436 -0.088575 0.040582
v -0.022602 -0.098849 0.086494
v -0.033256 -0.098877 0.086494
v 0.000066 -0.088548 0.040582
v 0.000031 -0.093958 0.063787
v -0.011194 -0.094009 0.063787
v -0.010928 -0.088566 0.040582
v 0.000010 -0.098616 0.086494
v -0.011438 -0.098694 0.086494
v 0.021896 -0.088590 0.040582
v 0.022222 -0.094082 0.063787
v 0.011210 -0.093999 0.063787
v 0.011044 -0.088562 0.040582
v 0.022574 -0.098813 0.086494
v 0.011397 -0.098680 0.086494
v 0.042808 -0.088486 0.040582
v 0.043310 -0.093769 0.063787
v 0.032968 -0.094095 0.063787
v 0.032523 -0.088594 0.040582
v 0.043804 -0.098286 0.086494
v 0.033430 -0.098837 0.086494
v 0.063158 -0.086306 0.040582
v 0.063570 -0.090462 0.063787
v 0.053271 -0.092748 0.063787
v 0.052794 -0.088012 0.040582
v 0.063841 -0.093734 0.086494
v 0.053700 -0.096674 0.086494
v 0.084956 -0.076920 0.040582
v 0.085282 -0.080517 0.063787
v 0.074665 -0.086403 0.063787
v 0.074310 -0.082571 0.040582
v 0.085128 -0.083098 0.086494
v 0.074712 -0.089263 0.086494
v 0.100978 -0.061409 0.040582
v 0.101329 -0.064173 0.063787
v 0.094097 -0.072945 0.063787
v 0.093767 -0.069713 0.040582
v 0.101046 -0.066076 0.086494
v 0.093846 -0.075211 0.086494
v 0.112191 -0.042826 0.040582
v 0.112581 -0.044594 0.063787
v 0.107472 -0.054680 0.063787
v 0.107099 -0.052415 0.040582
v 0.112267 -0.045745 0.086494
v 0.107172 -0.056203 0.086494
v 0.119096 -0.022004 0.040582
v 0.119510 -0.022875 0.063787
v 0.116606 -0.033963 0.063787
v 0.116202 -0.032668 0.040582
v 0.119177 -0.023399 0.086494
v 0.116281 -0.034773 0.086494
v 0.121428 0.000495 0.040582
v 0.121850 0.000240 0.063787
v 0.121263 -0.011436 0.063787
v 0.120843 -0.010914 0.040582
v 0.121510 0.000075 0.086494
v 0.120925 -0.011743 0.086494
v 0.119096 0.023740 0.040582
v 0.119510 0.023783 0.063787
v 0.121263 0.012029 0.063787
v 0.120843 0.012102 0.040582
v 0.119177 0.023697 0.086494
v 0.120925 0.011930 0.086494
v 0.112191 0.046438 0.040582
v 0.112581 0.046598 0.063787
v 0.116606 0.035350 0.063787
v 0.116202 0.035236 0.040582
v 0.112267 0.046468 0.086494
v 0.116281 0.035249 0.086494
v 0.100978 0.067415 0.040582
v 0.101329 0.067649 0.063787
v 0.107472 0.057400 0.063787
v 0.107099 0.057201 0.040582
v 0.101046 0.067461 0.086494
v 0.107172 0.057240 0.086494
v 0.085887 0.085803 0.040582
v 0.086186 0.086101 0.063787
v 0.094210 0.077247 0.063787
v 0.093884 0.076979 0.040582
v 0.085946 0.085861 0.086494
v 0.093948 0.077032 0.086494
v 0.067499 0.100893 0.040582
v 0.067734 0.101244 0.063787
v 0.077331 0.094126 0.063787
v 0.077063 0.093799 0.040582
v 0.067545 0.100962 0.086494
v 0.077116 0.093863 0.086494
v 0.046520 0.112107 0.040582
v 0.046682 0.112497 0.063787
v 0.057484 0.107387 0.063787
v 0.057285 0.107015 0.040582
v 0.046552 0.112183 0.086494
v 0.057324 0.107088 0.086494
v 0.023757 0.119012 0.040582
v 0.023840 0.119426 0.063787
v 0.035431 0.116522 0.063787
v 0.035308 0.116118 0.040582
v 0.023773 0.119093 0.086494
v 0.035332 0.116197 0.086494
v 0.012019 0.121179 0.063787
v 0.011978 0.120759 0.040582
v 0.011986 0.120841 0.086494
v 0.000084 0.118319 0.007692
v 0.000084 0.120328 0.021902
v 0.011878 0.119748 0.021902
v 0.011682 0.117748 0.007692
v 0.023559 0.118016 0.021902
v 0.023167 0.116045 0.007692
v 0.035014 0.115146 0.021902
v 0.034430 0.113223 0.007692
v 0.046132 0.111169 0.021902
v 0.045363 0.109312 0.007692
v 0.056806 0.106119 0.021902
v 0.055859 0.104347 0.007692
v 0.066935 0.100049 0.021902
v 0.065819 0.098378 0.007692
v 0.076419 0.093014 0.021902
v 0.075145 0.091461 0.007692
v 0.085169 0.085085 0.021902
v 0.083748 0.083664 0.007692
v 0.093099 0.076335 0.021902
v 0.091546 0.075060 0.007692
v 0.100133 0.066851 0.021902
v 0.098463 0.065734 0.007692
v 0.106204 0.056723 0.021902
v 0.104432 0.055777 0.007692
v 0.111253 0.046054 0.021902
v 0.109397 0.045293 0.007692
v 0.115231 0.034960 0.021902
v 0.113308 0.034409 0.007692
v 0.118100 0.023606 0.021902
v 0.116130 0.023302 0.007692
v 0.119833 0.012166 0.021902
v 0.117833 0.012160 0.007692
v 0.120412 0.000815 0.021902
v 0.118403 0.001148 0.007692
v 0.119833 -0.010284 0.021902
v 0.117833 -0.009584 0.007692
v 0.118100 -0.021009 0.021902
v 0.116130 -0.019920 0.007692
v 0.115231 -0.031257 0.021902
v 0.113308 -0.029762 0.007692
v 0.111253 -0.040971 0.021902
v 0.109397 -0.039065 0.007692
v 0.106204 -0.050108 0.021902
v 0.104432 -0.047797 0.007692
v 0.100133 -0.058647 0.021902
v 0.098463 -0.055932 0.007692
v 0.092988 -0.066502 0.021902
v 0.091453 -0.063370 0.007692
v 0.084285 -0.073295 0.021902
v 0.083010 -0.069724 0.007692
v 0.073802 -0.078587 0.021902
v 0.072959 -0.074566 0.007692
v 0.062794 -0.081987 0.021902
v 0.062358 -0.077607 0.007692
v 0.052485 -0.083363 0.021902
v 0.052243 -0.078806 0.007692
v 0.042516 -0.083588 0.021902
v 0.042332 -0.078977 0.007692
v 0.032275 -0.083602 0.021902
v 0.032131 -0.078977 0.007692
v 0.021720 -0.083601 0.021902
v 0.021622 -0.078977 0.007692
v 0.010954 -0.083598 0.021902
v 0.010905 -0.078977 0.007692
v 0.000082 -0.083596 0.021902
v 0.000084 -0.078977 0.007692
v -0.010792 -0.083598 0.021902
v -0.010737 -0.078977 0.007692
v -0.021558 -0.083602 0.021902
v -0.021453 -0.078977 0.007692
v -0.032186 -0.083572 0.021902
v -0.032031 -0.078952 0.007692
v -0.042981 -0.083340 0.021902
v -0.042709 -0.078775 0.007692
v -0.054152 -0.082645 0.021902
v -0.053644 -0.078225 0.007692
v -0.065186 -0.080986 0.021902
v -0.064372 -0.076798 0.007692
v -0.075476 -0.077868 0.021902
v -0.074360 -0.073984 0.007692
v -0.084757 -0.073044 0.021902
v -0.083387 -0.069521 0.007692
v -0.092900 -0.066470 0.021902
v -0.091353 -0.063345 0.007692
v -0.099965 -0.058647 0.021902
v -0.098294 -0.055932 0.007692
v -0.106035 -0.050108 0.021902
v -0.104263 -0.047797 0.007692
v -0.111084 -0.040971 0.021902
v -0.109228 -0.039065 0.007692
v -0.115062 -0.031257 0.021902
v -0.113139 -0.029762 0.007692
v -0.117932 -0.021009 0.021902
v -0.115961 -0.019920 0.007692
v -0.119664 -0.010284 0.021902
v -0.117664 -0.009584 0.007692
v -0.120244 0.000815 0.021902
v -0.118234 0.001148 0.007692
v -0.119664 0.012166 0.021902
v -0.117664 0.012160 0.007692
v -0.117932 0.023606 0.021902
v -0.115961 0.023302 0.007692
v -0.115062 0.034960 0.021902
v -0.113139 0.034409 0.007692
v -0.111084 0.046054 0.021902
v -0.109228 0.045293 0.007692
v -0.106035 0.056723 0.021902
v -0.104263 0.055777 0.007692
v -0.099965 0.066851 0.021902
v -0.098294 0.065734 0.007692
v -0.092930 0.076335 0.021902
v -0.091377 0.075060 0.007692
v -0.085001 0.085085 0.021902
v -0.083580 0.083664 0.007692
v -0.076251 0.093014 0.021902
v -0.074976 0.091461 0.007692
v -0.066766 0.100049 0.021902
v -0.065650 0.098378 0.007692
v -0.056638 0.106119 0.021902
v -0.055691 0.104347 0.007692
v -0.045963 0.111169 0.021902
v -0.045194 0.109312 0.007692
v -0.034845 0.115146 0.021902
v -0.034262 0.113223 0.007692
v -0.023391 0.118016 0.021902
v -0.022999 0.116045 0.007692
v -0.011710 0.119748 0.021902
v -0.011513 0.117748 0.007692
v -0.021756 0.109799 -0.010626
v -0.022375 0.112911 -0.003123
v -0.011200 0.114568 -0.003123
v -0.010889 0.111411 -0.010626
v 0.000084 0.115123 -0.003123
v 0.000084 0.111950 -0.010626
v -0.042757 0.103428 -0.010626
v -0.043971 0.106359 -0.003123
v -0.033334 0.110165 -0.003123
v -0.032413 0.107129 -0.010626
v -0.062112 0.093083 -0.010626
v -0.063874 0.095721 -0.003123
v -0.054184 0.101529 -0.003123
v -0.052688 0.098731 -0.010626
v -0.079076 0.079161 -0.010626
v -0.081320 0.081404 -0.003123
v -0.072949 0.088991 -0.003123
v -0.070936 0.086538 -0.010626
v -0.092999 0.062196 -0.010626
v -0.095637 0.063959 -0.003123
v -0.088906 0.073033 -0.003123
v -0.086454 0.071020 -0.010626
v -0.103344 0.042883 -0.010626
v -0.106275 0.044084 -0.003123
v -0.101445 0.054272 -0.003123
v -0.098647 0.052778 -0.010626
v -0.109715 0.022253 -0.010626
v -0.112826 0.022781 -0.003123
v -0.110081 0.033526 -0.003123
v -0.107045 0.032649 -0.010626
v -0.111866 0.001666 -0.010626
v -0.115038 0.001444 -0.003123
v -0.114484 0.012036 -0.003123
v -0.111326 0.011878 -0.010626
v -0.109715 -0.017800 -0.010626
v -0.112826 -0.018770 -0.003123
v -0.114484 -0.008860 -0.003123
v -0.111326 -0.008257 -0.010626
v -0.103344 -0.035479 -0.010626
v -0.106275 -0.037110 -0.003123
v -0.110081 -0.028200 -0.003123
v -0.107045 -0.026886 -0.010626
v -0.092999 -0.051013 -0.010626
v -0.095637 -0.053232 -0.003123
v -0.101445 -0.045468 -0.003123
v -0.098647 -0.043540 -0.010626
v -0.079014 -0.063279 -0.010626
v -0.081195 -0.066079 -0.003123
v -0.088891 -0.060268 -0.003123
v -0.086446 -0.057751 -0.010626
v -0.061694 -0.069468 -0.010626
v -0.063036 -0.072743 -0.003123
v -0.072547 -0.070213 -0.003123
v -0.070736 -0.067162 -0.010626
v -0.041930 -0.070720 -0.010626
v -0.042316 -0.074337 -0.003123
v -0.052828 -0.073940 -0.003123
v -0.052011 -0.070465 -0.010626
v -0.021240 -0.070786 -0.010626
v -0.021344 -0.074469 -0.003123
v -0.031845 -0.074453 -0.003123
v -0.031669 -0.070778 -0.010626
v 0.000084 -0.070786 -0.010626
v 0.000084 -0.074469 -0.003123
v -0.010681 -0.074469 -0.003123
v -0.010630 -0.070786 -0.010626
v 0.021409 -0.070786 -0.010626
v 0.021512 -0.074469 -0.003123
v 0.010850 -0.074469 -0.003123
v 0.010798 -0.070786 -0.010626
v 0.041914 -0.070786 -0.010626
v 0.042117 -0.074469 -0.003123
v 0.031968 -0.074469 -0.003123
v 0.031814 -0.070786 -0.010626
v 0.061125 -0.069732 -0.010626
v 0.061733 -0.073272 -0.003123
v 0.051939 -0.074320 -0.003123
v 0.051650 -0.070654 -0.010626
v 0.078999 -0.063345 -0.010626
v 0.080996 -0.066211 -0.003123
v 0.071658 -0.070593 -0.003123
v 0.070375 -0.067351 -0.010626
v 0.093168 -0.051013 -0.010626
v 0.095805 -0.053232 -0.003123
v 0.089013 -0.060284 -0.003123
v 0.086592 -0.057760 -0.010626
v 0.103513 -0.035479 -0.010626
v 0.106444 -0.037110 -0.003123
v 0.101613 -0.045468 -0.003123
v 0.098815 -0.043540 -0.010626
v 0.109884 -0.017800 -0.010626
v 0.112995 -0.018770 -0.003123
v 0.110250 -0.028200 -0.003123
v 0.107214 -0.026886 -0.010626
v 0.112035 0.001666 -0.010626
v 0.115207 0.001444 -0.003123
v 0.114652 -0.008860 -0.003123
v 0.111495 -0.008257 -0.010626
v 0.109884 0.022253 -0.010626
v 0.112995 0.022781 -0.003123
v 0.114652 0.012036 -0.003123
v 0.111495 0.011878 -0.010626
v 0.103513 0.042883 -0.010626
v 0.106444 0.044084 -0.003123
v 0.110250 0.033526 -0.003123
v 0.107214 0.032649 -0.010626
v 0.093168 0.062196 -0.010626
v 0.095805 0.063959 -0.003123
v 0.101613 0.054272 -0.003123
v 0.098815 0.052778 -0.010626
v 0.079245 0.079161 -0.010626
v 0.081488 0.081404 -0.003123
v 0.089075 0.073033 -0.003123
v 0.086623 0.071020 -0.010626
v 0.062281 0.093083 -0.010626
v 0.064043 0.095721 -0.003123
v 0.073117 0.088991 -0.003123
v 0.071105 0.086538 -0.010626
v 0.042926 0.103428 -0.010626
v 0.044140 0.106359 -0.003123
v 0.054353 0.101529 -0.003123
v 0.052857 0.098731 -0.010626
v 0.021925 0.109799 -0.010626
v 0.022544 0.112911 -0.003123
v 0.033503 0.110165 -0.003123
v 0.032582 0.107129 -0.010626
v 0.011368 0.114568 -0.003123
v 0.011057 0.111411 -0.010626
v -0.023004 0.116075 0.118167
v -0.022622 0.114150 0.131741
v -0.011324 0.115826 0.131741
v -0.011516 0.117779 0.118167
v -0.022161 0.111836 0.145316
v -0.011092 0.113477 0.145316
v 0.000084 0.114027 0.145316
v 0.000084 0.116387 0.131741
v 0.000084 0.118349 0.118167
v -0.045206 0.109340 0.118167
v -0.044455 0.107527 0.131741
v -0.033701 0.111375 0.131741
v -0.034270 0.113252 0.118167
v -0.043552 0.105347 0.145316
v -0.033016 0.109116 0.145316
v -0.065667 0.098404 0.118167
v -0.064577 0.096772 0.131741
v -0.054780 0.102643 0.131741
v -0.055705 0.104374 0.118167
v -0.063266 0.094810 0.145316
v -0.053667 0.100562 0.145316
v -0.083601 0.083685 0.118167
v -0.082214 0.082298 0.131741
v -0.073750 0.089968 0.131741
v -0.074995 0.091485 0.118167
v -0.080545 0.080629 0.145316
v -0.072253 0.088143 0.145316
v -0.098319 0.065751 0.118167
v -0.096688 0.064661 0.131741
v -0.089884 0.073835 0.131741
v -0.091400 0.075079 0.118167
v -0.094725 0.063350 0.145316
v -0.088059 0.072337 0.145316
v -0.109256 0.045290 0.118167
v -0.107443 0.044539 0.131741
v -0.102559 0.054864 0.131741
v -0.104290 0.055789 0.118167
v -0.105263 0.043636 0.145316
v -0.100478 0.053751 0.145316
v -0.115991 0.023089 0.118167
v -0.114066 0.022706 0.131741
v -0.111290 0.033785 0.131741
v -0.113168 0.034355 0.118167
v -0.111751 0.022245 0.145316
v -0.109032 0.033100 0.145316
v -0.118265 -0.000000 0.118167
v -0.116303 -0.000000 0.131741
v -0.115742 0.011408 0.131741
v -0.117694 0.011600 0.118167
v -0.113942 -0.000000 0.145316
v -0.113393 0.011176 0.145316
v -0.115991 -0.023086 0.118167
v -0.114066 -0.022706 0.131741
v -0.115742 -0.011408 0.131741
v -0.117694 -0.011600 0.118167
v -0.111751 -0.022246 0.145316
v -0.113393 -0.011177 0.145316
v -0.109256 -0.045266 0.118167
v -0.107443 -0.044536 0.131741
v -0.111290 -0.033784 0.131741
v -0.113168 -0.034346 0.118167
v -0.105263 -0.043636 0.145316
v -0.109032 -0.033100 0.145316
v -0.098319 -0.065668 0.118167
v -0.096688 -0.064651 0.131741
v -0.102559 -0.054858 0.131741
v -0.104290 -0.055739 0.118167
v -0.094725 -0.063350 0.145316
v -0.100478 -0.053752 0.145316
v -0.083430 -0.083132 0.118167
v -0.082121 -0.082099 0.131741
v -0.089872 -0.073798 0.131741
v -0.091379 -0.074911 0.118167
v -0.080515 -0.080574 0.145316
v -0.088055 -0.072331 0.145316
v -0.064659 -0.095563 0.118167
v -0.063993 -0.095439 0.131741
v -0.073457 -0.089353 0.131741
v -0.074462 -0.090019 0.118167
v -0.063026 -0.094353 0.145316
v -0.072152 -0.087956 0.145316
v -0.043732 -0.102409 0.118167
v -0.043511 -0.103376 0.131741
v -0.053902 -0.100214 0.131741
v -0.054285 -0.099768 0.118167
v -0.043043 -0.103337 0.145316
v -0.053237 -0.099596 0.145316
v -0.022623 -0.103450 0.118167
v -0.022402 -0.105095 0.131741
v -0.033073 -0.104782 0.131741
v -0.033281 -0.103400 0.118167
v -0.022042 -0.106142 0.145316
v -0.032668 -0.105357 0.145316
v 0.000066 -0.103267 0.118167
v 0.000082 -0.105008 0.131741
v -0.011292 -0.105065 0.131741
v -0.011437 -0.103329 0.118167
v 0.000084 -0.106274 0.145316
v -0.011077 -0.106305 0.145316
v 0.022854 -0.103440 0.118167
v 0.022684 -0.105119 0.131741
v 0.011469 -0.105067 0.131741
v 0.011567 -0.103325 0.118167
v 0.022302 -0.106187 0.145316
v 0.011257 -0.106310 0.145316
v 0.044068 -0.102509 0.118167
v 0.043887 -0.103566 0.131741
v 0.033554 -0.104864 0.131741
v 0.033745 -0.103397 0.118167
v 0.043378 -0.103584 0.145316
v 0.033076 -0.105496 0.145316
v 0.063516 -0.096047 0.118167
v 0.063151 -0.095832 0.131741
v 0.053610 -0.100549 0.131741
v 0.053803 -0.100105 0.118167
v 0.062482 -0.094663 0.145316
v 0.053091 -0.099916 0.145316
v 0.083236 -0.083254 0.118167
v 0.082006 -0.082191 0.131741
v 0.072826 -0.089621 0.131741
v 0.073606 -0.090371 0.118167
v 0.080482 -0.080641 0.145316
v 0.071754 -0.088152 0.145316
v 0.098488 -0.065668 0.118167
v 0.096856 -0.064651 0.131741
v 0.090005 -0.073809 0.131741
v 0.091502 -0.074927 0.118167
v 0.094894 -0.063350 0.145316
v 0.088199 -0.072339 0.145316
v 0.109425 -0.045266 0.118167
v 0.107612 -0.044536 0.131741
v 0.102728 -0.054858 0.131741
v 0.104458 -0.055739 0.118167
v 0.105431 -0.043636 0.145316
v 0.100646 -0.053752 0.145316
v 0.116159 -0.023086 0.118167
v 0.114235 -0.022706 0.131741
v 0.111459 -0.033784 0.131741
v 0.113337 -0.034346 0.118167
v 0.111920 -0.022246 0.145316
v 0.109201 -0.033100 0.145316
v 0.118433 -0.000000 0.118167
v 0.116471 -0.000000 0.131741
v 0.115910 -0.011408 0.131741
v 0.117863 -0.011600 0.118167
v 0.114111 -0.000000 0.145316
v 0.113561 -0.011177 0.145316
v 0.116159 0.023089 0.118167
v 0.114235 0.022706 0.131741
v 0.115910 0.011408 0.131741
v 0.117863 0.011600 0.118167
v 0.111920 0.022245 0.145316
v 0.113561 0.011176 0.145316
v 0.109425 0.045290 0.118167
v 0.107612 0.044539 0.131741
v 0.111459 0.033785 0.131741
v 0.113337 0.034355 0.118167
v 0.105431 0.043636 0.145316
v 0.109201 0.033100 0.145316
v 0.098488 0.065751 0.118167
v 0.096856 0.064661 0.131741
v 0.102728 0.054864 0.131741
v 0.104458 0.055789 0.118167
v 0.094894 0.063350 0.145316
v 0.100646 0.053751 0.145316
v 0.083770 0.083685 0.118167
v 0.082382 0.082298 0.131741
v 0.090052 0.073835 0.131741
v 0.091569 0.075079 0.118167
v 0.080713 0.080629 0.145316
v 0.088228 0.072337 0.145316
v 0.065836 0.098404 0.118167
v 0.064745 0.096772 0.131741
v 0.073919 0.089968 0.131741
v 0.075164 0.091485 0.118167
v 0.063434 0.094810 0.145316
v 0.072422 0.088143 0.145316
v 0.045375 0.109340 0.118167
v 0.044624 0.107527 0.131741
v 0.054948 0.102643 0.131741
v 0.055873 0.104374 0.118167
v 0.043720 0.105347 0.145316
v 0.053836 0.100562 0.145316
v 0.023173 0.116075 0.118167
v 0.022790 0.114150 0.131741
v 0.033870 0.111375 0.131741
v 0.034439 0.113252 0.118167
v 0.022330 0.111836 0.145316
v 0.033184 0.109116 0.145316
v 0.011492 0.115826 0.131741
v 0.011685 0.117779 0.118167
v 0.011261 0.113477 0.145316
v -0.021551 0.108767 0.158822
v -0.010786 0.110364 0.158822
v -0.020740 0.104692 0.171915
v -0.010378 0.106229 0.171915
v 0.000084 0.106743 0.171915
v 0.000084 0.110898 0.158822
v -0.042355 0.102457 0.158822
v -0.032108 0.106123 0.158822
v -0.040765 0.098618 0.171915
v -0.030901 0.102146 0.171915
v -0.061528 0.092209 0.158822
v -0.052193 0.097803 0.158822
v -0.059219 0.088754 0.171915
v -0.050234 0.094139 0.171915
v -0.078333 0.078417 0.158822
v -0.070269 0.085725 0.158822
v -0.075395 0.075479 0.171915
v -0.067633 0.082513 0.171915
v -0.092124 0.061612 0.158822
v -0.085641 0.070353 0.158822
v -0.088669 0.059303 0.171915
v -0.082429 0.067717 0.171915
v -0.102373 0.042439 0.158822
v -0.097719 0.052277 0.158822
v -0.098534 0.040849 0.171915
v -0.094054 0.050318 0.171915
v -0.108683 0.021635 0.158822
v -0.106039 0.032192 0.158822
v -0.104608 0.020824 0.171915
v -0.102062 0.030986 0.171915
v -0.110814 -0.000000 0.158822
v -0.110280 0.010870 0.158822
v -0.106659 -0.000000 0.171915
v -0.106144 0.010462 0.171915
v -0.108683 -0.021635 0.158822
v -0.110280 -0.010870 0.158822
v -0.104608 -0.020825 0.171915
v -0.106144 -0.010463 0.171915
v -0.102373 -0.042439 0.158822
v -0.106038 -0.032192 0.158822
v -0.098534 -0.040849 0.171915
v -0.102062 -0.030986 0.171915
v -0.092124 -0.061612 0.158822
v -0.097719 -0.052277 0.158822
v -0.088669 -0.059303 0.171915
v -0.094054 -0.050318 0.171915
v -0.078329 -0.078410 0.158822
v -0.085641 -0.070352 0.158822
v -0.075395 -0.075479 0.171915
v -0.082429 -0.067717 0.171915
v -0.061458 -0.092114 0.158822
v -0.070251 -0.085697 0.158822
v -0.059202 -0.088738 0.171915
v -0.067631 -0.082511 0.171915
v -0.042134 -0.101680 0.158822
v -0.052026 -0.097527 0.158822
v -0.040698 -0.098395 0.171915
v -0.050186 -0.094073 0.171915
v -0.021497 -0.105812 0.158822
v -0.031951 -0.104380 0.158822
v -0.020724 -0.103572 0.171915
v -0.030854 -0.101584 0.171915
v 0.000084 -0.106344 0.158822
v -0.010779 -0.106301 0.158822
v 0.000084 -0.104563 0.171915
v -0.010376 -0.104410 0.171915
v 0.021716 -0.105847 0.158822
v 0.010954 -0.106305 0.158822
v 0.020909 -0.103585 0.171915
v 0.010547 -0.104412 0.171915
v 0.042396 -0.101855 0.158822
v 0.032252 -0.104484 0.158822
v 0.040898 -0.098455 0.171915
v 0.031066 -0.101620 0.171915
v 0.061240 -0.092295 0.158822
v 0.052026 -0.097732 0.158822
v 0.059246 -0.088798 0.171915
v 0.050300 -0.094142 0.171915
v 0.078388 -0.078447 0.158822
v 0.070111 -0.085807 0.158822
v 0.075528 -0.075491 0.171915
v 0.067699 -0.082547 0.171915
v 0.092293 -0.061612 0.158822
v 0.085796 -0.070357 0.158822
v 0.088838 -0.059303 0.171915
v 0.082593 -0.067719 0.171915
v 0.102541 -0.042439 0.158822
v 0.097888 -0.052277 0.158822
v 0.098702 -0.040849 0.171915
v 0.094223 -0.050318 0.171915
v 0.108852 -0.021635 0.158822
v 0.106207 -0.032192 0.158822
v 0.104776 -0.020825 0.171915
v 0.102231 -0.030986 0.171915
v 0.110983 -0.000000 0.158822
v 0.110448 -0.010870 0.158822
v 0.106827 -0.000000 0.171915
v 0.106313 -0.010463 0.171915
v 0.108852 0.021635 0.158822
v 0.110448 0.010870 0.158822
v 0.104776 0.020824 0.171915
v 0.106313 0.010462 0.171915
v 0.102541 0.042439 0.158822
v 0.106207 0.032192 0.158822
v 0.098702 0.040849 0.171915
v 0.102231 0.030986 0.171915
v 0.092293 0.061612 0.158822
v 0.097888 0.052277 0.158822
v 0.088838 0.059303 0.171915
v 0.094223 0.050318 0.171915
v 0.078501 0.078417 0.158822
v 0.085810 0.070353 0.158822
v 0.075563 0.075479 0.171915
v 0.082598 0.067717 0.171915
v 0.061696 0.092209 0.158822
v 0.070437 0.085725 0.158822
v 0.059388 0.088754 0.171915
v 0.067801 0.082513 0.171915
v 0.042523 0.102457 0.158822
v 0.052361 0.097803 0.158822
v 0.040933 0.098618 0.171915
v 0.050403 0.094139 0.171915
v 0.021720 0.108767 0.158822
v 0.032276 0.106123 0.158822
v 0.020909 0.104692 0.171915
v 0.031070 0.102146 0.171915
v 0.010954 0.110364 0.158822
v 0.010547 0.106229 0.171915
v 0.000084 0.120156 0.104027
v 0.011862 0.119576 0.104027
v 0.023526 0.117847 0.104027
v 0.034964 0.114981 0.104027
v 0.046066 0.111009 0.104027
v 0.056725 0.105967 0.104027
v 0.066839 0.099906 0.104027
v 0.076310 0.092881 0.104027
v 0.085047 0.084963 0.104027
v 0.092966 0.076226 0.104027
v 0.099990 0.066755 0.104027
v 0.106052 0.056641 0.104027
v 0.111094 0.045981 0.104027
v 0.115066 0.034879 0.104027
v 0.117931 0.023442 0.104027
v 0.119661 0.011781 0.104027
v 0.120240 0.000009 0.104027
v 0.119661 -0.011757 0.104027
v 0.117931 -0.023399 0.104027
v 0.115066 -0.034798 0.104027
v 0.111094 -0.045833 0.104027
v 0.106052 -0.056392 0.104027
v 0.099990 -0.066384 0.104027
v 0.092880 -0.075662 0.104027
v 0.084360 -0.083813 0.104027
v 0.074296 -0.090441 0.104027
v 0.063784 -0.095487 0.104027
v 0.053857 -0.098983 0.104027
v 0.044052 -0.100990 0.104027
v 0.033701 -0.101681 0.104027
v 0.022807 -0.101656 0.104027
v 0.011533 -0.101514 0.104027
v 0.000031 -0.101450 0.104027
v -0.011507 -0.101525 0.104027
v -0.022722 -0.101688 0.104027
v -0.033373 -0.101725 0.104027
v -0.043871 -0.100903 0.104027
v -0.054614 -0.098560 0.104027
v -0.065278 -0.094841 0.104027
v -0.075398 -0.089965 0.104027
v -0.084639 -0.083646 0.104027
v -0.092767 -0.075641 0.104027
v -0.099821 -0.066384 0.104027
v -0.105883 -0.056392 0.104027
v -0.110925 -0.045833 0.104027
v -0.114897 -0.034798 0.104027
v -0.117763 -0.023399 0.104027
v -0.119492 -0.011757 0.104027
v -0.120071 0.000009 0.104027
v -0.119492 0.011781 0.104027
v -0.117763 0.023442 0.104027
v -0.114897 0.034879 0.104027
v -0.110925 0.045981 0.104027
v -0.105883 0.056641 0.104027
v -0.099822 0.066755 0.104027
v -0.092797 0.076226 0.104027
v -0.084879 0.084963 0.104027
v -0.076141 0.092881 0.104027
v -0.066671 0.099906 0.104027
v -0.056556 0.105967 0.104027
v -0.045897 0.111009 0.104027
v -0.034795 0.114981 0.104027
v -0.023357 0.117847 0.104027
v -0.011693 0.119576 0.104027
v 0.020542 0.067040 0.199545
v 0.027122 0.065275 0.199545
v 0.013701 0.068453 0.199545
v 0.009718 0.048433 0.199613
v 0.015998 0.048969 0.199613
v 0.021764 0.052339 0.199613
v 0.061955 -0.032939 0.199545
v 0.058116 -0.038776 0.199545
v 0.065360 -0.027038 0.199545
v 0.052423 -0.021680 0.199613
v 0.045964 -0.023374 0.199613
v 0.041144 -0.027436 0.199613
v -0.044471 -0.054108 0.199545
v -0.049875 -0.049960 0.199545
v -0.038692 -0.058032 0.199545
v -0.027351 -0.041060 0.199613
v -0.033358 -0.039152 0.199613
v -0.039974 -0.040059 0.199613
v -0.044471 0.054108 0.199545
v -0.038692 0.058032 0.199545
v -0.049875 0.049960 0.199545
v -0.039974 0.040058 0.199613
v -0.033358 0.039152 0.199613
v -0.027351 0.041060 0.199613
v 0.067125 0.020458 0.199545
v 0.068538 0.013616 0.199545
v 0.065360 0.027038 0.199545
v 0.052423 0.021679 0.199613
v 0.049054 0.015914 0.199613
v 0.048518 0.009634 0.199613
v 0.006839 -0.069764 0.199545
v 0.000084 -0.070651 0.199545
v 0.013701 -0.068453 0.199545
v 0.009718 -0.048434 0.199613
v 0.004122 -0.051332 0.199613
v 0.000084 -0.056651 0.199613
v -0.069682 0.006755 0.199545
v -0.068369 0.013616 0.199545
v -0.070570 -0.000000 0.199545
v -0.056567 -0.000000 0.199613
v -0.051247 0.004037 0.199613
v -0.048349 0.009634 0.199613
v 0.033023 0.061870 0.199545
v 0.038860 0.058032 0.199545
v 0.023458 0.045879 0.199613
v 0.027520 0.041060 0.199613
v 0.054193 -0.044556 0.199545
v 0.050044 -0.049960 0.199545
v 0.039236 -0.033442 0.199613
v 0.040143 -0.040059 0.199613
v -0.054024 -0.044556 0.199545
v -0.057948 -0.038776 0.199545
v -0.039068 -0.033442 0.199613
v -0.040976 -0.027436 0.199613
v -0.032854 0.061870 0.199545
v -0.026954 0.065275 0.199545
v -0.023290 0.045879 0.199613
v -0.021595 0.052339 0.199613
v 0.069850 0.006755 0.199545
v 0.070738 -0.000000 0.199545
v 0.051416 0.004037 0.199613
v 0.056735 -0.000000 0.199613
v -0.006670 -0.069764 0.199545
v -0.013532 -0.068453 0.199545
v -0.003953 -0.051332 0.199613
v -0.009550 -0.048434 0.199613
v -0.066956 0.020458 0.199545
v -0.065191 0.027038 0.199545
v -0.048885 0.015914 0.199613
v -0.052255 0.021679 0.199613
v 0.044640 0.054108 0.199545
v 0.050044 0.049960 0.199545
v 0.033526 0.039152 0.199613
v 0.040143 0.040058 0.199613
v 0.044640 -0.054108 0.199545
v 0.038860 -0.058032 0.199545
v 0.033526 -0.039152 0.199613
v 0.027520 -0.041060 0.199613
v -0.061786 -0.032939 0.199545
v -0.065191 -0.027038 0.199545
v -0.045795 -0.023374 0.199613
v -0.052255 -0.021680 0.199613
v -0.020373 0.067040 0.199545
v -0.013532 0.068453 0.199545
v -0.015829 0.048969 0.199613
v -0.009550 0.048433 0.199613
v 0.069850 -0.006755 0.199545
v 0.068538 -0.013616 0.199545
v 0.051416 -0.004038 0.199613
v 0.048518 -0.009634 0.199613
v -0.020373 -0.067040 0.199545
v -0.026954 -0.065276 0.199545
v -0.015829 -0.048970 0.199613
v -0.021595 -0.052339 0.199613
v -0.061786 0.032939 0.199545
v -0.057948 0.038776 0.199545
v -0.045795 0.023374 0.199613
v -0.040976 0.027435 0.199613
v 0.054193 0.044556 0.199545
v 0.058116 0.038776 0.199545
v 0.039236 0.033442 0.199613
v 0.041144 0.027435 0.199613
v 0.033023 -0.061871 0.199545
v 0.027122 -0.065276 0.199545
v 0.023458 -0.045879 0.199613
v 0.021764 -0.052339 0.199613
v -0.066956 -0.020458 0.199545
v -0.068369 -0.013616 0.199545
v -0.048885 -0.015914 0.199613
v -0.048349 -0.009634 0.199613
v 0.006839 0.069766 0.199545
v 0.000084 0.070654 0.199545
v 0.000084 0.056651 0.199613
v 0.004122 0.051332 0.199613
v -0.006670 0.069766 0.199545
v -0.003953 0.051332 0.199613
v 0.067125 -0.020458 0.199545
v 0.049054 -0.015914 0.199613
v -0.032854 -0.061871 0.199545
v -0.023290 -0.045879 0.199613
v -0.054024 0.044556 0.199545
v -0.039068 0.033442 0.199613
v 0.061955 0.032939 0.199545
v 0.045964 0.023374 0.199613
v 0.020542 -0.067040 0.199545
v 0.015998 -0.048970 0.199613
v -0.069682 -0.006755 0.199545
v -0.051247 -0.004038 0.199613
v 0.037189 -0.000000 0.199613
v 0.029626 0.005876 0.199613
v 0.000084 -0.000000 0.199613
v 0.029626 -0.005876 0.199613
v 0.034365 -0.014200 0.199613
v 0.025128 -0.016734 0.199613
v -0.037021 -0.000000 0.199613
v -0.029457 0.005876 0.199613
v -0.029457 -0.005876 0.199613
v 0.026322 -0.026237 0.199613
v 0.016818 -0.025044 0.199613
v -0.034196 0.014199 0.199613
v -0.024960 0.016734 0.199613
v 0.014284 -0.034281 0.199613
v 0.005960 -0.029541 0.199613
v 0.000084 0.037105 0.199613
v -0.005792 0.029541 0.199613
v 0.005960 0.029541 0.199613
v -0.026153 0.026237 0.199613
v -0.016649 0.025044 0.199613
v 0.014284 0.034281 0.199613
v 0.016818 0.025044 0.199613
v 0.000084 -0.037105 0.199613
v -0.005792 -0.029541 0.199613
v -0.014115 0.034281 0.199613
v 0.026322 0.026237 0.199613
v 0.025128 0.016734 0.199613
v -0.014115 -0.034281 0.199613
v -0.016649 -0.025044 0.199613
v 0.034365 0.014199 0.199613
v -0.026153 -0.026237 0.199613
v -0.024960 -0.016734 0.199613
v -0.034196 -0.014200 0.199613
v 0.100153 0.002529 -0.016804
v 0.099671 -0.006266 -0.016804
v 0.080899 -0.003070 -0.017480
v 0.081928 0.003892 -0.017480
v 0.098230 -0.014725 -0.016804
v 0.079379 -0.009960 -0.017480
v 0.056186 -0.004090 -0.017577
v 0.059543 0.001379 -0.017577
v 0.065704 0.005121 -0.017577
v -0.019381 -0.061197 -0.016804
v -0.028881 -0.061196 -0.016804
v -0.023603 -0.047684 -0.017480
v -0.015681 -0.047442 -0.017480
v -0.038118 -0.061190 -0.016804
v -0.031224 -0.048142 -0.017480
v -0.025027 -0.036665 -0.017577
v -0.018349 -0.032471 -0.017577
v -0.011075 -0.030765 -0.017577
v -0.092367 0.039177 -0.016804
v -0.088168 0.048011 -0.016804
v -0.071585 0.040701 -0.017480
v -0.075529 0.033842 -0.017480
v -0.083120 0.056429 -0.016804
v -0.067139 0.047487 -0.017480
v -0.047476 0.036506 -0.017577
v -0.053059 0.031594 -0.017577
v -0.060541 0.029112 -0.017577
v 0.070844 0.071593 -0.016804
v 0.077438 0.064316 -0.016804
v 0.062762 0.054151 -0.017480
v 0.057956 0.060351 -0.017480
v 0.083288 0.056429 -0.016804
v 0.067307 0.047487 -0.017480
v 0.047645 0.036506 -0.017577
v 0.045435 0.043239 -0.017577
v 0.046485 0.050359 -0.017577
v 0.055551 -0.060342 -0.016804
v 0.047122 -0.061090 -0.016804
v 0.038223 -0.047596 -0.017480
v 0.044985 -0.046731 -0.017480
v 0.038267 -0.061197 -0.016804
v 0.031390 -0.048143 -0.017480
v 0.025196 -0.036665 -0.017577
v 0.027159 -0.032382 -0.017577
v 0.031863 -0.030058 -0.017577
v -0.092367 -0.030418 -0.016804
v -0.095675 -0.022787 -0.016804
v -0.077573 -0.016690 -0.017480
v -0.075529 -0.023032 -0.017480
v -0.098062 -0.014725 -0.016804
v -0.079211 -0.009960 -0.017480
v -0.056017 -0.004090 -0.017577
v -0.056638 -0.010441 -0.017577
v -0.060541 -0.016474 -0.017577
v 0.000084 0.100902 -0.016804
v 0.009893 0.100420 -0.016804
v 0.007909 0.083354 -0.017480
v 0.000084 0.084323 -0.017480
v 0.019607 0.098979 -0.016804
v 0.015857 0.081865 -0.017480
v 0.011244 0.060824 -0.017577
v 0.004761 0.063960 -0.017577
v 0.000084 0.069579 -0.017577
v -0.019438 0.098979 -0.016804
v -0.009724 0.100420 -0.016804
v -0.007740 0.083354 -0.017480
v -0.015688 0.081865 -0.017480
v -0.004592 0.063960 -0.017577
v -0.011075 0.060824 -0.017577
v 0.095844 -0.022787 -0.016804
v 0.077742 -0.016690 -0.017480
v 0.092536 -0.030418 -0.016804
v 0.075698 -0.023032 -0.017480
v 0.060709 -0.016474 -0.017577
v 0.056806 -0.010441 -0.017577
v -0.047012 -0.061069 -0.016804
v -0.038062 -0.047593 -0.017480
v -0.055464 -0.060312 -0.016804
v -0.044827 -0.046728 -0.017480
v -0.031695 -0.030058 -0.017577
v -0.026990 -0.032382 -0.017577
v -0.077270 0.064316 -0.016804
v -0.062593 0.054151 -0.017480
v -0.070675 0.071593 -0.016804
v -0.057788 0.060351 -0.017480
v -0.046316 0.050359 -0.017577
v -0.045266 0.043239 -0.017577
v 0.088337 0.048011 -0.016804
v 0.071753 0.040701 -0.017480
v 0.092536 0.039177 -0.016804
v 0.075698 0.033842 -0.017480
v 0.060709 0.029112 -0.017577
v 0.053227 0.031594 -0.017577
v 0.029047 -0.061197 -0.016804
v 0.023771 -0.047685 -0.017480
v 0.019549 -0.061197 -0.016804
v 0.015850 -0.047442 -0.017480
v 0.011244 -0.030765 -0.017577
v 0.018517 -0.032471 -0.017577
v -0.099502 -0.006266 -0.016804
v -0.080731 -0.003070 -0.017480
v -0.099984 0.002529 -0.016804
v -0.081759 0.003892 -0.017480
v -0.065536 0.005121 -0.017577
v -0.059374 0.001379 -0.017577
v 0.029133 0.096593 -0.016804
v 0.023782 0.080196 -0.017480
v 0.038379 0.093285 -0.016804
v 0.031404 0.078093 -0.017480
v 0.025196 0.064584 -0.017577
v 0.018517 0.061224 -0.017577
v 0.088337 -0.037579 -0.016804
v 0.071753 -0.028480 -0.017480
v 0.083288 -0.044205 -0.016804
v 0.067307 -0.033752 -0.017480
v 0.047645 -0.020886 -0.017577
v 0.053227 -0.017483 -0.017577
v -0.063376 -0.058371 -0.016804
v -0.051525 -0.045360 -0.017480
v -0.070668 -0.055003 -0.016804
v -0.057787 -0.043097 -0.017480
v -0.046316 -0.032477 -0.017577
v -0.038652 -0.030222 -0.017577
v -0.063398 0.078187 -0.016804
v -0.051528 0.065216 -0.017480
v -0.055511 0.084037 -0.016804
v -0.044833 0.069793 -0.017480
v -0.031695 0.052283 -0.017577
v -0.038652 0.049852 -0.017577
v 0.095844 0.030055 -0.016804
v 0.077742 0.026381 -0.017480
v 0.098230 0.020806 -0.016804
v 0.079379 0.018719 -0.017480
v 0.056186 0.016191 -0.017577
v 0.056806 0.023041 -0.017577
v 0.009864 -0.061197 -0.016804
v 0.007905 -0.047685 -0.017480
v 0.000084 -0.061197 -0.016804
v 0.000084 -0.048143 -0.017480
v 0.000084 -0.036665 -0.017577
v 0.004761 -0.032471 -0.017577
v -0.099502 0.011589 -0.016804
v -0.080731 0.011160 -0.017480
v -0.098062 0.020806 -0.016804
v -0.079211 0.018719 -0.017480
v -0.056017 0.016191 -0.017577
v -0.059374 0.009881 -0.017577
v 0.047256 0.089086 -0.016804
v 0.038240 0.074208 -0.017480
v 0.055679 0.084037 -0.016804
v 0.045001 0.069793 -0.017480
v 0.031863 0.052283 -0.017577
v 0.027159 0.057645 -0.017577
v 0.077435 -0.050155 -0.016804
v 0.062762 -0.038825 -0.017480
v 0.070816 -0.055010 -0.016804
v 0.057953 -0.043098 -0.017480
v 0.046485 -0.032477 -0.017577
v 0.045435 -0.026322 -0.017577
v -0.077269 -0.050154 -0.016804
v -0.062593 -0.038824 -0.017480
v -0.083120 -0.044205 -0.016804
v -0.067139 -0.033752 -0.017480
v -0.047476 -0.020886 -0.017577
v -0.045266 -0.026322 -0.017577
v -0.047088 0.089086 -0.016804
v -0.038071 0.074208 -0.017480
v -0.038210 0.093285 -0.016804
v -0.031236 0.078093 -0.017480
v -0.025027 0.064584 -0.017577
v -0.026990 0.057645 -0.017577
v 0.099671 0.011589 -0.016804
v 0.080899 0.011160 -0.017480
v 0.059543 0.009881 -0.017577
v -0.009695 -0.061197 -0.016804
v -0.007737 -0.047685 -0.017480
v -0.004592 -0.032471 -0.017577
v -0.095675 0.030055 -0.016804
v -0.077573 0.026381 -0.017480
v -0.056638 0.023041 -0.017577
v 0.063567 0.078187 -0.016804
v 0.051697 0.065216 -0.017480
v 0.038821 0.049852 -0.017577
v 0.063486 -0.058392 -0.016804
v 0.051686 -0.045363 -0.017480
v 0.038821 -0.030222 -0.017577
v -0.088168 -0.037579 -0.016804
v -0.071585 -0.028480 -0.017480
v -0.053059 -0.017483 -0.017577
v -0.028964 0.096593 -0.016804
v -0.023613 0.080196 -0.017480
v -0.018349 0.061224 -0.017577
v 0.016532 0.045715 -0.017577
v 0.019467 0.035746 -0.017577
v 0.000084 0.010001 -0.017577
v 0.006891 0.040955 -0.017577
v -0.030307 0.036399 -0.017577
v -0.028925 0.026137 -0.017577
v -0.019299 0.035746 -0.017577
v 0.000084 -0.020849 -0.017577
v -0.006722 -0.015189 -0.017577
v 0.006891 -0.015189 -0.017577
v -0.016363 0.045715 -0.017577
v -0.006722 0.040955 -0.017577
v 0.030475 0.036399 -0.017577
v 0.029093 0.026137 -0.017577
v -0.016363 -0.020754 -0.017577
v -0.019299 -0.014281 -0.017577
v 0.000084 0.048986 -0.017577
v 0.039792 0.022520 -0.017577
v 0.034303 0.013834 -0.017577
v -0.030307 -0.017529 -0.017577
v -0.028925 -0.008677 -0.017577
v 0.043064 0.006878 -0.017577
v 0.034303 0.001482 -0.017577
v -0.039624 -0.007288 -0.017577
v -0.034134 0.001482 -0.017577
v 0.039792 -0.007288 -0.017577
v 0.029093 -0.008677 -0.017577
v -0.042895 0.006878 -0.017577
v -0.034134 0.013834 -0.017577
v 0.030475 -0.017529 -0.017577
v 0.019467 -0.014281 -0.017577
v -0.039624 0.022520 -0.017577
v 0.016532 -0.020754 -0.017577
v -0.019754 0.099734 0.183894
v -0.009883 0.101198 0.183894
v 0.000084 0.101688 0.183894
v -0.038830 0.093948 0.183894
v -0.029434 0.097309 0.183894
v -0.056411 0.084551 0.183894
v -0.047851 0.089681 0.183894
v -0.071820 0.071904 0.183894
v -0.064426 0.078606 0.183894
v -0.084467 0.056495 0.183894
v -0.078522 0.064510 0.183894
v -0.093864 0.038914 0.183894
v -0.089597 0.047935 0.183894
v -0.099650 0.019838 0.183894
v -0.097225 0.029518 0.183894
v -0.101604 -0.000000 0.183894
v -0.101114 0.009967 0.183894
v -0.099650 -0.019839 0.183894
v -0.101114 -0.009967 0.183894
v -0.093864 -0.038915 0.183894
v -0.097225 -0.029519 0.183894
v -0.084467 -0.056495 0.183894
v -0.089597 -0.047936 0.183894
v -0.071820 -0.071905 0.183894
v -0.078522 -0.064510 0.183894
v -0.056409 -0.084549 0.183894
v -0.064426 -0.078606 0.183894
v -0.038822 -0.093918 0.183894
v -0.047845 -0.089673 0.183894
v -0.019752 -0.099434 0.183894
v -0.029428 -0.097214 0.183894
v 0.000084 -0.100802 0.183894
v -0.009883 -0.100527 0.183894
v 0.019923 -0.099436 0.183894
v 0.010051 -0.100527 0.183894
v 0.038994 -0.093926 0.183894
v 0.029602 -0.097219 0.183894
v 0.056562 -0.084557 0.183894
v 0.048007 -0.089681 0.183894
v 0.071984 -0.071906 0.183894
v 0.064582 -0.078610 0.183894
v 0.084635 -0.056495 0.183894
v 0.078690 -0.064511 0.183894
v 0.094032 -0.038915 0.183894
v 0.089765 -0.047936 0.183894
v 0.099819 -0.019839 0.183894
v 0.097394 -0.029519 0.183894
v 0.101773 -0.000000 0.183894
v 0.101283 -0.009967 0.183894
v 0.099819 0.019838 0.183894
v 0.101283 0.009967 0.183894
v 0.094032 0.038914 0.183894
v 0.097394 0.029518 0.183894
v 0.084635 0.056495 0.183894
v 0.089765 0.047935 0.183894
v 0.071989 0.071904 0.183894
v 0.078690 0.064510 0.183894
v 0.056579 0.084551 0.183894
v 0.064595 0.078606 0.183894
v 0.038999 0.093948 0.183894
v 0.048020 0.089681 0.183894
v 0.019923 0.099734 0.183894
v 0.029603 0.097309 0.183894
v 0.010051 0.101198 0.183894
v 0.000084 0.108985 -0.014874
v 0.010756 0.108460 -0.014874
v 0.021326 0.106893 -0.014874
v 0.031691 0.104296 -0.014874
v 0.041751 0.100697 -0.014874
v 0.051410 0.096128 -0.014874
v 0.060575 0.090635 -0.014874
v 0.069157 0.084270 -0.014874
v 0.077075 0.077094 -0.014874
v 0.084250 0.069177 -0.014874
v 0.090615 0.060595 -0.014874
v 0.096108 0.051436 -0.014874
v 0.100677 0.041821 -0.014874
v 0.104276 0.031886 -0.014874
v 0.106873 0.021807 -0.014874
v 0.108440 0.011759 -0.014874
v 0.108965 0.001878 -0.014874
v 0.108440 -0.007717 -0.014874
v 0.106873 -0.016945 -0.014874
v 0.104276 -0.025738 -0.014874
v 0.100677 -0.034057 -0.014874
v 0.096108 -0.041864 -0.014874
v 0.090615 -0.049092 -0.014874
v 0.084238 -0.055593 -0.014874
v 0.076979 -0.060924 -0.014874
v 0.068874 -0.064671 -0.014874
v 0.060126 -0.066854 -0.014874
v 0.050941 -0.067694 -0.014874
v 0.041358 -0.067814 -0.014874
v 0.031392 -0.067814 -0.014874
v 0.021125 -0.067814 -0.014874
v 0.010656 -0.067814 -0.014874
v 0.000084 -0.067814 -0.014874
v -0.010487 -0.067814 -0.014874
v -0.020957 -0.067814 -0.014874
v -0.031232 -0.067811 -0.014874
v -0.041261 -0.067789 -0.014874
v -0.050978 -0.067621 -0.014874
v -0.060244 -0.066751 -0.014874
v -0.068911 -0.064598 -0.014874
v -0.076882 -0.060898 -0.014874
v -0.084078 -0.055590 -0.014874
v -0.090447 -0.049092 -0.014874
v -0.095940 -0.041864 -0.014874
v -0.100508 -0.034057 -0.014874
v -0.104108 -0.025738 -0.014874
v -0.106704 -0.016945 -0.014874
v -0.108272 -0.007717 -0.014874
v -0.108796 0.001878 -0.014874
v -0.108272 0.011759 -0.014874
v -0.106704 0.021807 -0.014874
v -0.104108 0.031886 -0.014874
v -0.100508 0.041821 -0.014874
v -0.095940 0.051436 -0.014874
v -0.090447 0.060595 -0.014874
v -0.084081 0.069177 -0.014874
v -0.076906 0.077094 -0.014874
v -0.068989 0.084270 -0.014874
v -0.060407 0.090635 -0.014874
v -0.051242 0.096128 -0.014874
v -0.041583 0.100697 -0.014874
v -0.031522 0.104296 -0.014874
v -0.021157 0.106893 -0.014874
v -0.010588 0.108460 -0.014874
vn 0.0399 0.8120 0.5823
vn 0.0100 0.2042 0.9789
vn 0.0300 0.2022 0.9789
vn 0.1193 0.8042 0.5823
vn 0.1976 0.7886 0.5823
vn 0.0497 0.1983 0.9789
vn 0.0689 0.1925 0.9789
vn 0.2738 0.7654 0.5823
vn 0.3476 0.7349 0.5823
vn 0.0874 0.1848 0.9789
vn 0.1051 0.1753 0.9789
vn 0.4179 0.6973 0.5823
vn 0.4843 0.6530 0.5823
vn 0.1218 0.1642 0.9789
vn 0.1373 0.1515 0.9789
vn 0.5459 0.6024 0.5823
vn 0.6024 0.5459 0.5823
vn 0.1515 0.1373 0.9789
vn 0.1642 0.1218 0.9789
vn 0.6529 0.4843 0.5823
vn 0.6973 0.4179 0.5823
vn 0.1753 0.1051 0.9789
vn 0.1848 0.0874 0.9789
vn 0.7349 0.3476 0.5823
vn 0.7654 0.2738 0.5823
vn 0.1925 0.0689 0.9789
vn 0.1983 0.0497 0.9789
vn 0.7886 0.1976 0.5823
vn 0.8042 0.1193 0.5823
vn 0.2022 0.0300 0.9789
vn 0.2042 0.0100 0.9789
vn 0.8120 0.0399 0.5823
vn 0.8120 -0.0399 0.5823
vn 0.2042 -0.0100 0.9789
vn 0.2022 -0.0300 0.9789
vn 0.8042 -0.1193 0.5823
vn 0.7886 -0.1976 0.5823
vn 0.1983 -0.0497 0.9789
vn 0.1925 -0.0689 0.9789
vn 0.7654 -0.2738 0.5823
vn 0.7349 -0.3476 0.5823
vn 0.1848 -0.0874 0.9789
vn 0.1753 -0.1051 0.9789
vn 0.6973 -0.4179 0.5823
vn 0.6529 -0.4843 0.5823
vn 0.1642 -0.1218 0.9789
vn 0.1515 -0.1373 0.9789
vn 0.6024 -0.5459 0.5823
vn 0.5459 -0.6024 0.5823
vn 0.1373 -0.1515 0.9789
vn 0.1218 -0.1642 0.9789
vn 0.4843 -0.6530 0.5823
vn 0.4179 -0.6973 0.5823
vn 0.1051 -0.1753 0.9789
vn 0.0874 -0.1848 0.9789
vn 0.3476 -0.7349 0.5823
vn 0.2733 -0.7660 0.5818
vn 0.0688 -0.1925 0.9789
vn 0.0494 -0.1987 0.9788
vn 0.1942 -0.7923 0.5784
vn 0.1118 -0.8147 0.5689
vn 0.0294 -0.2033 0.9787
vn 0.0097 -0.2060 0.9785
vn 0.0353 -0.8288 0.5584
vn -0.0353 -0.8288 0.5584
vn -0.0097 -0.2060 0.9785
vn -0.0294 -0.2033 0.9787
vn -0.1118 -0.8147 0.5689
vn -0.1942 -0.7923 0.5784
vn -0.0494 -0.1987 0.9788
vn -0.0688 -0.1925 0.9789
vn -0.2733 -0.7660 0.5818
vn -0.3476 -0.7349 0.5823
vn -0.0874 -0.1848 0.9789
vn -0.1051 -0.1753 0.9789
vn -0.4179 -0.6973 0.5823
vn -0.4843 -0.6530 0.5823
vn -0.1218 -0.1642 0.9789
vn -0.1373 -0.1515 0.9789
vn -0.5459 -0.6024 0.5823
vn -0.6024 -0.5459 0.5823
vn -0.1515 -0.1373 0.9789
vn -0.1642 -0.1218 0.9789
vn -0.6530 -0.4843 0.5823
vn -0.6973 -0.4179 0.5823
vn -0.1753 -0.1051 0.9789
vn -0.1848 -0.0874 0.9789
vn -0.7349 -0.3476 0.5823
vn -0.7654 -0.2738 0.5823
vn -0.1925 -0.0689 0.9789
vn -0.1983 -0.0497 0.9789
vn -0.7886 -0.1976 0.5823
vn -0.8042 -0.1193 0.5823
vn -0.2022 -0.0300 0.9789
vn -0.2042 -0.0100 0.9789
vn -0.8120 -0.0399 0.5823
vn -0.8120 0.0399 0.5823
vn -0.2042 0.0100 0.9789
vn -0.2022 0.0300 0.9789
vn -0.8042 0.1193 0.5823
vn -0.7886 0.1976 0.5823
vn -0.1983 0.0497 0.9789
vn -0.1925 0.0689 0.9789
vn -0.7654 0.2738 0.5823
vn -0.7349 0.3476 0.5823
vn -0.1848 0.0874 0.9789
vn -0.1753 0.1051 0.9789
vn -0.6973 0.4179 0.5823
vn -0.6530 0.4843 0.5823
vn -0.1642 0.1218 0.9789
vn -0.1515 0.1373 0.9789
vn -0.6024 0.5459 0.5823
vn -0.5459 0.6024 0.5823
vn -0.1373 0.1515 0.9789
vn -0.1218 0.1642 0.9789
vn -0.4843 0.6530 0.5823
vn -0.4179 0.6973 0.5823
vn -0.1051 0.1753 0.9789
vn -0.0874 0.1848 0.9789
vn -0.3476 0.7349 0.5823
vn -0.2738 0.7654 0.5823
vn -0.0689 0.1925 0.9789
vn -0.0497 0.1983 0.9789
vn -0.1976 0.7886 0.5823
vn -0.1193 0.8042 0.5823
vn -0.0300 0.2022 0.9789
vn -0.0100 0.2042 0.9789
vn -0.0399 0.8120 0.5823
vn -0.1467 0.9890 -0.0182
vn -0.1467 0.9891 0.0149
vn -0.0491 0.9987 0.0149
vn -0.0491 0.9986 -0.0182
vn -0.3368 0.9414 -0.0182
vn -0.3368 0.9415 0.0149
vn -0.2430 0.9699 0.0149
vn -0.2430 0.9699 -0.0182
vn -0.5140 0.8576 -0.0182
vn -0.5140 0.8577 0.0149
vn -0.4275 0.9039 0.0149
vn -0.4275 0.9038 -0.0182
vn -0.6714 0.7409 -0.0182
vn -0.6715 0.7409 0.0149
vn -0.5957 0.8031 0.0149
vn -0.5956 0.8031 -0.0182
vn -0.8031 0.5956 -0.0182
vn -0.8031 0.5957 0.0149
vn -0.7409 0.6715 0.0149
vn -0.7409 0.6714 -0.0182
vn -0.9038 0.4275 -0.0182
vn -0.9039 0.4275 0.0149
vn -0.8577 0.5140 0.0149
vn -0.8576 0.5140 -0.0182
vn -0.9697 0.2438 -0.0179
vn -0.9698 0.2433 0.0150
vn -0.9414 0.3369 0.0150
vn -0.9413 0.3370 -0.0181
vn -0.9986 0.0500 -0.0178
vn -0.9987 0.0495 0.0152
vn -0.9890 0.1472 0.0152
vn -0.9888 0.1479 -0.0177
vn -0.9879 -0.1535 -0.0224
vn -0.9886 -0.1499 0.0119
vn -0.9987 -0.0498 0.0144
vn -0.9985 -0.0507 -0.0190
vn -0.9320 -0.3603 -0.0397
vn -0.9372 -0.3488 -0.0019
vn -0.9682 -0.2500 0.0067
vn -0.9659 -0.2575 -0.0290
vn -0.8311 -0.5514 -0.0727
vn -0.8444 -0.5349 -0.0296
vn -0.8955 -0.4448 -0.0141
vn -0.8864 -0.4596 -0.0545
vn -0.6505 -0.7501 -0.1192
vn -0.6715 -0.7375 -0.0721
vn -0.7797 -0.6242 -0.0481
vn -0.7625 -0.6402 -0.0938
vn -0.3222 -0.9321 -0.1657
vn -0.3570 -0.9252 -0.1284
vn -0.5065 -0.8563 -0.1008
vn -0.4828 -0.8637 -0.1446
vn -0.1083 -0.9710 -0.2134
vn -0.1560 -0.9701 -0.1858
vn -0.2520 -0.9548 -0.1575
vn -0.1994 -0.9615 -0.1889
vn -0.0011 -0.9729 -0.2314
vn 0.0012 -0.9788 -0.2050
vn -0.0581 -0.9776 -0.2023
vn -0.0398 -0.9728 -0.2283
vn 0.0030 -0.9737 -0.2277
vn 0.0056 -0.9795 -0.2015
vn 0.0111 -0.9791 -0.2031
vn 0.0058 -0.9733 -0.2296
vn -0.0050 -0.9734 -0.2292
vn -0.0096 -0.9792 -0.2028
vn -0.0045 -0.9795 -0.2014
vn -0.0024 -0.9738 -0.2276
vn 0.0205 -0.9738 -0.2267
vn 0.0414 -0.9788 -0.2004
vn -0.0017 -0.9789 -0.2042
vn -0.0008 -0.9731 -0.2305
vn 0.1863 -0.9643 -0.1883
vn 0.2447 -0.9571 -0.1555
vn 0.1292 -0.9744 -0.1838
vn 0.0731 -0.9746 -0.2119
vn 0.4718 -0.8695 -0.1461
vn 0.4945 -0.8631 -0.1023
vn 0.3590 -0.9246 -0.1274
vn 0.3260 -0.9307 -0.1656
vn 0.7601 -0.6429 -0.0942
vn 0.7777 -0.6268 -0.0484
vn 0.6595 -0.7480 -0.0740
vn 0.6378 -0.7607 -0.1209
vn 0.8865 -0.4596 -0.0545
vn 0.8955 -0.4448 -0.0141
vn 0.8444 -0.5349 -0.0296
vn 0.8311 -0.5514 -0.0727
vn 0.9659 -0.2575 -0.0290
vn 0.9682 -0.2500 0.0067
vn 0.9372 -0.3488 -0.0019
vn 0.9320 -0.3603 -0.0397
vn 0.9985 -0.0507 -0.0190
vn 0.9987 -0.0498 0.0144
vn 0.9886 -0.1499 0.0119
vn 0.9879 -0.1535 -0.0224
vn 0.9888 0.1479 -0.0177
vn 0.9890 0.1472 0.0152
vn 0.9987 0.0495 0.0152
vn 0.9986 0.0500 -0.0178
vn 0.9413 0.3370 -0.0181
vn 0.9414 0.3369 0.0150
vn 0.9698 0.2433 0.0150
vn 0.9697 0.2437 -0.0179
vn 0.8576 0.5140 -0.0182
vn 0.8577 0.5140 0.0149
vn 0.9039 0.4275 0.0149
vn 0.9038 0.4275 -0.0182
vn 0.7409 0.6714 -0.0182
vn 0.7409 0.6715 0.0149
vn 0.8031 0.5957 0.0149
vn 0.8031 0.5956 -0.0182
vn 0.5956 0.8031 -0.0182
vn 0.5957 0.8031 0.0149
vn 0.6715 0.7409 0.0149
vn 0.6714 0.7409 -0.0182
vn 0.4275 0.9038 -0.0182
vn 0.4275 0.9039 0.0149
vn 0.5140 0.8577 0.0149
vn 0.5140 0.8576 -0.0182
vn 0.2430 0.9699 -0.0182
vn 0.2430 0.9699 0.0149
vn 0.3368 0.9415 0.0149
vn 0.3368 0.9414 -0.0182
vn 0.0491 0.9986 -0.0182
vn 0.0491 0.9987 0.0149
vn 0.1467 0.9891 0.0149
vn 0.1467 0.9890 -0.0182
vn 0.0486 0.9890 -0.1398
vn 0.0490 0.9973 -0.0542
vn 0.1465 0.9877 -0.0542
vn 0.1453 0.9795 -0.1398
vn 0.2406 0.9605 -0.1398
vn 0.2427 0.9686 -0.0542
vn 0.3364 0.9402 -0.0542
vn 0.3335 0.9323 -0.1398
vn 0.4234 0.8951 -0.1398
vn 0.4270 0.9026 -0.0542
vn 0.5133 0.8565 -0.0542
vn 0.5090 0.8493 -0.1398
vn 0.5899 0.7953 -0.1398
vn 0.5949 0.8020 -0.0542
vn 0.6705 0.7399 -0.0542
vn 0.6649 0.7337 -0.1398
vn 0.7337 0.6649 -0.1398
vn 0.7399 0.6705 -0.0542
vn 0.8020 0.5949 -0.0542
vn 0.7953 0.5899 -0.1398
vn 0.8493 0.5091 -0.1398
vn 0.8565 0.5133 -0.0542
vn 0.9026 0.4271 -0.0542
vn 0.8950 0.4237 -0.1397
vn 0.9320 0.3345 -0.1394
vn 0.9400 0.3368 -0.0540
vn 0.9682 0.2442 -0.0537
vn 0.9600 0.2432 -0.1388
vn 0.9791 0.1490 -0.1384
vn 0.9874 0.1489 -0.0533
vn 0.9973 0.0506 -0.0536
vn 0.9890 0.0509 -0.1389
vn 0.9886 -0.0521 -0.1413
vn 0.9971 -0.0516 -0.0554
vn 0.9858 -0.1572 -0.0598
vn 0.9763 -0.1593 -0.1464
vn 0.9506 -0.2693 -0.1547
vn 0.9618 -0.2651 -0.0677
vn 0.9249 -0.3718 -0.0798
vn 0.9108 -0.3778 -0.1663
vn 0.8580 -0.4808 -0.1809
vn 0.8753 -0.4740 -0.0958
vn 0.8156 -0.5671 -0.1149
vn 0.7947 -0.5738 -0.1977
vn 0.7164 -0.6630 -0.2172
vn 0.7405 -0.6579 -0.1374
vn 0.6158 -0.7704 -0.1649
vn 0.5907 -0.7704 -0.2401
vn 0.4270 -0.8652 -0.2630
vn 0.4514 -0.8715 -0.1917
vn 0.2994 -0.9299 -0.2136
vn 0.2739 -0.9189 -0.2840
vn 0.1193 -0.9463 -0.3004
vn 0.1434 -0.9617 -0.2334
vn 0.0339 -0.9682 -0.2480
vn 0.0190 -0.9515 -0.3072
vn 0.0006 -0.9510 -0.3090
vn 0.0057 -0.9667 -0.2560
vn -0.0002 -0.9661 -0.2581
vn -0.0000 -0.9509 -0.3094
vn -0.0002 -0.9510 -0.3093
vn -0.0014 -0.9663 -0.2574
vn -0.0007 -0.9665 -0.2565
vn -0.0001 -0.9510 -0.3091
vn 0.0001 -0.9510 -0.3092
vn 0.0009 -0.9665 -0.2566
vn 0.0016 -0.9662 -0.2577
vn 0.0002 -0.9509 -0.3094
vn -0.0025 -0.9509 -0.3094
vn -0.0024 -0.9660 -0.2586
vn -0.0256 -0.9663 -0.2563
vn -0.0181 -0.9513 -0.3077
vn -0.0536 -0.9517 -0.3023
vn -0.0723 -0.9663 -0.2469
vn -0.1591 -0.9599 -0.2307
vn -0.1342 -0.9467 -0.2930
vn -0.2696 -0.9214 -0.2800
vn -0.2948 -0.9318 -0.2117
vn -0.4620 -0.8663 -0.1901
vn -0.4365 -0.8606 -0.2624
vn -0.6025 -0.7612 -0.2399
vn -0.6287 -0.7603 -0.1634
vn -0.7429 -0.6552 -0.1370
vn -0.7186 -0.6606 -0.2171
vn -0.7947 -0.5738 -0.1977
vn -0.8156 -0.5671 -0.1149
vn -0.8753 -0.4740 -0.0958
vn -0.8580 -0.4808 -0.1809
vn -0.9108 -0.3778 -0.1663
vn -0.9249 -0.3718 -0.0798
vn -0.9618 -0.2651 -0.0677
vn -0.9506 -0.2693 -0.1547
vn -0.9763 -0.1593 -0.1464
vn -0.9858 -0.1572 -0.0598
vn -0.9971 -0.0516 -0.0554
vn -0.9886 -0.0521 -0.1413
vn -0.9890 0.0509 -0.1389
vn -0.9973 0.0506 -0.0536
vn -0.9874 0.1489 -0.0533
vn -0.9791 0.1490 -0.1384
vn -0.9600 0.2432 -0.1388
vn -0.9682 0.2442 -0.0537
vn -0.9400 0.3368 -0.0540
vn -0.9320 0.3345 -0.1394
vn -0.8950 0.4237 -0.1397
vn -0.9026 0.4271 -0.0542
vn -0.8565 0.5133 -0.0542
vn -0.8493 0.5091 -0.1398
vn -0.7953 0.5899 -0.1398
vn -0.8020 0.5949 -0.0542
vn -0.7399 0.6705 -0.0542
vn -0.7337 0.6649 -0.1398
vn -0.6649 0.7337 -0.1398
vn -0.6705 0.7399 -0.0542
vn -0.5949 0.8020 -0.0542
vn -0.5899 0.7953 -0.1398
vn -0.5090 0.8493 -0.1398
vn -0.5133 0.8565 -0.0542
vn -0.4270 0.9026 -0.0542
vn -0.4234 0.8951 -0.1398
vn -0.3335 0.9323 -0.1398
vn -0.3364 0.9402 -0.0542
vn -0.2427 0.9686 -0.0542
vn -0.2406 0.9605 -0.1398
vn -0.1452 0.9795 -0.1398
vn -0.1465 0.9877 -0.0542
vn -0.0490 0.9973 -0.0542
vn -0.0486 0.9890 -0.1398
vn -0.1351 0.9113 -0.3891
vn -0.1407 0.9487 -0.2831
vn -0.0471 0.9579 -0.2831
vn -0.0452 0.9201 -0.3891
vn -0.3103 0.8674 -0.3891
vn -0.3231 0.9030 -0.2831
vn -0.2331 0.9303 -0.2831
vn -0.2239 0.8936 -0.3891
vn -0.4736 0.7902 -0.3891
vn -0.4930 0.8227 -0.2831
vn -0.4101 0.8670 -0.2831
vn -0.3939 0.8328 -0.3891
vn -0.6186 0.6826 -0.3891
vn -0.6441 0.7107 -0.2831
vn -0.5714 0.7703 -0.2831
vn -0.5488 0.7399 -0.3891
vn -0.7399 0.5488 -0.3891
vn -0.7703 0.5714 -0.2831
vn -0.7107 0.6441 -0.2831
vn -0.6826 0.6186 -0.3891
vn -0.8324 0.3950 -0.3887
vn -0.8668 0.4107 -0.2828
vn -0.8226 0.4931 -0.2831
vn -0.7901 0.4737 -0.3890
vn -0.8931 0.2288 -0.3873
vn -0.9298 0.2369 -0.2816
vn -0.9027 0.3249 -0.2823
vn -0.8669 0.3130 -0.3880
vn -0.9204 0.0484 -0.3880
vn -0.9581 0.0499 -0.2821
vn -0.9485 0.1456 -0.2813
vn -0.9112 0.1410 -0.3871
vn -0.9062 -0.1523 -0.3945
vn -0.9443 -0.1567 -0.2893
vn -0.9573 -0.0512 -0.2846
vn -0.9193 -0.0497 -0.3905
vn -0.8403 -0.3604 -0.4049
vn -0.8771 -0.3716 -0.3042
vn -0.9177 -0.2651 -0.2960
vn -0.8798 -0.2573 -0.3996
vn -0.7274 -0.5468 -0.4146
vn -0.7604 -0.5632 -0.3235
vn -0.8239 -0.4722 -0.3134
vn -0.7890 -0.4578 -0.4098
vn -0.5432 -0.7246 -0.4241
vn -0.5700 -0.7447 -0.3471
vn -0.6840 -0.6480 -0.3350
vn -0.6529 -0.6303 -0.4200
vn -0.2291 -0.8788 -0.4186
vn -0.2465 -0.8993 -0.3613
vn -0.4087 -0.8404 -0.3560
vn -0.3880 -0.8191 -0.4226
vn -0.0286 -0.9029 -0.4290
vn -0.0409 -0.9258 -0.3757
vn -0.1156 -0.9229 -0.3674
vn -0.0995 -0.9020 -0.4200
vn -0.0011 -0.8978 -0.4403
vn -0.0018 -0.9231 -0.3845
vn -0.0128 -0.9240 -0.3822
vn -0.0075 -0.8993 -0.4373
vn -0.0000 -0.8977 -0.4407
vn -0.0000 -0.9230 -0.3848
vn 0.0916 -0.8955 -0.4355
vn 0.1038 -0.9194 -0.3794
vn 0.0150 -0.9231 -0.3842
vn 0.0129 -0.8978 -0.4401
vn 0.3842 -0.8227 -0.4189
vn 0.4018 -0.8446 -0.3539
vn 0.2498 -0.8963 -0.3665
vn 0.2309 -0.8754 -0.4248
vn 0.6520 -0.6316 -0.4195
vn 0.6824 -0.6499 -0.3347
vn 0.5612 -0.7523 -0.3451
vn 0.5384 -0.7301 -0.4208
vn 0.7890 -0.4578 -0.4098
vn 0.8239 -0.4722 -0.3134
vn 0.7604 -0.5632 -0.3235
vn 0.7274 -0.5468 -0.4146
vn 0.8798 -0.2573 -0.3996
vn 0.9177 -0.2651 -0.2960
vn 0.8771 -0.3716 -0.3042
vn 0.8403 -0.3604 -0.4049
vn 0.9193 -0.0497 -0.3905
vn 0.9573 -0.0512 -0.2846
vn 0.9443 -0.1567 -0.2893
vn 0.9062 -0.1523 -0.3945
vn 0.9112 0.1410 -0.3871
vn 0.9485 0.1456 -0.2813
vn 0.9581 0.0499 -0.2821
vn 0.9204 0.0484 -0.3880
vn 0.8669 0.3130 -0.3880
vn 0.9027 0.3249 -0.2823
vn 0.9298 0.2369 -0.2816
vn 0.8931 0.2288 -0.3873
vn 0.7901 0.4737 -0.3890
vn 0.8226 0.4931 -0.2831
vn 0.8668 0.4107 -0.2828
vn 0.8324 0.3950 -0.3887
vn 0.6826 0.6186 -0.3891
vn 0.7107 0.6441 -0.2831
vn 0.7703 0.5714 -0.2831
vn 0.7399 0.5488 -0.3891
vn 0.5488 0.7399 -0.3891
vn 0.5714 0.7703 -0.2831
vn 0.6441 0.7107 -0.2831
vn 0.6186 0.6826 -0.3890
vn 0.3939 0.8328 -0.3891
vn 0.4101 0.8670 -0.2831
vn 0.4930 0.8227 -0.2831
vn 0.4736 0.7902 -0.3891
vn 0.2239 0.8936 -0.3891
vn 0.2331 0.9303 -0.2831
vn 0.3231 0.9030 -0.2831
vn 0.3103 0.8674 -0.3891
vn 0.0452 0.9201 -0.3891
vn 0.0471 0.9579 -0.2831
vn 0.1407 0.9487 -0.2831
vn 0.1351 0.9113 -0.3891
vn -0.1452 0.9790 0.1429
vn -0.1445 0.9746 0.1711
vn -0.0484 0.9841 0.1711
vn -0.0486 0.9885 0.1429
vn -0.3334 0.9319 0.1429
vn -0.3319 0.9277 0.1711
vn -0.2394 0.9557 0.1711
vn -0.2405 0.9601 0.1429
vn -0.5088 0.8489 0.1429
vn -0.5065 0.8451 0.1711
vn -0.4213 0.8906 0.1711
vn -0.4232 0.8947 0.1429
vn -0.6646 0.7334 0.1429
vn -0.6616 0.7301 0.1711
vn -0.5869 0.7913 0.1711
vn -0.5896 0.7949 0.1429
vn -0.7949 0.5896 0.1429
vn -0.7913 0.5869 0.1711
vn -0.7301 0.6616 0.1711
vn -0.7334 0.6646 0.1429
vn -0.8947 0.4232 0.1429
vn -0.8906 0.4213 0.1711
vn -0.8451 0.5065 0.1711
vn -0.8489 0.5088 0.1429
vn -0.9601 0.2405 0.1429
vn -0.9557 0.2394 0.1711
vn -0.9277 0.3319 0.1711
vn -0.9319 0.3334 0.1429
vn -0.9885 0.0486 0.1429
vn -0.9841 0.0484 0.1711
vn -0.9746 0.1445 0.1711
vn -0.9790 0.1452 0.1429
vn -0.9790 -0.1452 0.1429
vn -0.9746 -0.1445 0.1711
vn -0.9841 -0.0484 0.1711
vn -0.9885 -0.0486 0.1429
vn -0.9319 -0.3336 0.1425
vn -0.9277 -0.3319 0.1710
vn -0.9557 -0.2394 0.1711
vn -0.9601 -0.2406 0.1428
vn -0.8488 -0.5097 0.1407
vn -0.8451 -0.5066 0.1708
vn -0.8906 -0.4214 0.1710
vn -0.8946 -0.4237 0.1419
vn -0.7189 -0.6831 0.1286
vn -0.7243 -0.6695 0.1651
vn -0.7906 -0.5882 0.1700
vn -0.7931 -0.5932 0.1383
vn -0.5159 -0.8548 0.0566
vn -0.5533 -0.8240 0.1217
vn -0.6445 -0.7498 0.1498
vn -0.6224 -0.7760 0.1016
vn -0.2667 -0.9628 -0.0442
vn -0.3177 -0.9475 0.0362
vn -0.4485 -0.8899 0.0828
vn -0.4018 -0.9157 0.0046
vn -0.0169 -0.9937 -0.1105
vn -0.0514 -0.9970 -0.0581
vn -0.1625 -0.9866 -0.0142
vn -0.1136 -0.9900 -0.0839
vn 0.0051 -0.9919 -0.1271
vn 0.0038 -0.9958 -0.0919
vn -0.0060 -0.9965 -0.0838
vn 0.0067 -0.9923 -0.1237
vn -0.0073 -0.9921 -0.1251
vn 0.0032 -0.9964 -0.0848
vn -0.0042 -0.9957 -0.0921
vn -0.0051 -0.9919 -0.1273
vn 0.1048 -0.9904 -0.0907
vn 0.1537 -0.9880 -0.0180
vn 0.0436 -0.9972 -0.0610
vn 0.0136 -0.9933 -0.1149
vn 0.4147 -0.9099 0.0009
vn 0.4646 -0.8820 0.0789
vn 0.3250 -0.9451 0.0337
vn 0.2680 -0.9621 -0.0495
vn 0.6088 -0.7873 0.0977
vn 0.6339 -0.7597 0.1451
vn 0.5537 -0.8246 0.1156
vn 0.5147 -0.8558 0.0522
vn 0.7918 -0.5949 0.1380
vn 0.7897 -0.5895 0.1698
vn 0.7181 -0.6765 0.1633
vn 0.7108 -0.6919 0.1270
vn 0.8946 -0.4238 0.1419
vn 0.8906 -0.4214 0.1710
vn 0.8451 -0.5066 0.1708
vn 0.8488 -0.5097 0.1407
vn 0.9601 -0.2406 0.1428
vn 0.9557 -0.2394 0.1711
vn 0.9277 -0.3319 0.1710
vn 0.9319 -0.3336 0.1425
vn 0.9885 -0.0486 0.1429
vn 0.9841 -0.0484 0.1711
vn 0.9746 -0.1445 0.1711
vn 0.9790 -0.1452 0.1429
vn 0.9790 0.1452 0.1429
vn 0.9746 0.1445 0.1711
vn 0.9841 0.0484 0.1711
vn 0.9885 0.0486 0.1429
vn 0.9319 0.3334 0.1429
vn 0.9277 0.3319 0.1711
vn 0.9557 0.2394 0.1711
vn 0.9601 0.2405 0.1429
vn 0.8489 0.5088 0.1429
vn 0.8451 0.5065 0.1711
vn 0.8906 0.4213 0.1711
vn 0.8947 0.4232 0.1429
vn 0.7334 0.6646 0.1429
vn 0.7301 0.6616 0.1711
vn 0.7913 0.5869 0.1711
vn 0.7949 0.5896 0.1429
vn 0.5896 0.7949 0.1429
vn 0.5869 0.7913 0.1711
vn 0.6616 0.7301 0.1711
vn 0.6646 0.7334 0.1429
vn 0.4232 0.8947 0.1429
vn 0.4213 0.8906 0.1711
vn 0.5065 0.8451 0.1711
vn 0.5088 0.8489 0.1429
vn 0.2405 0.9601 0.1429
vn 0.2394 0.9557 0.1711
vn 0.3319 0.9277 0.1711
vn 0.3334 0.9319 0.1429
vn 0.0486 0.9885 0.1429
vn 0.0484 0.9841 0.1711
vn 0.1445 0.9746 0.1711
vn 0.1452 0.9790 0.1429
vn -0.1429 0.9637 0.2254
vn -0.1398 0.9429 0.3022
vn -0.0468 0.9521 0.3022
vn -0.0478 0.9731 0.2254
vn -0.3282 0.9173 0.2254
vn -0.3211 0.8975 0.3022
vn -0.2317 0.9247 0.3022
vn -0.2368 0.9451 0.2254
vn -0.5008 0.8357 0.2254
vn -0.4900 0.8177 0.3022
vn -0.4076 0.8617 0.3022
vn -0.4166 0.8807 0.2254
vn -0.6543 0.7219 0.2254
vn -0.6401 0.7063 0.3022
vn -0.5679 0.7656 0.3022
vn -0.5804 0.7825 0.2254
vn -0.7825 0.5804 0.2254
vn -0.7656 0.5679 0.3022
vn -0.7063 0.6401 0.3022
vn -0.7219 0.6542 0.2254
vn -0.8807 0.4166 0.2254
vn -0.8617 0.4076 0.3022
vn -0.8177 0.4900 0.3022
vn -0.8357 0.5008 0.2254
vn -0.9451 0.2368 0.2254
vn -0.9247 0.2317 0.3022
vn -0.8975 0.3211 0.3022
vn -0.9173 0.3282 0.2254
vn -0.9731 0.0478 0.2254
vn -0.9521 0.0468 0.3022
vn -0.9429 0.1398 0.3022
vn -0.9637 0.1429 0.2254
vn -0.9637 -0.1429 0.2254
vn -0.9429 -0.1398 0.3022
vn -0.9521 -0.0468 0.3022
vn -0.9731 -0.0478 0.2254
vn -0.9173 -0.3282 0.2254
vn -0.8975 -0.3211 0.3022
vn -0.9247 -0.2317 0.3022
vn -0.9451 -0.2368 0.2254
vn -0.8357 -0.5008 0.2254
vn -0.8177 -0.4900 0.3022
vn -0.8617 -0.4076 0.3022
vn -0.8807 -0.4166 0.2254
vn -0.7205 -0.6565 0.2234
vn -0.7062 -0.6404 0.3019
vn -0.7656 -0.5679 0.3021
vn -0.7823 -0.5807 0.2252
vn -0.5692 -0.7961 0.2056
vn -0.5649 -0.7695 0.2980
vn -0.6395 -0.7075 0.3009
vn -0.6498 -0.7283 0.2176
vn -0.3613 -0.9194 0.1552
vn -0.3852 -0.8809 0.2749
vn -0.4816 -0.8267 0.2909
vn -0.4764 -0.8593 0.1860
vn -0.1044 -0.9931 0.0529
vn -0.1607 -0.9670 0.1974
vn -0.2737 -0.9307 0.2426
vn -0.2225 -0.9690 0.1079
vn -0.0006 -1.0000 -0.0024
vn -0.0091 -0.9903 0.1390
vn -0.0621 -0.9855 0.1582
vn -0.0300 -0.9995 0.0133
vn 0.0267 -0.9996 0.0137
vn 0.0600 -0.9854 0.1592
vn 0.0088 -0.9902 0.1391
vn 0.0001 -1.0000 -0.0024
vn 0.2154 -0.9700 0.1128
vn 0.2697 -0.9299 0.2501
vn 0.1555 -0.9671 0.2011
vn 0.0958 -0.9939 0.0548
vn 0.4896 -0.8520 0.1854
vn 0.4883 -0.8224 0.2919
vn 0.3888 -0.8771 0.2820
vn 0.3688 -0.9156 0.1606
vn 0.6433 -0.7355 0.2126
vn 0.6368 -0.7114 0.2971
vn 0.5662 -0.7701 0.2940
vn 0.5706 -0.7965 0.1999
vn 0.7818 -0.5816 0.2249
vn 0.7654 -0.5683 0.3019
vn 0.7046 -0.6429 0.3005
vn 0.7167 -0.6613 0.2216
vn 0.8807 -0.4166 0.2254
vn 0.8617 -0.4076 0.3022
vn 0.8177 -0.4900 0.3022
vn 0.8357 -0.5008 0.2254
vn 0.9451 -0.2368 0.2254
vn 0.9247 -0.2317 0.3022
vn 0.8975 -0.3211 0.3022
vn 0.9173 -0.3282 0.2254
vn 0.9731 -0.0478 0.2254
vn 0.9521 -0.0468 0.3022
vn 0.9429 -0.1398 0.3022
vn 0.9637 -0.1429 0.2254
vn 0.9637 0.1429 0.2254
vn 0.9429 0.1398 0.3022
vn 0.9521 0.0468 0.3022
vn 0.9731 0.0478 0.2254
vn 0.9173 0.3282 0.2254
vn 0.8975 0.3211 0.3022
vn 0.9247 0.2317 0.3022
vn 0.9451 0.2368 0.2254
vn 0.8357 0.5008 0.2254
vn 0.8177 0.4900 0.3022
vn 0.8617 0.4076 0.3022
vn 0.8807 0.4166 0.2254
vn 0.7219 0.6543 0.2254
vn 0.7063 0.6401 0.3022
vn 0.7656 0.5679 0.3022
vn 0.7825 0.5804 0.2254
vn 0.5804 0.7825 0.2254
vn 0.5679 0.7656 0.3022
vn 0.6401 0.7063 0.3022
vn 0.6543 0.7219 0.2254
vn 0.4166 0.8807 0.2254
vn 0.4076 0.8617 0.3022
vn 0.4900 0.8177 0.3022
vn 0.5008 0.8357 0.2254
vn 0.2368 0.9451 0.2254
vn 0.2317 0.9247 0.3022
vn 0.3211 0.8975 0.3022
vn 0.3282 0.9173 0.2254
vn 0.0478 0.9731 0.2254
vn 0.0468 0.9521 0.3022
vn 0.1398 0.9429 0.3022
vn 0.1429 0.9637 0.2254
vn 0.0490 0.9962 0.0722
vn 0.0487 0.9908 0.1266
vn 0.1455 0.9812 0.1266
vn 0.1463 0.9866 0.0722
vn 0.2424 0.9675 0.0722
vn 0.2411 0.9622 0.1266
vn 0.3341 0.9340 0.1266
vn 0.3360 0.9391 0.0722
vn 0.4265 0.9016 0.0722
vn 0.4242 0.8967 0.1266
vn 0.5099 0.8508 0.1266
vn 0.5127 0.8555 0.0722
vn 0.5942 0.8011 0.0722
vn 0.5909 0.7967 0.1266
vn 0.6661 0.7350 0.1266
vn 0.6698 0.7390 0.0722
vn 0.7390 0.6698 0.0722
vn 0.7350 0.6661 0.1266
vn 0.7967 0.5909 0.1266
vn 0.8011 0.5942 0.0722
vn 0.8555 0.5127 0.0722
vn 0.8508 0.5099 0.1266
vn 0.8967 0.4242 0.1266
vn 0.9016 0.4265 0.0722
vn 0.9391 0.3360 0.0722
vn 0.9340 0.3341 0.1266
vn 0.9622 0.2411 0.1266
vn 0.9675 0.2425 0.0722
vn 0.9866 0.1464 0.0723
vn 0.9812 0.1455 0.1266
vn 0.9908 0.0487 0.1266
vn 0.9962 0.0491 0.0723
vn 0.9962 -0.0492 0.0719
vn 0.9908 -0.0487 0.1265
vn 0.9812 -0.1457 0.1263
vn 0.9866 -0.1473 0.0706
vn 0.9672 -0.2447 0.0677
vn 0.9622 -0.2416 0.1256
vn 0.9339 -0.3353 0.1243
vn 0.9382 -0.3404 0.0628
vn 0.8993 -0.4338 0.0554
vn 0.8963 -0.4265 0.1218
vn 0.8500 -0.5134 0.1179
vn 0.8515 -0.5224 0.0455
vn 0.7891 -0.6134 0.0322
vn 0.7910 -0.6015 0.1114
vn 0.6974 -0.7104 0.0942
vn 0.6811 -0.7321 0.0093
vn 0.5296 -0.8478 -0.0279
vn 0.5715 -0.8188 0.0548
vn 0.4617 -0.8870 0.0003
vn 0.4056 -0.9113 -0.0707
vn 0.3035 -0.9464 -0.1105
vn 0.3585 -0.9321 -0.0513
vn 0.2193 -0.9715 -0.0904
vn 0.1788 -0.9737 -0.1413
vn 0.0591 -0.9859 -0.1568
vn 0.0757 -0.9907 -0.1135
vn 0.0008 -0.9924 -0.1228
vn -0.0023 -0.9871 -0.1600
vn -0.0121 -0.9871 -0.1597
vn -0.0113 -0.9920 -0.1261
vn -0.0053 -0.9919 -0.1272
vn -0.0055 -0.9872 -0.1595
vn 0.0066 -0.9872 -0.1595
vn 0.0059 -0.9919 -0.1270
vn 0.0125 -0.9921 -0.1251
vn 0.0140 -0.9871 -0.1595
vn 0.0030 -0.9871 -0.1601
vn -0.0006 -0.9927 -0.1206
vn -0.0857 -0.9902 -0.1107
vn -0.0723 -0.9849 -0.1576
vn -0.1960 -0.9701 -0.1430
vn -0.2270 -0.9698 -0.0893
vn -0.3520 -0.9346 -0.0520
vn -0.3040 -0.9459 -0.1132
vn -0.4059 -0.9111 -0.0719
vn -0.4634 -0.8861 0.0012
vn -0.5861 -0.8082 0.0576
vn -0.5433 -0.8392 -0.0261
vn -0.6921 -0.7217 0.0111
vn -0.7071 -0.7006 0.0958
vn -0.7925 -0.5995 0.1116
vn -0.7909 -0.6111 0.0325
vn -0.8515 -0.5224 0.0455
vn -0.8500 -0.5134 0.1179
vn -0.8963 -0.4265 0.1218
vn -0.8993 -0.4338 0.0554
vn -0.9382 -0.3404 0.0628
vn -0.9339 -0.3353 0.1243
vn -0.9622 -0.2416 0.1256
vn -0.9672 -0.2447 0.0677
vn -0.9866 -0.1473 0.0706
vn -0.9812 -0.1457 0.1263
vn -0.9908 -0.0487 0.1265
vn -0.9962 -0.0492 0.0719
vn -0.9962 0.0491 0.0723
vn -0.9908 0.0487 0.1266
vn -0.9812 0.1455 0.1266
vn -0.9866 0.1465 0.0723
vn -0.9675 0.2425 0.0722
vn -0.9622 0.2411 0.1266
vn -0.9340 0.3341 0.1266
vn -0.9391 0.3360 0.0722
vn -0.9016 0.4265 0.0722
vn -0.8967 0.4242 0.1266
vn -0.8508 0.5099 0.1266
vn -0.8555 0.5127 0.0722
vn -0.8011 0.5942 0.0722
vn -0.7967 0.5909 0.1266
vn -0.7350 0.6661 0.1266
vn -0.7390 0.6698 0.0722
vn -0.6698 0.7390 0.0722
vn -0.6661 0.7350 0.1266
vn -0.5909 0.7967 0.1266
vn -0.5942 0.8011 0.0722
vn -0.5127 0.8555 0.0722
vn -0.5099 0.8508 0.1266
vn -0.4242 0.8967 0.1266
vn -0.4265 0.9016 0.0722
vn -0.3360 0.9391 0.0722
vn -0.3341 0.9340 0.1266
vn -0.2411 0.9622 0.1266
vn -0.2424 0.9675 0.0722
vn -0.1463 0.9866 0.0722
vn -0.1455 0.9812 0.1266
vn -0.0487 0.9908 0.1266
vn -0.0490 0.9962 0.0722
vn 0.0091 0.0287 0.9995
vn 0.0066 0.0285 0.9996
vn 0.0002 0.0036 1.0000
vn -0.0006 0.0046 1.0000
vn 0.0248 -0.0155 0.9996
vn 0.0267 -0.0139 0.9995
vn 0.0028 -0.0037 1.0000
vn 0.0027 -0.0023 1.0000
vn -0.0194 -0.0230 0.9995
vn -0.0170 -0.0239 0.9996
vn -0.0016 -0.0032 1.0000
vn -0.0012 -0.0045 1.0000
vn -0.0170 0.0239 0.9996
vn -0.0194 0.0230 0.9995
vn -0.0012 0.0045 1.0000
vn -0.0016 0.0032 1.0000
vn 0.0285 0.0066 0.9996
vn 0.0287 0.0091 0.9995
vn 0.0046 -0.0006 1.0000
vn 0.0036 0.0002 1.0000
vn 0.0026 -0.0300 0.9995
vn 0.0048 -0.0289 0.9996
vn 0.0011 -0.0034 1.0000
vn 0.0023 -0.0040 1.0000
vn -0.0289 0.0048 0.9996
vn -0.0300 0.0026 0.9995
vn -0.0040 0.0023 1.0000
vn -0.0034 0.0011 1.0000
vn 0.0155 0.0248 0.9996
vn 0.0139 0.0267 0.9995
vn 0.0037 0.0028 1.0000
vn 0.0023 0.0027 1.0000
vn 0.0230 -0.0194 0.9995
vn 0.0239 -0.0170 0.9996
vn 0.0032 -0.0016 1.0000
vn 0.0045 -0.0012 1.0000
vn -0.0239 -0.0170 0.9996
vn -0.0230 -0.0194 0.9995
vn -0.0045 -0.0012 1.0000
vn -0.0032 -0.0016 1.0000
vn -0.0139 0.0267 0.9995
vn -0.0155 0.0248 0.9996
vn -0.0023 0.0027 1.0000
vn -0.0037 0.0028 1.0000
vn 0.0300 0.0026 0.9995
vn 0.0289 0.0048 0.9996
vn 0.0034 0.0011 1.0000
vn 0.0040 0.0023 1.0000
vn -0.0048 -0.0289 0.9996
vn -0.0026 -0.0300 0.9995
vn -0.0023 -0.0040 1.0000
vn -0.0011 -0.0034 1.0000
vn -0.0287 0.0091 0.9995
vn -0.0285 0.0066 0.9996
vn -0.0036 0.0002 1.0000
vn -0.0046 -0.0006 1.0000
vn 0.0194 0.0230 0.9995
vn 0.0170 0.0239 0.9996
vn 0.0016 0.0032 1.0000
vn 0.0012 0.0045 1.0000
vn 0.0170 -0.0239 0.9996
vn 0.0194 -0.0230 0.9995
vn 0.0012 -0.0045 1.0000
vn 0.0016 -0.0032 1.0000
vn -0.0267 -0.0139 0.9995
vn -0.0248 -0.0155 0.9996
vn -0.0027 -0.0023 1.0000
vn -0.0028 -0.0037 1.0000
vn -0.0066 0.0285 0.9996
vn -0.0091 0.0287 0.9995
vn 0.0006 0.0046 1.0000
vn -0.0002 0.0036 1.0000
vn 0.0289 -0.0048 0.9996
vn 0.0300 -0.0026 0.9995
vn 0.0040 -0.0023 1.0000
vn 0.0034 -0.0011 1.0000
vn -0.0091 -0.0287 0.9995
vn -0.0066 -0.0286 0.9996
vn -0.0002 -0.0036 1.0000
vn 0.0006 -0.0046 1.0000
vn -0.0248 0.0155 0.9996
vn -0.0267 0.0139 0.9995
vn -0.0028 0.0037 1.0000
vn -0.0027 0.0023 1.0000
vn 0.0239 0.0170 0.9996
vn 0.0230 0.0194 0.9995
vn 0.0045 0.0012 1.0000
vn 0.0032 0.0016 1.0000
vn 0.0139 -0.0267 0.9995
vn 0.0155 -0.0248 0.9996
vn 0.0023 -0.0027 1.0000
vn 0.0037 -0.0028 1.0000
vn -0.0285 -0.0066 0.9996
vn -0.0287 -0.0091 0.9995
vn -0.0046 0.0006 1.0000
vn -0.0036 -0.0002 1.0000
vn 0.0048 0.0289 0.9996
vn 0.0026 0.0300 0.9995
vn 0.0023 0.0040 1.0000
vn 0.0011 0.0034 1.0000
vn -0.0026 0.0300 0.9995
vn -0.0048 0.0289 0.9996
vn -0.0011 0.0034 1.0000
vn -0.0023 0.0040 1.0000
vn 0.0287 -0.0091 0.9995
vn 0.0285 -0.0066 0.9996
vn 0.0036 -0.0002 1.0000
vn 0.0046 0.0006 1.0000
vn -0.0155 -0.0248 0.9996
vn -0.0139 -0.0267 0.9995
vn -0.0037 -0.0028 1.0000
vn -0.0023 -0.0027 1.0000
vn -0.0230 0.0194 0.9995
vn -0.0239 0.0170 0.9996
vn -0.0032 0.0016 1.0000
vn -0.0045 0.0012 1.0000
vn 0.0267 0.0139 0.9995
vn 0.0248 0.0155 0.9996
vn 0.0027 0.0023 1.0000
vn 0.0028 0.0037 1.0000
vn 0.0066 -0.0286 0.9996
vn 0.0091 -0.0287 0.9995
vn -0.0006 -0.0046 1.0000
vn 0.0002 -0.0036 1.0000
vn -0.0300 -0.0026 0.9995
vn -0.0289 -0.0048 0.9996
vn -0.0034 -0.0011 1.0000
vn -0.0040 -0.0023 1.0000
vn -0.0000 -0.0000 1.0000
vn 0.0361 -0.0035 -0.9993
vn 0.0345 -0.0067 -0.9994
vn 0.0040 -0.0016 -1.0000
vn 0.0047 -0.0031 -1.0000
vn 0.0007 -0.0497 -0.9988
vn 0.0014 -0.0515 -0.9987
vn 0.0027 -0.0084 -1.0000
vn 0.0008 -0.0063 -1.0000
vn -0.0338 0.0175 -0.9993
vn -0.0316 0.0197 -0.9993
vn -0.0035 0.0030 -1.0000
vn -0.0038 0.0047 -1.0000
vn 0.0296 0.0250 -0.9992
vn 0.0305 0.0218 -0.9993
vn 0.0040 0.0020 -1.0000
vn 0.0056 0.0016 -1.0000
vn 0.0049 -0.0463 -0.9989
vn 0.0021 -0.0496 -0.9988
vn 0.0029 -0.0053 -1.0000
vn 0.0014 -0.0050 -1.0000
vn -0.0337 -0.0129 -0.9993
vn -0.0338 -0.0092 -0.9994
vn -0.0043 -0.0003 -1.0000
vn -0.0057 0.0009 -1.0000
vn 0.0033 0.0399 -0.9992
vn 0.0064 0.0384 -0.9992
vn 0.0014 0.0045 -1.0000
vn 0.0028 0.0054 -1.0000
vn -0.0064 0.0384 -0.9992
vn -0.0033 0.0399 -0.9992
vn -0.0028 0.0054 -1.0000
vn -0.0014 0.0045 -1.0000
vn 0.0338 -0.0092 -0.9994
vn 0.0337 -0.0129 -0.9993
vn 0.0057 0.0009 -1.0000
vn 0.0043 -0.0003 -1.0000
vn -0.0021 -0.0496 -0.9988
vn -0.0049 -0.0463 -0.9989
vn -0.0014 -0.0050 -1.0000
vn -0.0029 -0.0053 -1.0000
vn -0.0305 0.0218 -0.9993
vn -0.0296 0.0250 -0.9992
vn -0.0056 0.0016 -1.0000
vn -0.0040 0.0020 -1.0000
vn 0.0316 0.0197 -0.9993
vn 0.0338 0.0175 -0.9993
vn 0.0038 0.0047 -1.0000
vn 0.0035 0.0030 -1.0000
vn -0.0014 -0.0514 -0.9987
vn -0.0007 -0.0497 -0.9988
vn -0.0008 -0.0063 -1.0000
vn -0.0027 -0.0084 -1.0000
vn -0.0345 -0.0067 -0.9994
vn -0.0361 -0.0035 -0.9993
vn -0.0047 -0.0031 -1.0000
vn -0.0040 -0.0016 -1.0000
vn 0.0088 0.0379 -0.9992
vn 0.0122 0.0380 -0.9992
vn -0.0005 0.0061 -1.0000
vn 0.0004 0.0047 -1.0000
vn 0.0307 -0.0198 -0.9993
vn 0.0280 -0.0224 -0.9994
vn 0.0029 -0.0034 -1.0000
vn 0.0030 -0.0053 -1.0000
vn -0.0097 -0.0426 -0.9990
vn -0.0159 -0.0384 -0.9991
vn -0.0000 -0.0075 -1.0000
vn -0.0005 -0.0057 -1.0000
vn -0.0253 0.0299 -0.9992
vn -0.0223 0.0312 -0.9993
vn -0.0021 0.0042 -1.0000
vn -0.0018 0.0059 -1.0000
vn 0.0357 0.0115 -0.9993
vn 0.0352 0.0084 -0.9993
vn 0.0043 0.0003 -1.0000
vn 0.0055 -0.0008 -1.0000
vn 0.0007 -0.0494 -0.9988
vn 0.0013 -0.0507 -0.9987
vn 0.0026 -0.0069 -1.0000
vn 0.0008 -0.0059 -1.0000
vn -0.0366 0.0034 -0.9993
vn -0.0355 0.0063 -0.9994
vn -0.0042 0.0015 -1.0000
vn -0.0051 0.0031 -1.0000
vn 0.0181 0.0353 -0.9992
vn 0.0203 0.0326 -0.9993
vn 0.0030 0.0035 -1.0000
vn 0.0046 0.0038 -1.0000
vn 0.0264 -0.0249 -0.9993
vn 0.0239 -0.0299 -0.9993
vn 0.0052 -0.0019 -1.0000
vn 0.0036 -0.0023 -1.0000
vn -0.0239 -0.0298 -0.9993
vn -0.0264 -0.0249 -0.9993
vn -0.0036 -0.0023 -1.0000
vn -0.0052 -0.0019 -1.0000
vn -0.0203 0.0326 -0.9993
vn -0.0181 0.0353 -0.9992
vn -0.0046 0.0038 -1.0000
vn -0.0030 0.0035 -1.0000
vn 0.0355 0.0063 -0.9994
vn 0.0366 0.0034 -0.9993
vn 0.0051 0.0031 -1.0000
vn 0.0042 0.0015 -1.0000
vn -0.0013 -0.0507 -0.9987
vn -0.0007 -0.0494 -0.9988
vn -0.0008 -0.0059 -1.0000
vn -0.0026 -0.0069 -1.0000
vn -0.0352 0.0084 -0.9993
vn -0.0357 0.0115 -0.9993
vn -0.0055 -0.0008 -1.0000
vn -0.0043 0.0003 -1.0000
vn 0.0223 0.0312 -0.9993
vn 0.0253 0.0299 -0.9992
vn 0.0018 0.0059 -1.0000
vn 0.0021 0.0042 -1.0000
vn 0.0159 -0.0384 -0.9991
vn 0.0097 -0.0426 -0.9990
vn 0.0005 -0.0057 -1.0000
vn -0.0280 -0.0224 -0.9994
vn -0.0307 -0.0198 -0.9993
vn -0.0030 -0.0053 -1.0000
vn -0.0029 -0.0034 -1.0000
vn -0.0122 0.0380 -0.9992
vn -0.0088 0.0379 -0.9992
vn -0.0004 0.0047 -1.0000
vn 0.0005 0.0061 -1.0000
vn -0.0000 -0.0000 -1.0000
vn -0.1352 0.9115 0.3884
vn -0.1319 0.8892 0.4381
vn -0.0441 0.8978 0.4381
vn -0.0452 0.9204 0.3884
vn -0.3104 0.8676 0.3884
vn -0.3028 0.8464 0.4381
vn -0.2185 0.8720 0.4381
vn -0.2239 0.8939 0.3884
vn -0.4737 0.7904 0.3884
vn -0.4621 0.7710 0.4381
vn -0.3844 0.8126 0.4381
vn -0.3940 0.8330 0.3884
vn -0.6188 0.6828 0.3884
vn -0.6036 0.6661 0.4381
vn -0.5355 0.7220 0.4381
vn -0.5490 0.7401 0.3884
vn -0.7401 0.5490 0.3884
vn -0.7220 0.5355 0.4381
vn -0.6661 0.6036 0.4381
vn -0.6828 0.6188 0.3884
vn -0.8330 0.3940 0.3884
vn -0.8126 0.3844 0.4381
vn -0.7710 0.4621 0.4381
vn -0.7904 0.4737 0.3884
vn -0.8939 0.2239 0.3884
vn -0.8720 0.2185 0.4381
vn -0.8464 0.3028 0.4381
vn -0.8676 0.3104 0.3884
vn -0.9204 0.0453 0.3884
vn -0.8978 0.0441 0.4381
vn -0.8892 0.1319 0.4381
vn -0.9115 0.1352 0.3884
vn -0.9115 -0.1352 0.3884
vn -0.8892 -0.1319 0.4381
vn -0.8978 -0.0441 0.4381
vn -0.9204 -0.0453 0.3884
vn -0.8676 -0.3104 0.3884
vn -0.8464 -0.3028 0.4381
vn -0.8720 -0.2185 0.4381
vn -0.8939 -0.2239 0.3884
vn -0.7904 -0.4737 0.3884
vn -0.7710 -0.4621 0.4381
vn -0.8126 -0.3844 0.4381
vn -0.8330 -0.3940 0.3884
vn -0.6828 -0.6188 0.3884
vn -0.6661 -0.6037 0.4381
vn -0.7220 -0.5355 0.4381
vn -0.7401 -0.5490 0.3884
vn -0.5483 -0.7410 0.3877
vn -0.5355 -0.7221 0.4380
vn -0.6036 -0.6661 0.4381
vn -0.6187 -0.6829 0.3883
vn -0.3886 -0.8396 0.3795
vn -0.3838 -0.8137 0.4365
vn -0.4619 -0.7714 0.4376
vn -0.4718 -0.7930 0.3854
vn -0.1951 -0.9179 0.3455
vn -0.2076 -0.8804 0.4264
vn -0.3004 -0.8495 0.4337
vn -0.2972 -0.8817 0.3665
vn -0.0200 -0.9524 0.3043
vn -0.0306 -0.9172 0.3974
vn -0.1095 -0.9047 0.4118
vn -0.0900 -0.9427 0.3212
vn 0.0894 -0.9426 0.3216
vn 0.1094 -0.9047 0.4119
vn 0.0306 -0.9171 0.3974
vn 0.0199 -0.9523 0.3044
vn 0.2959 -0.8807 0.3699
vn 0.3002 -0.8493 0.4343
vn 0.2074 -0.8803 0.4267
vn 0.1934 -0.9176 0.3472
vn 0.4736 -0.7917 0.3860
vn 0.4621 -0.7713 0.4377
vn 0.3839 -0.8134 0.4371
vn 0.3893 -0.8379 0.3826
vn 0.6182 -0.6843 0.3867
vn 0.6036 -0.6663 0.4378
vn 0.5356 -0.7222 0.4377
vn 0.5489 -0.7414 0.3860
vn 0.7401 -0.5491 0.3883
vn 0.7220 -0.5355 0.4381
vn 0.6661 -0.6038 0.4380
vn 0.6824 -0.6196 0.3878
vn 0.8330 -0.3940 0.3884
vn 0.8126 -0.3844 0.4381
vn 0.7710 -0.4621 0.4381
vn 0.7904 -0.4737 0.3884
vn 0.8939 -0.2239 0.3884
vn 0.8720 -0.2185 0.4381
vn 0.8464 -0.3028 0.4381
vn 0.8676 -0.3104 0.3884
vn 0.9204 -0.0453 0.3884
vn 0.8978 -0.0441 0.4381
vn 0.8892 -0.1319 0.4381
vn 0.9115 -0.1352 0.3884
vn 0.9115 0.1352 0.3884
vn 0.8892 0.1319 0.4381
vn 0.8978 0.0441 0.4381
vn 0.9204 0.0453 0.3884
vn 0.8676 0.3104 0.3884
vn 0.8464 0.3028 0.4381
vn 0.8720 0.2185 0.4381
vn 0.8939 0.2239 0.3884
vn 0.7904 0.4737 0.3884
vn 0.7710 0.4621 0.4381
vn 0.8126 0.3844 0.4381
vn 0.8330 0.3940 0.3884
vn 0.6828 0.6188 0.3884
vn 0.6661 0.6036 0.4381
vn 0.7220 0.5355 0.4381
vn 0.7401 0.5490 0.3884
vn 0.5490 0.7401 0.3884
vn 0.5355 0.7220 0.4381
vn 0.6036 0.6661 0.4381
vn 0.6188 0.6828 0.3884
vn 0.3940 0.8330 0.3884
vn 0.3844 0.8126 0.4381
vn 0.4621 0.7710 0.4381
vn 0.4737 0.7904 0.3884
vn 0.2239 0.8939 0.3884
vn 0.2185 0.8720 0.4381
vn 0.3028 0.8464 0.4381
vn 0.3104 0.8676 0.3884
vn 0.0453 0.9204 0.3884
vn 0.0441 0.8978 0.4381
vn 0.1319 0.8892 0.4381
vn 0.1352 0.9115 0.3884
vn 0.0114 0.2323 -0.9726
vn 0.0403 0.8193 -0.5719
vn 0.1203 0.8113 -0.5721
vn 0.0341 0.2299 -0.9726
vn 0.0564 0.2251 -0.9727
vn 0.1993 0.7954 -0.5723
vn 0.2761 0.7718 -0.5727
vn 0.0780 0.2179 -0.9728
vn 0.0987 0.2086 -0.9730
vn 0.3504 0.7407 -0.5732
vn 0.4210 0.7025 -0.5738
vn 0.1181 0.1971 -0.9732
vn 0.1363 0.1837 -0.9735
vn 0.4876 0.6574 -0.5746
vn 0.5492 0.6060 -0.5754
vn 0.1528 0.1686 -0.9738
vn 0.1677 0.1519 -0.9741
vn 0.6055 0.5488 -0.5763
vn 0.6558 0.4864 -0.5774
vn 0.1806 0.1340 -0.9744
vn 0.1915 0.1149 -0.9747
vn 0.6996 0.4195 -0.5784
vn 0.7363 0.3497 -0.5793
vn 0.2003 0.0952 -0.9751
vn 0.2070 0.0750 -0.9755
vn 0.7659 0.2772 -0.5801
vn 0.7884 0.2028 -0.5808
vn 0.2116 0.0546 -0.9758
vn 0.2142 0.0335 -0.9762
vn 0.8035 0.1251 -0.5820
vn 0.8107 0.0429 -0.5839
vn 0.2148 0.0114 -0.9766
vn 0.2132 -0.0117 -0.9769
vn 0.8086 -0.0441 -0.5868
vn 0.7958 -0.1348 -0.5903
vn 0.2092 -0.0356 -0.9772
vn 0.2029 -0.0600 -0.9774
vn 0.7717 -0.2273 -0.5939
vn 0.7367 -0.3180 -0.5968
vn 0.1943 -0.0841 -0.9773
vn 0.1836 -0.1075 -0.9771
vn 0.6918 -0.4040 -0.5986
vn 0.6379 -0.4834 -0.5995
vn 0.1708 -0.1300 -0.9767
vn 0.1553 -0.1525 -0.9760
vn 0.5722 -0.5595 -0.5996
vn 0.4760 -0.6477 -0.5948
vn 0.1324 -0.1803 -0.9747
vn 0.0989 -0.2141 -0.9718
vn 0.3414 -0.7366 -0.5838
vn 0.2007 -0.7917 -0.5770
vn 0.0607 -0.2449 -0.9677
vn 0.0242 -0.2681 -0.9631
vn 0.0770 -0.8144 -0.5751
vn 0.0107 -0.8191 -0.5735
vn 0.0034 -0.2787 -0.9604
vn -0.0000 -0.2801 -0.9600
vn -0.0000 -0.8194 -0.5732
vn -0.0001 -0.2801 -0.9600
vn -0.0005 -0.8196 -0.5729
vn -0.0032 -0.8212 -0.5706
vn -0.0004 -0.2803 -0.9599
vn -0.0043 -0.2796 -0.9601
vn -0.0176 -0.8252 -0.5645
vn -0.0810 -0.8229 -0.5624
vn -0.0247 -0.2695 -0.9627
vn -0.0607 -0.2456 -0.9675
vn -0.2003 -0.7956 -0.5718
vn -0.3425 -0.7338 -0.5867
vn -0.0990 -0.2137 -0.9719
vn -0.1325 -0.1799 -0.9747
vn -0.4773 -0.6444 -0.5974
vn -0.5725 -0.5588 -0.6000
vn -0.1553 -0.1524 -0.9760
vn -0.1708 -0.1300 -0.9767
vn -0.6379 -0.4834 -0.5995
vn -0.6918 -0.4040 -0.5986
vn -0.1836 -0.1075 -0.9771
vn -0.1943 -0.0841 -0.9773
vn -0.7367 -0.3180 -0.5968
vn -0.7718 -0.2273 -0.5939
vn -0.2029 -0.0600 -0.9774
vn -0.2092 -0.0356 -0.9772
vn -0.7958 -0.1348 -0.5903
vn -0.8086 -0.0441 -0.5868
vn -0.2132 -0.0117 -0.9769
vn -0.2148 0.0114 -0.9766
vn -0.8107 0.0429 -0.5839
vn -0.8035 0.1251 -0.5820
vn -0.2142 0.0335 -0.9762
vn -0.2116 0.0546 -0.9758
vn -0.7884 0.2028 -0.5808
vn -0.7659 0.2772 -0.5801
vn -0.2070 0.0750 -0.9755
vn -0.2003 0.0952 -0.9751
vn -0.7363 0.3497 -0.5793
vn -0.6996 0.4195 -0.5784
vn -0.1915 0.1149 -0.9747
vn -0.1806 0.1340 -0.9744
vn -0.6558 0.4864 -0.5774
vn -0.6055 0.5488 -0.5763
vn -0.1677 0.1519 -0.9741
vn -0.1528 0.1686 -0.9738
vn -0.5492 0.6060 -0.5754
vn -0.4876 0.6574 -0.5746
vn -0.1363 0.1837 -0.9735
vn -0.1181 0.1971 -0.9732
vn -0.4210 0.7025 -0.5738
vn -0.3504 0.7407 -0.5732
vn -0.0987 0.2086 -0.9730
vn -0.0780 0.2179 -0.9728
vn -0.2761 0.7718 -0.5727
vn -0.1993 0.7954 -0.5723
vn -0.0564 0.2251 -0.9727
vn -0.0341 0.2299 -0.9726
vn -0.1203 0.8113 -0.5721
vn -0.0403 0.8193 -0.5719
vn -0.0114 0.2323 -0.9726
vt 0.597978 0.016709
vt 0.601410 0.017918
vt 0.599582 0.023588
vt 0.596122 0.022558
vt 0.341496 0.790620
vt 0.346007 0.790842
vt 0.346009 0.795736
vt 0.341496 0.795958
vt 0.346488 0.800607
vt 0.342020 0.801270
vt 0.598009 0.029318
vt 0.594510 0.028417
vt 0.596610 0.035093
vt 0.593109 0.034307
vt 0.347444 0.805407
vt 0.343061 0.806505
vt 0.348864 0.810091
vt 0.344611 0.811613
vt 0.595405 0.040905
vt 0.591872 0.040209
vt 0.594311 0.046741
vt 0.590786 0.046131
vt 0.350739 0.814612
vt 0.346654 0.816544
vt 0.353045 0.818928
vt 0.349171 0.821251
vt 0.593381 0.052603
vt 0.589825 0.052061
vt 0.592521 0.058478
vt 0.588980 0.058003
vt 0.355766 0.822997
vt 0.352136 0.825689
vt 0.358870 0.826781
vt 0.355523 0.829814
vt 0.591805 0.064372
vt 0.588234 0.063952
vt 0.591132 0.070275
vt 0.587579 0.069909
vt 0.362332 0.830240
vt 0.359298 0.833589
vt 0.366115 0.833346
vt 0.363424 0.836974
vt 0.590588 0.076193
vt 0.587006 0.075870
vt 0.590067 0.082116
vt 0.586506 0.081838
vt 0.370185 0.836064
vt 0.367862 0.839940
vt 0.374501 0.838372
vt 0.372570 0.842455
vt 0.589665 0.088051
vt 0.586075 0.087810
vt 0.589271 0.093990
vt 0.585703 0.093786
vt 0.379023 0.840243
vt 0.377502 0.844498
vt 0.383707 0.841665
vt 0.382610 0.846046
vt 0.588987 0.099939
vt 0.585390 0.099766
vt 0.588699 0.105891
vt 0.585126 0.105748
vt 0.388508 0.842618
vt 0.387845 0.847088
vt 0.393378 0.843099
vt 0.393157 0.847610
vt 0.588514 0.111849
vt 0.584913 0.111733
vt 0.588316 0.117809
vt 0.584741 0.117720
vt 0.398272 0.843097
vt 0.398494 0.847610
vt 0.403143 0.842618
vt 0.403806 0.847086
vt 0.588216 0.123773
vt 0.584613 0.123706
vt 0.588096 0.129738
vt 0.584519 0.129694
vt 0.407943 0.841662
vt 0.409041 0.846045
vt 0.412627 0.840242
vt 0.414149 0.844494
vt 0.588070 0.135704
vt 0.584466 0.135681
vt 0.588019 0.141671
vt 0.584441 0.141669
vt 0.417148 0.838367
vt 0.419080 0.842452
vt 0.421465 0.836060
vt 0.423787 0.839935
vt 0.588064 0.147642
vt 0.584455 0.147658
vt 0.588080 0.153620
vt 0.584494 0.153655
vt 0.425533 0.833340
vt 0.428225 0.836969
vt 0.429317 0.830236
vt 0.432351 0.833582
vt 0.588185 0.159613
vt 0.584556 0.159661
vt 0.588257 0.165632
vt 0.584650 0.165687
vt 0.432776 0.826774
vt 0.436125 0.829808
vt 0.435882 0.822991
vt 0.439510 0.825682
vt 0.588381 0.171687
vt 0.584717 0.171730
vt 0.588420 0.177778
vt 0.584781 0.177790
vt 0.438600 0.818921
vt 0.442475 0.821244
vt 0.440908 0.814606
vt 0.444990 0.816537
vt 0.588403 0.183841
vt 0.584780 0.183831
vt 0.588360 0.189863
vt 0.584762 0.189838
vt 0.442780 0.810084
vt 0.447030 0.811606
vt 0.444197 0.805400
vt 0.448568 0.806498
vt 0.588307 0.195838
vt 0.584752 0.195802
vt 0.588261 0.201767
vt 0.584768 0.201732
vt 0.445144 0.800599
vt 0.449582 0.801261
vt 0.445619 0.795727
vt 0.450090 0.795946
vt 0.588227 0.207651
vt 0.584779 0.207650
vt 0.588256 0.213531
vt 0.584767 0.213565
vt 0.445624 0.790832
vt 0.450104 0.790607
vt 0.445150 0.785961
vt 0.449607 0.785296
vt 0.588300 0.219445
vt 0.584755 0.219485
vt 0.588359 0.225397
vt 0.584775 0.225432
vt 0.444198 0.781161
vt 0.448578 0.780062
vt 0.442778 0.776478
vt 0.447030 0.774956
vt 0.588423 0.231388
vt 0.584814 0.231419
vt 0.588486 0.237418
vt 0.584851 0.237445
vt 0.440903 0.771957
vt 0.444987 0.770025
vt 0.438597 0.767641
vt 0.442470 0.765318
vt 0.588542 0.243495
vt 0.584871 0.243507
vt 0.588531 0.249582
vt 0.584893 0.249587
vt 0.435876 0.763572
vt 0.439505 0.760880
vt 0.432772 0.759788
vt 0.436119 0.756755
vt 0.588562 0.255682
vt 0.584885 0.255677
vt 0.588514 0.261778
vt 0.584868 0.261771
vt 0.429310 0.756329
vt 0.432344 0.752981
vt 0.425527 0.753224
vt 0.428218 0.749595
vt 0.588537 0.267868
vt 0.584864 0.267866
vt 0.588506 0.273951
vt 0.584865 0.273959
vt 0.421457 0.750506
vt 0.423780 0.746630
vt 0.417141 0.748197
vt 0.419072 0.744114
vt 0.588558 0.280027
vt 0.584891 0.280048
vt 0.588570 0.286098
vt 0.584935 0.286133
vt 0.412619 0.746326
vt 0.414141 0.742072
vt 0.407935 0.744905
vt 0.409033 0.740523
vt 0.588672 0.292160
vt 0.585012 0.292215
vt 0.588745 0.298218
vt 0.585117 0.298292
vt 0.403135 0.743951
vt 0.403798 0.739482
vt 0.398264 0.743471
vt 0.398486 0.738959
vt 0.588916 0.304265
vt 0.585264 0.304364
vt 0.589069 0.310307
vt 0.585448 0.310431
vt 0.393370 0.743472
vt 0.393148 0.738959
vt 0.388499 0.743952
vt 0.387836 0.739484
vt 0.589326 0.316338
vt 0.585683 0.316493
vt 0.589578 0.322364
vt 0.585965 0.322549
vt 0.383699 0.744908
vt 0.382601 0.740525
vt 0.379015 0.746328
vt 0.377493 0.742075
vt 0.589940 0.328376
vt 0.586307 0.328599
vt 0.590310 0.334382
vt 0.586708 0.334641
vt 0.374494 0.748202
vt 0.372562 0.744118
vt 0.370178 0.750509
vt 0.367855 0.746635
vt 0.590801 0.340373
vt 0.587179 0.340678
vt 0.591315 0.346357
vt 0.587724 0.346706
vt 0.366109 0.753229
vt 0.363417 0.749600
vt 0.362325 0.756333
vt 0.359291 0.752987
vt 0.591960 0.352322
vt 0.588352 0.352727
vt 0.592650 0.358278
vt 0.589072 0.358737
vt 0.358865 0.759795
vt 0.355517 0.756761
vt 0.355760 0.763578
vt 0.352132 0.760888
vt 0.593485 0.364212
vt 0.589894 0.364740
vt 0.594393 0.370131
vt 0.590833 0.370728
vt 0.353042 0.767649
vt 0.349166 0.765326
vt 0.350734 0.771964
vt 0.346651 0.770034
vt 0.595466 0.376022
vt 0.591899 0.376707
vt 0.596652 0.381890
vt 0.593118 0.382665
vt 0.348863 0.776487
vt 0.344608 0.774965
vt 0.347441 0.781170
vt 0.343060 0.780073
vt 0.598035 0.387718
vt 0.594504 0.388610
vt 0.599594 0.393501
vt 0.596101 0.394524
vt 0.346488 0.785971
vt 0.342018 0.785308
vt 0.601410 0.399224
vt 0.597945 0.400427
vt 0.499111 0.401750
vt 0.513387 0.401299
vt 0.513765 0.408716
vt 0.499210 0.409170
vt 0.527305 0.400356
vt 0.527950 0.407729
vt 0.528629 0.415219
vt 0.514157 0.416280
vt 0.499279 0.416754
vt 0.498834 0.387326
vt 0.512672 0.386840
vt 0.513022 0.394022
vt 0.498982 0.394485
vt 0.526153 0.386016
vt 0.526710 0.393140
vt 0.498489 0.373255
vt 0.512014 0.372794
vt 0.512334 0.379777
vt 0.498663 0.380258
vt 0.525172 0.372081
vt 0.525644 0.379013
vt 0.498133 0.359443
vt 0.511437 0.359034
vt 0.511714 0.365885
vt 0.498304 0.366328
vt 0.524358 0.358444
vt 0.524746 0.365237
vt 0.497817 0.345806
vt 0.510961 0.345483
vt 0.511185 0.352237
vt 0.497962 0.352610
vt 0.523707 0.345026
vt 0.524014 0.351716
vt 0.497590 0.332299
vt 0.510618 0.332083
vt 0.510773 0.338766
vt 0.497691 0.339040
vt 0.523230 0.331762
vt 0.523450 0.338379
vt 0.497483 0.318920
vt 0.510416 0.318819
vt 0.510498 0.325432
vt 0.497519 0.325587
vt 0.522923 0.318638
vt 0.523056 0.325184
vt 0.497523 0.305827
vt 0.510370 0.305758
vt 0.510373 0.312255
vt 0.497484 0.312322
vt 0.522782 0.305653
vt 0.522832 0.312126
vt 0.497708 0.293223
vt 0.510482 0.293023
vt 0.510407 0.299347
vt 0.497599 0.299460
vt 0.522804 0.292848
vt 0.522773 0.299226
vt 0.498008 0.281060
vt 0.510737 0.280609
vt 0.510593 0.286781
vt 0.497846 0.287099
vt 0.522982 0.280250
vt 0.522875 0.286522
vt 0.498375 0.269072
vt 0.511096 0.268383
vt 0.510906 0.274489
vt 0.498187 0.275068
vt 0.523288 0.267839
vt 0.523121 0.274029
vt 0.498687 0.257114
vt 0.511467 0.256325
vt 0.511296 0.262294
vt 0.498559 0.263061
vt 0.523674 0.255712
vt 0.523478 0.261696
vt 0.498578 0.245078
vt 0.511563 0.244375
vt 0.511556 0.250421
vt 0.498696 0.251181
vt 0.523971 0.243856
vt 0.523844 0.249838
vt 0.498099 0.232386
vt 0.511423 0.231965
vt 0.511517 0.238147
vt 0.498359 0.238743
vt 0.524101 0.231715
vt 0.524063 0.237735
vt 0.497644 0.220152
vt 0.511138 0.220090
vt 0.511283 0.226022
vt 0.497848 0.226242
vt 0.523965 0.220115
vt 0.524051 0.225937
vt 0.497488 0.207597
vt 0.511014 0.207655
vt 0.511041 0.213937
vt 0.497518 0.213920
vt 0.523882 0.207691
vt 0.523901 0.213987
vt 0.497724 0.195065
vt 0.511191 0.195258
vt 0.511068 0.201401
vt 0.497559 0.201286
vt 0.523999 0.195301
vt 0.523919 0.201430
vt 0.498272 0.183179
vt 0.511544 0.183576
vt 0.511363 0.189290
vt 0.497970 0.189005
vt 0.524184 0.183743
vt 0.524104 0.189378
vt 0.498827 0.171706
vt 0.511765 0.172324
vt 0.511694 0.178074
vt 0.498588 0.177561
vt 0.524121 0.172672
vt 0.524186 0.178334
vt 0.499003 0.158574
vt 0.511709 0.159398
vt 0.511772 0.165929
vt 0.498968 0.165200
vt 0.523846 0.160010
vt 0.524005 0.166413
vt 0.498777 0.146327
vt 0.511402 0.147085
vt 0.511569 0.153171
vt 0.498920 0.152340
vt 0.523502 0.147682
vt 0.523668 0.153815
vt 0.498492 0.134432
vt 0.511110 0.134954
vt 0.511246 0.141025
vt 0.498630 0.140376
vt 0.523250 0.135370
vt 0.523362 0.141540
vt 0.498274 0.122377
vt 0.510926 0.122651
vt 0.511002 0.128836
vt 0.498371 0.128445
vt 0.523130 0.122887
vt 0.523171 0.129154
vt 0.498172 0.109898
vt 0.510885 0.110043
vt 0.510886 0.116389
vt 0.498206 0.116200
vt 0.523167 0.110212
vt 0.523128 0.116572
vt 0.498215 0.096948
vt 0.511002 0.097124
vt 0.510924 0.103616
vt 0.498174 0.103472
vt 0.523369 0.097368
vt 0.523248 0.103808
vt 0.498402 0.083727
vt 0.511272 0.084015
vt 0.511119 0.090587
vt 0.498292 0.090358
vt 0.523735 0.084396
vt 0.523532 0.090896
vt 0.498702 0.070389
vt 0.511679 0.070785
vt 0.511460 0.077415
vt 0.498540 0.077070
vt 0.524264 0.071295
vt 0.523982 0.077859
vt 0.499082 0.056940
vt 0.512201 0.057405
vt 0.511926 0.064112
vt 0.498881 0.063678
vt 0.524955 0.058045
vt 0.524595 0.064691
vt 0.499486 0.043331
vt 0.512811 0.043830
vt 0.512497 0.050646
vt 0.499281 0.050155
vt 0.525794 0.044576
vt 0.525358 0.051335
vt 0.499860 0.029488
vt 0.513480 0.029976
vt 0.513140 0.036942
vt 0.499679 0.036438
vt 0.526781 0.030810
vt 0.526272 0.037728
vt 0.500143 0.015307
vt 0.514172 0.015737
vt 0.513825 0.022910
vt 0.500016 0.022438
vt 0.527908 0.016632
vt 0.527332 0.023769
vt 0.500288 0.000663
vt 0.514843 0.000991
vt 0.514513 0.008432
vt 0.500234 0.008037
vt 0.529158 0.001889
vt 0.528524 0.009330
vt 0.479559 0.001193
vt 0.488566 0.000779
vt 0.488748 0.008099
vt 0.479949 0.008393
vt 0.488862 0.015279
vt 0.480215 0.015449
vt 0.488891 0.022344
vt 0.480347 0.022417
vt 0.488875 0.029323
vt 0.480416 0.029313
vt 0.488795 0.036233
vt 0.480395 0.036164
vt 0.488697 0.043087
vt 0.480352 0.042974
vt 0.488559 0.049899
vt 0.480249 0.049757
vt 0.488424 0.056674
vt 0.480150 0.056516
vt 0.488266 0.063421
vt 0.480013 0.063257
vt 0.488128 0.070147
vt 0.479894 0.069986
vt 0.487998 0.076854
vt 0.479777 0.076707
vt 0.487887 0.083546
vt 0.479674 0.083418
vt 0.487800 0.090216
vt 0.479594 0.090109
vt 0.487745 0.096833
vt 0.479548 0.096737
vt 0.487727 0.103360
vt 0.479540 0.103251
vt 0.487746 0.109760
vt 0.479568 0.109619
vt 0.487799 0.116007
vt 0.479627 0.115818
vt 0.487880 0.122102
vt 0.479707 0.121857
vt 0.487982 0.128065
vt 0.479799 0.127758
vt 0.488099 0.133942
vt 0.479896 0.133578
vt 0.488223 0.139784
vt 0.479996 0.139374
vt 0.488350 0.145645
vt 0.480096 0.145196
vt 0.488460 0.151585
vt 0.480173 0.151088
vt 0.488482 0.157768
vt 0.480136 0.157183
vt 0.488347 0.164373
vt 0.479903 0.163646
vt 0.488075 0.170899
vt 0.479513 0.170078
vt 0.487680 0.176839
vt 0.478989 0.176066
vt 0.487213 0.182588
vt 0.478407 0.181946
vt 0.486802 0.188554
vt 0.477915 0.188064
vt 0.486489 0.194752
vt 0.477552 0.194416
vt 0.486286 0.201108
vt 0.477321 0.200922
vt 0.486200 0.207546
vt 0.477225 0.207506
vt 0.486233 0.213988
vt 0.477261 0.214093
vt 0.486384 0.220353
vt 0.477432 0.220607
vt 0.486641 0.226610
vt 0.477734 0.227015
vt 0.486986 0.232923
vt 0.478155 0.233447
vt 0.487405 0.239416
vt 0.478674 0.239985
vt 0.487795 0.245827
vt 0.479175 0.246381
vt 0.488032 0.251940
vt 0.479545 0.252464
vt 0.488108 0.257852
vt 0.479722 0.258326
vt 0.488026 0.263748
vt 0.479679 0.264173
vt 0.487865 0.269685
vt 0.479544 0.270070
vt 0.487693 0.275591
vt 0.479394 0.275938
vt 0.487523 0.281481
vt 0.479245 0.281783
vt 0.487361 0.287409
vt 0.479099 0.287655
vt 0.487213 0.293428
vt 0.478958 0.293612
vt 0.487086 0.299583
vt 0.478829 0.299709
vt 0.486986 0.305893
vt 0.478720 0.305974
vt 0.486920 0.312363
vt 0.478640 0.312411
vt 0.486891 0.318964
vt 0.478597 0.319000
vt 0.486899 0.325661
vt 0.478592 0.325708
vt 0.486941 0.332414
vt 0.478622 0.332484
vt 0.487009 0.339193
vt 0.478676 0.339285
vt 0.487096 0.345992
vt 0.478746 0.346100
vt 0.487195 0.352813
vt 0.478819 0.352928
vt 0.487317 0.359661
vt 0.478915 0.359774
vt 0.487419 0.366542
vt 0.478975 0.366642
vt 0.487528 0.373463
vt 0.479042 0.373540
vt 0.487600 0.380434
vt 0.479054 0.380470
vt 0.487658 0.387465
vt 0.479046 0.387446
vt 0.487656 0.394570
vt 0.478951 0.394472
vt 0.487610 0.401775
vt 0.478793 0.401576
vt 0.487478 0.409109
vt 0.478498 0.408775
vt 0.487265 0.416568
vt 0.478077 0.416119
vt 0.466727 0.401072
vt 0.471822 0.401310
vt 0.471436 0.408356
vt 0.466311 0.407983
vt 0.470861 0.415516
vt 0.465660 0.414958
vt 0.467131 0.387295
vt 0.472187 0.387371
vt 0.472050 0.394315
vt 0.466988 0.394173
vt 0.467218 0.373567
vt 0.472249 0.373563
vt 0.472238 0.380452
vt 0.467208 0.380424
vt 0.467156 0.359880
vt 0.472167 0.359840
vt 0.472214 0.366691
vt 0.467207 0.366717
vt 0.467037 0.346227
vt 0.472029 0.346174
vt 0.472097 0.353001
vt 0.467109 0.353049
vt 0.466908 0.332584
vt 0.471909 0.332538
vt 0.471962 0.339351
vt 0.466966 0.339402
vt 0.466878 0.319094
vt 0.471889 0.319045
vt 0.471881 0.325753
vt 0.466875 0.325798
vt 0.466991 0.306118
vt 0.472015 0.306051
vt 0.471935 0.312467
vt 0.466919 0.312526
vt 0.467179 0.293795
vt 0.472237 0.293727
vt 0.472119 0.299808
vt 0.467082 0.299882
vt 0.467376 0.281885
vt 0.472480 0.281891
vt 0.472358 0.287775
vt 0.467274 0.287818
vt 0.467593 0.270010
vt 0.472743 0.270132
vt 0.472605 0.276021
vt 0.467477 0.275954
vt 0.467729 0.258223
vt 0.472844 0.258391
vt 0.472848 0.264225
vt 0.467721 0.264062
vt 0.467034 0.246604
vt 0.472195 0.246606
vt 0.472631 0.252588
vt 0.467497 0.252473
vt 0.465779 0.234086
vt 0.471017 0.233840
vt 0.471609 0.240322
vt 0.466408 0.240467
vt 0.464969 0.220953
vt 0.470225 0.220817
vt 0.470549 0.227349
vt 0.465294 0.227573
vt 0.464770 0.207446
vt 0.470013 0.207472
vt 0.470048 0.214176
vt 0.464798 0.214226
vt 0.465106 0.193949
vt 0.470355 0.194138
vt 0.470113 0.200770
vt 0.464867 0.200669
vt 0.466061 0.180968
vt 0.471284 0.181382
vt 0.470744 0.187649
vt 0.465501 0.187356
vt 0.467445 0.168877
vt 0.472567 0.169381
vt 0.471938 0.175369
vt 0.466764 0.174841
vt 0.468249 0.156963
vt 0.473329 0.156956
vt 0.473040 0.163166
vt 0.467953 0.162905
vt 0.468242 0.145149
vt 0.473351 0.145075
vt 0.473400 0.150964
vt 0.468311 0.151064
vt 0.468135 0.133376
vt 0.473193 0.133415
vt 0.473266 0.139234
vt 0.468181 0.139255
vt 0.468045 0.121577
vt 0.473052 0.121687
vt 0.473121 0.127583
vt 0.468086 0.127497
vt 0.467966 0.109378
vt 0.472936 0.109488
vt 0.472987 0.115666
vt 0.468002 0.115550
vt 0.467968 0.096548
vt 0.472919 0.096639
vt 0.472910 0.103141
vt 0.467951 0.103041
vt 0.468114 0.083226
vt 0.473049 0.083313
vt 0.472966 0.090011
vt 0.468023 0.089925
vt 0.468355 0.069774
vt 0.473274 0.069865
vt 0.473156 0.076591
vt 0.468229 0.076501
vt 0.468580 0.056334
vt 0.473509 0.056408
vt 0.473392 0.063139
vt 0.468481 0.063055
vt 0.468733 0.042882
vt 0.473675 0.042916
vt 0.473599 0.049669
vt 0.468678 0.049612
vt 0.468722 0.029410
vt 0.473682 0.029358
vt 0.473700 0.036149
vt 0.468762 0.036151
vt 0.468383 0.015901
vt 0.473379 0.015687
vt 0.473576 0.022545
vt 0.468612 0.022664
vt 0.467387 0.002289
vt 0.472486 0.001760
vt 0.473026 0.008779
vt 0.468001 0.009126
vt 0.546766 0.398204
vt 0.555148 0.396957
vt 0.556329 0.403997
vt 0.547788 0.405376
vt 0.563551 0.395511
vt 0.564881 0.402384
vt 0.566363 0.409385
vt 0.557635 0.411173
vt 0.548912 0.412692
vt 0.545002 0.384222
vt 0.553138 0.383212
vt 0.554090 0.390035
vt 0.545840 0.391159
vt 0.561315 0.382056
vt 0.562372 0.388739
vt 0.543571 0.370610
vt 0.551530 0.369802
vt 0.552290 0.376471
vt 0.544249 0.377377
vt 0.559550 0.368888
vt 0.560384 0.375441
vt 0.542430 0.357267
vt 0.550261 0.356632
vt 0.550859 0.363191
vt 0.542968 0.363910
vt 0.558169 0.355920
vt 0.558821 0.362382
vt 0.541541 0.344120
vt 0.549279 0.343635
vt 0.549739 0.350115
vt 0.541957 0.350673
vt 0.557107 0.343093
vt 0.557606 0.349491
vt 0.540879 0.331118
vt 0.548546 0.330766
vt 0.548886 0.337186
vt 0.541185 0.337603
vt 0.556313 0.330370
vt 0.556684 0.336719
vt 0.540418 0.318227
vt 0.548030 0.317994
vt 0.548266 0.324369
vt 0.540628 0.324661
vt 0.555749 0.317725
vt 0.556009 0.324038
vt 0.540141 0.305434
vt 0.547704 0.305306
vt 0.547847 0.311640
vt 0.540262 0.311821
vt 0.555381 0.305147
vt 0.555547 0.311428
vt 0.540034 0.292733
vt 0.547546 0.292695
vt 0.547607 0.298991
vt 0.540069 0.299072
vt 0.555179 0.292628
vt 0.555269 0.298881
vt 0.540071 0.280130
vt 0.547531 0.280162
vt 0.547523 0.286418
vt 0.540036 0.286418
vt 0.555118 0.280171
vt 0.555142 0.286393
vt 0.540233 0.267638
vt 0.547634 0.267713
vt 0.547570 0.273926
vt 0.540138 0.273871
vt 0.555169 0.267784
vt 0.555141 0.273970
vt 0.540518 0.255331
vt 0.547855 0.255390
vt 0.547727 0.261527
vt 0.540355 0.261442
vt 0.555330 0.255490
vt 0.555238 0.261622
vt 0.540953 0.243295
vt 0.548227 0.243260
vt 0.548025 0.249303
vt 0.540726 0.249300
vt 0.555597 0.243323
vt 0.555449 0.249391
vt 0.541320 0.231486
vt 0.548634 0.231444
vt 0.548439 0.237274
vt 0.541163 0.237316
vt 0.555962 0.231421
vt 0.555769 0.237300
vt 0.541415 0.220049
vt 0.548859 0.219968
vt 0.548777 0.225765
vt 0.541397 0.225828
vt 0.556304 0.219864
vt 0.556154 0.225685
vt 0.541422 0.207680
vt 0.548914 0.207672
vt 0.548900 0.213901
vt 0.541419 0.213957
vt 0.556422 0.207668
vt 0.556394 0.213832
vt 0.541425 0.195265
vt 0.548856 0.195322
vt 0.548899 0.201438
vt 0.541424 0.201405
vt 0.556289 0.195431
vt 0.556386 0.201499
vt 0.541352 0.183802
vt 0.548638 0.183840
vt 0.548775 0.189433
vt 0.541414 0.189370
vt 0.555924 0.183891
vt 0.556127 0.189550
vt 0.541030 0.172841
vt 0.548263 0.172721
vt 0.548457 0.178402
vt 0.541217 0.178445
vt 0.555593 0.172495
vt 0.555734 0.178305
vt 0.540593 0.160335
vt 0.547887 0.160243
vt 0.548073 0.166570
vt 0.540810 0.166690
vt 0.555311 0.160101
vt 0.555446 0.166359
vt 0.540319 0.147934
vt 0.547663 0.147871
vt 0.547752 0.154025
vt 0.540430 0.154104
vt 0.555137 0.147805
vt 0.555212 0.153924
vt 0.540189 0.135550
vt 0.547579 0.135536
vt 0.547607 0.141713
vt 0.540239 0.141753
vt 0.555090 0.135540
vt 0.555108 0.141678
vt 0.540190 0.123070
vt 0.547624 0.123132
vt 0.547584 0.129343
vt 0.540172 0.129322
vt 0.555173 0.123220
vt 0.555122 0.129385
vt 0.540342 0.110504
vt 0.547821 0.110659
vt 0.547704 0.116904
vt 0.540247 0.116797
vt 0.555412 0.110844
vt 0.555280 0.117038
vt 0.540668 0.097853
vt 0.548193 0.098115
vt 0.547987 0.104396
vt 0.540487 0.104187
vt 0.555823 0.098412
vt 0.555598 0.104636
vt 0.541178 0.085110
vt 0.548757 0.085490
vt 0.548452 0.091813
vt 0.540902 0.091492
vt 0.556434 0.085914
vt 0.556107 0.092172
vt 0.541886 0.072259
vt 0.549534 0.072769
vt 0.549120 0.079144
vt 0.541507 0.078700
vt 0.557273 0.073337
vt 0.556828 0.079638
vt 0.542811 0.059264
vt 0.550554 0.059919
vt 0.550014 0.066363
vt 0.542321 0.065783
vt 0.558375 0.060653
vt 0.557793 0.067011
vt 0.543980 0.046071
vt 0.551853 0.046893
vt 0.551168 0.053432
vt 0.543365 0.052697
vt 0.559789 0.047823
vt 0.559044 0.054260
vt 0.545425 0.032603
vt 0.553481 0.033620
vt 0.552624 0.040293
vt 0.544667 0.039377
vt 0.561579 0.034786
vt 0.560636 0.041336
vt 0.547188 0.018756
vt 0.555502 0.019999
vt 0.554439 0.026861
vt 0.546265 0.025734
vt 0.563834 0.021453
vt 0.562646 0.028165
vt 0.549327 0.004361
vt 0.558000 0.005884
vt 0.556687 0.013011
vt 0.548210 0.011626
vt 0.566668 0.007686
vt 0.565174 0.014635
vt 0.571989 0.393860
vt 0.573450 0.400526
vt 0.580355 0.392035
vt 0.581914 0.398453
vt 0.583687 0.404947
vt 0.575095 0.407302
vt 0.569562 0.380756
vt 0.570706 0.387273
vt 0.577793 0.379338
vt 0.578997 0.385663
vt 0.567668 0.367870
vt 0.568562 0.374289
vt 0.575812 0.366769
vt 0.576745 0.373038
vt 0.566198 0.355131
vt 0.566892 0.361484
vt 0.574282 0.354283
vt 0.575003 0.360516
vt 0.565072 0.342494
vt 0.565602 0.348801
vt 0.573115 0.341852
vt 0.573664 0.348061
vt 0.564231 0.329931
vt 0.564625 0.336204
vt 0.572244 0.329460
vt 0.572652 0.335651
vt 0.563629 0.317423
vt 0.563909 0.323670
vt 0.571619 0.317094
vt 0.571909 0.323273
vt 0.563228 0.304960
vt 0.563412 0.311185
vt 0.571198 0.304751
vt 0.571391 0.310919
vt 0.562996 0.292538
vt 0.563100 0.298743
vt 0.570946 0.292428
vt 0.571059 0.298586
vt 0.562901 0.280160
vt 0.562940 0.286343
vt 0.570830 0.280128
vt 0.570879 0.286274
vt 0.562913 0.267834
vt 0.562903 0.273990
vt 0.570817 0.267859
vt 0.570818 0.273989
vt 0.563010 0.255576
vt 0.562955 0.261695
vt 0.570854 0.255632
vt 0.570846 0.261740
vt 0.563173 0.243407
vt 0.563083 0.249480
vt 0.570948 0.243477
vt 0.570901 0.249546
vt 0.563423 0.231425
vt 0.563282 0.237365
vt 0.571066 0.231445
vt 0.571000 0.237434
vt 0.563773 0.219740
vt 0.563599 0.225596
vt 0.571278 0.219617
vt 0.571157 0.225520
vt 0.563949 0.207663
vt 0.563902 0.213752
vt 0.571463 0.207656
vt 0.571405 0.213670
vt 0.563749 0.195563
vt 0.563891 0.201570
vt 0.571255 0.195686
vt 0.571395 0.201641
vt 0.563355 0.183900
vt 0.563553 0.189678
vt 0.570998 0.183868
vt 0.571114 0.189774
vt 0.563121 0.172210
vt 0.563210 0.178124
vt 0.570851 0.171953
vt 0.570912 0.177939
vt 0.562927 0.159953
vt 0.563025 0.166114
vt 0.570710 0.159826
vt 0.570782 0.165901
vt 0.562811 0.147750
vt 0.562850 0.153837
vt 0.570614 0.147713
vt 0.570652 0.153765
vt 0.562787 0.135559
vt 0.562790 0.141659
vt 0.570615 0.135595
vt 0.570605 0.141656
vt 0.562899 0.123328
vt 0.562832 0.129448
vt 0.570748 0.123456
vt 0.570670 0.129529
vt 0.563166 0.111057
vt 0.563018 0.117198
vt 0.571036 0.111292
vt 0.570877 0.117378
vt 0.563610 0.098744
vt 0.563370 0.104906
vt 0.571503 0.099103
vt 0.571251 0.105201
vt 0.564260 0.086382
vt 0.563913 0.092570
vt 0.572179 0.086886
vt 0.571819 0.092999
vt 0.565148 0.073963
vt 0.564678 0.080182
vt 0.573100 0.074635
vt 0.572612 0.080766
vt 0.566317 0.061465
vt 0.565700 0.067727
vt 0.574314 0.062341
vt 0.573673 0.068496
vt 0.567824 0.048860
vt 0.567030 0.055180
vt 0.575884 0.049984
vt 0.575056 0.056173
vt 0.569748 0.036102
vt 0.568733 0.042506
vt 0.577900 0.037539
vt 0.576836 0.043777
vt 0.572199 0.023117
vt 0.570905 0.029646
vt 0.580491 0.024959
vt 0.579119 0.031273
vt 0.575332 0.009787
vt 0.573673 0.016507
vt 0.583851 0.012161
vt 0.582064 0.018598
vt 0.540291 0.003070
vt 0.539387 0.010454
vt 0.538552 0.017660
vt 0.537781 0.024741
vt 0.537067 0.031701
vt 0.536422 0.038558
vt 0.535825 0.045330
vt 0.535291 0.052028
vt 0.534801 0.058666
vt 0.534371 0.065251
vt 0.533980 0.071790
vt 0.533646 0.078292
vt 0.533349 0.084761
vt 0.533106 0.091201
vt 0.532906 0.097614
vt 0.532749 0.104002
vt 0.532634 0.110366
vt 0.532562 0.116704
vt 0.532531 0.123016
vt 0.532539 0.129297
vt 0.532583 0.135542
vt 0.532661 0.141750
vt 0.532770 0.147930
vt 0.532908 0.154091
vt 0.533092 0.160296
vt 0.533309 0.166649
vt 0.533507 0.172826
vt 0.533655 0.178429
vt 0.533735 0.183782
vt 0.533731 0.189371
vt 0.533686 0.195272
vt 0.533646 0.201411
vt 0.533627 0.207691
vt 0.533636 0.213995
vt 0.533666 0.220109
vt 0.533700 0.225891
vt 0.533679 0.231571
vt 0.533570 0.237469
vt 0.533397 0.243500
vt 0.533190 0.249472
vt 0.532973 0.255402
vt 0.532782 0.261443
vt 0.532626 0.267622
vt 0.532497 0.273851
vt 0.532397 0.280113
vt 0.532330 0.286417
vt 0.532298 0.292759
vt 0.532304 0.299135
vt 0.532350 0.305541
vt 0.532438 0.311975
vt 0.532567 0.318434
vt 0.532741 0.324921
vt 0.532958 0.331437
vt 0.533230 0.337983
vt 0.533542 0.344564
vt 0.533912 0.351183
vt 0.534325 0.357846
vt 0.534801 0.364562
vt 0.535323 0.371339
vt 0.535913 0.378189
vt 0.536556 0.385120
vt 0.537273 0.392153
vt 0.538050 0.399295
vt 0.538905 0.406573
vt 0.539827 0.414001
vt 0.356577 0.803187
vt 0.357409 0.807032
vt 0.355956 0.799202
vt 0.367615 0.797471
vt 0.367128 0.801078
vt 0.365022 0.804308
vt 0.413068 0.829900
vt 0.416543 0.827851
vt 0.409569 0.831697
vt 0.406844 0.824084
vt 0.408004 0.820406
vt 0.410483 0.817742
vt 0.428288 0.769118
vt 0.426048 0.765884
vt 0.430387 0.772562
vt 0.420278 0.778623
vt 0.419348 0.775104
vt 0.420058 0.771314
vt 0.365875 0.766057
vt 0.363448 0.769279
vt 0.368420 0.763057
vt 0.373851 0.769048
vt 0.374186 0.772890
vt 0.372916 0.776300
vt 0.382126 0.831371
vt 0.386032 0.832380
vt 0.378381 0.830167
vt 0.381837 0.822858
vt 0.385258 0.821077
vt 0.388895 0.820946
vt 0.435866 0.799154
vt 0.436569 0.795283
vt 0.434916 0.803075
vt 0.423482 0.800211
vt 0.425312 0.797065
vt 0.428495 0.794887
vt 0.393899 0.752857
vt 0.389904 0.753419
vt 0.397820 0.752536
vt 0.397424 0.760612
vt 0.394945 0.763565
vt 0.391635 0.765078
vt 0.359206 0.810532
vt 0.361255 0.814007
vt 0.368699 0.805468
vt 0.371364 0.807947
vt 0.419988 0.825752
vt 0.423222 0.823512
vt 0.414001 0.816811
vt 0.417791 0.817521
vt 0.423049 0.763338
vt 0.419826 0.760912
vt 0.416216 0.771650
vt 0.412806 0.770380
vt 0.361069 0.772537
vt 0.358938 0.775844
vt 0.370022 0.778506
vt 0.366248 0.779301
vt 0.389952 0.833331
vt 0.393823 0.834034
vt 0.392041 0.822776
vt 0.394219 0.825958
vt 0.436248 0.791362
vt 0.435686 0.787367
vt 0.425541 0.792408
vt 0.424028 0.789098
vt 0.385919 0.754041
vt 0.382073 0.754873
vt 0.388028 0.764592
vt 0.384798 0.762485
vt 0.363354 0.817451
vt 0.365594 0.820686
vt 0.372295 0.811465
vt 0.371585 0.815255
vt 0.425767 0.820513
vt 0.428194 0.817290
vt 0.417456 0.813680
vt 0.418726 0.810269
vt 0.416568 0.758533
vt 0.413262 0.756402
vt 0.410600 0.767485
vt 0.409805 0.763712
vt 0.357735 0.779590
vt 0.356726 0.783495
vt 0.368029 0.782721
vt 0.368160 0.786358
vt 0.397743 0.833713
vt 0.401738 0.833150
vt 0.396698 0.823004
vt 0.400007 0.821491
vt 0.435065 0.783382
vt 0.434233 0.779537
vt 0.424514 0.785492
vt 0.426620 0.782261
vt 0.378574 0.756670
vt 0.375099 0.758718
vt 0.383638 0.766163
vt 0.381159 0.768827
vt 0.368593 0.823231
vt 0.371816 0.825658
vt 0.375426 0.814919
vt 0.378836 0.816190
vt 0.430573 0.814032
vt 0.432704 0.810726
vt 0.421621 0.808063
vt 0.425394 0.807269
vt 0.409516 0.755198
vt 0.405611 0.754190
vt 0.406384 0.765492
vt 0.402747 0.765624
vt 0.355393 0.795207
vt 0.355072 0.791286
vt 0.363148 0.791682
vt 0.366102 0.794161
vt 0.355775 0.787416
vt 0.366330 0.789504
vt 0.405724 0.832529
vt 0.403614 0.821978
vt 0.432436 0.776037
vt 0.422943 0.781102
vt 0.371654 0.760818
vt 0.377641 0.769758
vt 0.375074 0.828036
vt 0.381043 0.819084
vt 0.433908 0.806980
vt 0.423614 0.803848
vt 0.401690 0.753239
vt 0.399602 0.763794
vt 0.394772 0.814685
vt 0.391596 0.810156
vt 0.395821 0.793285
vt 0.398375 0.810489
vt 0.403041 0.813458
vt 0.404764 0.808202
vt 0.396871 0.771885
vt 0.393268 0.776081
vt 0.400046 0.776413
vt 0.410211 0.809159
vt 0.409792 0.803644
vt 0.388601 0.773112
vt 0.386878 0.778367
vt 0.415191 0.802444
vt 0.412693 0.797509
vt 0.374421 0.792235
vt 0.378950 0.789060
vt 0.378617 0.795838
vt 0.381431 0.777410
vt 0.381850 0.782925
vt 0.375648 0.800505
vt 0.380904 0.802227
vt 0.417221 0.794334
vt 0.413025 0.790731
vt 0.376452 0.784126
vt 0.379947 0.807675
vt 0.385462 0.807255
vt 0.415994 0.786065
vt 0.410738 0.784342
vt 0.386662 0.812654
vt 0.411696 0.778895
vt 0.406181 0.779314
vt 0.404980 0.773915
vt 0.299359 0.744173
vt 0.304435 0.744454
vt 0.302585 0.755292
vt 0.298567 0.754697
vt 0.309316 0.745287
vt 0.306561 0.756170
vt 0.303172 0.769558
vt 0.300015 0.767620
vt 0.297856 0.764062
vt 0.336174 0.813222
vt 0.336165 0.818716
vt 0.328349 0.815654
vt 0.328213 0.811075
vt 0.336150 0.824057
vt 0.328607 0.820058
vt 0.321980 0.816471
vt 0.319560 0.812610
vt 0.318577 0.808407
vt 0.278170 0.855339
vt 0.273069 0.852913
vt 0.277293 0.843333
vt 0.281253 0.845611
vt 0.268208 0.849998
vt 0.273375 0.840765
vt 0.279718 0.829413
vt 0.282554 0.832637
vt 0.283986 0.836957
vt 0.259473 0.761078
vt 0.263677 0.757271
vt 0.269547 0.765753
vt 0.265966 0.768527
vt 0.268233 0.753895
vt 0.273395 0.763130
vt 0.279732 0.774485
vt 0.275844 0.775760
vt 0.271733 0.775153
vt 0.335646 0.769903
vt 0.336091 0.774766
vt 0.328297 0.779919
vt 0.327794 0.776015
vt 0.336165 0.779882
vt 0.328617 0.783866
vt 0.321988 0.787449
vt 0.319513 0.786316
vt 0.318169 0.783599
vt 0.318343 0.855344
vt 0.313940 0.857251
vt 0.310422 0.846799
vt 0.314083 0.845621
vt 0.309287 0.858626
vt 0.306538 0.847742
vt 0.303156 0.834352
vt 0.306822 0.834713
vt 0.310304 0.836967
vt 0.242530 0.801940
vt 0.242810 0.796273
vt 0.252673 0.797423
vt 0.252112 0.801942
vt 0.243644 0.790662
vt 0.253534 0.792833
vt 0.265684 0.795501
vt 0.263872 0.799244
vt 0.260627 0.801944
vt 0.243639 0.813218
vt 0.242807 0.807606
vt 0.252671 0.806461
vt 0.253530 0.811051
vt 0.263871 0.804646
vt 0.265681 0.808390
vt 0.313968 0.746665
vt 0.310445 0.757115
vt 0.318370 0.748574
vt 0.314105 0.758295
vt 0.310321 0.766946
vt 0.306839 0.769199
vt 0.336065 0.829194
vt 0.328284 0.824008
vt 0.335613 0.834071
vt 0.327778 0.827914
vt 0.318160 0.820318
vt 0.319505 0.817602
vt 0.263654 0.846619
vt 0.269528 0.838140
vt 0.259452 0.842810
vt 0.265949 0.835364
vt 0.271720 0.828741
vt 0.275831 0.828136
vt 0.273095 0.750982
vt 0.277315 0.760564
vt 0.278197 0.748559
vt 0.281275 0.758288
vt 0.284004 0.766943
vt 0.282570 0.771263
vt 0.336174 0.785212
vt 0.328356 0.788269
vt 0.336179 0.790705
vt 0.328218 0.792848
vt 0.318580 0.795511
vt 0.319566 0.791308
vt 0.304406 0.859457
vt 0.302561 0.848618
vt 0.299329 0.859736
vt 0.298543 0.849211
vt 0.297836 0.839845
vt 0.299998 0.836289
vt 0.245025 0.785161
vt 0.254499 0.788257
vt 0.246938 0.779821
vt 0.255716 0.783856
vt 0.263515 0.787443
vt 0.265454 0.791301
vt 0.322501 0.750997
vt 0.317249 0.760571
vt 0.326325 0.753910
vt 0.320292 0.763136
vt 0.312870 0.774488
vt 0.310904 0.771265
vt 0.334482 0.838631
vt 0.326982 0.831780
vt 0.332534 0.842833
vt 0.325671 0.835392
vt 0.319548 0.828764
vt 0.318251 0.824337
vt 0.255644 0.838607
vt 0.263140 0.831749
vt 0.252266 0.834052
vt 0.260498 0.827883
vt 0.270610 0.820298
vt 0.272013 0.824316
vt 0.283465 0.746651
vt 0.285583 0.757109
vt 0.288807 0.745276
vt 0.290007 0.756166
vt 0.291463 0.769556
vt 0.287508 0.769197
vt 0.336182 0.796307
vt 0.328359 0.797440
vt 0.336181 0.801963
vt 0.328623 0.801962
vt 0.321989 0.801960
vt 0.319566 0.799257
vt 0.294099 0.859458
vt 0.294348 0.848616
vt 0.288778 0.858627
vt 0.289984 0.847738
vt 0.291447 0.834348
vt 0.295089 0.836287
vt 0.249365 0.774695
vt 0.257960 0.779909
vt 0.252283 0.769832
vt 0.260511 0.776006
vt 0.270620 0.783596
vt 0.267523 0.786311
vt 0.329757 0.757287
vt 0.323221 0.765758
vt 0.332559 0.761104
vt 0.325689 0.768531
vt 0.319562 0.775155
vt 0.316008 0.775763
vt 0.329734 0.846638
vt 0.323202 0.838163
vt 0.326300 0.850012
vt 0.320273 0.840783
vt 0.312856 0.829427
vt 0.315995 0.828154
vt 0.249351 0.829187
vt 0.257949 0.823978
vt 0.246927 0.824060
vt 0.255706 0.820030
vt 0.263508 0.816446
vt 0.267515 0.817581
vt 0.294129 0.744448
vt 0.294371 0.755289
vt 0.295106 0.767619
vt 0.336179 0.807620
vt 0.328356 0.806483
vt 0.319564 0.804662
vt 0.283437 0.857249
vt 0.285561 0.846792
vt 0.287492 0.834705
vt 0.255663 0.765278
vt 0.263155 0.772140
vt 0.272025 0.779578
vt 0.334513 0.765329
vt 0.326999 0.772147
vt 0.318262 0.779581
vt 0.322476 0.852923
vt 0.317228 0.843347
vt 0.310889 0.832648
vt 0.245017 0.818720
vt 0.254492 0.815628
vt 0.265449 0.812590
vt 0.274410 0.792450
vt 0.280167 0.790756
vt 0.295033 0.801953
vt 0.277158 0.798018
vt 0.279783 0.819499
vt 0.285709 0.818702
vt 0.280162 0.813142
vt 0.312851 0.801958
vt 0.309580 0.805888
vt 0.309582 0.798025
vt 0.274405 0.811446
vt 0.277155 0.805879
vt 0.279792 0.784399
vt 0.285717 0.785199
vt 0.312792 0.811459
vt 0.309052 0.813152
vt 0.272519 0.801947
vt 0.287807 0.779021
vt 0.292822 0.782192
vt 0.310925 0.819511
vt 0.305813 0.818710
vt 0.296840 0.777134
vt 0.299955 0.782193
vt 0.305007 0.824888
vt 0.299945 0.821716
vt 0.305019 0.779023
vt 0.305821 0.785202
vt 0.296827 0.826773
vt 0.292812 0.821713
vt 0.310933 0.784403
vt 0.309058 0.790761
vt 0.287795 0.824881
vt 0.312797 0.792456
vt 0.588319 0.390148
vt 0.589921 0.396292
vt 0.591760 0.402465
vt 0.585699 0.377885
vt 0.586925 0.384009
vt 0.583682 0.365648
vt 0.584628 0.371762
vt 0.582130 0.353422
vt 0.582857 0.359532
vt 0.580949 0.341202
vt 0.581500 0.347311
vt 0.580068 0.328983
vt 0.580477 0.335092
vt 0.579437 0.316761
vt 0.579727 0.322872
vt 0.579011 0.304537
vt 0.579203 0.310649
vt 0.578754 0.292310
vt 0.578865 0.298423
vt 0.578629 0.280085
vt 0.578679 0.286197
vt 0.578601 0.267866
vt 0.578607 0.273974
vt 0.578623 0.255665
vt 0.578611 0.261761
vt 0.578651 0.243511
vt 0.578641 0.249580
vt 0.578659 0.231447
vt 0.578657 0.237461
vt 0.578706 0.219535
vt 0.578667 0.225471
vt 0.578826 0.207652
vt 0.578782 0.213607
vt 0.578691 0.195761
vt 0.578777 0.201694
vt 0.578606 0.183836
vt 0.578637 0.189816
vt 0.578518 0.171804
vt 0.578569 0.177831
vt 0.578387 0.159733
vt 0.578454 0.165767
vt 0.578282 0.147684
vt 0.578338 0.153706
vt 0.578302 0.135641
vt 0.578280 0.141663
vt 0.578448 0.123593
vt 0.578359 0.129619
vt 0.578747 0.111535
vt 0.578578 0.117565
vt 0.579224 0.099469
vt 0.578963 0.105503
vt 0.579911 0.087396
vt 0.579541 0.093434
vt 0.580846 0.075317
vt 0.580347 0.081358
vt 0.582078 0.063230
vt 0.581424 0.069276
vt 0.583675 0.051131
vt 0.582829 0.057184
vt 0.585730 0.039012
vt 0.584641 0.045077
vt 0.588382 0.026864
vt 0.586973 0.032946
vt 0.591851 0.014659
vt 0.589998 0.020776
vt 0.237721 0.801938
vt 0.238029 0.795758
vt 0.464160 0.002680
vt 0.464780 0.009357
vt 0.465164 0.016035
vt 0.238940 0.789639
vt 0.240446 0.783640
vt 0.465393 0.022727
vt 0.465504 0.029421
vt 0.242533 0.777818
vt 0.245181 0.772229
vt 0.465542 0.036123
vt 0.465514 0.042826
vt 0.248363 0.766927
vt 0.252049 0.761962
vt 0.465455 0.049534
vt 0.465358 0.056240
vt 0.256204 0.757383
vt 0.260788 0.753233
vt 0.465254 0.062950
vt 0.465124 0.069658
vt 0.265757 0.749552
vt 0.271058 0.746377
vt 0.464986 0.076381
vt 0.464859 0.083104
vt 0.276624 0.743736
vt 0.282374 0.741658
vt 0.464757 0.089800
vt 0.464689 0.096420
vt 0.288207 0.740160
vt 0.294022 0.739258
vt 0.464657 0.102913
vt 0.464655 0.109255
vt 0.299740 0.738959
vt 0.305291 0.739268
vt 0.464668 0.115441
vt 0.464686 0.121495
vt 0.310629 0.740179
vt 0.315713 0.741684
vt 0.464694 0.127459
vt 0.464693 0.133407
vt 0.320525 0.743764
vt 0.325043 0.746406
vt 0.464760 0.139361
vt 0.464829 0.145324
vt 0.329227 0.749583
vt 0.332992 0.753272
vt 0.464907 0.151298
vt 0.464874 0.157189
vt 0.336082 0.757472
vt 0.338264 0.762160
vt 0.464604 0.163011
vt 0.464103 0.168859
vt 0.339547 0.767221
vt 0.340057 0.772537
vt 0.463420 0.174811
vt 0.462722 0.180977
vt 0.340148 0.778083
vt 0.340160 0.783850
vt 0.462174 0.187384
vt 0.461793 0.193975
vt 0.340166 0.789790
vt 0.340169 0.795848
vt 0.461566 0.200679
vt 0.461477 0.207429
vt 0.340169 0.801965
vt 0.340166 0.808081
vt 0.461496 0.214181
vt 0.461653 0.220893
vt 0.340160 0.814139
vt 0.340149 0.820084
vt 0.461963 0.227502
vt 0.462439 0.233968
vt 0.340121 0.825887
vt 0.340000 0.831511
vt 0.463063 0.240248
vt 0.463677 0.246286
vt 0.339470 0.836873
vt 0.338201 0.841887
vt 0.464117 0.252117
vt 0.464322 0.257889
vt 0.336045 0.846496
vt 0.332965 0.850658
vt 0.464291 0.263785
vt 0.464153 0.269801
vt 0.329200 0.854341
vt 0.325014 0.857516
vt 0.464027 0.275815
vt 0.463904 0.281822
vt 0.320495 0.860155
vt 0.315682 0.862233
vt 0.463850 0.287825
vt 0.463786 0.293847
vt 0.310597 0.863735
vt 0.305259 0.864643
vt 0.463713 0.299962
vt 0.463642 0.306213
vt 0.299708 0.864949
vt 0.293990 0.864648
vt 0.463586 0.312625
vt 0.463559 0.319194
vt 0.288176 0.863743
vt 0.282343 0.862242
vt 0.463567 0.325895
vt 0.463609 0.332679
vt 0.276594 0.860160
vt 0.271030 0.857517
vt 0.463677 0.339495
vt 0.463756 0.346317
vt 0.265730 0.854339
vt 0.260763 0.850655
vt 0.463830 0.353129
vt 0.463880 0.359949
vt 0.256181 0.846503
vt 0.252029 0.841922
vt 0.463926 0.366773
vt 0.463939 0.373604
vt 0.248345 0.836955
vt 0.245165 0.831651
vt 0.463926 0.380434
vt 0.463850 0.387267
vt 0.242521 0.826061
vt 0.240437 0.820238
vt 0.463704 0.394095
vt 0.463443 0.400922
vt 0.238933 0.814238
vt 0.238026 0.808119
vt 0.463025 0.407735
vt 0.462368 0.414547
s 0
usemtl lay_figure_material
f 1/1/1 2/2/1 3/3/1 4/4/1
f 2/5/2 5/6/2 6/7/2 3/8/2
f 3/8/3 6/7/3 7/9/3 8/10/3
f 4/4/4 3/3/4 8/11/4 9/12/4
f 9/12/5 8/11/5 10/13/5 11/14/5
f 8/10/6 7/9/6 12/15/6 10/16/6
f 10/16/7 12/15/7 13/17/7 14/18/7
f 11/14/8 10/13/8 14/19/8 15/20/8
f 15/20/9 14/19/9 16/21/9 17/22/9
f 14/18/10 13/17/10 18/23/10 16/24/10
f 16/24/11 18/23/11 19/25/11 20/26/11
f 17/22/12 16/21/12 20/27/12 21/28/12
f 21/28/13 20/27/13 22/29/13 23/30/13
f 20/26/14 19/25/14 24/31/14 22/32/14
f 22/32/15 24/31/15 25/33/15 26/34/15
f 23/30/16 22/29/16 26/35/16 27/36/16
f 27/36/17 26/35/17 28/37/17 29/38/17
f 26/34/18 25/33/18 30/39/18 28/40/18
f 28/40/19 30/39/19 31/41/19 32/42/19
f 29/38/20 28/37/20 32/43/20 33/44/20
f 33/44/21 32/43/21 34/45/21 35/46/21
f 32/42/22 31/41/22 36/47/22 34/48/22
f 34/48/23 36/47/23 37/49/23 38/50/23
f 35/46/24 34/45/24 38/51/24 39/52/24
f 39/52/25 38/51/25 40/53/25 41/54/25
f 38/50/26 37/49/26 42/55/26 40/56/26
f 40/56/27 42/55/27 43/57/27 44/58/27
f 41/54/28 40/53/28 44/59/28 45/60/28
f 45/60/29 44/59/29 46/61/29 47/62/29
f 44/58/30 43/57/30 48/63/30 46/64/30
f 46/64/31 48/63/31 49/65/31 50/66/31
f 47/62/32 46/61/32 50/67/32 51/68/32
f 51/68/33 50/67/33 52/69/33 53/70/33
f 50/66/34 49/65/34 54/71/34 52/72/34
f 52/72/35 54/71/35 55/73/35 56/74/35
f 53/70/36 52/69/36 56/75/36 57/76/36
f 57/76/37 56/75/37 58/77/37 59/78/37
f 56/74/38 55/73/38 60/79/38 58/80/38
f 58/80/39 60/79/39 61/81/39 62/82/39
f 59/78/40 58/77/40 62/83/40 63/84/40
f 63/84/41 62/83/41 64/85/41 65/86/41
f 62/82/42 61/81/42 66/87/42 64/88/42
f 64/88/43 66/87/43 67/89/43 68/90/43
f 65/86/44 64/85/44 68/91/44 69/92/44
f 69/92/45 68/91/45 70/93/45 71/94/45
f 68/90/46 67/89/46 72/95/46 70/96/46
f 70/96/47 72/95/47 73/97/47 74/98/47
f 71/94/48 70/93/48 74/99/48 75/100/48
f 75/100/49 74/99/49 76/101/49 77/102/49
f 74/98/50 73/97/50 78/103/50 76/104/50
f 76/104/51 78/103/51 79/105/51 80/106/51
f 77/102/52 76/101/52 80/107/52 81/108/52
f 81/108/53 80/107/53 82/109/53 83/110/53
f 80/106/54 79/105/54 84/111/54 82/112/54
f 82/112/55 84/111/55 85/113/55 86/114/55
f 83/110/56 82/109/56 86/115/56 87/116/56
f 87/116/57 86/115/57 88/117/57 89/118/57
f 86/114/58 85/113/58 90/119/58 88/120/58
f 88/120/59 90/119/59 91/121/59 92/122/59
f 89/118/60 88/117/60 92/123/60 93/124/60
f 93/124/61 92/123/61 94/125/61 95/126/61
f 92/122/62 91/121/62 96/127/62 94/128/62
f 94/128/63 96/127/63 97/129/63 98/130/63
f 95/126/64 94/125/64 98/131/64 99/132/64
f 99/132/65 98/131/65 100/133/65 101/134/65
f 98/130/66 97/129/66 102/135/66 100/136/66
f 100/136/67 102/135/67 103/137/67 104/138/67
f 101/134/68 100/133/68 104/139/68 105/140/68
f 105/140/69 104/139/69 106/141/69 107/142/69
f 104/138/70 103/137/70 108/143/70 106/144/70
f 106/144/71 108/143/71 109/145/71 110/146/71
f 107/142/72 106/141/72 110/147/72 111/148/72
f 111/148/73 110/147/73 112/149/73 113/150/73
f 110/146/74 109/145/74 114/151/74 112/152/74
f 112/152/75 114/151/75 115/153/75 116/154/75
f 113/150/76 112/149/76 116/155/76 117/156/76
f 117/156/77 116/155/77 118/157/77 119/158/77
f 116/154/78 115/153/78 120/159/78 118/160/78
f 118/160/79 120/159/79 121/161/79 122/162/79
f 119/158/80 118/157/80 122/163/80 123/164/80
f 123/164/81 122/163/81 124/165/81 125/166/81
f 122/162/82 121/161/82 126/167/82 124/168/82
f 124/168/83 126/167/83 127/169/83 128/170/83
f 125/166/84 124/165/84 128/171/84 129/172/84
f 129/172/85 128/171/85 130/173/85 131/174/85
f 128/170/86 127/169/86 132/175/86 130/176/86
f 130/176/87 132/175/87 133/177/87 134/178/87
f 131/174/88 130/173/88 134/179/88 135/180/88
f 135/180/89 134/179/89 136/181/89 137/182/89
f 134/178/90 133/177/90 138/183/90 136/184/90
f 136/184/91 138/183/91 139/185/91 140/186/91
f 137/182/92 136/181/92 140/187/92 141/188/92
f 141/188/93 140/187/93 142/189/93 143/190/93
f 140/186/94 139/185/94 144/191/94 142/192/94
f 142/192/95 144/191/95 145/193/95 146/194/95
f 143/190/96 142/189/96 146/195/96 147/196/96
f 147/196/97 146/195/97 148/197/97 149/198/97
f 146/194/98 145/193/98 150/199/98 148/200/98
f 148/200/99 150/199/99 151/201/99 152/202/99
f 149/198/100 148/197/100 152/203/100 153/204/100
f 153/204/101 152/203/101 154/205/101 155/206/101
f 152/202/102 151/201/102 156/207/102 154/208/102
f 154/208/103 156/207/103 157/209/103 158/210/103
f 155/206/104 154/205/104 158/211/104 159/212/104
f 159/212/105 158/211/105 160/213/105 161/214/105
f 158/210/106 157/209/106 162/215/106 160/216/106
f 160/216/107 162/215/107 163/217/107 164/218/107
f 161/214/108 160/213/108 164/219/108 165/220/108
f 165/220/109 164/219/109 166/221/109 167/222/109
f 164/218/110 163/217/110 168/223/110 166/224/110
f 166/224/111 168/223/111 169/225/111 170/226/111
f 167/222/112 166/221/112 170/227/112 171/228/112
f 171/228/113 170/227/113 172/229/113 173/230/113
f 170/226/114 169/225/114 174/231/114 172/232/114
f 172/232/115 174/231/115 175/233/115 176/234/115
f 173/230/116 172/229/116 176/235/116 177/236/116
f 177/236/117 176/235/117 178/237/117 179/238/117
f 176/234/118 175/233/118 180/239/118 178/240/118
f 178/240/119 180/239/119 181/241/119 182/242/119
f 179/238/120 178/237/120 182/243/120 183/244/120
f 183/244/121 182/243/121 184/245/121 185/246/121
f 182/242/122 181/241/122 186/247/122 184/248/122
f 184/248/123 186/247/123 187/249/123 188/250/123
f 185/246/124 184/245/124 188/251/124 189/252/124
f 189/252/125 188/251/125 190/253/125 191/254/125
f 188/250/126 187/249/126 192/255/126 190/256/126
f 190/256/127 192/255/127 5/6/127 2/5/127
f 191/254/128 190/253/128 2/257/128 1/258/128
f 193/259/129 194/260/129 195/261/129 196/262/129
f 194/260/130 197/263/130 198/264/130 195/261/130
f 195/261/131 198/264/131 199/265/131 200/266/131
f 196/262/132 195/261/132 200/266/132 201/267/132
f 202/268/133 203/269/133 204/270/133 205/271/133
f 203/269/134 206/272/134 207/273/134 204/270/134
f 204/270/135 207/273/135 197/263/135 194/260/135
f 205/271/136 204/270/136 194/260/136 193/259/136
f 208/274/137 209/275/137 210/276/137 211/277/137
f 209/275/138 212/278/138 213/279/138 210/276/138
f 210/276/139 213/279/139 206/272/139 203/269/139
f 211/277/140 210/276/140 203/269/140 202/268/140
f 214/280/141 215/281/141 216/282/141 217/283/141
f 215/281/142 218/284/142 219/285/142 216/282/142
f 216/282/143 219/285/143 212/278/143 209/275/143
f 217/283/144 216/282/144 209/275/144 208/274/144
f 220/286/145 221/287/145 222/288/145 223/289/145
f 221/287/146 224/290/146 225/291/146 222/288/146
f 222/288/147 225/291/147 218/284/147 215/281/147
f 223/289/148 222/288/148 215/281/148 214/280/148
f 226/292/149 227/293/149 228/294/149 229/295/149
f 227/293/150 230/296/150 231/297/150 228/294/150
f 228/294/151 231/297/151 224/290/151 221/287/151
f 229/295/152 228/294/152 221/287/152 220/286/152
f 232/298/153 233/299/153 234/300/153 235/301/153
f 233/299/154 236/302/154 237/303/154 234/300/154
f 234/300/155 237/303/155 230/296/155 227/293/155
f 235/301/156 234/300/156 227/293/156 226/292/156
f 238/304/157 239/305/157 240/306/157 241/307/157
f 239/305/158 242/308/158 243/309/158 240/306/158
f 240/306/159 243/309/159 236/302/159 233/299/159
f 241/307/160 240/306/160 233/299/160 232/298/160
f 244/310/161 245/311/161 246/312/161 247/313/161
f 245/311/162 248/314/162 249/315/162 246/312/162
f 246/312/163 249/315/163 242/308/163 239/305/163
f 247/313/164 246/312/164 239/305/164 238/304/164
f 250/316/165 251/317/165 252/318/165 253/319/165
f 251/317/166 254/320/166 255/321/166 252/318/166
f 252/318/167 255/321/167 248/314/167 245/311/167
f 253/319/168 252/318/168 245/311/168 244/310/168
f 256/322/169 257/323/169 258/324/169 259/325/169
f 257/323/170 260/326/170 261/327/170 258/324/170
f 258/324/171 261/327/171 254/320/171 251/317/171
f 259/325/172 258/324/172 251/317/172 250/316/172
f 262/328/173 263/329/173 264/330/173 265/331/173
f 263/329/174 266/332/174 267/333/174 264/330/174
f 264/330/175 267/333/175 260/326/175 257/323/175
f 265/331/176 264/330/176 257/323/176 256/322/176
f 268/334/177 269/335/177 270/336/177 271/337/177
f 269/335/178 272/338/178 273/339/178 270/336/178
f 270/336/179 273/339/179 266/332/179 263/329/179
f 271/337/180 270/336/180 263/329/180 262/328/180
f 274/340/181 275/341/181 276/342/181 277/343/181
f 275/341/182 278/344/182 279/345/182 276/342/182
f 276/342/183 279/345/183 272/338/183 269/335/183
f 277/343/184 276/342/184 269/335/184 268/334/184
f 280/346/185 281/347/185 282/348/185 283/349/185
f 281/347/186 284/350/186 285/351/186 282/348/186
f 282/348/187 285/351/187 278/344/187 275/341/187
f 283/349/188 282/348/188 275/341/188 274/340/188
f 286/352/189 287/353/189 288/354/189 289/355/189
f 287/353/190 290/356/190 291/357/190 288/354/190
f 288/354/191 291/357/191 284/350/191 281/347/191
f 289/355/192 288/354/192 281/347/192 280/346/192
f 292/358/193 293/359/193 294/360/193 295/361/193
f 293/359/194 296/362/194 297/363/194 294/360/194
f 294/360/195 297/363/195 290/356/195 287/353/195
f 295/361/196 294/360/196 287/353/196 286/352/196
f 298/364/197 299/365/197 300/366/197 301/367/197
f 299/365/198 302/368/198 303/369/198 300/366/198
f 300/366/199 303/369/199 296/362/199 293/359/199
f 301/367/200 300/366/200 293/359/200 292/358/200
f 304/370/201 305/371/201 306/372/201 307/373/201
f 305/371/202 308/374/202 309/375/202 306/372/202
f 306/372/203 309/375/203 302/368/203 299/365/203
f 307/373/204 306/372/204 299/365/204 298/364/204
f 310/376/205 311/377/205 312/378/205 313/379/205
f 311/377/206 314/380/206 315/381/206 312/378/206
f 312/378/207 315/381/207 308/374/207 305/371/207
f 313/379/208 312/378/208 305/371/208 304/370/208
f 316/382/209 317/383/209 318/384/209 319/385/209
f 317/383/210 320/386/210 321/387/210 318/384/210
f 318/384/211 321/387/211 314/380/211 311/377/211
f 319/385/212 318/384/212 311/377/212 310/376/212
f 322/388/213 323/389/213 324/390/213 325/391/213
f 323/389/214 326/392/214 327/393/214 324/390/214
f 324/390/215 327/393/215 320/386/215 317/383/215
f 325/391/216 324/390/216 317/383/216 316/382/216
f 328/394/217 329/395/217 330/396/217 331/397/217
f 329/395/218 332/398/218 333/399/218 330/396/218
f 330/396/219 333/399/219 326/392/219 323/389/219
f 331/397/220 330/396/220 323/389/220 322/388/220
f 334/400/221 335/401/221 336/402/221 337/403/221
f 335/401/222 338/404/222 339/405/222 336/402/222
f 336/402/223 339/405/223 332/398/223 329/395/223
f 337/403/224 336/402/224 329/395/224 328/394/224
f 340/406/225 341/407/225 342/408/225 343/409/225
f 341/407/226 344/410/226 345/411/226 342/408/226
f 342/408/227 345/411/227 338/404/227 335/401/227
f 343/409/228 342/408/228 335/401/228 334/400/228
f 346/412/229 347/413/229 348/414/229 349/415/229
f 347/413/230 350/416/230 351/417/230 348/414/230
f 348/414/231 351/417/231 344/410/231 341/407/231
f 349/415/232 348/414/232 341/407/232 340/406/232
f 352/418/233 353/419/233 354/420/233 355/421/233
f 353/419/234 356/422/234 357/423/234 354/420/234
f 354/420/235 357/423/235 350/416/235 347/413/235
f 355/421/236 354/420/236 347/413/236 346/412/236
f 358/424/237 359/425/237 360/426/237 361/427/237
f 359/425/238 362/428/238 363/429/238 360/426/238
f 360/426/239 363/429/239 356/422/239 353/419/239
f 361/427/240 360/426/240 353/419/240 352/418/240
f 364/430/241 365/431/241 366/432/241 367/433/241
f 365/431/242 368/434/242 369/435/242 366/432/242
f 366/432/243 369/435/243 362/428/243 359/425/243
f 367/433/244 366/432/244 359/425/244 358/424/244
f 370/436/245 371/437/245 372/438/245 373/439/245
f 371/437/246 374/440/246 375/441/246 372/438/246
f 372/438/247 375/441/247 368/434/247 365/431/247
f 373/439/248 372/438/248 365/431/248 364/430/248
f 376/442/249 377/443/249 378/444/249 379/445/249
f 377/443/250 380/446/250 381/447/250 378/444/250
f 378/444/251 381/447/251 374/440/251 371/437/251
f 379/445/252 378/444/252 371/437/252 370/436/252
f 201/448/253 200/449/253 382/450/253 383/451/253
f 200/449/254 199/452/254 384/453/254 382/450/254
f 382/450/255 384/453/255 380/446/255 377/443/255
f 383/451/256 382/450/256 377/443/256 376/442/256
f 385/454/257 386/455/257 387/456/257 388/457/257
f 386/455/258 201/448/258 383/451/258 387/456/258
f 387/456/259 383/451/259 376/442/259 389/458/259
f 388/457/260 387/456/260 389/458/260 390/459/260
f 390/459/261 389/458/261 391/460/261 392/461/261
f 389/458/262 376/442/262 379/445/262 391/460/262
f 391/460/263 379/445/263 370/436/263 393/462/263
f 392/461/264 391/460/264 393/462/264 394/463/264
f 394/463/265 393/462/265 395/464/265 396/465/265
f 393/462/266 370/436/266 373/439/266 395/464/266
f 395/464/267 373/439/267 364/430/267 397/466/267
f 396/465/268 395/464/268 397/466/268 398/467/268
f 398/467/269 397/466/269 399/468/269 400/469/269
f 397/466/270 364/430/270 367/433/270 399/468/270
f 399/468/271 367/433/271 358/424/271 401/470/271
f 400/469/272 399/468/272 401/470/272 402/471/272
f 402/471/273 401/470/273 403/472/273 404/473/273
f 401/470/274 358/424/274 361/427/274 403/472/274
f 403/472/275 361/427/275 352/418/275 405/474/275
f 404/473/276 403/472/276 405/474/276 406/475/276
f 406/475/277 405/474/277 407/476/277 408/477/277
f 405/474/278 352/418/278 355/421/278 407/476/278
f 407/476/279 355/421/279 346/412/279 409/478/279
f 408/477/280 407/476/280 409/478/280 410/479/280
f 410/479/281 409/478/281 411/480/281 412/481/281
f 409/478/282 346/412/282 349/415/282 411/480/282
f 411/480/283 349/415/283 340/406/283 413/482/283
f 412/481/284 411/480/284 413/482/284 414/483/284
f 414/483/285 413/482/285 415/484/285 416/485/285
f 413/482/286 340/406/286 343/409/286 415/484/286
f 415/484/287 343/409/287 334/400/287 417/486/287
f 416/485/288 415/484/288 417/486/288 418/487/288
f 418/487/289 417/486/289 419/488/289 420/489/289
f 417/486/290 334/400/290 337/403/290 419/488/290
f 419/488/291 337/403/291 328/394/291 421/490/291
f 420/489/292 419/488/292 421/490/292 422/491/292
f 422/491/293 421/490/293 423/492/293 424/493/293
f 421/490/294 328/394/294 331/397/294 423/492/294
f 423/492/295 331/397/295 322/388/295 425/494/295
f 424/493/296 423/492/296 425/494/296 426/495/296
f 426/495/297 425/494/297 427/496/297 428/497/297
f 425/494/298 322/388/298 325/391/298 427/496/298
f 427/496/299 325/391/299 316/382/299 429/498/299
f 428/497/300 427/496/300 429/498/300 430/499/300
f 430/499/301 429/498/301 431/500/301 432/501/301
f 429/498/302 316/382/302 319/385/302 431/500/302
f 431/500/303 319/385/303 310/376/303 433/502/303
f 432/501/304 431/500/304 433/502/304 434/503/304
f 434/503/305 433/502/305 435/504/305 436/505/305
f 433/502/306 310/376/306 313/379/306 435/504/306
f 435/504/307 313/379/307 304/370/307 437/506/307
f 436/505/308 435/504/308 437/506/308 438/507/308
f 438/507/309 437/506/309 439/508/309 440/509/309
f 437/506/310 304/370/310 307/373/310 439/508/310
f 439/508/311 307/373/311 298/364/311 441/510/311
f 440/509/312 439/508/312 441/510/312 442/511/312
f 442/511/313 441/510/313 443/512/313 444/513/313
f 441/510/314 298/364/314 301/367/314 443/512/314
f 443/512/315 301/367/315 292/358/315 445/514/315
f 444/513/316 443/512/316 445/514/316 446/515/316
f 446/515/317 445/514/317 447/516/317 448/517/317
f 445/514/318 292/358/318 295/361/318 447/516/318
f 447/516/319 295/361/319 286/352/319 449/518/319
f 448/517/320 447/516/320 449/518/320 450/519/320
f 450/519/321 449/518/321 451/520/321 452/521/321
f 449/518/322 286/352/322 289/355/322 451/520/322
f 451/520/323 289/355/323 280/346/323 453/522/323
f 452/521/324 451/520/324 453/522/324 454/523/324
f 454/523/325 453/522/325 455/524/325 456/525/325
f 453/522/326 280/346/326 283/349/326 455/524/326
f 455/524/327 283/349/327 274/340/327 457/526/327
f 456/525/328 455/524/328 457/526/328 458/527/328
f 458/527/329 457/526/329 459/528/329 460/529/329
f 457/526/330 274/340/330 277/343/330 459/528/330
f 459/528/331 277/343/331 268/334/331 461/530/331
f 460/529/332 459/528/332 461/530/332 462/531/332
f 462/531/333 461/530/333 463/532/333 464/533/333
f 461/530/334 268/334/334 271/337/334 463/532/334
f 463/532/335 271/337/335 262/328/335 465/534/335
f 464/533/336 463/532/336 465/534/336 466/535/336
f 466/535/337 465/534/337 467/536/337 468/537/337
f 465/534/338 262/328/338 265/331/338 467/536/338
f 467/536/339 265/331/339 256/322/339 469/538/339
f 468/537/340 467/536/340 469/538/340 470/539/340
f 470/539/341 469/538/341 471/540/341 472/541/341
f 469/538/342 256/322/342 259/325/342 471/540/342
f 471/540/343 259/325/343 250/316/343 473/542/343
f 472/541/344 471/540/344 473/542/344 474/543/344
f 474/543/345 473/542/345 475/544/345 476/545/345
f 473/542/346 250/316/346 253/319/346 475/544/346
f 475/544/347 253/319/347 244/310/347 477/546/347
f 476/545/348 475/544/348 477/546/348 478/547/348
f 478/547/349 477/546/349 479/548/349 480/549/349
f 477/546/350 244/310/350 247/313/350 479/548/350
f 479/548/351 247/313/351 238/304/351 481/550/351
f 480/549/352 479/548/352 481/550/352 482/551/352
f 482/551/353 481/550/353 483/552/353 484/553/353
f 481/550/354 238/304/354 241/307/354 483/552/354
f 483/552/355 241/307/355 232/298/355 485/554/355
f 484/553/356 483/552/356 485/554/356 486/555/356
f 486/555/357 485/554/357 487/556/357 488/557/357
f 485/554/358 232/298/358 235/301/358 487/556/358
f 487/556/359 235/301/359 226/292/359 489/558/359
f 488/557/360 487/556/360 489/558/360 490/559/360
f 490/559/361 489/558/361 491/560/361 492/561/361
f 489/558/362 226/292/362 229/295/362 491/560/362
f 491/560/363 229/295/363 220/286/363 493/562/363
f 492/561/364 491/560/364 493/562/364 494/563/364
f 494/563/365 493/562/365 495/564/365 496/565/365
f 493/562/366 220/286/366 223/289/366 495/564/366
f 495/564/367 223/289/367 214/280/367 497/566/367
f 496/565/368 495/564/368 497/566/368 498/567/368
f 498/567/369 497/566/369 499/568/369 500/569/369
f 497/566/370 214/280/370 217/283/370 499/568/370
f 499/568/371 217/283/371 208/274/371 501/570/371
f 500/569/372 499/568/372 501/570/372 502/571/372
f 502/571/373 501/570/373 503/572/373 504/573/373
f 501/570/374 208/274/374 211/277/374 503/572/374
f 503/572/375 211/277/375 202/268/375 505/574/375
f 504/573/376 503/572/376 505/574/376 506/575/376
f 506/575/377 505/574/377 507/576/377 508/577/377
f 505/574/378 202/268/378 205/271/378 507/576/378
f 507/576/379 205/271/379 193/259/379 509/578/379
f 508/577/380 507/576/380 509/578/380 510/579/380
f 510/579/381 509/578/381 511/580/381 512/581/381
f 509/578/382 193/259/382 196/262/382 511/580/382
f 511/580/383 196/262/383 201/267/383 386/582/383
f 512/581/384 511/580/384 386/582/384 385/583/384
f 513/584/385 514/585/385 515/586/385 516/587/385
f 514/585/386 510/579/386 512/581/386 515/586/386
f 515/586/387 512/581/387 385/583/387 517/588/387
f 516/587/388 515/586/388 517/588/388 518/589/388
f 519/590/389 520/591/389 521/592/389 522/593/389
f 520/591/390 506/575/390 508/577/390 521/592/390
f 521/592/391 508/577/391 510/579/391 514/585/391
f 522/593/392 521/592/392 514/585/392 513/584/392
f 523/594/393 524/595/393 525/596/393 526/597/393
f 524/595/394 502/571/394 504/573/394 525/596/394
f 525/596/395 504/573/395 506/575/395 520/591/395
f 526/597/396 525/596/396 520/591/396 519/590/396
f 527/598/397 528/599/397 529/600/397 530/601/397
f 528/599/398 498/567/398 500/569/398 529/600/398
f 529/600/399 500/569/399 502/571/399 524/595/399
f 530/601/400 529/600/400 524/595/400 523/594/400
f 531/602/401 532/603/401 533/604/401 534/605/401
f 532/603/402 494/563/402 496/565/402 533/604/402
f 533/604/403 496/565/403 498/567/403 528/599/403
f 534/605/404 533/604/404 528/599/404 527/598/404
f 535/606/405 536/607/405 537/608/405 538/609/405
f 536/607/406 490/559/406 492/561/406 537/608/406
f 537/608/407 492/561/407 494/563/407 532/603/407
f 538/609/408 537/608/408 532/603/408 531/602/408
f 539/610/409 540/611/409 541/612/409 542/613/409
f 540/611/410 486/555/410 488/557/410 541/612/410
f 541/612/411 488/557/411 490/559/411 536/607/411
f 542/613/412 541/612/412 536/607/412 535/606/412
f 543/614/413 544/615/413 545/616/413 546/617/413
f 544/615/414 482/551/414 484/553/414 545/616/414
f 545/616/415 484/553/415 486/555/415 540/611/415
f 546/617/416 545/616/416 540/611/416 539/610/416
f 547/618/417 548/619/417 549/620/417 550/621/417
f 548/619/418 478/547/418 480/549/418 549/620/418
f 549/620/419 480/549/419 482/551/419 544/615/419
f 550/621/420 549/620/420 544/615/420 543/614/420
f 551/622/421 552/623/421 553/624/421 554/625/421
f 552/623/422 474/543/422 476/545/422 553/624/422
f 553/624/423 476/545/423 478/547/423 548/619/423
f 554/625/424 553/624/424 548/619/424 547/618/424
f 555/626/425 556/627/425 557/628/425 558/629/425
f 556/627/426 470/539/426 472/541/426 557/628/426
f 557/628/427 472/541/427 474/543/427 552/623/427
f 558/629/428 557/628/428 552/623/428 551/622/428
f 559/630/429 560/631/429 561/632/429 562/633/429
f 560/631/430 466/535/430 468/537/430 561/632/430
f 561/632/431 468/537/431 470/539/431 556/627/431
f 562/633/432 561/632/432 556/627/432 555/626/432
f 563/634/433 564/635/433 565/636/433 566/637/433
f 564/635/434 462/531/434 464/533/434 565/636/434
f 565/636/435 464/533/435 466/535/435 560/631/435
f 566/637/436 565/636/436 560/631/436 559/630/436
f 567/638/437 568/639/437 569/640/437 570/641/437
f 568/639/438 458/527/438 460/529/438 569/640/438
f 569/640/439 460/529/439 462/531/439 564/635/439
f 570/641/440 569/640/440 564/635/440 563/634/440
f 571/642/441 572/643/441 573/644/441 574/645/441
f 572/643/442 454/523/442 456/525/442 573/644/442
f 573/644/443 456/525/443 458/527/443 568/639/443
f 574/645/444 573/644/444 568/639/444 567/638/444
f 575/646/445 576/647/445 577/648/445 578/649/445
f 576/647/446 450/519/446 452/521/446 577/648/446
f 577/648/446 452/521/446 454/523/446 572/643/446
f 578/649/445 577/648/445 572/643/445 571/642/445
f 579/650/445 580/651/445 581/652/445 582/653/445
f 580/651/446 446/515/446 448/517/446 581/652/446
f 581/652/446 448/517/446 450/519/446 576/647/446
f 582/653/445 581/652/445 576/647/445 575/646/445
f 583/654/445 584/655/445 585/656/445 586/657/445
f 584/655/446 442/511/446 444/513/446 585/656/446
f 585/656/446 444/513/446 446/515/446 580/651/446
f 586/657/445 585/656/445 580/651/445 579/650/445
f 587/658/447 588/659/447 589/660/447 590/661/447
f 588/659/448 438/507/448 440/509/448 589/660/448
f 589/660/449 440/509/449 442/511/449 584/655/449
f 590/661/450 589/660/450 584/655/450 583/654/450
f 591/662/451 592/663/451 593/664/451 594/665/451
f 592/663/452 434/503/452 436/505/452 593/664/452
f 593/664/453 436/505/453 438/507/453 588/659/453
f 594/665/454 593/664/454 588/659/454 587/658/454
f 595/666/455 596/667/455 597/668/455 598/669/455
f 596/667/456 430/499/456 432/501/456 597/668/456
f 597/668/457 432/501/457 434/503/457 592/663/457
f 598/669/458 597/668/458 592/663/458 591/662/458
f 599/670/459 600/671/459 601/672/459 602/673/459
f 600/671/460 426/495/460 428/497/460 601/672/460
f 601/672/461 428/497/461 430/499/461 596/667/461
f 602/673/462 601/672/462 596/667/462 595/666/462
f 603/674/463 604/675/463 605/676/463 606/677/463
f 604/675/464 422/491/464 424/493/464 605/676/464
f 605/676/465 424/493/465 426/495/465 600/671/465
f 606/677/466 605/676/466 600/671/466 599/670/466
f 607/678/467 608/679/467 609/680/467 610/681/467
f 608/679/468 418/487/468 420/489/468 609/680/468
f 609/680/469 420/489/469 422/491/469 604/675/469
f 610/681/470 609/680/470 604/675/470 603/674/470
f 611/682/471 612/683/471 613/684/471 614/685/471
f 612/683/472 414/483/472 416/485/472 613/684/472
f 613/684/473 416/485/473 418/487/473 608/679/473
f 614/685/474 613/684/474 608/679/474 607/678/474
f 615/686/475 616/687/475 617/688/475 618/689/475
f 616/687/476 410/479/476 412/481/476 617/688/476
f 617/688/477 412/481/477 414/483/477 612/683/477
f 618/689/478 617/688/478 612/683/478 611/682/478
f 619/690/479 620/691/479 621/692/479 622/693/479
f 620/691/480 406/475/480 408/477/480 621/692/480
f 621/692/481 408/477/481 410/479/481 616/687/481
f 622/693/482 621/692/482 616/687/482 615/686/482
f 623/694/483 624/695/483 625/696/483 626/697/483
f 624/695/484 402/471/484 404/473/484 625/696/484
f 625/696/485 404/473/485 406/475/485 620/691/485
f 626/697/486 625/696/486 620/691/486 619/690/486
f 627/698/487 628/699/487 629/700/487 630/701/487
f 628/699/488 398/467/488 400/469/488 629/700/488
f 629/700/489 400/469/489 402/471/489 624/695/489
f 630/701/490 629/700/490 624/695/490 623/694/490
f 631/702/491 632/703/491 633/704/491 634/705/491
f 632/703/492 394/463/492 396/465/492 633/704/492
f 633/704/493 396/465/493 398/467/493 628/699/493
f 634/705/494 633/704/494 628/699/494 627/698/494
f 635/706/495 636/707/495 637/708/495 638/709/495
f 636/707/496 390/459/496 392/461/496 637/708/496
f 637/708/497 392/461/497 394/463/497 632/703/497
f 638/709/498 637/708/498 632/703/498 631/702/498
f 518/710/499 517/711/499 639/712/499 640/713/499
f 517/711/500 385/454/500 388/457/500 639/712/500
f 639/712/501 388/457/501 390/459/501 636/707/501
f 640/713/502 639/712/502 636/707/502 635/706/502
f 641/714/503 642/715/503 643/716/503 644/717/503
f 642/715/504 645/718/504 646/719/504 643/716/504
f 643/716/505 646/719/505 647/720/505 648/721/505
f 644/717/506 643/716/506 648/721/506 649/722/506
f 650/723/507 651/724/507 652/725/507 653/726/507
f 651/724/508 654/727/508 655/728/508 652/725/508
f 652/725/509 655/728/509 645/718/509 642/715/509
f 653/726/510 652/725/510 642/715/510 641/714/510
f 656/729/511 657/730/511 658/731/511 659/732/511
f 657/730/512 660/733/512 661/734/512 658/731/512
f 658/731/513 661/734/513 654/727/513 651/724/513
f 659/732/514 658/731/514 651/724/514 650/723/514
f 662/735/515 663/736/515 664/737/515 665/738/515
f 663/736/516 666/739/516 667/740/516 664/737/516
f 664/737/517 667/740/517 660/733/517 657/730/517
f 665/738/518 664/737/518 657/730/518 656/729/518
f 668/741/519 669/742/519 670/743/519 671/744/519
f 669/742/520 672/745/520 673/746/520 670/743/520
f 670/743/521 673/746/521 666/739/521 663/736/521
f 671/744/522 670/743/522 663/736/522 662/735/522
f 674/747/523 675/748/523 676/749/523 677/750/523
f 675/748/524 678/751/524 679/752/524 676/749/524
f 676/749/525 679/752/525 672/745/525 669/742/525
f 677/750/526 676/749/526 669/742/526 668/741/526
f 680/753/527 681/754/527 682/755/527 683/756/527
f 681/754/528 684/757/528 685/758/528 682/755/528
f 682/755/529 685/758/529 678/751/529 675/748/529
f 683/756/530 682/755/530 675/748/530 674/747/530
f 686/759/531 687/760/531 688/761/531 689/762/531
f 687/760/532 690/763/532 691/764/532 688/761/532
f 688/761/533 691/764/533 684/757/533 681/754/533
f 689/762/534 688/761/534 681/754/534 680/753/534
f 692/765/535 693/766/535 694/767/535 695/768/535
f 693/766/536 696/769/536 697/770/536 694/767/536
f 694/767/537 697/770/537 690/763/537 687/760/537
f 695/768/538 694/767/538 687/760/538 686/759/538
f 698/771/539 699/772/539 700/773/539 701/774/539
f 699/772/540 702/775/540 703/776/540 700/773/540
f 700/773/541 703/776/541 696/769/541 693/766/541
f 701/774/542 700/773/542 693/766/542 692/765/542
f 704/777/543 705/778/543 706/779/543 707/780/543
f 705/778/544 708/781/544 709/782/544 706/779/544
f 706/779/545 709/782/545 702/775/545 699/772/545
f 707/780/546 706/779/546 699/772/546 698/771/546
f 710/783/547 711/784/547 712/785/547 713/786/547
f 711/784/548 714/787/548 715/788/548 712/785/548
f 712/785/549 715/788/549 708/781/549 705/778/549
f 713/786/550 712/785/550 705/778/550 704/777/550
f 716/789/551 717/790/551 718/791/551 719/792/551
f 717/790/552 720/793/552 721/794/552 718/791/552
f 718/791/553 721/794/553 714/787/553 711/784/553
f 719/792/554 718/791/554 711/784/554 710/783/554
f 722/795/555 723/796/555 724/797/555 725/798/555
f 723/796/556 726/799/556 727/800/556 724/797/556
f 724/797/557 727/800/557 720/793/557 717/790/557
f 725/798/558 724/797/558 717/790/558 716/789/558
f 728/801/559 729/802/559 730/803/559 731/804/559
f 729/802/560 732/805/560 733/806/560 730/803/560
f 730/803/561 733/806/561 726/799/561 723/796/561
f 731/804/562 730/803/562 723/796/562 722/795/562
f 734/807/563 735/808/563 736/809/563 737/810/563
f 735/808/564 738/811/564 739/812/564 736/809/564
f 736/809/565 739/812/565 732/805/565 729/802/565
f 737/810/566 736/809/566 729/802/566 728/801/566
f 740/813/567 741/814/567 742/815/567 743/816/567
f 741/814/568 744/817/568 745/818/568 742/815/568
f 742/815/569 745/818/569 738/811/569 735/808/569
f 743/816/570 742/815/570 735/808/570 734/807/570
f 746/819/571 747/820/571 748/821/571 749/822/571
f 747/820/572 750/823/572 751/824/572 748/821/572
f 748/821/573 751/824/573 744/817/573 741/814/573
f 749/822/574 748/821/574 741/814/574 740/813/574
f 752/825/575 753/826/575 754/827/575 755/828/575
f 753/826/576 756/829/576 757/830/576 754/827/576
f 754/827/577 757/830/577 750/823/577 747/820/577
f 755/828/578 754/827/578 747/820/578 746/819/578
f 758/831/579 759/832/579 760/833/579 761/834/579
f 759/832/580 762/835/580 763/836/580 760/833/580
f 760/833/581 763/836/581 756/829/581 753/826/581
f 761/834/582 760/833/582 753/826/582 752/825/582
f 764/837/583 765/838/583 766/839/583 767/840/583
f 765/838/584 768/841/584 769/842/584 766/839/584
f 766/839/585 769/842/585 762/835/585 759/832/585
f 767/840/586 766/839/586 759/832/586 758/831/586
f 770/843/587 771/844/587 772/845/587 773/846/587
f 771/844/588 774/847/588 775/848/588 772/845/588
f 772/845/589 775/848/589 768/841/589 765/838/589
f 773/846/590 772/845/590 765/838/590 764/837/590
f 776/849/591 777/850/591 778/851/591 779/852/591
f 777/850/592 780/853/592 781/854/592 778/851/592
f 778/851/593 781/854/593 774/847/593 771/844/593
f 779/852/594 778/851/594 771/844/594 770/843/594
f 782/855/595 783/856/595 784/857/595 785/858/595
f 783/856/596 786/859/596 787/860/596 784/857/596
f 784/857/597 787/860/597 780/853/597 777/850/597
f 785/858/598 784/857/598 777/850/598 776/849/598
f 788/861/599 789/862/599 790/863/599 791/864/599
f 789/862/600 792/865/600 793/866/600 790/863/600
f 790/863/601 793/866/601 786/859/601 783/856/601
f 791/864/602 790/863/602 783/856/602 782/855/602
f 794/867/603 795/868/603 796/869/603 797/870/603
f 795/868/604 798/871/604 799/872/604 796/869/604
f 796/869/605 799/872/605 792/865/605 789/862/605
f 797/870/606 796/869/606 789/862/606 788/861/606
f 800/873/607 801/874/607 802/875/607 803/876/607
f 801/874/608 804/877/608 805/878/608 802/875/608
f 802/875/609 805/878/609 798/871/609 795/868/609
f 803/876/610 802/875/610 795/868/610 794/867/610
f 806/879/611 807/880/611 808/881/611 809/882/611
f 807/880/612 810/883/612 811/884/612 808/881/612
f 808/881/613 811/884/613 804/877/613 801/874/613
f 809/882/614 808/881/614 801/874/614 800/873/614
f 812/885/615 813/886/615 814/887/615 815/888/615
f 813/886/616 816/889/616 817/890/616 814/887/616
f 814/887/617 817/890/617 810/883/617 807/880/617
f 815/888/618 814/887/618 807/880/618 806/879/618
f 818/891/619 819/892/619 820/893/619 821/894/619
f 819/892/620 822/895/620 823/896/620 820/893/620
f 820/893/621 823/896/621 816/889/621 813/886/621
f 821/894/622 820/893/622 813/886/622 812/885/622
f 824/897/623 825/898/623 826/899/623 827/900/623
f 825/898/624 828/901/624 829/902/624 826/899/624
f 826/899/625 829/902/625 822/895/625 819/892/625
f 827/900/626 826/899/626 819/892/626 818/891/626
f 649/903/627 648/904/627 830/905/627 831/906/627
f 648/904/628 647/907/628 832/908/628 830/905/628
f 830/905/629 832/908/629 828/901/629 825/898/629
f 831/906/630 830/905/630 825/898/630 824/897/630
f 645/718/631 833/909/631 834/910/631 646/719/631
f 833/909/632 835/911/632 836/912/632 834/910/632
f 834/910/633 836/912/633 837/913/633 838/914/633
f 646/719/634 834/910/634 838/914/634 647/720/634
f 654/727/635 839/915/635 840/916/635 655/728/635
f 839/915/636 841/917/636 842/918/636 840/916/636
f 840/916/637 842/918/637 835/911/637 833/909/637
f 655/728/638 840/916/638 833/909/638 645/718/638
f 660/733/639 843/919/639 844/920/639 661/734/639
f 843/919/640 845/921/640 846/922/640 844/920/640
f 844/920/641 846/922/641 841/917/641 839/915/641
f 661/734/642 844/920/642 839/915/642 654/727/642
f 666/739/643 847/923/643 848/924/643 667/740/643
f 847/923/644 849/925/644 850/926/644 848/924/644
f 848/924/645 850/926/645 845/921/645 843/919/645
f 667/740/646 848/924/646 843/919/646 660/733/646
f 672/745/647 851/927/647 852/928/647 673/746/647
f 851/927/648 853/929/648 854/930/648 852/928/648
f 852/928/649 854/930/649 849/925/649 847/923/649
f 673/746/650 852/928/650 847/923/650 666/739/650
f 678/751/651 855/931/651 856/932/651 679/752/651
f 855/931/652 857/933/652 858/934/652 856/932/652
f 856/932/653 858/934/653 853/929/653 851/927/653
f 679/752/654 856/932/654 851/927/654 672/745/654
f 684/757/655 859/935/655 860/936/655 685/758/655
f 859/935/656 861/937/656 862/938/656 860/936/656
f 860/936/657 862/938/657 857/933/657 855/931/657
f 685/758/658 860/936/658 855/931/658 678/751/658
f 690/763/659 863/939/659 864/940/659 691/764/659
f 863/939/660 865/941/660 866/942/660 864/940/660
f 864/940/661 866/942/661 861/937/661 859/935/661
f 691/764/662 864/940/662 859/935/662 684/757/662
f 696/769/663 867/943/663 868/944/663 697/770/663
f 867/943/664 869/945/664 870/946/664 868/944/664
f 868/944/665 870/946/665 865/941/665 863/939/665
f 697/770/666 868/944/666 863/939/666 690/763/666
f 702/775/667 871/947/667 872/948/667 703/776/667
f 871/947/668 873/949/668 874/950/668 872/948/668
f 872/948/669 874/950/669 869/945/669 867/943/669
f 703/776/670 872/948/670 867/943/670 696/769/670
f 708/781/671 875/951/671 876/952/671 709/782/671
f 875/951/672 877/953/672 878/954/672 876/952/672
f 876/952/673 878/954/673 873/949/673 871/947/673
f 709/782/674 876/952/674 871/947/674 702/775/674
f 714/787/675 879/955/675 880/956/675 715/788/675
f 879/955/676 881/957/676 882/958/676 880/956/676
f 880/956/677 882/958/677 877/953/677 875/951/677
f 715/788/678 880/956/678 875/951/678 708/781/678
f 720/793/679 883/959/679 884/960/679 721/794/679
f 883/959/680 885/961/680 886/962/680 884/960/680
f 884/960/681 886/962/681 881/957/681 879/955/681
f 721/794/682 884/960/682 879/955/682 714/787/682
f 726/799/683 887/963/683 888/964/683 727/800/683
f 887/963/684 889/965/684 890/966/684 888/964/684
f 888/964/685 890/966/685 885/961/685 883/959/685
f 727/800/686 888/964/686 883/959/686 720/793/686
f 732/805/687 891/967/687 892/968/687 733/806/687
f 891/967/688 893/969/688 894/970/688 892/968/688
f 892/968/689 894/970/689 889/965/689 887/963/689
f 733/806/690 892/968/690 887/963/690 726/799/690
f 738/811/691 895/971/691 896/972/691 739/812/691
f 895/971/692 897/973/692 898/974/692 896/972/692
f 896/972/693 898/974/693 893/969/693 891/967/693
f 739/812/694 896/972/694 891/967/694 732/805/694
f 744/817/695 899/975/695 900/976/695 745/818/695
f 899/975/696 901/977/696 902/978/696 900/976/696
f 900/976/697 902/978/697 897/973/697 895/971/697
f 745/818/698 900/976/698 895/971/698 738/811/698
f 750/823/699 903/979/699 904/980/699 751/824/699
f 903/979/700 905/981/700 906/982/700 904/980/700
f 904/980/701 906/982/701 901/977/701 899/975/701
f 751/824/702 904/980/702 899/975/702 744/817/702
f 756/829/703 907/983/703 908/984/703 757/830/703
f 907/983/704 909/985/704 910/986/704 908/984/704
f 908/984/705 910/986/705 905/981/705 903/979/705
f 757/830/706 908/984/706 903/979/706 750/823/706
f 762/835/707 911/987/707 912/988/707 763/836/707
f 911/987/708 913/989/708 914/990/708 912/988/708
f 912/988/709 914/990/709 909/985/709 907/983/709
f 763/836/710 912/988/710 907/983/710 756/829/710
f 768/841/711 915/991/711 916/992/711 769/842/711
f 915/991/712 917/993/712 918/994/712 916/992/712
f 916/992/713 918/994/713 913/989/713 911/987/713
f 769/842/714 916/992/714 911/987/714 762/835/714
f 774/847/715 919/995/715 920/996/715 775/848/715
f 919/995/716 921/997/716 922/998/716 920/996/716
f 920/996/717 922/998/717 917/993/717 915/991/717
f 775/848/718 920/996/718 915/991/718 768/841/718
f 780/853/719 923/999/719 924/1000/719 781/854/719
f 923/999/720 925/1001/720 926/1002/720 924/1000/720
f 924/1000/721 926/1002/721 921/997/721 919/995/721
f 781/854/722 924/1000/722 919/995/722 774/847/722
f 786/859/723 927/1003/723 928/1004/723 787/860/723
f 927/1003/724 929/1005/724 930/1006/724 928/1004/724
f 928/1004/725 930/1006/725 925/1001/725 923/999/725
f 787/860/726 928/1004/726 923/999/726 780/853/726
f 792/865/727 931/1007/727 932/1008/727 793/866/727
f 931/1007/728 933/1009/728 934/1010/728 932/1008/728
f 932/1008/729 934/1010/729 929/1005/729 927/1003/729
f 793/866/730 932/1008/730 927/1003/730 786/859/730
f 798/871/731 935/1011/731 936/1012/731 799/872/731
f 935/1011/732 937/1013/732 938/1014/732 936/1012/732
f 936/1012/733 938/1014/733 933/1009/733 931/1007/733
f 799/872/734 936/1012/734 931/1007/734 792/865/734
f 804/877/735 939/1015/735 940/1016/735 805/878/735
f 939/1015/736 941/1017/736 942/1018/736 940/1016/736
f 940/1016/737 942/1018/737 937/1013/737 935/1011/737
f 805/878/738 940/1016/738 935/1011/738 798/871/738
f 810/883/739 943/1019/739 944/1020/739 811/884/739
f 943/1019/740 945/1021/740 946/1022/740 944/1020/740
f 944/1020/741 946/1022/741 941/1017/741 939/1015/741
f 811/884/742 944/1020/742 939/1015/742 804/877/742
f 816/889/743 947/1023/743 948/1024/743 817/890/743
f 947/1023/744 949/1025/744 950/1026/744 948/1024/744
f 948/1024/745 950/1026/745 945/1021/745 943/1019/745
f 817/890/746 948/1024/746 943/1019/746 810/883/746
f 822/895/747 951/1027/747 952/1028/747 823/896/747
f 951/1027/748 953/1029/748 954/1030/748 952/1028/748
f 952/1028/749 954/1030/749 949/1025/749 947/1023/749
f 823/896/750 952/1028/750 947/1023/750 816/889/750
f 828/901/751 955/1031/751 956/1032/751 829/902/751
f 955/1031/752 957/1033/752 958/1034/752 956/1032/752
f 956/1032/753 958/1034/753 953/1029/753 951/1027/753
f 829/902/754 956/1032/754 951/1027/754 822/895/754
f 647/907/755 838/1035/755 959/1036/755 832/908/755
f 838/1035/756 837/1037/756 960/1038/756 959/1036/756
f 959/1036/757 960/1038/757 957/1033/757 955/1031/757
f 832/908/758 959/1036/758 955/1031/758 828/901/758
f 199/452/759 961/1039/759 962/1040/759 384/453/759
f 961/1039/760 649/903/760 831/906/760 962/1040/760
f 962/1040/761 831/906/761 824/897/761 963/1041/761
f 384/453/762 962/1040/762 963/1041/762 380/446/762
f 380/446/763 963/1041/763 964/1042/763 381/447/763
f 963/1041/764 824/897/764 827/900/764 964/1042/764
f 964/1042/765 827/900/765 818/891/765 965/1043/765
f 381/447/766 964/1042/766 965/1043/766 374/440/766
f 374/440/767 965/1043/767 966/1044/767 375/441/767
f 965/1043/768 818/891/768 821/894/768 966/1044/768
f 966/1044/769 821/894/769 812/885/769 967/1045/769
f 375/441/770 966/1044/770 967/1045/770 368/434/770
f 368/434/771 967/1045/771 968/1046/771 369/435/771
f 967/1045/772 812/885/772 815/888/772 968/1046/772
f 968/1046/773 815/888/773 806/879/773 969/1047/773
f 369/435/774 968/1046/774 969/1047/774 362/428/774
f 362/428/775 969/1047/775 970/1048/775 363/429/775
f 969/1047/776 806/879/776 809/882/776 970/1048/776
f 970/1048/777 809/882/777 800/873/777 971/1049/777
f 363/429/778 970/1048/778 971/1049/778 356/422/778
f 356/422/779 971/1049/779 972/1050/779 357/423/779
f 971/1049/780 800/873/780 803/876/780 972/1050/780
f 972/1050/781 803/876/781 794/867/781 973/1051/781
f 357/423/782 972/1050/782 973/1051/782 350/416/782
f 350/416/783 973/1051/783 974/1052/783 351/417/783
f 973/1051/784 794/867/784 797/870/784 974/1052/784
f 974/1052/785 797/870/785 788/861/785 975/1053/785
f 351/417/786 974/1052/786 975/1053/786 344/410/786
f 344/410/787 975/1053/787 976/1054/787 345/411/787
f 975/1053/788 788/861/788 791/864/788 976/1054/788
f 976/1054/789 791/864/789 782/855/789 977/1055/789
f 345/411/790 976/1054/790 977/1055/790 338/404/790
f 338/404/791 977/1055/791 978/1056/791 339/405/791
f 977/1055/792 782/855/792 785/858/792 978/1056/792
f 978/1056/793 785/858/793 776/849/793 979/1057/793
f 339/405/794 978/1056/794 979/1057/794 332/398/794
f 332/398/795 979/1057/795 980/1058/795 333/399/795
f 979/1057/796 776/849/796 779/852/796 980/1058/796
f 980/1058/797 779/852/797 770/843/797 981/1059/797
f 333/399/798 980/1058/798 981/1059/798 326/392/798
f 326/392/799 981/1059/799 982/1060/799 327/393/799
f 981/1059/800 770/843/800 773/846/800 982/1060/800
f 982/1060/801 773/846/801 764/837/801 983/1061/801
f 327/393/802 982/1060/802 983/1061/802 320/386/802
f 320/386/803 983/1061/803 984/1062/803 321/387/803
f 983/1061/804 764/837/804 767/840/804 984/1062/804
f 984/1062/805 767/840/805 758/831/805 985/1063/805
f 321/387/806 984/1062/806 985/1063/806 314/380/806
f 314/380/807 985/1063/807 986/1064/807 315/381/807
f 985/1063/808 758/831/808 761/834/808 986/1064/808
f 986/1064/809 761/834/809 752/825/809 987/1065/809
f 315/381/810 986/1064/810 987/1065/810 308/374/810
f 308/374/811 987/1065/811 988/1066/811 309/375/811
f 987/1065/812 752/825/812 755/828/812 988/1066/812
f 988/1066/813 755/828/813 746/819/813 989/1067/813
f 309/375/814 988/1066/814 989/1067/814 302/368/814
f 302/368/815 989/1067/815 990/1068/815 303/369/815
f 989/1067/816 746/819/816 749/822/816 990/1068/816
f 990/1068/817 749/822/817 740/813/817 991/1069/817
f 303/369/818 990/1068/818 991/1069/818 296/362/818
f 296/362/819 991/1069/819 992/1070/819 297/363/819
f 991/1069/820 740/813/820 743/816/820 992/1070/820
f 992/1070/821 743/816/821 734/807/821 993/1071/821
f 297/363/822 992/1070/822 993/1071/822 290/356/822
f 290/356/823 993/1071/823 994/1072/823 291/357/823
f 993/1071/824 734/807/824 737/810/824 994/1072/824
f 994/1072/825 737/810/825 728/801/825 995/1073/825
f 291/357/826 994/1072/826 995/1073/826 284/350/826
f 284/350/827 995/1073/827 996/1074/827 285/351/827
f 995/1073/828 728/801/828 731/804/828 996/1074/828
f 996/1074/829 731/804/829 722/795/829 997/1075/829
f 285/351/830 996/1074/830 997/1075/830 278/344/830
f 278/344/831 997/1075/831 998/1076/831 279/345/831
f 997/1075/832 722/795/832 725/798/832 998/1076/832
f 998/1076/833 725/798/833 716/789/833 999/1077/833
f 279/345/834 998/1076/834 999/1077/834 272/338/834
f 272/338/835 999/1077/835 1000/1078/835 273/339/835
f 999/1077/836 716/789/836 719/792/836 1000/1078/836
f 1000/1078/837 719/792/837 710/783/837 1001/1079/837
f 273/339/838 1000/1078/838 1001/1079/838 266/332/838
f 266/332/839 1001/1079/839 1002/1080/839 267/333/839
f 1001/1079/840 710/783/840 713/786/840 1002/1080/840
f 1002/1080/841 713/786/841 704/777/841 1003/1081/841
f 267/333/842 1002/1080/842 1003/1081/842 260/326/842
f 260/326/843 1003/1081/843 1004/1082/843 261/327/843
f 1003/1081/844 704/777/844 707/780/844 1004/1082/844
f 1004/1082/845 707/780/845 698/771/845 1005/1083/845
f 261/327/846 1004/1082/846 1005/1083/846 254/320/846
f 254/320/847 1005/1083/847 1006/1084/847 255/321/847
f 1005/1083/848 698/771/848 701/774/848 1006/1084/848
f 1006/1084/849 701/774/849 692/765/849 1007/1085/849
f 255/321/850 1006/1084/850 1007/1085/850 248/314/850
f 248/314/851 1007/1085/851 1008/1086/851 249/315/851
f 1007/1085/852 692/765/852 695/768/852 1008/1086/852
f 1008/1086/853 695/768/853 686/759/853 1009/1087/853
f 249/315/854 1008/1086/854 1009/1087/854 242/308/854
f 242/308/855 1009/1087/855 1010/1088/855 243/309/855
f 1009/1087/856 686/759/856 689/762/856 1010/1088/856
f 1010/1088/857 689/762/857 680/753/857 1011/1089/857
f 243/309/858 1010/1088/858 1011/1089/858 236/302/858
f 236/302/859 1011/1089/859 1012/1090/859 237/303/859
f 1011/1089/860 680/753/860 683/756/860 1012/1090/860
f 1012/1090/861 683/756/861 674/747/861 1013/1091/861
f 237/303/862 1012/1090/862 1013/1091/862 230/296/862
f 230/296/863 1013/1091/863 1014/1092/863 231/297/863
f 1013/1091/864 674/747/864 677/750/864 1014/1092/864
f 1014/1092/865 677/750/865 668/741/865 1015/1093/865
f 231/297/866 1014/1092/866 1015/1093/866 224/290/866
f 224/290/867 1015/1093/867 1016/1094/867 225/291/867
f 1015/1093/868 668/741/868 671/744/868 1016/1094/868
f 1016/1094/869 671/744/869 662/735/869 1017/1095/869
f 225/291/870 1016/1094/870 1017/1095/870 218/284/870
f 218/284/871 1017/1095/871 1018/1096/871 219/285/871
f 1017/1095/872 662/735/872 665/738/872 1018/1096/872
f 1018/1096/873 665/738/873 656/729/873 1019/1097/873
f 219/285/874 1018/1096/874 1019/1097/874 212/278/874
f 212/278/875 1019/1097/875 1020/1098/875 213/279/875
f 1019/1097/876 656/729/876 659/732/876 1020/1098/876
f 1020/1098/877 659/732/877 650/723/877 1021/1099/877
f 213/279/878 1020/1098/878 1021/1099/878 206/272/878
f 206/272/879 1021/1099/879 1022/1100/879 207/273/879
f 1021/1099/880 650/723/880 653/726/880 1022/1100/880
f 1022/1100/881 653/726/881 641/714/881 1023/1101/881
f 207/273/882 1022/1100/882 1023/1101/882 197/263/882
f 197/263/883 1023/1101/883 1024/1102/883 198/264/883
f 1023/1101/884 641/714/884 644/717/884 1024/1102/884
f 1024/1102/885 644/717/885 649/722/885 961/1103/885
f 198/264/886 1024/1102/886 961/1103/886 199/265/886
f 13/17/887 12/15/887 1025/1104/887 1026/1105/887
f 12/15/888 7/9/888 1027/1106/888 1025/1104/888
f 1025/1104/889 1027/1106/889 1028/1107/889 1029/1108/889
f 1026/1105/890 1025/1104/890 1029/1108/890 1030/1109/890
f 67/89/891 66/87/891 1031/1110/891 1032/1111/891
f 66/87/892 61/81/892 1033/1112/892 1031/1110/892
f 1031/1110/893 1033/1112/893 1034/1113/893 1035/1114/893
f 1032/1111/894 1031/1110/894 1035/1114/894 1036/1115/894
f 121/161/895 120/159/895 1037/1116/895 1038/1117/895
f 120/159/896 115/153/896 1039/1118/896 1037/1116/896
f 1037/1116/897 1039/1118/897 1040/1119/897 1041/1120/897
f 1038/1117/898 1037/1116/898 1041/1120/898 1042/1121/898
f 175/233/899 174/231/899 1043/1122/899 1044/1123/899
f 174/231/900 169/225/900 1045/1124/900 1043/1122/900
f 1043/1122/901 1045/1124/901 1046/1125/901 1047/1126/901
f 1044/1123/902 1043/1122/902 1047/1126/902 1048/1127/902
f 43/57/903 42/55/903 1049/1128/903 1050/1129/903
f 42/55/904 37/49/904 1051/1130/904 1049/1128/904
f 1049/1128/905 1051/1130/905 1052/1131/905 1053/1132/905
f 1050/1129/906 1049/1128/906 1053/1132/906 1054/1133/906
f 97/129/907 96/127/907 1055/1134/907 1056/1135/907
f 96/127/908 91/121/908 1057/1136/908 1055/1134/908
f 1055/1134/909 1057/1136/909 1058/1137/909 1059/1138/909
f 1056/1135/910 1055/1134/910 1059/1138/910 1060/1139/910
f 151/201/911 150/199/911 1061/1140/911 1062/1141/911
f 150/199/912 145/193/912 1063/1142/912 1061/1140/912
f 1061/1140/913 1063/1142/913 1064/1143/913 1065/1144/913
f 1062/1141/914 1061/1140/914 1065/1144/914 1066/1145/914
f 19/25/915 18/23/915 1067/1146/915 1068/1147/915
f 18/23/916 13/17/916 1026/1105/916 1067/1146/916
f 1067/1146/917 1026/1105/917 1030/1109/917 1069/1148/917
f 1068/1147/918 1067/1146/918 1069/1148/918 1070/1149/918
f 73/97/919 72/95/919 1071/1150/919 1072/1151/919
f 72/95/920 67/89/920 1032/1111/920 1071/1150/920
f 1071/1150/921 1032/1111/921 1036/1115/921 1073/1152/921
f 1072/1151/922 1071/1150/922 1073/1152/922 1074/1153/922
f 127/169/923 126/167/923 1075/1154/923 1076/1155/923
f 126/167/924 121/161/924 1038/1117/924 1075/1154/924
f 1075/1154/925 1038/1117/925 1042/1121/925 1077/1156/925
f 1076/1155/926 1075/1154/926 1077/1156/926 1078/1157/926
f 181/241/927 180/239/927 1079/1158/927 1080/1159/927
f 180/239/928 175/233/928 1044/1123/928 1079/1158/928
f 1079/1158/929 1044/1123/929 1048/1127/929 1081/1160/929
f 1080/1159/930 1079/1158/930 1081/1160/930 1082/1161/930
f 49/65/931 48/63/931 1083/1162/931 1084/1163/931
f 48/63/932 43/57/932 1050/1129/932 1083/1162/932
f 1083/1162/933 1050/1129/933 1054/1133/933 1085/1164/933
f 1084/1163/934 1083/1162/934 1085/1164/934 1086/1165/934
f 103/137/935 102/135/935 1087/1166/935 1088/1167/935
f 102/135/936 97/129/936 1056/1135/936 1087/1166/936
f 1087/1166/937 1056/1135/937 1060/1139/937 1089/1168/937
f 1088/1167/938 1087/1166/938 1089/1168/938 1090/1169/938
f 157/209/939 156/207/939 1091/1170/939 1092/1171/939
f 156/207/940 151/201/940 1062/1141/940 1091/1170/940
f 1091/1170/941 1062/1141/941 1066/1145/941 1093/1172/941
f 1092/1171/942 1091/1170/942 1093/1172/942 1094/1173/942
f 25/33/943 24/31/943 1095/1174/943 1096/1175/943
f 24/31/944 19/25/944 1068/1147/944 1095/1174/944
f 1095/1174/945 1068/1147/945 1070/1149/945 1097/1176/945
f 1096/1175/946 1095/1174/946 1097/1176/946 1098/1177/946
f 79/105/947 78/103/947 1099/1178/947 1100/1179/947
f 78/103/948 73/97/948 1072/1151/948 1099/1178/948
f 1099/1178/949 1072/1151/949 1074/1153/949 1101/1180/949
f 1100/1179/950 1099/1178/950 1101/1180/950 1102/1181/950
f 133/177/951 132/175/951 1103/1182/951 1104/1183/951
f 132/175/952 127/169/952 1076/1155/952 1103/1182/952
f 1103/1182/953 1076/1155/953 1078/1157/953 1105/1184/953
f 1104/1183/954 1103/1182/954 1105/1184/954 1106/1185/954
f 187/249/955 186/247/955 1107/1186/955 1108/1187/955
f 186/247/956 181/241/956 1080/1159/956 1107/1186/956
f 1107/1186/957 1080/1159/957 1082/1161/957 1109/1188/957
f 1108/1187/958 1107/1186/958 1109/1188/958 1110/1189/958
f 55/73/959 54/71/959 1111/1190/959 1112/1191/959
f 54/71/960 49/65/960 1084/1163/960 1111/1190/960
f 1111/1190/961 1084/1163/961 1086/1165/961 1113/1192/961
f 1112/1191/962 1111/1190/962 1113/1192/962 1114/1193/962
f 109/145/963 108/143/963 1115/1194/963 1116/1195/963
f 108/143/964 103/137/964 1088/1167/964 1115/1194/964
f 1115/1194/965 1088/1167/965 1090/1169/965 1117/1196/965
f 1116/1195/966 1115/1194/966 1117/1196/966 1118/1197/966
f 163/217/967 162/215/967 1119/1198/967 1120/1199/967
f 162/215/968 157/209/968 1092/1171/968 1119/1198/968
f 1119/1198/969 1092/1171/969 1094/1173/969 1121/1200/969
f 1120/1199/970 1119/1198/970 1121/1200/970 1122/1201/970
f 31/41/971 30/39/971 1123/1202/971 1124/1203/971
f 30/39/972 25/33/972 1096/1175/972 1123/1202/972
f 1123/1202/973 1096/1175/973 1098/1177/973 1125/1204/973
f 1124/1203/974 1123/1202/974 1125/1204/974 1126/1205/974
f 85/113/975 84/111/975 1127/1206/975 1128/1207/975
f 84/111/976 79/105/976 1100/1179/976 1127/1206/976
f 1127/1206/977 1100/1179/977 1102/1181/977 1129/1208/977
f 1128/1207/978 1127/1206/978 1129/1208/978 1130/1209/978
f 139/185/979 138/183/979 1131/1210/979 1132/1211/979
f 138/183/980 133/177/980 1104/1183/980 1131/1210/980
f 1131/1210/981 1104/1183/981 1106/1185/981 1133/1212/981
f 1132/1211/982 1131/1210/982 1133/1212/982 1134/1213/982
f 7/9/983 6/7/983 1135/1214/983 1027/1106/983
f 6/7/984 5/6/984 1136/1215/984 1135/1214/984
f 1135/1214/985 1136/1215/985 1137/1216/985 1138/1217/985
f 1027/1106/986 1135/1214/986 1138/1217/986 1028/1107/986
f 5/6/987 192/255/987 1139/1218/987 1136/1215/987
f 192/255/988 187/249/988 1108/1187/988 1139/1218/988
f 1139/1218/989 1108/1187/989 1110/1189/989 1140/1219/989
f 1136/1215/990 1139/1218/990 1140/1219/990 1137/1216/990
f 61/81/991 60/79/991 1141/1220/991 1033/1112/991
f 60/79/992 55/73/992 1112/1191/992 1141/1220/992
f 1141/1220/993 1112/1191/993 1114/1193/993 1142/1221/993
f 1033/1112/994 1141/1220/994 1142/1221/994 1034/1113/994
f 115/153/995 114/151/995 1143/1222/995 1039/1118/995
f 114/151/996 109/145/996 1116/1195/996 1143/1222/996
f 1143/1222/997 1116/1195/997 1118/1197/997 1144/1223/997
f 1039/1118/998 1143/1222/998 1144/1223/998 1040/1119/998
f 169/225/999 168/223/999 1145/1224/999 1045/1124/999
f 168/223/1000 163/217/1000 1120/1199/1000 1145/1224/1000
f 1145/1224/1001 1120/1199/1001 1122/1201/1001 1146/1225/1001
f 1045/1124/1002 1145/1224/1002 1146/1225/1002 1046/1125/1002
f 37/49/1003 36/47/1003 1147/1226/1003 1051/1130/1003
f 36/47/1004 31/41/1004 1124/1203/1004 1147/1226/1004
f 1147/1226/1005 1124/1203/1005 1126/1205/1005 1148/1227/1005
f 1051/1130/1006 1147/1226/1006 1148/1227/1006 1052/1131/1006
f 91/121/1007 90/119/1007 1149/1228/1007 1057/1136/1007
f 90/119/1008 85/113/1008 1128/1207/1008 1149/1228/1008
f 1149/1228/1009 1128/1207/1009 1130/1209/1009 1150/1229/1009
f 1057/1136/1010 1149/1228/1010 1150/1229/1010 1058/1137/1010
f 145/193/1011 144/191/1011 1151/1230/1011 1063/1142/1011
f 144/191/1012 139/185/1012 1132/1211/1012 1151/1230/1012
f 1151/1230/1013 1132/1211/1013 1134/1213/1013 1152/1231/1013
f 1063/1142/1014 1151/1230/1014 1152/1231/1014 1064/1143/1014
f 1086/1165/1015 1085/1164/1015 1153/1232/1015 1113/1192/1015
f 1085/1164/1015 1054/1133/1015 1154/1233/1015 1153/1232/1015
f 1153/1232/1015 1154/1233/1015 1155/1234/1015 1156/1235/1015
f 1113/1192/1015 1153/1232/1015 1156/1235/1015 1114/1193/1015
f 1036/1115/1015 1035/1114/1015 1157/1236/1015 1158/1237/1015
f 1035/1114/1015 1034/1113/1015 1142/1221/1015 1157/1236/1015
f 1157/1236/1015 1142/1221/1015 1114/1193/1015 1156/1235/1015
f 1158/1237/1015 1157/1236/1015 1156/1235/1015 1155/1234/1015
f 1066/1145/1015 1065/1144/1015 1159/1238/1015 1160/1239/1015
f 1065/1144/1015 1064/1143/1015 1152/1231/1015 1159/1238/1015
f 1159/1238/1015 1152/1231/1015 1134/1213/1015 1161/1240/1015
f 1160/1239/1015 1159/1238/1015 1161/1240/1015 1155/1234/1015
f 1102/1181/1015 1101/1180/1015 1162/1241/1015 1163/1242/1015
f 1101/1180/1015 1074/1153/1015 1073/1152/1015 1162/1241/1015
f 1162/1241/1015 1073/1152/1015 1036/1115/1015 1158/1237/1015
f 1163/1242/1015 1162/1241/1015 1158/1237/1015 1155/1234/1015
f 1122/1201/1015 1121/1200/1015 1164/1243/1015 1165/1244/1015
f 1121/1200/1015 1094/1173/1015 1093/1172/1015 1164/1243/1015
f 1164/1243/1015 1093/1172/1015 1066/1145/1015 1160/1239/1015
f 1165/1244/1015 1164/1243/1015 1160/1239/1015 1155/1234/1015
f 1058/1137/1015 1150/1229/1015 1166/1245/1015 1167/1246/1015
f 1150/1229/1015 1130/1209/1015 1129/1208/1015 1166/1245/1015
f 1166/1245/1015 1129/1208/1015 1102/1181/1015 1163/1242/1015
f 1167/1246/1015 1166/1245/1015 1163/1242/1015 1155/1234/1015
f 1137/1216/1015 1140/1219/1015 1168/1247/1015 1138/1217/1015
f 1140/1219/1015 1110/1189/1015 1169/1248/1015 1168/1247/1015
f 1168/1247/1015 1169/1248/1015 1155/1234/1015 1170/1249/1015
f 1138/1217/1015 1168/1247/1015 1170/1249/1015 1028/1107/1015
f 1048/1127/1015 1047/1126/1015 1171/1250/1015 1172/1251/1015
f 1047/1126/1015 1046/1125/1015 1146/1225/1015 1171/1250/1015
f 1171/1250/1015 1146/1225/1015 1122/1201/1015 1165/1244/1015
f 1172/1251/1015 1171/1250/1015 1165/1244/1015 1155/1234/1015
f 1070/1149/1015 1069/1148/1015 1173/1252/1015 1174/1253/1015
f 1069/1148/1015 1030/1109/1015 1029/1108/1015 1173/1252/1015
f 1173/1252/1015 1029/1108/1015 1028/1107/1015 1170/1249/1015
f 1174/1253/1015 1173/1252/1015 1170/1249/1015 1155/1234/1015
f 1090/1169/1015 1089/1168/1015 1175/1254/1015 1176/1255/1015
f 1089/1168/1015 1060/1139/1015 1059/1138/1015 1175/1254/1015
f 1175/1254/1015 1059/1138/1015 1058/1137/1015 1167/1246/1015
f 1176/1255/1015 1175/1254/1015 1167/1246/1015 1155/1234/1015
f 1110/1189/1015 1109/1188/1015 1177/1256/1015 1169/1248/1015
f 1109/1188/1015 1082/1161/1015 1081/1160/1015 1177/1256/1015
f 1177/1256/1015 1081/1160/1015 1048/1127/1015 1172/1251/1015
f 1169/1248/1015 1177/1256/1015 1172/1251/1015 1155/1234/1015
f 1126/1205/1015 1125/1204/1015 1178/1257/1015 1179/1258/1015
f 1125/1204/1015 1098/1177/1015 1097/1176/1015 1178/1257/1015
f 1178/1257/1015 1097/1176/1015 1070/1149/1015 1174/1253/1015
f 1179/1258/1015 1178/1257/1015 1174/1253/1015 1155/1234/1015
f 1040/1119/1015 1144/1223/1015 1180/1259/1015 1181/1260/1015
f 1144/1223/1015 1118/1197/1015 1117/1196/1015 1180/1259/1015
f 1180/1259/1015 1117/1196/1015 1090/1169/1015 1176/1255/1015
f 1181/1260/1015 1180/1259/1015 1176/1255/1015 1155/1234/1015
f 1054/1133/1015 1053/1132/1015 1182/1261/1015 1154/1233/1015
f 1053/1132/1015 1052/1131/1015 1148/1227/1015 1182/1261/1015
f 1182/1261/1015 1148/1227/1015 1126/1205/1015 1179/1258/1015
f 1154/1233/1015 1182/1261/1015 1179/1258/1015 1155/1234/1015
f 1078/1157/1015 1077/1156/1015 1183/1262/1015 1184/1263/1015
f 1077/1156/1015 1042/1121/1015 1041/1120/1015 1183/1262/1015
f 1183/1262/1015 1041/1120/1015 1040/1119/1015 1181/1260/1015
f 1184/1263/1015 1183/1262/1015 1181/1260/1015 1155/1234/1015
f 1134/1213/1015 1133/1212/1015 1185/1264/1015 1161/1240/1015
f 1133/1212/1015 1106/1185/1015 1105/1184/1015 1185/1264/1015
f 1185/1264/1015 1105/1184/1015 1078/1157/1015 1184/1263/1015
f 1161/1240/1015 1185/1264/1015 1184/1263/1015 1155/1234/1015
f 1186/1265/1016 1187/1266/1016 1188/1267/1016 1189/1268/1016
f 1187/1266/1017 1190/1269/1017 1191/1270/1017 1188/1267/1017
f 1188/1267/1018 1191/1270/1018 1192/1271/1018 1193/1272/1018
f 1189/1268/1019 1188/1267/1019 1193/1272/1019 1194/1273/1019
f 1195/1274/1020 1196/1275/1020 1197/1276/1020 1198/1277/1020
f 1196/1275/1021 1199/1278/1021 1200/1279/1021 1197/1276/1021
f 1197/1276/1022 1200/1279/1022 1201/1280/1022 1202/1281/1022
f 1198/1277/1023 1197/1276/1023 1202/1281/1023 1203/1282/1023
f 1204/1283/1024 1205/1284/1024 1206/1285/1024 1207/1286/1024
f 1205/1284/1025 1208/1287/1025 1209/1288/1025 1206/1285/1025
f 1206/1285/1026 1209/1288/1026 1210/1289/1026 1211/1290/1026
f 1207/1286/1027 1206/1285/1027 1211/1290/1027 1212/1291/1027
f 1213/1292/1028 1214/1293/1028 1215/1294/1028 1216/1295/1028
f 1214/1293/1029 1217/1296/1029 1218/1297/1029 1215/1294/1029
f 1215/1294/1030 1218/1297/1030 1219/1298/1030 1220/1299/1030
f 1216/1295/1031 1215/1294/1031 1220/1299/1031 1221/1300/1031
f 1222/1301/1032 1223/1302/1032 1224/1303/1032 1225/1304/1032
f 1223/1302/1033 1226/1305/1033 1227/1306/1033 1224/1303/1033
f 1224/1303/1034 1227/1306/1034 1228/1307/1034 1229/1308/1034
f 1225/1304/1035 1224/1303/1035 1229/1308/1035 1230/1309/1035
f 1231/1310/1036 1232/1311/1036 1233/1312/1036 1234/1313/1036
f 1232/1311/1037 1235/1314/1037 1236/1315/1037 1233/1312/1037
f 1233/1312/1038 1236/1315/1038 1237/1316/1038 1238/1317/1038
f 1234/1313/1039 1233/1312/1039 1238/1317/1039 1239/1318/1039
f 1240/1319/1040 1241/1320/1040 1242/1321/1040 1243/1322/1040
f 1241/1320/1041 1244/1323/1041 1245/1324/1041 1242/1321/1041
f 1242/1321/1042 1245/1324/1042 1246/1325/1042 1247/1326/1042
f 1243/1322/1043 1242/1321/1043 1247/1326/1043 1248/1327/1043
f 1249/1328/1044 1250/1329/1044 1251/1330/1044 1252/1331/1044
f 1250/1329/1045 1240/1319/1045 1243/1322/1045 1251/1330/1045
f 1251/1330/1046 1243/1322/1046 1248/1327/1046 1253/1332/1046
f 1252/1331/1047 1251/1330/1047 1253/1332/1047 1254/1333/1047
f 1190/1269/1048 1255/1334/1048 1256/1335/1048 1191/1270/1048
f 1255/1334/1049 1257/1336/1049 1258/1337/1049 1256/1335/1049
f 1256/1335/1050 1258/1337/1050 1259/1338/1050 1260/1339/1050
f 1191/1270/1051 1256/1335/1051 1260/1339/1051 1192/1271/1051
f 1199/1278/1052 1261/1340/1052 1262/1341/1052 1200/1279/1052
f 1261/1340/1053 1263/1342/1053 1264/1343/1053 1262/1341/1053
f 1262/1341/1054 1264/1343/1054 1265/1344/1054 1266/1345/1054
f 1200/1279/1055 1262/1341/1055 1266/1345/1055 1201/1280/1055
f 1208/1287/1056 1267/1346/1056 1268/1347/1056 1209/1288/1056
f 1267/1346/1057 1269/1348/1057 1270/1349/1057 1268/1347/1057
f 1268/1347/1058 1270/1349/1058 1271/1350/1058 1272/1351/1058
f 1209/1288/1059 1268/1347/1059 1272/1351/1059 1210/1289/1059
f 1217/1296/1060 1273/1352/1060 1274/1353/1060 1218/1297/1060
f 1273/1352/1061 1275/1354/1061 1276/1355/1061 1274/1353/1061
f 1274/1353/1062 1276/1355/1062 1277/1356/1062 1278/1357/1062
f 1218/1297/1063 1274/1353/1063 1278/1357/1063 1219/1298/1063
f 1226/1305/1064 1279/1358/1064 1280/1359/1064 1227/1306/1064
f 1279/1358/1065 1281/1360/1065 1282/1361/1065 1280/1359/1065
f 1280/1359/1066 1282/1361/1066 1283/1362/1066 1284/1363/1066
f 1227/1306/1067 1280/1359/1067 1284/1363/1067 1228/1307/1067
f 1235/1314/1068 1285/1364/1068 1286/1365/1068 1236/1315/1068
f 1285/1364/1069 1287/1366/1069 1288/1367/1069 1286/1365/1069
f 1286/1365/1070 1288/1367/1070 1289/1368/1070 1290/1369/1070
f 1236/1315/1071 1286/1365/1071 1290/1369/1071 1237/1316/1071
f 1244/1323/1072 1291/1370/1072 1292/1371/1072 1245/1324/1072
f 1291/1370/1073 1293/1372/1073 1294/1373/1073 1292/1371/1073
f 1292/1371/1074 1294/1373/1074 1295/1374/1074 1296/1375/1074
f 1245/1324/1075 1292/1371/1075 1296/1375/1075 1246/1325/1075
f 1257/1336/1076 1297/1376/1076 1298/1377/1076 1258/1337/1076
f 1297/1376/1077 1299/1378/1077 1300/1379/1077 1298/1377/1077
f 1298/1377/1078 1300/1379/1078 1301/1380/1078 1302/1381/1078
f 1258/1337/1079 1298/1377/1079 1302/1381/1079 1259/1338/1079
f 1263/1342/1080 1303/1382/1080 1304/1383/1080 1264/1343/1080
f 1303/1382/1081 1305/1384/1081 1306/1385/1081 1304/1383/1081
f 1304/1383/1082 1306/1385/1082 1307/1386/1082 1308/1387/1082
f 1264/1343/1083 1304/1383/1083 1308/1387/1083 1265/1344/1083
f 1269/1348/1084 1309/1388/1084 1310/1389/1084 1270/1349/1084
f 1309/1388/1085 1311/1390/1085 1312/1391/1085 1310/1389/1085
f 1310/1389/1086 1312/1391/1086 1313/1392/1086 1314/1393/1086
f 1270/1349/1087 1310/1389/1087 1314/1393/1087 1271/1350/1087
f 1275/1354/1088 1315/1394/1088 1316/1395/1088 1276/1355/1088
f 1315/1394/1089 1317/1396/1089 1318/1397/1089 1316/1395/1089
f 1316/1395/1090 1318/1397/1090 1319/1398/1090 1320/1399/1090
f 1276/1355/1091 1316/1395/1091 1320/1399/1091 1277/1356/1091
f 1281/1360/1092 1321/1400/1092 1322/1401/1092 1282/1361/1092
f 1321/1400/1093 1323/1402/1093 1324/1403/1093 1322/1401/1093
f 1322/1401/1094 1324/1403/1094 1325/1404/1094 1326/1405/1094
f 1282/1361/1095 1322/1401/1095 1326/1405/1095 1283/1362/1095
f 1287/1366/1096 1327/1406/1096 1328/1407/1096 1288/1367/1096
f 1327/1406/1097 1329/1408/1097 1330/1409/1097 1328/1407/1097
f 1328/1407/1098 1330/1409/1098 1331/1410/1098 1332/1411/1098
f 1288/1367/1099 1328/1407/1099 1332/1411/1099 1289/1368/1099
f 1293/1372/1100 1333/1412/1100 1334/1413/1100 1294/1373/1100
f 1333/1412/1101 1335/1414/1101 1336/1415/1101 1334/1413/1101
f 1334/1413/1102 1336/1415/1102 1337/1416/1102 1338/1417/1102
f 1294/1373/1103 1334/1413/1103 1338/1417/1103 1295/1374/1103
f 1299/1378/1104 1339/1418/1104 1340/1419/1104 1300/1379/1104
f 1339/1418/1105 1341/1420/1105 1342/1421/1105 1340/1419/1105
f 1340/1419/1106 1342/1421/1106 1343/1422/1106 1344/1423/1106
f 1300/1379/1107 1340/1419/1107 1344/1423/1107 1301/1380/1107
f 1305/1384/1108 1345/1424/1108 1346/1425/1108 1306/1385/1108
f 1345/1424/1109 1347/1426/1109 1348/1427/1109 1346/1425/1109
f 1346/1425/1110 1348/1427/1110 1349/1428/1110 1350/1429/1110
f 1306/1385/1111 1346/1425/1111 1350/1429/1111 1307/1386/1111
f 1311/1390/1112 1351/1430/1112 1352/1431/1112 1312/1391/1112
f 1351/1430/1113 1353/1432/1113 1354/1433/1113 1352/1431/1113
f 1352/1431/1114 1354/1433/1114 1355/1434/1114 1356/1435/1114
f 1312/1391/1115 1352/1431/1115 1356/1435/1115 1313/1392/1115
f 1317/1396/1116 1357/1436/1116 1358/1437/1116 1318/1397/1116
f 1357/1436/1117 1186/1265/1117 1189/1268/1117 1358/1437/1117
f 1358/1437/1118 1189/1268/1118 1194/1273/1118 1359/1438/1118
f 1318/1397/1119 1358/1437/1119 1359/1438/1119 1319/1398/1119
f 1323/1402/1120 1360/1439/1120 1361/1440/1120 1324/1403/1120
f 1360/1439/1121 1195/1274/1121 1198/1277/1121 1361/1440/1121
f 1361/1440/1122 1198/1277/1122 1203/1282/1122 1362/1441/1122
f 1324/1403/1123 1361/1440/1123 1362/1441/1123 1325/1404/1123
f 1329/1408/1124 1363/1442/1124 1364/1443/1124 1330/1409/1124
f 1363/1442/1125 1204/1283/1125 1207/1286/1125 1364/1443/1125
f 1364/1443/1126 1207/1286/1126 1212/1291/1126 1365/1444/1126
f 1330/1409/1127 1364/1443/1127 1365/1444/1127 1331/1410/1127
f 1335/1414/1128 1366/1445/1128 1367/1446/1128 1336/1415/1128
f 1366/1445/1129 1213/1292/1129 1216/1295/1129 1367/1446/1129
f 1367/1446/1130 1216/1295/1130 1221/1300/1130 1368/1447/1130
f 1336/1415/1131 1367/1446/1131 1368/1447/1131 1337/1416/1131
f 1341/1420/1132 1369/1448/1132 1370/1449/1132 1342/1421/1132
f 1369/1448/1133 1222/1301/1133 1225/1304/1133 1370/1449/1133
f 1370/1449/1134 1225/1304/1134 1230/1309/1134 1371/1450/1134
f 1342/1421/1082 1370/1449/1082 1371/1450/1082 1343/1422/1082
f 1347/1426/1135 1372/1451/1135 1373/1452/1135 1348/1427/1135
f 1372/1451/1136 1231/1310/1136 1234/1313/1136 1373/1452/1136
f 1373/1452/1137 1234/1313/1137 1239/1318/1137 1374/1453/1137
f 1348/1427/1138 1373/1452/1138 1374/1453/1138 1349/1428/1138
f 1353/1432/1139 1375/1454/1139 1376/1455/1139 1354/1433/1139
f 1375/1454/1140 1249/1328/1140 1252/1331/1140 1376/1455/1140
f 1376/1455/1141 1252/1331/1141 1254/1333/1141 1377/1456/1141
f 1354/1433/1142 1376/1455/1142 1377/1456/1142 1355/1434/1142
f 1295/1374/1143 1338/1417/1143 1378/1457/1143 1296/1375/1143
f 1338/1417/1143 1337/1416/1143 1379/1458/1143 1378/1457/1143
f 1378/1457/1143 1379/1458/1143 1380/1459/1143 1381/1460/1143
f 1296/1375/1143 1378/1457/1143 1381/1460/1143 1246/1325/1143
f 1210/1289/1143 1272/1351/1143 1382/1461/1143 1383/1462/1143
f 1272/1351/1143 1271/1350/1143 1314/1393/1143 1382/1461/1143
f 1382/1461/1143 1314/1393/1143 1313/1392/1143 1384/1463/1143
f 1383/1462/1143 1382/1461/1143 1384/1463/1143 1380/1459/1143
f 1325/1404/1143 1362/1441/1143 1385/1464/1143 1326/1405/1143
f 1362/1441/1143 1203/1282/1143 1386/1465/1143 1385/1464/1143
f 1385/1464/1143 1386/1465/1143 1380/1459/1143 1387/1466/1143
f 1326/1405/1143 1385/1464/1143 1387/1466/1143 1283/1362/1143
f 1355/1434/1143 1377/1456/1143 1388/1467/1143 1356/1435/1143
f 1377/1456/1143 1254/1333/1143 1389/1468/1143 1388/1467/1143
f 1388/1467/1143 1389/1468/1143 1380/1459/1143 1384/1463/1143
f 1356/1435/1143 1388/1467/1143 1384/1463/1143 1313/1392/1143
f 1221/1300/1143 1220/1299/1143 1390/1469/1143 1368/1447/1143
f 1220/1299/1143 1219/1298/1143 1391/1470/1143 1390/1469/1143
f 1390/1469/1143 1391/1470/1143 1380/1459/1143 1379/1458/1143
f 1368/1447/1143 1390/1469/1143 1379/1458/1143 1337/1416/1143
f 1201/1280/1143 1266/1345/1143 1392/1471/1143 1202/1281/1143
f 1266/1345/1143 1265/1344/1143 1393/1472/1143 1392/1471/1143
f 1392/1471/1143 1393/1472/1143 1380/1459/1143 1386/1465/1143
f 1202/1281/1143 1392/1471/1143 1386/1465/1143 1203/1282/1143
f 1248/1327/1143 1247/1326/1143 1394/1473/1143 1253/1332/1143
f 1247/1326/1143 1246/1325/1143 1381/1460/1143 1394/1473/1143
f 1394/1473/1143 1381/1460/1143 1380/1459/1143 1389/1468/1143
f 1253/1332/1143 1394/1473/1143 1389/1468/1143 1254/1333/1143
f 1277/1356/1143 1320/1399/1143 1395/1474/1143 1278/1357/1143
f 1320/1399/1143 1319/1398/1143 1396/1475/1143 1395/1474/1143
f 1395/1474/1143 1396/1475/1143 1380/1459/1143 1391/1470/1143
f 1278/1357/1143 1395/1474/1143 1391/1470/1143 1219/1298/1143
f 1307/1386/1143 1350/1429/1143 1397/1476/1143 1308/1387/1143
f 1350/1429/1143 1349/1428/1143 1398/1477/1143 1397/1476/1143
f 1397/1476/1143 1398/1477/1143 1380/1459/1143 1393/1472/1143
f 1308/1387/1143 1397/1476/1143 1393/1472/1143 1265/1344/1143
f 1194/1273/1143 1193/1272/1143 1399/1478/1143 1359/1438/1143
f 1193/1272/1143 1192/1271/1143 1400/1479/1143 1399/1478/1143
f 1399/1478/1143 1400/1479/1143 1380/1459/1143 1396/1475/1143
f 1359/1438/1143 1399/1478/1143 1396/1475/1143 1319/1398/1143
f 1239/1318/1143 1238/1317/1143 1401/1480/1143 1374/1453/1143
f 1238/1317/1143 1237/1316/1143 1402/1481/1143 1401/1480/1143
f 1401/1480/1143 1402/1481/1143 1380/1459/1143 1398/1477/1143
f 1374/1453/1143 1401/1480/1143 1398/1477/1143 1349/1428/1143
f 1259/1338/1143 1302/1381/1143 1403/1482/1143 1260/1339/1143
f 1302/1381/1143 1301/1380/1143 1404/1483/1143 1403/1482/1143
f 1403/1482/1143 1404/1483/1143 1380/1459/1143 1400/1479/1143
f 1260/1339/1143 1403/1482/1143 1400/1479/1143 1192/1271/1143
f 1289/1368/1143 1332/1411/1143 1405/1484/1143 1290/1369/1143
f 1332/1411/1143 1331/1410/1143 1406/1485/1143 1405/1484/1143
f 1405/1484/1143 1406/1485/1143 1380/1459/1143 1402/1481/1143
f 1290/1369/1143 1405/1484/1143 1402/1481/1143 1237/1316/1143
f 1343/1422/1143 1371/1450/1143 1407/1486/1143 1344/1423/1143
f 1371/1450/1143 1230/1309/1143 1408/1487/1143 1407/1486/1143
f 1407/1486/1143 1408/1487/1143 1380/1459/1143 1404/1483/1143
f 1344/1423/1143 1407/1486/1143 1404/1483/1143 1301/1380/1143
f 1212/1291/1143 1211/1290/1143 1409/1488/1143 1365/1444/1143
f 1211/1290/1143 1210/1289/1143 1383/1462/1143 1409/1488/1143
f 1409/1488/1143 1383/1462/1143 1380/1459/1143 1406/1485/1143
f 1365/1444/1143 1409/1488/1143 1406/1485/1143 1331/1410/1143
f 1230/1309/1143 1229/1308/1143 1410/1489/1143 1408/1487/1143
f 1229/1308/1143 1228/1307/1143 1284/1363/1143 1410/1489/1143
f 1410/1489/1143 1284/1363/1143 1283/1362/1143 1387/1466/1143
f 1408/1487/1143 1410/1489/1143 1387/1466/1143 1380/1459/1143
f 835/911/1144 1411/1490/1144 1412/1491/1144 836/912/1144
f 1411/1490/1145 189/252/1145 191/254/1145 1412/1491/1145
f 1412/1491/1146 191/254/1146 1/258/1146 1413/1492/1146
f 836/912/1147 1412/1491/1147 1413/1492/1147 837/913/1147
f 841/917/1148 1414/1493/1148 1415/1494/1148 842/918/1148
f 1414/1493/1149 183/244/1149 185/246/1149 1415/1494/1149
f 1415/1494/1150 185/246/1150 189/252/1150 1411/1490/1150
f 842/918/1151 1415/1494/1151 1411/1490/1151 835/911/1151
f 845/921/1152 1416/1495/1152 1417/1496/1152 846/922/1152
f 1416/1495/1153 177/236/1153 179/238/1153 1417/1496/1153
f 1417/1496/1154 179/238/1154 183/244/1154 1414/1493/1154
f 846/922/1155 1417/1496/1155 1414/1493/1155 841/917/1155
f 849/925/1156 1418/1497/1156 1419/1498/1156 850/926/1156
f 1418/1497/1157 171/228/1157 173/230/1157 1419/1498/1157
f 1419/1498/1158 173/230/1158 177/236/1158 1416/1495/1158
f 850/926/1159 1419/1498/1159 1416/1495/1159 845/921/1159
f 853/929/1160 1420/1499/1160 1421/1500/1160 854/930/1160
f 1420/1499/1161 165/220/1161 167/222/1161 1421/1500/1161
f 1421/1500/1162 167/222/1162 171/228/1162 1418/1497/1162
f 854/930/1163 1421/1500/1163 1418/1497/1163 849/925/1163
f 857/933/1164 1422/1501/1164 1423/1502/1164 858/934/1164
f 1422/1501/1165 159/212/1165 161/214/1165 1423/1502/1165
f 1423/1502/1166 161/214/1166 165/220/1166 1420/1499/1166
f 858/934/1167 1423/1502/1167 1420/1499/1167 853/929/1167
f 861/937/1168 1424/1503/1168 1425/1504/1168 862/938/1168
f 1424/1503/1169 153/204/1169 155/206/1169 1425/1504/1169
f 1425/1504/1170 155/206/1170 159/212/1170 1422/1501/1170
f 862/938/1171 1425/1504/1171 1422/1501/1171 857/933/1171
f 865/941/1172 1426/1505/1172 1427/1506/1172 866/942/1172
f 1426/1505/1173 147/196/1173 149/198/1173 1427/1506/1173
f 1427/1506/1174 149/198/1174 153/204/1174 1424/1503/1174
f 866/942/1175 1427/1506/1175 1424/1503/1175 861/937/1175
f 869/945/1176 1428/1507/1176 1429/1508/1176 870/946/1176
f 1428/1507/1177 141/188/1177 143/190/1177 1429/1508/1177
f 1429/1508/1178 143/190/1178 147/196/1178 1426/1505/1178
f 870/946/1179 1429/1508/1179 1426/1505/1179 865/941/1179
f 873/949/1180 1430/1509/1180 1431/1510/1180 874/950/1180
f 1430/1509/1181 135/180/1181 137/182/1181 1431/1510/1181
f 1431/1510/1182 137/182/1182 141/188/1182 1428/1507/1182
f 874/950/1183 1431/1510/1183 1428/1507/1183 869/945/1183
f 877/953/1184 1432/1511/1184 1433/1512/1184 878/954/1184
f 1432/1511/1185 129/172/1185 131/174/1185 1433/1512/1185
f 1433/1512/1186 131/174/1186 135/180/1186 1430/1509/1186
f 878/954/1187 1433/1512/1187 1430/1509/1187 873/949/1187
f 881/957/1188 1434/1513/1188 1435/1514/1188 882/958/1188
f 1434/1513/1189 123/164/1189 125/166/1189 1435/1514/1189
f 1435/1514/1190 125/166/1190 129/172/1190 1432/1511/1190
f 882/958/1191 1435/1514/1191 1432/1511/1191 877/953/1191
f 885/961/1192 1436/1515/1192 1437/1516/1192 886/962/1192
f 1436/1515/1193 117/156/1193 119/158/1193 1437/1516/1193
f 1437/1516/1194 119/158/1194 123/164/1194 1434/1513/1194
f 886/962/1195 1437/1516/1195 1434/1513/1195 881/957/1195
f 889/965/1196 1438/1517/1196 1439/1518/1196 890/966/1196
f 1438/1517/1197 111/148/1197 113/150/1197 1439/1518/1197
f 1439/1518/1198 113/150/1198 117/156/1198 1436/1515/1198
f 890/966/1199 1439/1518/1199 1436/1515/1199 885/961/1199
f 893/969/1200 1440/1519/1200 1441/1520/1200 894/970/1200
f 1440/1519/1201 105/140/1201 107/142/1201 1441/1520/1201
f 1441/1520/1202 107/142/1202 111/148/1202 1438/1517/1202
f 894/970/1203 1441/1520/1203 1438/1517/1203 889/965/1203
f 897/973/1204 1442/1521/1204 1443/1522/1204 898/974/1204
f 1442/1521/1205 99/132/1205 101/134/1205 1443/1522/1205
f 1443/1522/1206 101/134/1206 105/140/1206 1440/1519/1206
f 898/974/1207 1443/1522/1207 1440/1519/1207 893/969/1207
f 901/977/1208 1444/1523/1208 1445/1524/1208 902/978/1208
f 1444/1523/1209 93/124/1209 95/126/1209 1445/1524/1209
f 1445/1524/1210 95/126/1210 99/132/1210 1442/1521/1210
f 902/978/1211 1445/1524/1211 1442/1521/1211 897/973/1211
f 905/981/1212 1446/1525/1212 1447/1526/1212 906/982/1212
f 1446/1525/1213 87/116/1213 89/118/1213 1447/1526/1213
f 1447/1526/1214 89/118/1214 93/124/1214 1444/1523/1214
f 906/982/1215 1447/1526/1215 1444/1523/1215 901/977/1215
f 909/985/1216 1448/1527/1216 1449/1528/1216 910/986/1216
f 1448/1527/1217 81/108/1217 83/110/1217 1449/1528/1217
f 1449/1528/1218 83/110/1218 87/116/1218 1446/1525/1218
f 910/986/1219 1449/1528/1219 1446/1525/1219 905/981/1219
f 913/989/1220 1450/1529/1220 1451/1530/1220 914/990/1220
f 1450/1529/1221 75/100/1221 77/102/1221 1451/1530/1221
f 1451/1530/1222 77/102/1222 81/108/1222 1448/1527/1222
f 914/990/1223 1451/1530/1223 1448/1527/1223 909/985/1223
f 917/993/1224 1452/1531/1224 1453/1532/1224 918/994/1224
f 1452/1531/1225 69/92/1225 71/94/1225 1453/1532/1225
f 1453/1532/1226 71/94/1226 75/100/1226 1450/1529/1226
f 918/994/1227 1453/1532/1227 1450/1529/1227 913/989/1227
f 921/997/1228 1454/1533/1228 1455/1534/1228 922/998/1228
f 1454/1533/1229 63/84/1229 65/86/1229 1455/1534/1229
f 1455/1534/1230 65/86/1230 69/92/1230 1452/1531/1230
f 922/998/1231 1455/1534/1231 1452/1531/1231 917/993/1231
f 925/1001/1232 1456/1535/1232 1457/1536/1232 926/1002/1232
f 1456/1535/1233 57/76/1233 59/78/1233 1457/1536/1233
f 1457/1536/1234 59/78/1234 63/84/1234 1454/1533/1234
f 926/1002/1235 1457/1536/1235 1454/1533/1235 921/997/1235
f 929/1005/1236 1458/1537/1236 1459/1538/1236 930/1006/1236
f 1458/1537/1237 51/68/1237 53/70/1237 1459/1538/1237
f 1459/1538/1238 53/70/1238 57/76/1238 1456/1535/1238
f 930/1006/1239 1459/1538/1239 1456/1535/1239 925/1001/1239
f 933/1009/1240 1460/1539/1240 1461/1540/1240 934/1010/1240
f 1460/1539/1241 45/60/1241 47/62/1241 1461/1540/1241
f 1461/1540/1242 47/62/1242 51/68/1242 1458/1537/1242
f 934/1010/1243 1461/1540/1243 1458/1537/1243 929/1005/1243
f 937/1013/1244 1462/1541/1244 1463/1542/1244 938/1014/1244
f 1462/1541/1245 39/52/1245 41/54/1245 1463/1542/1245
f 1463/1542/1246 41/54/1246 45/60/1246 1460/1539/1246
f 938/1014/1247 1463/1542/1247 1460/1539/1247 933/1009/1247
f 941/1017/1248 1464/1543/1248 1465/1544/1248 942/1018/1248
f 1464/1543/1249 33/44/1249 35/46/1249 1465/1544/1249
f 1465/1544/1250 35/46/1250 39/52/1250 1462/1541/1250
f 942/1018/1251 1465/1544/1251 1462/1541/1251 937/1013/1251
f 945/1021/1252 1466/1545/1252 1467/1546/1252 946/1022/1252
f 1466/1545/1253 27/36/1253 29/38/1253 1467/1546/1253
f 1467/1546/1254 29/38/1254 33/44/1254 1464/1543/1254
f 946/1022/1255 1467/1546/1255 1464/1543/1255 941/1017/1255
f 949/1025/1256 1468/1547/1256 1469/1548/1256 950/1026/1256
f 1468/1547/1257 21/28/1257 23/30/1257 1469/1548/1257
f 1469/1548/1258 23/30/1258 27/36/1258 1466/1545/1258
f 950/1026/1259 1469/1548/1259 1466/1545/1259 945/1021/1259
f 953/1029/1260 1470/1549/1260 1471/1550/1260 954/1030/1260
f 1470/1549/1261 15/20/1261 17/22/1261 1471/1550/1261
f 1471/1550/1262 17/22/1262 21/28/1262 1468/1547/1262
f 954/1030/1263 1471/1550/1263 1468/1547/1263 949/1025/1263
f 957/1033/1264 1472/1551/1264 1473/1552/1264 958/1034/1264
f 1472/1551/1265 9/12/1265 11/14/1265 1473/1552/1265
f 1473/1552/1266 11/14/1266 15/20/1266 1470/1549/1266
f 958/1034/1267 1473/1552/1267 1470/1549/1267 953/1029/1267
f 837/1037/1268 1413/1553/1268 1474/1554/1268 960/1038/1268
f 1413/1553/1269 1/1/1269 4/4/1269 1474/1554/1269
f 1474/1554/1270 4/4/1270 9/12/1270 1472/1551/1270
f 960/1038/1271 1474/1554/1271 1472/1551/1271 957/1033/1271
f 1240/1319/1272 1475/1555/1272 1476/1556/1272 1241/1320/1272
f 1475/1557/1273 518/710/1273 640/713/1273 1476/1558/1273
f 1476/1558/1274 640/713/1274 635/706/1274 1477/1559/1274
f 1241/1320/1275 1476/1556/1275 1477/1560/1275 1244/1323/1275
f 1244/1323/1276 1477/1560/1276 1478/1561/1276 1291/1370/1276
f 1477/1559/1277 635/706/1277 638/709/1277 1478/1562/1277
f 1478/1562/1278 638/709/1278 631/702/1278 1479/1563/1278
f 1291/1370/1279 1478/1561/1279 1479/1564/1279 1293/1372/1279
f 1293/1372/1280 1479/1564/1280 1480/1565/1280 1333/1412/1280
f 1479/1563/1281 631/702/1281 634/705/1281 1480/1566/1281
f 1480/1566/1282 634/705/1282 627/698/1282 1481/1567/1282
f 1333/1412/1283 1480/1565/1283 1481/1568/1283 1335/1414/1283
f 1335/1414/1284 1481/1568/1284 1482/1569/1284 1366/1445/1284
f 1481/1567/1285 627/698/1285 630/701/1285 1482/1570/1285
f 1482/1570/1286 630/701/1286 623/694/1286 1483/1571/1286
f 1366/1445/1287 1482/1569/1287 1483/1572/1287 1213/1292/1287
f 1213/1292/1288 1483/1572/1288 1484/1573/1288 1214/1293/1288
f 1483/1571/1289 623/694/1289 626/697/1289 1484/1574/1289
f 1484/1574/1290 626/697/1290 619/690/1290 1485/1575/1290
f 1214/1293/1291 1484/1573/1291 1485/1576/1291 1217/1296/1291
f 1217/1296/1292 1485/1576/1292 1486/1577/1292 1273/1352/1292
f 1485/1575/1293 619/690/1293 622/693/1293 1486/1578/1293
f 1486/1578/1294 622/693/1294 615/686/1294 1487/1579/1294
f 1273/1352/1295 1486/1577/1295 1487/1580/1295 1275/1354/1295
f 1275/1354/1296 1487/1580/1296 1488/1581/1296 1315/1394/1296
f 1487/1579/1297 615/686/1297 618/689/1297 1488/1582/1297
f 1488/1582/1298 618/689/1298 611/682/1298 1489/1583/1298
f 1315/1394/1299 1488/1581/1299 1489/1584/1299 1317/1396/1299
f 1317/1396/1300 1489/1584/1300 1490/1585/1300 1357/1436/1300
f 1489/1583/1301 611/682/1301 614/685/1301 1490/1586/1301
f 1490/1586/1302 614/685/1302 607/678/1302 1491/1587/1302
f 1357/1436/1303 1490/1585/1303 1491/1588/1303 1186/1265/1303
f 1186/1265/1304 1491/1588/1304 1492/1589/1304 1187/1266/1304
f 1491/1587/1305 607/678/1305 610/681/1305 1492/1590/1305
f 1492/1590/1306 610/681/1306 603/674/1306 1493/1591/1306
f 1187/1266/1307 1492/1589/1307 1493/1592/1307 1190/1269/1307
f 1190/1269/1308 1493/1592/1308 1494/1593/1308 1255/1334/1308
f 1493/1591/1309 603/674/1309 606/677/1309 1494/1594/1309
f 1494/1594/1310 606/677/1310 599/670/1310 1495/1595/1310
f 1255/1334/1311 1494/1593/1311 1495/1596/1311 1257/1336/1311
f 1257/1336/1312 1495/1596/1312 1496/1597/1312 1297/1376/1312
f 1495/1595/1313 599/670/1313 602/673/1313 1496/1598/1313
f 1496/1598/1314 602/673/1314 595/666/1314 1497/1599/1314
f 1297/1376/1315 1496/1597/1315 1497/1600/1315 1299/1378/1315
f 1299/1378/1316 1497/1600/1316 1498/1601/1316 1339/1418/1316
f 1497/1599/1317 595/666/1317 598/669/1317 1498/1602/1317
f 1498/1602/1318 598/669/1318 591/662/1318 1499/1603/1318
f 1339/1418/1319 1498/1601/1319 1499/1604/1319 1341/1420/1319
f 1341/1420/1320 1499/1604/1320 1500/1605/1320 1369/1448/1320
f 1499/1603/1321 591/662/1321 594/665/1321 1500/1606/1321
f 1500/1606/1322 594/665/1322 587/658/1322 1501/1607/1322
f 1369/1448/1323 1500/1605/1323 1501/1608/1323 1222/1301/1323
f 1222/1301/1324 1501/1608/1324 1502/1609/1324 1223/1302/1324
f 1501/1607/1325 587/658/1325 590/661/1325 1502/1610/1325
f 1502/1610/1326 590/661/1326 583/654/1326 1503/1611/1326
f 1223/1302/1327 1502/1609/1327 1503/1612/1327 1226/1305/1327
f 1226/1305/1328 1503/1612/1328 1504/1613/1328 1279/1358/1328
f 1503/1611/1329 583/654/1329 586/657/1329 1504/1614/1329
f 1504/1614/1329 586/657/1329 579/650/1329 1505/1615/1329
f 1279/1358/1328 1504/1613/1328 1505/1616/1328 1281/1360/1328
f 1281/1360/1328 1505/1616/1328 1506/1617/1328 1321/1400/1328
f 1505/1615/1329 579/650/1329 582/653/1329 1506/1618/1329
f 1506/1618/1329 582/653/1329 575/646/1329 1507/1619/1329
f 1321/1400/1328 1506/1617/1328 1507/1620/1328 1323/1402/1328
f 1323/1402/1328 1507/1620/1328 1508/1621/1328 1360/1439/1328
f 1507/1619/1329 575/646/1329 578/649/1329 1508/1622/1329
f 1508/1622/1329 578/649/1329 571/642/1329 1509/1623/1329
f 1360/1439/1328 1508/1621/1328 1509/1624/1328 1195/1274/1328
f 1195/1274/1330 1509/1624/1330 1510/1625/1330 1196/1275/1330
f 1509/1623/1331 571/642/1331 574/645/1331 1510/1626/1331
f 1510/1626/1332 574/645/1332 567/638/1332 1511/1627/1332
f 1196/1275/1333 1510/1625/1333 1511/1628/1333 1199/1278/1333
f 1199/1278/1334 1511/1628/1334 1512/1629/1334 1261/1340/1334
f 1511/1627/1335 567/638/1335 570/641/1335 1512/1630/1335
f 1512/1630/1336 570/641/1336 563/634/1336 1513/1631/1336
f 1261/1340/1337 1512/1629/1337 1513/1632/1337 1263/1342/1337
f 1263/1342/1338 1513/1632/1338 1514/1633/1338 1303/1382/1338
f 1513/1631/1339 563/634/1339 566/637/1339 1514/1634/1339
f 1514/1634/1340 566/637/1340 559/630/1340 1515/1635/1340
f 1303/1382/1341 1514/1633/1341 1515/1636/1341 1305/1384/1341
f 1305/1384/1342 1515/1636/1342 1516/1637/1342 1345/1424/1342
f 1515/1635/1343 559/630/1343 562/633/1343 1516/1638/1343
f 1516/1638/1344 562/633/1344 555/626/1344 1517/1639/1344
f 1345/1424/1345 1516/1637/1345 1517/1640/1345 1347/1426/1345
f 1347/1426/1346 1517/1640/1346 1518/1641/1346 1372/1451/1346
f 1517/1639/1347 555/626/1347 558/629/1347 1518/1642/1347
f 1518/1642/1348 558/629/1348 551/622/1348 1519/1643/1348
f 1372/1451/1349 1518/1641/1349 1519/1644/1349 1231/1310/1349
f 1231/1310/1350 1519/1644/1350 1520/1645/1350 1232/1311/1350
f 1519/1643/1351 551/622/1351 554/625/1351 1520/1646/1351
f 1520/1646/1352 554/625/1352 547/618/1352 1521/1647/1352
f 1232/1311/1353 1520/1645/1353 1521/1648/1353 1235/1314/1353
f 1235/1314/1354 1521/1648/1354 1522/1649/1354 1285/1364/1354
f 1521/1647/1355 547/618/1355 550/621/1355 1522/1650/1355
f 1522/1650/1356 550/621/1356 543/614/1356 1523/1651/1356
f 1285/1364/1357 1522/1649/1357 1523/1652/1357 1287/1366/1357
f 1287/1366/1358 1523/1652/1358 1524/1653/1358 1327/1406/1358
f 1523/1651/1359 543/614/1359 546/617/1359 1524/1654/1359
f 1524/1654/1360 546/617/1360 539/610/1360 1525/1655/1360
f 1327/1406/1361 1524/1653/1361 1525/1656/1361 1329/1408/1361
f 1329/1408/1362 1525/1656/1362 1526/1657/1362 1363/1442/1362
f 1525/1655/1363 539/610/1363 542/613/1363 1526/1658/1363
f 1526/1658/1364 542/613/1364 535/606/1364 1527/1659/1364
f 1363/1442/1365 1526/1657/1365 1527/1660/1365 1204/1283/1365
f 1204/1283/1366 1527/1660/1366 1528/1661/1366 1205/1284/1366
f 1527/1659/1367 535/606/1367 538/609/1367 1528/1662/1367
f 1528/1662/1368 538/609/1368 531/602/1368 1529/1663/1368
f 1205/1284/1369 1528/1661/1369 1529/1664/1369 1208/1287/1369
f 1208/1287/1370 1529/1664/1370 1530/1665/1370 1267/1346/1370
f 1529/1663/1371 531/602/1371 534/605/1371 1530/1666/1371
f 1530/1666/1372 534/605/1372 527/598/1372 1531/1667/1372
f 1267/1346/1373 1530/1665/1373 1531/1668/1373 1269/1348/1373
f 1269/1348/1374 1531/1668/1374 1532/1669/1374 1309/1388/1374
f 1531/1667/1375 527/598/1375 530/601/1375 1532/1670/1375
f 1532/1670/1376 530/601/1376 523/594/1376 1533/1671/1376
f 1309/1388/1377 1532/1669/1377 1533/1672/1377 1311/1390/1377
f 1311/1390/1378 1533/1672/1378 1534/1673/1378 1351/1430/1378
f 1533/1671/1379 523/594/1379 526/597/1379 1534/1674/1379
f 1534/1674/1380 526/597/1380 519/590/1380 1535/1675/1380
f 1351/1430/1381 1534/1673/1381 1535/1676/1381 1353/1432/1381
f 1353/1432/1382 1535/1676/1382 1536/1677/1382 1375/1454/1382
f 1535/1675/1383 519/590/1383 522/593/1383 1536/1678/1383
f 1536/1678/1384 522/593/1384 513/584/1384 1537/1679/1384
f 1375/1454/1385 1536/1677/1385 1537/1680/1385 1249/1328/1385
f 1249/1328/1386 1537/1680/1386 1538/1681/1386 1250/1329/1386
f 1537/1679/1387 513/584/1387 516/587/1387 1538/1682/1387
f 1538/1682/1388 516/587/1388 518/589/1388 1475/1683/1388
f 1250/1329/1389 1538/1681/1389 1475/1555/1389 1240/1319/1389
